date,day,interval_start,channel,platform,offered,handled,handled_in_sl,abandoned,asa_s,sl_pct,aht_elapsed_s,aht_agent_work_s,version,actor
2026-10-01,74,00:00,voice,Meridian,1,1,0,0,892,0,1840,1840,v001,agent:DataEngineer
2026-10-01,74,00:30,voice,Meridian,1,1,1,0,13,100,1860,1860,v001,agent:DataEngineer
2026-10-01,74,01:00,voice,Meridian,1,1,0,0,961,0,1778,1778,v001,agent:DataEngineer
2026-10-01,74,01:30,voice,Meridian,1,1,1,0,11,100,1525,1525,v001,agent:DataEngineer
2026-10-01,74,02:00,voice,Meridian,1,1,1,0,14,100,1658,1658,v001,agent:DataEngineer
2026-10-01,74,02:30,voice,Meridian,1,1,1,0,9,100,1861,1861,v001,agent:DataEngineer
2026-10-01,74,03:00,voice,Meridian,1,1,1,0,11,100,1842,1842,v001,agent:DataEngineer
2026-10-01,74,03:30,voice,Meridian,1,1,1,0,11,100,2078,2078,v001,agent:DataEngineer
2026-10-01,74,04:00,voice,Meridian,1,1,1,0,14,100,1844,1844,v001,agent:DataEngineer
2026-10-01,74,04:30,voice,Meridian,1,1,1,0,11,100,1756,1756,v001,agent:DataEngineer
2026-10-01,74,05:00,voice,Meridian,1,1,1,0,10,100,1704,1704,v001,agent:DataEngineer
2026-10-01,74,05:30,voice,Meridian,1,1,0,0,661,0,2204,2204,v001,agent:DataEngineer
2026-10-01,74,06:00,voice,Meridian,1,1,1,0,13,100,1687,1687,v001,agent:DataEngineer
2026-10-01,74,06:30,voice,Meridian,1,1,1,0,13,100,1766,1766,v001,agent:DataEngineer
2026-10-01,74,07:00,voice,Meridian,2,2,1,0,229,50,1756,1756,v001,agent:DataEngineer
2026-10-01,74,07:30,voice,Meridian,2,2,1,0,245,50,1829,1829,v001,agent:DataEngineer
2026-10-01,74,08:00,voice,Meridian,4,3,1,1,513,25,1892,1892,v001,agent:DataEngineer
2026-10-01,74,08:30,voice,Meridian,5,3,0,2,921,0,1828,1828,v001,agent:DataEngineer
2026-10-01,74,09:00,voice,Meridian,7,4,0,3,1027,0,1844,1844,v001,agent:DataEngineer
2026-10-01,74,09:30,voice,Meridian,9,5,1,4,666,11.1,1858,1858,v001,agent:DataEngineer
2026-10-01,74,10:00,voice,Meridian,12,7,1,5,795,8.3,1921,1921,v001,agent:DataEngineer
2026-10-01,74,10:30,voice,Meridian,8,4,0,4,830,0,1658,1658,v001,agent:DataEngineer
2026-10-01,74,11:00,voice,Meridian,11,6,1,5,785,9.1,1703,1703,v001,agent:DataEngineer
2026-10-01,74,11:30,voice,Meridian,10,5,0,5,981,0,1660,1660,v001,agent:DataEngineer
2026-10-01,74,12:00,voice,Meridian,7,4,1,3,640,14.3,1868,1868,v001,agent:DataEngineer
2026-10-01,74,12:30,voice,Meridian,7,4,0,3,865,0,1854,1854,v001,agent:DataEngineer
2026-10-01,74,13:00,voice,Meridian,7,4,1,3,675,14.3,1703,1703,v001,agent:DataEngineer
2026-10-01,74,13:30,voice,Meridian,6,3,0,3,989,0,1862,1862,v001,agent:DataEngineer
2026-10-01,74,14:00,voice,Meridian,7,4,0,3,956,0,1737,1737,v001,agent:DataEngineer
2026-10-01,74,14:30,voice,Meridian,11,6,0,5,938,0,1803,1803,v001,agent:DataEngineer
2026-10-01,74,15:00,voice,Meridian,8,4,1,4,753,12.5,1804,1804,v001,agent:DataEngineer
2026-10-01,74,15:30,voice,Meridian,7,4,0,3,936,0,2146,2146,v001,agent:DataEngineer
2026-10-01,74,16:00,voice,Meridian,7,4,0,3,777,0,1895,1895,v001,agent:DataEngineer
2026-10-01,74,16:30,voice,Meridian,7,4,1,3,632,14.3,1962,1962,v001,agent:DataEngineer
2026-10-01,74,17:00,voice,Meridian,5,3,1,2,505,20,1694,1694,v001,agent:DataEngineer
2026-10-01,74,17:30,voice,Meridian,5,3,1,2,631,20,1697,1697,v001,agent:DataEngineer
2026-10-01,74,18:00,voice,Meridian,3,2,1,1,375,33.3,1828,1828,v001,agent:DataEngineer
2026-10-01,74,18:30,voice,Meridian,2,2,1,0,249,50,1858,1858,v001,agent:DataEngineer
2026-10-01,74,19:00,voice,Meridian,2,2,1,0,269,50,1823,1823,v001,agent:DataEngineer
2026-10-01,74,19:30,voice,Meridian,1,1,0,0,1021,0,1766,1766,v001,agent:DataEngineer
2026-10-01,74,20:00,voice,Meridian,1,1,0,0,922,0,1830,1830,v001,agent:DataEngineer
2026-10-01,74,20:30,voice,Meridian,1,1,0,0,965,0,1810,1810,v001,agent:DataEngineer
2026-10-01,74,21:00,voice,Meridian,1,1,1,0,11,100,1968,1968,v001,agent:DataEngineer
2026-10-01,74,21:30,voice,Meridian,1,1,1,0,11,100,1908,1908,v001,agent:DataEngineer
2026-10-01,74,22:00,voice,Meridian,1,1,1,0,12,100,1762,1762,v001,agent:DataEngineer
2026-10-01,74,22:30,voice,Meridian,1,1,0,0,828,0,1937,1937,v001,agent:DataEngineer
2026-10-01,74,23:00,voice,Meridian,1,1,0,0,931,0,1846,1846,v001,agent:DataEngineer
2026-10-01,74,23:30,voice,Meridian,1,1,1,0,12,100,1926,1926,v001,agent:DataEngineer
2026-10-01,74,00:00,chat,Meridian,1,1,0,0,1785,0,1700,531,v001,agent:DataEngineer
2026-10-01,74,00:30,chat,Meridian,1,1,1,0,50,100,1656,517,v001,agent:DataEngineer
2026-10-01,74,01:00,chat,Meridian,2,2,1,0,427,50,1670,522,v001,agent:DataEngineer
2026-10-01,74,01:30,chat,Meridian,1,1,1,0,47,100,1762,551,v001,agent:DataEngineer
2026-10-01,74,02:00,chat,Meridian,1,1,0,0,1447,0,1642,513,v001,agent:DataEngineer
2026-10-01,74,02:30,chat,Meridian,1,1,0,0,1497,0,1612,504,v001,agent:DataEngineer
2026-10-01,74,03:00,chat,Meridian,1,1,1,0,47,100,1436,449,v001,agent:DataEngineer
2026-10-01,74,03:30,chat,Meridian,1,1,0,0,1559,0,1651,516,v001,agent:DataEngineer
2026-10-01,74,04:00,chat,Meridian,1,1,1,0,46,100,1648,515,v001,agent:DataEngineer
2026-10-01,74,04:30,chat,Meridian,1,1,1,0,52,100,1487,465,v001,agent:DataEngineer
2026-10-01,74,05:00,chat,Meridian,1,1,0,0,1349,0,1475,461,v001,agent:DataEngineer
2026-10-01,74,05:30,chat,Meridian,2,2,1,0,384,50,1715,536,v001,agent:DataEngineer
2026-10-01,74,06:00,chat,Meridian,1,1,0,0,1778,0,1805,564,v001,agent:DataEngineer
2026-10-01,74,06:30,chat,Meridian,2,2,1,0,383,50,1616,505,v001,agent:DataEngineer
2026-10-01,74,07:00,chat,Meridian,2,2,1,0,426,50,1760,550,v001,agent:DataEngineer
2026-10-01,74,07:30,chat,Meridian,3,2,1,1,895,33.3,1617,505,v001,agent:DataEngineer
2026-10-01,74,08:00,chat,Meridian,4,3,1,1,995,25,1882,588,v001,agent:DataEngineer
2026-10-01,74,08:30,chat,Meridian,7,4,0,3,1431,0,1725,539,v001,agent:DataEngineer
2026-10-01,74,09:00,chat,Meridian,8,4,0,4,1507,0,1658,518,v001,agent:DataEngineer
2026-10-01,74,09:30,chat,Meridian,10,6,0,4,1427,0,1859,581,v001,agent:DataEngineer
2026-10-01,74,10:00,chat,Meridian,10,6,0,4,1352,0,1711,535,v001,agent:DataEngineer
2026-10-01,74,10:30,chat,Meridian,11,6,0,5,1467,0,1744,545,v001,agent:DataEngineer
2026-10-01,74,11:00,chat,Meridian,13,8,1,5,1318,7.7,1698,531,v001,agent:DataEngineer
2026-10-01,74,11:30,chat,Meridian,13,7,1,6,1225,7.7,1813,567,v001,agent:DataEngineer
2026-10-01,74,12:00,chat,Meridian,8,4,0,4,1529,0,1731,541,v001,agent:DataEngineer
2026-10-01,74,12:30,chat,Meridian,9,5,0,4,1697,0,1751,547,v001,agent:DataEngineer
2026-10-01,74,13:00,chat,Meridian,10,6,1,4,1328,10,1793,560,v001,agent:DataEngineer
2026-10-01,74,13:30,chat,Meridian,9,5,0,4,1504,0,1719,537,v001,agent:DataEngineer
2026-10-01,74,14:00,chat,Meridian,12,7,1,5,1109,8.3,1715,536,v001,agent:DataEngineer
2026-10-01,74,14:30,chat,Meridian,8,4,0,4,1491,0,1725,539,v001,agent:DataEngineer
2026-10-01,74,15:00,chat,Meridian,10,5,0,5,1578,0,1632,510,v001,agent:DataEngineer
2026-10-01,74,15:30,chat,Meridian,9,5,1,4,1163,11.1,1588,496,v001,agent:DataEngineer
2026-10-01,74,16:00,chat,Meridian,8,4,0,4,1894,0,1834,573,v001,agent:DataEngineer
2026-10-01,74,16:30,chat,Meridian,8,5,1,3,1179,12.5,1640,512,v001,agent:DataEngineer
2026-10-01,74,17:00,chat,Meridian,5,3,0,2,1858,0,1615,505,v001,agent:DataEngineer
2026-10-01,74,17:30,chat,Meridian,5,3,1,2,883,20,1606,502,v001,agent:DataEngineer
2026-10-01,74,18:00,chat,Meridian,3,2,1,1,630,33.3,1699,531,v001,agent:DataEngineer
2026-10-01,74,18:30,chat,Meridian,2,2,1,0,503,50,1607,502,v001,agent:DataEngineer
2026-10-01,74,19:00,chat,Meridian,2,2,1,0,398,50,1693,529,v001,agent:DataEngineer
2026-10-01,74,19:30,chat,Meridian,2,2,1,0,427,50,1501,469,v001,agent:DataEngineer
2026-10-01,74,20:00,chat,Meridian,1,1,0,0,1426,0,1666,521,v001,agent:DataEngineer
2026-10-01,74,20:30,chat,Meridian,1,1,0,0,1386,0,1722,538,v001,agent:DataEngineer
2026-10-01,74,21:00,chat,Meridian,1,1,1,0,45,100,1433,448,v001,agent:DataEngineer
2026-10-01,74,21:30,chat,Meridian,1,1,0,0,1524,0,1616,505,v001,agent:DataEngineer
2026-10-01,74,22:00,chat,Meridian,1,1,0,0,1458,0,1641,513,v001,agent:DataEngineer
2026-10-01,74,22:30,chat,Meridian,1,1,1,0,39,100,1655,517,v001,agent:DataEngineer
2026-10-01,74,23:00,chat,Meridian,1,1,0,0,1386,0,1615,505,v001,agent:DataEngineer
2026-10-01,74,23:30,chat,Meridian,1,1,1,0,50,100,1541,481,v001,agent:DataEngineer
2026-10-02,75,00:00,voice,Meridian,1,1,1,0,12,100,1689,1689,v001,agent:DataEngineer
2026-10-02,75,00:30,voice,Meridian,1,1,1,0,12,100,1784,1784,v001,agent:DataEngineer
2026-10-02,75,01:00,voice,Meridian,1,1,1,0,10,100,1956,1956,v001,agent:DataEngineer
2026-10-02,75,01:30,voice,Meridian,1,1,1,0,14,100,1978,1978,v001,agent:DataEngineer
2026-10-02,75,02:00,voice,Meridian,1,1,1,0,12,100,1934,1934,v001,agent:DataEngineer
2026-10-02,75,02:30,voice,Meridian,1,1,1,0,10,100,1707,1707,v001,agent:DataEngineer
2026-10-02,75,03:00,voice,Meridian,1,1,1,0,13,100,2119,2119,v001,agent:DataEngineer
2026-10-02,75,03:30,voice,Meridian,1,1,1,0,14,100,1886,1886,v001,agent:DataEngineer
2026-10-02,75,04:00,voice,Meridian,1,1,1,0,15,100,2048,2048,v001,agent:DataEngineer
2026-10-02,75,04:30,voice,Meridian,1,1,1,0,11,100,1972,1972,v001,agent:DataEngineer
2026-10-02,75,05:00,voice,Meridian,1,1,1,0,13,100,1863,1863,v001,agent:DataEngineer
2026-10-02,75,05:30,voice,Meridian,1,1,1,0,13,100,2078,2078,v001,agent:DataEngineer
2026-10-02,75,06:00,voice,Meridian,1,1,1,0,11,100,2034,2034,v001,agent:DataEngineer
2026-10-02,75,06:30,voice,Meridian,1,1,1,0,12,100,1904,1904,v001,agent:DataEngineer
2026-10-02,75,07:00,voice,Meridian,1,1,1,0,10,100,1831,1831,v001,agent:DataEngineer
2026-10-02,75,07:30,voice,Meridian,2,2,2,0,12,100,1853,1853,v001,agent:DataEngineer
2026-10-02,75,08:00,voice,Meridian,3,3,3,0,12,100,1927,1927,v001,agent:DataEngineer
2026-10-02,75,08:30,voice,Meridian,3,3,3,0,13,100,1991,1991,v001,agent:DataEngineer
2026-10-02,75,09:00,voice,Meridian,5,5,4,0,38,80,1892,1892,v001,agent:DataEngineer
2026-10-02,75,09:30,voice,Meridian,6,5,3,1,250,50,1887,1887,v001,agent:DataEngineer
2026-10-02,75,10:00,voice,Meridian,6,5,3,1,222,50,1939,1939,v001,agent:DataEngineer
2026-10-02,75,10:30,voice,Meridian,7,6,5,1,72,71.4,1821,1821,v001,agent:DataEngineer
2026-10-02,75,11:00,voice,Meridian,6,5,3,1,293,50,2018,2018,v001,agent:DataEngineer
2026-10-02,75,11:30,voice,Meridian,6,5,3,1,238,50,1826,1826,v001,agent:DataEngineer
2026-10-02,75,12:00,voice,Meridian,6,6,6,0,11,100,1765,1765,v001,agent:DataEngineer
2026-10-02,75,12:30,voice,Meridian,5,5,3,0,147,60,1888,1888,v001,agent:DataEngineer
2026-10-02,75,13:00,voice,Meridian,7,6,5,1,87,71.4,1971,1971,v001,agent:DataEngineer
2026-10-02,75,13:30,voice,Meridian,5,5,5,0,13,100,1913,1913,v001,agent:DataEngineer
2026-10-02,75,14:00,voice,Meridian,6,6,6,0,13,100,1936,1936,v001,agent:DataEngineer
2026-10-02,75,14:30,voice,Meridian,6,5,3,1,234,50,1920,1920,v001,agent:DataEngineer
2026-10-02,75,15:00,voice,Meridian,5,5,3,0,178,60,1926,1926,v001,agent:DataEngineer
2026-10-02,75,15:30,voice,Meridian,5,5,3,0,165,60,1885,1885,v001,agent:DataEngineer
2026-10-02,75,16:00,voice,Meridian,5,4,3,1,161,60,1913,1913,v001,agent:DataEngineer
2026-10-02,75,16:30,voice,Meridian,5,5,5,0,10,100,1939,1939,v001,agent:DataEngineer
2026-10-02,75,17:00,voice,Meridian,4,4,4,0,12,100,1987,1987,v001,agent:DataEngineer
2026-10-02,75,17:30,voice,Meridian,3,3,3,0,12,100,1947,1947,v001,agent:DataEngineer
2026-10-02,75,18:00,voice,Meridian,2,2,2,0,12,100,2144,2144,v001,agent:DataEngineer
2026-10-02,75,18:30,voice,Meridian,1,1,1,0,12,100,1901,1901,v001,agent:DataEngineer
2026-10-02,75,19:00,voice,Meridian,1,1,1,0,12,100,1897,1897,v001,agent:DataEngineer
2026-10-02,75,19:30,voice,Meridian,1,1,1,0,13,100,1911,1911,v001,agent:DataEngineer
2026-10-02,75,20:00,voice,Meridian,1,1,1,0,13,100,1989,1989,v001,agent:DataEngineer
2026-10-02,75,20:30,voice,Meridian,1,1,1,0,12,100,1899,1899,v001,agent:DataEngineer
2026-10-02,75,21:00,voice,Meridian,1,1,1,0,13,100,1953,1953,v001,agent:DataEngineer
2026-10-02,75,21:30,voice,Meridian,1,1,1,0,10,100,1876,1876,v001,agent:DataEngineer
2026-10-02,75,22:00,voice,Meridian,1,1,1,0,10,100,1754,1754,v001,agent:DataEngineer
2026-10-02,75,22:30,voice,Meridian,1,1,1,0,13,100,1809,1809,v001,agent:DataEngineer
2026-10-02,75,23:00,voice,Meridian,1,1,1,0,12,100,1818,1818,v001,agent:DataEngineer
2026-10-02,75,23:30,voice,Meridian,1,1,1,0,11,100,1972,1972,v001,agent:DataEngineer
2026-10-02,75,00:00,chat,Meridian,1,1,1,0,52,100,1602,590,v001,agent:DataEngineer
2026-10-02,75,00:30,chat,Meridian,1,1,1,0,51,100,1565,576,v001,agent:DataEngineer
2026-10-02,75,01:00,chat,Meridian,1,1,1,0,46,100,1761,649,v001,agent:DataEngineer
2026-10-02,75,01:30,chat,Meridian,1,1,1,0,48,100,1443,532,v001,agent:DataEngineer
2026-10-02,75,02:00,chat,Meridian,1,1,1,0,37,100,1537,566,v001,agent:DataEngineer
2026-10-02,75,02:30,chat,Meridian,1,1,1,0,43,100,1613,594,v001,agent:DataEngineer
2026-10-02,75,03:00,chat,Meridian,1,1,1,0,41,100,1684,620,v001,agent:DataEngineer
2026-10-02,75,03:30,chat,Meridian,1,1,1,0,46,100,1487,548,v001,agent:DataEngineer
2026-10-02,75,04:00,chat,Meridian,1,1,1,0,44,100,1531,564,v001,agent:DataEngineer
2026-10-02,75,04:30,chat,Meridian,1,1,1,0,53,100,1580,582,v001,agent:DataEngineer
2026-10-02,75,05:00,chat,Meridian,1,1,1,0,49,100,1394,514,v001,agent:DataEngineer
2026-10-02,75,05:30,chat,Meridian,1,1,1,0,60,100,1722,635,v001,agent:DataEngineer
2026-10-02,75,06:00,chat,Meridian,1,1,1,0,45,100,1509,556,v001,agent:DataEngineer
2026-10-02,75,06:30,chat,Meridian,1,1,1,0,42,100,1462,539,v001,agent:DataEngineer
2026-10-02,75,07:00,chat,Meridian,1,1,1,0,52,100,1517,559,v001,agent:DataEngineer
2026-10-02,75,07:30,chat,Meridian,2,2,2,0,43,100,1517,559,v001,agent:DataEngineer
2026-10-02,75,08:00,chat,Meridian,2,2,2,0,51,100,1731,638,v001,agent:DataEngineer
2026-10-02,75,08:30,chat,Meridian,5,4,4,1,88,80,1718,633,v001,agent:DataEngineer
2026-10-02,75,09:00,chat,Meridian,5,4,2,1,591,40,1643,605,v001,agent:DataEngineer
2026-10-02,75,09:30,chat,Meridian,6,5,1,1,1149,16.7,1551,571,v001,agent:DataEngineer
2026-10-02,75,10:00,chat,Meridian,8,6,4,2,440,50,1641,605,v001,agent:DataEngineer
2026-10-02,75,10:30,chat,Meridian,8,7,5,1,245,62.5,1639,604,v001,agent:DataEngineer
2026-10-02,75,11:00,chat,Meridian,9,7,1,2,1198,11.1,1417,522,v001,agent:DataEngineer
2026-10-02,75,11:30,chat,Meridian,8,6,2,2,973,25,1680,619,v001,agent:DataEngineer
2026-10-02,75,12:00,chat,Meridian,7,5,1,2,1128,14.3,1585,584,v001,agent:DataEngineer
2026-10-02,75,12:30,chat,Meridian,7,6,2,1,733,28.6,1573,579,v001,agent:DataEngineer
2026-10-02,75,13:00,chat,Meridian,5,4,2,1,740,40,1759,648,v001,agent:DataEngineer
2026-10-02,75,13:30,chat,Meridian,7,6,5,1,185,71.4,1651,608,v001,agent:DataEngineer
2026-10-02,75,14:00,chat,Meridian,6,5,1,1,1117,16.7,1796,662,v001,agent:DataEngineer
2026-10-02,75,14:30,chat,Meridian,8,7,5,1,218,62.5,1623,598,v001,agent:DataEngineer
2026-10-02,75,15:00,chat,Meridian,8,6,1,2,1181,12.5,1436,529,v001,agent:DataEngineer
2026-10-02,75,15:30,chat,Meridian,8,6,2,2,788,25,1685,621,v001,agent:DataEngineer
2026-10-02,75,16:00,chat,Meridian,8,7,7,1,67,87.5,1703,627,v001,agent:DataEngineer
2026-10-02,75,16:30,chat,Meridian,6,5,5,1,86,83.3,1655,610,v001,agent:DataEngineer
2026-10-02,75,17:00,chat,Meridian,4,3,3,1,128,75,1692,623,v001,agent:DataEngineer
2026-10-02,75,17:30,chat,Meridian,3,3,2,0,224,66.7,1701,627,v001,agent:DataEngineer
2026-10-02,75,18:00,chat,Meridian,2,2,2,0,49,100,1652,609,v001,agent:DataEngineer
2026-10-02,75,18:30,chat,Meridian,2,2,2,0,47,100,1573,580,v001,agent:DataEngineer
2026-10-02,75,19:00,chat,Meridian,1,1,1,0,54,100,1518,559,v001,agent:DataEngineer
2026-10-02,75,19:30,chat,Meridian,1,1,1,0,52,100,1670,615,v001,agent:DataEngineer
2026-10-02,75,20:00,chat,Meridian,1,1,1,0,41,100,1749,644,v001,agent:DataEngineer
2026-10-02,75,20:30,chat,Meridian,1,1,1,0,38,100,1783,657,v001,agent:DataEngineer
2026-10-02,75,21:00,chat,Meridian,1,1,1,0,42,100,1701,627,v001,agent:DataEngineer
2026-10-02,75,21:30,chat,Meridian,1,1,1,0,40,100,1496,551,v001,agent:DataEngineer
2026-10-02,75,22:00,chat,Meridian,1,1,1,0,51,100,1572,579,v001,agent:DataEngineer
2026-10-02,75,22:30,chat,Meridian,1,1,1,0,47,100,1722,634,v001,agent:DataEngineer
2026-10-02,75,23:00,chat,Meridian,1,1,1,0,43,100,1658,611,v001,agent:DataEngineer
2026-10-02,75,23:30,chat,Meridian,1,1,1,0,40,100,1527,563,v001,agent:DataEngineer
2026-10-03,76,00:00,voice,Meridian,0,0,0,0,0,0,0,0,v001,agent:DataEngineer
2026-10-03,76,00:30,voice,Meridian,0,0,0,0,0,0,0,0,v001,agent:DataEngineer
2026-10-03,76,01:00,voice,Meridian,0,0,0,0,0,0,0,0,v001,agent:DataEngineer
2026-10-03,76,01:30,voice,Meridian,0,0,0,0,0,0,0,0,v001,agent:DataEngineer
2026-10-03,76,02:00,voice,Meridian,1,1,1,0,14,100,1869,1869,v001,agent:DataEngineer
2026-10-03,76,02:30,voice,Meridian,0,0,0,0,0,0,0,0,v001,agent:DataEngineer
2026-10-03,76,03:00,voice,Meridian,0,0,0,0,0,0,0,0,v001,agent:DataEngineer
2026-10-03,76,03:30,voice,Meridian,1,1,1,0,13,100,1829,1829,v001,agent:DataEngineer
2026-10-03,76,04:00,voice,Meridian,1,1,1,0,12,100,1974,1974,v001,agent:DataEngineer
2026-10-03,76,04:30,voice,Meridian,0,0,0,0,0,0,0,0,v001,agent:DataEngineer
2026-10-03,76,05:00,voice,Meridian,0,0,0,0,0,0,0,0,v001,agent:DataEngineer
2026-10-03,76,05:30,voice,Meridian,0,0,0,0,0,0,0,0,v001,agent:DataEngineer
2026-10-03,76,06:00,voice,Meridian,1,1,1,0,14,100,2039,2039,v001,agent:DataEngineer
2026-10-03,76,06:30,voice,Meridian,1,1,1,0,10,100,2087,2087,v001,agent:DataEngineer
2026-10-03,76,07:00,voice,Meridian,1,1,1,0,11,100,1739,1739,v001,agent:DataEngineer
2026-10-03,76,07:30,voice,Meridian,1,1,1,0,12,100,1763,1763,v001,agent:DataEngineer
2026-10-03,76,08:00,voice,Meridian,1,1,1,0,12,100,1771,1771,v001,agent:DataEngineer
2026-10-03,76,08:30,voice,Meridian,2,2,2,0,12,100,1845,1845,v001,agent:DataEngineer
2026-10-03,76,09:00,voice,Meridian,3,3,2,0,112,66.7,1753,1753,v001,agent:DataEngineer
2026-10-03,76,09:30,voice,Meridian,2,2,2,0,14,100,1869,1869,v001,agent:DataEngineer
2026-10-03,76,10:00,voice,Meridian,4,4,4,0,16,100,1925,1925,v001,agent:DataEngineer
2026-10-03,76,10:30,voice,Meridian,3,3,3,0,12,100,2069,2069,v001,agent:DataEngineer
2026-10-03,76,11:00,voice,Meridian,4,3,3,1,70,75,2022,2022,v001,agent:DataEngineer
2026-10-03,76,11:30,voice,Meridian,3,3,3,0,11,100,2159,2159,v001,agent:DataEngineer
2026-10-03,76,12:00,voice,Meridian,3,3,3,0,9,100,1951,1951,v001,agent:DataEngineer
2026-10-03,76,12:30,voice,Meridian,2,2,2,0,12,100,1840,1840,v001,agent:DataEngineer
2026-10-03,76,13:00,voice,Meridian,3,3,2,0,124,66.7,2090,2090,v001,agent:DataEngineer
2026-10-03,76,13:30,voice,Meridian,3,3,3,0,12,100,2107,2107,v001,agent:DataEngineer
2026-10-03,76,14:00,voice,Meridian,3,2,2,1,117,66.7,1761,1761,v001,agent:DataEngineer
2026-10-03,76,14:30,voice,Meridian,3,3,3,0,13,100,1946,1946,v001,agent:DataEngineer
2026-10-03,76,15:00,voice,Meridian,3,3,3,0,12,100,1792,1792,v001,agent:DataEngineer
2026-10-03,76,15:30,voice,Meridian,3,3,3,0,11,100,1741,1741,v001,agent:DataEngineer
2026-10-03,76,16:00,voice,Meridian,2,2,2,0,12,100,2020,2020,v001,agent:DataEngineer
2026-10-03,76,16:30,voice,Meridian,2,2,2,0,10,100,1844,1844,v001,agent:DataEngineer
2026-10-03,76,17:00,voice,Meridian,2,2,2,0,13,100,1837,1837,v001,agent:DataEngineer
2026-10-03,76,17:30,voice,Meridian,1,1,1,0,11,100,1888,1888,v001,agent:DataEngineer
2026-10-03,76,18:00,voice,Meridian,1,1,1,0,11,100,1890,1890,v001,agent:DataEngineer
2026-10-03,76,18:30,voice,Meridian,1,1,1,0,12,100,1957,1957,v001,agent:DataEngineer
2026-10-03,76,19:00,voice,Meridian,1,1,1,0,11,100,1714,1714,v001,agent:DataEngineer
2026-10-03,76,19:30,voice,Meridian,0,0,0,0,0,0,0,0,v001,agent:DataEngineer
2026-10-03,76,20:00,voice,Meridian,1,1,1,0,13,100,2065,2065,v001,agent:DataEngineer
2026-10-03,76,20:30,voice,Meridian,0,0,0,0,0,0,0,0,v001,agent:DataEngineer
2026-10-03,76,21:00,voice,Meridian,0,0,0,0,0,0,0,0,v001,agent:DataEngineer
2026-10-03,76,21:30,voice,Meridian,0,0,0,0,0,0,0,0,v001,agent:DataEngineer
2026-10-03,76,22:00,voice,Meridian,0,0,0,0,0,0,0,0,v001,agent:DataEngineer
2026-10-03,76,22:30,voice,Meridian,0,0,0,0,0,0,0,0,v001,agent:DataEngineer
2026-10-03,76,23:00,voice,Meridian,0,0,0,0,0,0,0,0,v001,agent:DataEngineer
2026-10-03,76,23:30,voice,Meridian,1,1,1,0,11,100,1792,1792,v001,agent:DataEngineer
2026-10-03,76,00:00,chat,Meridian,0,0,0,0,0,0,0,0,v001,agent:DataEngineer
2026-10-03,76,00:30,chat,Meridian,0,0,0,0,0,0,0,0,v001,agent:DataEngineer
2026-10-03,76,01:00,chat,Meridian,1,1,1,0,48,100,1002,501,v001,agent:DataEngineer
2026-10-03,76,01:30,chat,Meridian,0,0,0,0,0,0,0,0,v001,agent:DataEngineer
2026-10-03,76,02:00,chat,Meridian,0,0,0,0,0,0,0,0,v001,agent:DataEngineer
2026-10-03,76,02:30,chat,Meridian,0,0,0,0,0,0,0,0,v001,agent:DataEngineer
2026-10-03,76,03:00,chat,Meridian,1,1,1,0,45,100,1085,542,v001,agent:DataEngineer
2026-10-03,76,03:30,chat,Meridian,0,0,0,0,0,0,0,0,v001,agent:DataEngineer
2026-10-03,76,04:00,chat,Meridian,1,1,1,0,47,100,1144,572,v001,agent:DataEngineer
2026-10-03,76,04:30,chat,Meridian,0,0,0,0,0,0,0,0,v001,agent:DataEngineer
2026-10-03,76,05:00,chat,Meridian,1,1,1,0,40,100,1241,621,v001,agent:DataEngineer
2026-10-03,76,05:30,chat,Meridian,0,0,0,0,0,0,0,0,v001,agent:DataEngineer
2026-10-03,76,06:00,chat,Meridian,1,1,1,0,43,100,1006,503,v001,agent:DataEngineer
2026-10-03,76,06:30,chat,Meridian,1,1,1,0,45,100,1043,521,v001,agent:DataEngineer
2026-10-03,76,07:00,chat,Meridian,1,1,1,0,49,100,1067,533,v001,agent:DataEngineer
2026-10-03,76,07:30,chat,Meridian,1,1,1,0,47,100,1017,508,v001,agent:DataEngineer
2026-10-03,76,08:00,chat,Meridian,1,1,1,0,36,100,1140,570,v001,agent:DataEngineer
2026-10-03,76,08:30,chat,Meridian,2,2,2,0,46,100,1075,538,v001,agent:DataEngineer
2026-10-03,76,09:00,chat,Meridian,3,3,3,0,45,100,1132,566,v001,agent:DataEngineer
2026-10-03,76,09:30,chat,Meridian,4,4,4,0,42,100,1075,538,v001,agent:DataEngineer
2026-10-03,76,10:00,chat,Meridian,3,3,3,0,41,100,1152,576,v001,agent:DataEngineer
2026-10-03,76,10:30,chat,Meridian,4,4,4,0,44,100,1243,621,v001,agent:DataEngineer
2026-10-03,76,11:00,chat,Meridian,4,4,4,0,40,100,1223,611,v001,agent:DataEngineer
2026-10-03,76,11:30,chat,Meridian,4,3,3,1,115,75,1084,542,v001,agent:DataEngineer
2026-10-03,76,12:00,chat,Meridian,3,3,3,0,49,100,1044,522,v001,agent:DataEngineer
2026-10-03,76,12:30,chat,Meridian,3,3,2,0,218,66.7,1136,568,v001,agent:DataEngineer
2026-10-03,76,13:00,chat,Meridian,3,3,3,0,49,100,1132,566,v001,agent:DataEngineer
2026-10-03,76,13:30,chat,Meridian,3,3,3,0,46,100,1100,550,v001,agent:DataEngineer
2026-10-03,76,14:00,chat,Meridian,4,4,4,0,40,100,1121,560,v001,agent:DataEngineer
2026-10-03,76,14:30,chat,Meridian,3,3,3,0,48,100,1077,539,v001,agent:DataEngineer
2026-10-03,76,15:00,chat,Meridian,3,3,3,0,46,100,972,486,v001,agent:DataEngineer
2026-10-03,76,15:30,chat,Meridian,3,2,2,1,232,66.7,949,474,v001,agent:DataEngineer
2026-10-03,76,16:00,chat,Meridian,3,3,3,0,47,100,981,491,v001,agent:DataEngineer
2026-10-03,76,16:30,chat,Meridian,2,2,2,0,49,100,1084,542,v001,agent:DataEngineer
2026-10-03,76,17:00,chat,Meridian,2,2,2,0,47,100,1188,594,v001,agent:DataEngineer
2026-10-03,76,17:30,chat,Meridian,2,2,2,0,46,100,1050,525,v001,agent:DataEngineer
2026-10-03,76,18:00,chat,Meridian,1,1,1,0,54,100,1024,512,v001,agent:DataEngineer
2026-10-03,76,18:30,chat,Meridian,1,1,1,0,43,100,1017,508,v001,agent:DataEngineer
2026-10-03,76,19:00,chat,Meridian,1,1,1,0,46,100,1004,502,v001,agent:DataEngineer
2026-10-03,76,19:30,chat,Meridian,1,1,1,0,46,100,958,479,v001,agent:DataEngineer
2026-10-03,76,20:00,chat,Meridian,1,1,1,0,46,100,1120,560,v001,agent:DataEngineer
2026-10-03,76,20:30,chat,Meridian,1,1,1,0,37,100,1083,542,v001,agent:DataEngineer
2026-10-03,76,21:00,chat,Meridian,1,1,1,0,40,100,1086,543,v001,agent:DataEngineer
2026-10-03,76,21:30,chat,Meridian,0,0,0,0,0,0,0,0,v001,agent:DataEngineer
2026-10-03,76,22:00,chat,Meridian,0,0,0,0,0,0,0,0,v001,agent:DataEngineer
2026-10-03,76,22:30,chat,Meridian,0,0,0,0,0,0,0,0,v001,agent:DataEngineer
2026-10-03,76,23:00,chat,Meridian,0,0,0,0,0,0,0,0,v001,agent:DataEngineer
2026-10-03,76,23:30,chat,Meridian,1,1,1,0,46,100,1019,510,v001,agent:DataEngineer
2026-10-04,77,00:00,voice,Meridian,0,0,0,0,0,0,0,0,v001,agent:DataEngineer
2026-10-04,77,00:30,voice,Meridian,1,1,1,0,13,100,2009,2009,v001,agent:DataEngineer
2026-10-04,77,01:00,voice,Meridian,1,1,1,0,14,100,1864,1864,v001,agent:DataEngineer
2026-10-04,77,01:30,voice,Meridian,0,0,0,0,0,0,0,0,v001,agent:DataEngineer
2026-10-04,77,02:00,voice,Meridian,0,0,0,0,0,0,0,0,v001,agent:DataEngineer
2026-10-04,77,02:30,voice,Meridian,0,0,0,0,0,0,0,0,v001,agent:DataEngineer
2026-10-04,77,03:00,voice,Meridian,0,0,0,0,0,0,0,0,v001,agent:DataEngineer
2026-10-04,77,03:30,voice,Meridian,0,0,0,0,0,0,0,0,v001,agent:DataEngineer
2026-10-04,77,04:00,voice,Meridian,0,0,0,0,0,0,0,0,v001,agent:DataEngineer
2026-10-04,77,04:30,voice,Meridian,0,0,0,0,0,0,0,0,v001,agent:DataEngineer
2026-10-04,77,05:00,voice,Meridian,0,0,0,0,0,0,0,0,v001,agent:DataEngineer
2026-10-04,77,05:30,voice,Meridian,0,0,0,0,0,0,0,0,v001,agent:DataEngineer
2026-10-04,77,06:00,voice,Meridian,1,1,1,0,14,100,1863,1863,v001,agent:DataEngineer
2026-10-04,77,06:30,voice,Meridian,1,1,1,0,12,100,2130,2130,v001,agent:DataEngineer
2026-10-04,77,07:00,voice,Meridian,1,1,1,0,13,100,1975,1975,v001,agent:DataEngineer
2026-10-04,77,07:30,voice,Meridian,1,1,1,0,13,100,2022,2022,v001,agent:DataEngineer
2026-10-04,77,08:00,voice,Meridian,1,1,1,0,11,100,1998,1998,v001,agent:DataEngineer
2026-10-04,77,08:30,voice,Meridian,2,2,2,0,12,100,1963,1963,v001,agent:DataEngineer
2026-10-04,77,09:00,voice,Meridian,3,3,3,0,13,100,1829,1829,v001,agent:DataEngineer
2026-10-04,77,09:30,voice,Meridian,3,3,3,0,13,100,2073,2073,v001,agent:DataEngineer
2026-10-04,77,10:00,voice,Meridian,4,3,3,1,64,75,1970,1970,v001,agent:DataEngineer
2026-10-04,77,10:30,voice,Meridian,3,3,3,0,13,100,1956,1956,v001,agent:DataEngineer
2026-10-04,77,11:00,voice,Meridian,4,4,4,0,11,100,1923,1923,v001,agent:DataEngineer
2026-10-04,77,11:30,voice,Meridian,4,4,4,0,12,100,1855,1855,v001,agent:DataEngineer
2026-10-04,77,12:00,voice,Meridian,4,4,4,0,12,100,2024,2024,v001,agent:DataEngineer
2026-10-04,77,12:30,voice,Meridian,2,2,2,0,11,100,1949,1949,v001,agent:DataEngineer
2026-10-04,77,13:00,voice,Meridian,3,2,2,1,97,66.7,1928,1928,v001,agent:DataEngineer
2026-10-04,77,13:30,voice,Meridian,2,2,2,0,10,100,1769,1769,v001,agent:DataEngineer
2026-10-04,77,14:00,voice,Meridian,3,3,3,0,14,100,2031,2031,v001,agent:DataEngineer
2026-10-04,77,14:30,voice,Meridian,3,3,2,0,129,66.7,1769,1769,v001,agent:DataEngineer
2026-10-04,77,15:00,voice,Meridian,3,3,3,0,14,100,1824,1824,v001,agent:DataEngineer
2026-10-04,77,15:30,voice,Meridian,3,3,3,0,12,100,1931,1931,v001,agent:DataEngineer
2026-10-04,77,16:00,voice,Meridian,3,3,3,0,12,100,1770,1770,v001,agent:DataEngineer
2026-10-04,77,16:30,voice,Meridian,3,3,3,0,14,100,1728,1728,v001,agent:DataEngineer
2026-10-04,77,17:00,voice,Meridian,2,2,2,0,13,100,1995,1995,v001,agent:DataEngineer
2026-10-04,77,17:30,voice,Meridian,2,2,2,0,13,100,1940,1940,v001,agent:DataEngineer
2026-10-04,77,18:00,voice,Meridian,1,1,1,0,10,100,1699,1699,v001,agent:DataEngineer
2026-10-04,77,18:30,voice,Meridian,1,1,1,0,12,100,1816,1816,v001,agent:DataEngineer
2026-10-04,77,19:00,voice,Meridian,1,1,1,0,15,100,1966,1966,v001,agent:DataEngineer
2026-10-04,77,19:30,voice,Meridian,1,1,1,0,13,100,1878,1878,v001,agent:DataEngineer
2026-10-04,77,20:00,voice,Meridian,1,1,1,0,11,100,2133,2133,v001,agent:DataEngineer
2026-10-04,77,20:30,voice,Meridian,1,1,1,0,11,100,2027,2027,v001,agent:DataEngineer
2026-10-04,77,21:00,voice,Meridian,0,0,0,0,0,0,0,0,v001,agent:DataEngineer
2026-10-04,77,21:30,voice,Meridian,1,1,1,0,10,100,1837,1837,v001,agent:DataEngineer
2026-10-04,77,22:00,voice,Meridian,0,0,0,0,0,0,0,0,v001,agent:DataEngineer
2026-10-04,77,22:30,voice,Meridian,0,0,0,0,0,0,0,0,v001,agent:DataEngineer
2026-10-04,77,23:00,voice,Meridian,0,0,0,0,0,0,0,0,v001,agent:DataEngineer
2026-10-04,77,23:30,voice,Meridian,0,0,0,0,0,0,0,0,v001,agent:DataEngineer
2026-10-04,77,00:00,chat,Meridian,0,0,0,0,0,0,0,0,v001,agent:DataEngineer
2026-10-04,77,00:30,chat,Meridian,0,0,0,0,0,0,0,0,v001,agent:DataEngineer
2026-10-04,77,01:00,chat,Meridian,1,1,1,0,36,100,1080,540,v001,agent:DataEngineer
2026-10-04,77,01:30,chat,Meridian,1,1,1,0,45,100,1071,536,v001,agent:DataEngineer
2026-10-04,77,02:00,chat,Meridian,0,0,0,0,0,0,0,0,v001,agent:DataEngineer
2026-10-04,77,02:30,chat,Meridian,0,0,0,0,0,0,0,0,v001,agent:DataEngineer
2026-10-04,77,03:00,chat,Meridian,1,1,1,0,46,100,1063,532,v001,agent:DataEngineer
2026-10-04,77,03:30,chat,Meridian,0,0,0,0,0,0,0,0,v001,agent:DataEngineer
2026-10-04,77,04:00,chat,Meridian,0,0,0,0,0,0,0,0,v001,agent:DataEngineer
2026-10-04,77,04:30,chat,Meridian,0,0,0,0,0,0,0,0,v001,agent:DataEngineer
2026-10-04,77,05:00,chat,Meridian,0,0,0,0,0,0,0,0,v001,agent:DataEngineer
2026-10-04,77,05:30,chat,Meridian,1,1,1,0,47,100,1152,576,v001,agent:DataEngineer
2026-10-04,77,06:00,chat,Meridian,0,0,0,0,0,0,0,0,v001,agent:DataEngineer
2026-10-04,77,06:30,chat,Meridian,1,1,1,0,32,100,1025,512,v001,agent:DataEngineer
2026-10-04,77,07:00,chat,Meridian,1,1,1,0,40,100,1105,552,v001,agent:DataEngineer
2026-10-04,77,07:30,chat,Meridian,1,1,1,0,43,100,1105,553,v001,agent:DataEngineer
2026-10-04,77,08:00,chat,Meridian,1,1,1,0,43,100,1085,542,v001,agent:DataEngineer
2026-10-04,77,08:30,chat,Meridian,2,2,2,0,45,100,1168,584,v001,agent:DataEngineer
2026-10-04,77,09:00,chat,Meridian,3,3,3,0,40,100,1052,526,v001,agent:DataEngineer
2026-10-04,77,09:30,chat,Meridian,4,4,4,0,48,100,1028,514,v001,agent:DataEngineer
2026-10-04,77,10:00,chat,Meridian,4,3,3,1,141,75,998,499,v001,agent:DataEngineer
2026-10-04,77,10:30,chat,Meridian,6,6,6,0,44,100,1045,522,v001,agent:DataEngineer
2026-10-04,77,11:00,chat,Meridian,4,4,4,0,41,100,1169,584,v001,agent:DataEngineer
2026-10-04,77,11:30,chat,Meridian,4,4,4,0,51,100,1012,506,v001,agent:DataEngineer
2026-10-04,77,12:00,chat,Meridian,4,3,3,1,161,75,1145,572,v001,agent:DataEngineer
2026-10-04,77,12:30,chat,Meridian,4,4,4,0,45,100,978,489,v001,agent:DataEngineer
2026-10-04,77,13:00,chat,Meridian,3,3,2,0,197,66.7,1099,549,v001,agent:DataEngineer
2026-10-04,77,13:30,chat,Meridian,3,3,3,0,40,100,1151,576,v001,agent:DataEngineer
2026-10-04,77,14:00,chat,Meridian,3,3,3,0,50,100,1114,557,v001,agent:DataEngineer
2026-10-04,77,14:30,chat,Meridian,4,4,4,0,47,100,1040,520,v001,agent:DataEngineer
2026-10-04,77,15:00,chat,Meridian,4,4,4,0,49,100,1188,594,v001,agent:DataEngineer
2026-10-04,77,15:30,chat,Meridian,4,4,3,0,138,75,1003,501,v001,agent:DataEngineer
2026-10-04,77,16:00,chat,Meridian,4,3,3,1,124,75,1130,565,v001,agent:DataEngineer
2026-10-04,77,16:30,chat,Meridian,3,3,3,0,42,100,1009,504,v001,agent:DataEngineer
2026-10-04,77,17:00,chat,Meridian,2,2,2,0,45,100,1056,528,v001,agent:DataEngineer
2026-10-04,77,17:30,chat,Meridian,2,2,2,0,52,100,1117,559,v001,agent:DataEngineer
2026-10-04,77,18:00,chat,Meridian,1,1,1,0,51,100,1184,592,v001,agent:DataEngineer
2026-10-04,77,18:30,chat,Meridian,1,1,1,0,43,100,1034,517,v001,agent:DataEngineer
2026-10-04,77,19:00,chat,Meridian,1,1,1,0,38,100,1112,556,v001,agent:DataEngineer
2026-10-04,77,19:30,chat,Meridian,1,1,1,0,43,100,1085,542,v001,agent:DataEngineer
2026-10-04,77,20:00,chat,Meridian,1,1,1,0,46,100,1043,522,v001,agent:DataEngineer
2026-10-04,77,20:30,chat,Meridian,1,1,1,0,43,100,1151,575,v001,agent:DataEngineer
2026-10-04,77,21:00,chat,Meridian,0,0,0,0,0,0,0,0,v001,agent:DataEngineer
2026-10-04,77,21:30,chat,Meridian,0,0,0,0,0,0,0,0,v001,agent:DataEngineer
2026-10-04,77,22:00,chat,Meridian,0,0,0,0,0,0,0,0,v001,agent:DataEngineer
2026-10-04,77,22:30,chat,Meridian,1,1,1,0,42,100,1108,554,v001,agent:DataEngineer
2026-10-04,77,23:00,chat,Meridian,0,0,0,0,0,0,0,0,v001,agent:DataEngineer
2026-10-04,77,23:30,chat,Meridian,0,0,0,0,0,0,0,0,v001,agent:DataEngineer
2026-10-05,78,00:00,voice,Meridian,1,1,1,0,12,100,1992,1992,v001,agent:DataEngineer
2026-10-05,78,00:30,voice,Meridian,1,1,1,0,12,100,1828,1828,v001,agent:DataEngineer
2026-10-05,78,01:00,voice,Meridian,1,1,1,0,12,100,1799,1799,v001,agent:DataEngineer
2026-10-05,78,01:30,voice,Meridian,1,1,1,0,11,100,2061,2061,v001,agent:DataEngineer
2026-10-05,78,02:00,voice,Meridian,1,1,1,0,12,100,1835,1835,v001,agent:DataEngineer
2026-10-05,78,02:30,voice,Meridian,1,1,1,0,12,100,1950,1950,v001,agent:DataEngineer
2026-10-05,78,03:00,voice,Meridian,1,1,1,0,13,100,1645,1645,v001,agent:DataEngineer
2026-10-05,78,03:30,voice,Meridian,1,1,1,0,10,100,1848,1848,v001,agent:DataEngineer
2026-10-05,78,04:00,voice,Meridian,1,1,1,0,12,100,1875,1875,v001,agent:DataEngineer
2026-10-05,78,04:30,voice,Meridian,1,1,1,0,12,100,1831,1831,v001,agent:DataEngineer
2026-10-05,78,05:00,voice,Meridian,1,1,1,0,10,100,2375,2375,v001,agent:DataEngineer
2026-10-05,78,05:30,voice,Meridian,1,1,1,0,11,100,2199,2199,v001,agent:DataEngineer
2026-10-05,78,06:00,voice,Meridian,1,1,1,0,11,100,1937,1937,v001,agent:DataEngineer
2026-10-05,78,06:30,voice,Meridian,1,1,1,0,12,100,2064,2064,v001,agent:DataEngineer
2026-10-05,78,07:00,voice,Meridian,1,1,1,0,11,100,1799,1799,v001,agent:DataEngineer
2026-10-05,78,07:30,voice,Meridian,2,2,2,0,12,100,1952,1952,v001,agent:DataEngineer
2026-10-05,78,08:00,voice,Meridian,2,2,2,0,13,100,1989,1989,v001,agent:DataEngineer
2026-10-05,78,08:30,voice,Meridian,4,4,4,0,13,100,2118,2118,v001,agent:DataEngineer
2026-10-05,78,09:00,voice,Meridian,7,7,7,0,12,100,1912,1912,v001,agent:DataEngineer
2026-10-05,78,09:30,voice,Meridian,6,6,6,0,11,100,1955,1955,v001,agent:DataEngineer
2026-10-05,78,10:00,voice,Meridian,9,8,5,1,214,55.6,2025,2025,v001,agent:DataEngineer
2026-10-05,78,10:30,voice,Meridian,9,8,5,1,190,55.6,2077,2077,v001,agent:DataEngineer
2026-10-05,78,11:00,voice,Meridian,9,8,3,1,410,33.3,2142,2142,v001,agent:DataEngineer
2026-10-05,78,11:30,voice,Meridian,8,7,7,1,24,87.5,1915,1915,v001,agent:DataEngineer
2026-10-05,78,12:00,voice,Meridian,8,8,8,0,13,100,1938,1938,v001,agent:DataEngineer
2026-10-05,78,12:30,voice,Meridian,7,7,7,0,11,100,2068,2068,v001,agent:DataEngineer
2026-10-05,78,13:00,voice,Meridian,7,7,7,0,10,100,1952,1952,v001,agent:DataEngineer
2026-10-05,78,13:30,voice,Meridian,4,4,2,0,253,50,2150,2150,v001,agent:DataEngineer
2026-10-05,78,14:00,voice,Meridian,7,6,5,1,87,71.4,2134,2134,v001,agent:DataEngineer
2026-10-05,78,14:30,voice,Meridian,8,7,7,1,30,87.5,2173,2173,v001,agent:DataEngineer
2026-10-05,78,15:00,voice,Meridian,8,7,7,1,28,87.5,2034,2034,v001,agent:DataEngineer
2026-10-05,78,15:30,voice,Meridian,6,6,6,0,13,100,1813,1813,v001,agent:DataEngineer
2026-10-05,78,16:00,voice,Meridian,7,7,6,0,32,85.7,1933,1933,v001,agent:DataEngineer
2026-10-05,78,16:30,voice,Meridian,4,4,4,0,11,100,1901,1901,v001,agent:DataEngineer
2026-10-05,78,17:00,voice,Meridian,4,4,4,0,11,100,1984,1984,v001,agent:DataEngineer
2026-10-05,78,17:30,voice,Meridian,3,3,3,0,14,100,1952,1952,v001,agent:DataEngineer
2026-10-05,78,18:00,voice,Meridian,2,2,2,0,13,100,2057,2057,v001,agent:DataEngineer
2026-10-05,78,18:30,voice,Meridian,1,1,1,0,11,100,2209,2209,v001,agent:DataEngineer
2026-10-05,78,19:00,voice,Meridian,1,1,1,0,13,100,1810,1810,v001,agent:DataEngineer
2026-10-05,78,19:30,voice,Meridian,1,1,1,0,12,100,2004,2004,v001,agent:DataEngineer
2026-10-05,78,20:00,voice,Meridian,1,1,1,0,13,100,2050,2050,v001,agent:DataEngineer
2026-10-05,78,20:30,voice,Meridian,1,1,1,0,10,100,1956,1956,v001,agent:DataEngineer
2026-10-05,78,21:00,voice,Meridian,1,1,1,0,14,100,1955,1955,v001,agent:DataEngineer
2026-10-05,78,21:30,voice,Meridian,1,1,1,0,13,100,2065,2065,v001,agent:DataEngineer
2026-10-05,78,22:00,voice,Meridian,1,1,1,0,12,100,1976,1976,v001,agent:DataEngineer
2026-10-05,78,22:30,voice,Meridian,1,1,1,0,11,100,1881,1881,v001,agent:DataEngineer
2026-10-05,78,23:00,voice,Meridian,1,1,1,0,12,100,1793,1793,v001,agent:DataEngineer
2026-10-05,78,23:30,voice,Meridian,1,1,1,0,13,100,1922,1922,v001,agent:DataEngineer
2026-10-05,78,00:00,chat,Meridian,1,1,1,0,45,100,1609,621,v001,agent:DataEngineer
2026-10-05,78,00:30,chat,Meridian,1,1,1,0,55,100,1269,490,v001,agent:DataEngineer
2026-10-05,78,01:00,chat,Meridian,1,1,1,0,40,100,1326,512,v001,agent:DataEngineer
2026-10-05,78,01:30,chat,Meridian,1,1,1,0,44,100,1238,478,v001,agent:DataEngineer
2026-10-05,78,02:00,chat,Meridian,1,1,1,0,46,100,1443,557,v001,agent:DataEngineer
2026-10-05,78,02:30,chat,Meridian,1,1,1,0,45,100,1316,508,v001,agent:DataEngineer
2026-10-05,78,03:00,chat,Meridian,1,1,1,0,47,100,1440,556,v001,agent:DataEngineer
2026-10-05,78,03:30,chat,Meridian,1,1,1,0,40,100,1328,512,v001,agent:DataEngineer
2026-10-05,78,04:00,chat,Meridian,1,1,1,0,40,100,1453,561,v001,agent:DataEngineer
2026-10-05,78,04:30,chat,Meridian,1,1,1,0,50,100,1360,525,v001,agent:DataEngineer
2026-10-05,78,05:00,chat,Meridian,1,1,1,0,55,100,1394,538,v001,agent:DataEngineer
2026-10-05,78,05:30,chat,Meridian,1,1,1,0,57,100,1420,548,v001,agent:DataEngineer
2026-10-05,78,06:00,chat,Meridian,1,1,1,0,41,100,1473,569,v001,agent:DataEngineer
2026-10-05,78,06:30,chat,Meridian,1,1,1,0,41,100,1342,518,v001,agent:DataEngineer
2026-10-05,78,07:00,chat,Meridian,2,2,2,0,47,100,1494,576,v001,agent:DataEngineer
2026-10-05,78,07:30,chat,Meridian,3,3,3,0,47,100,1432,553,v001,agent:DataEngineer
2026-10-05,78,08:00,chat,Meridian,3,3,3,0,51,100,1367,527,v001,agent:DataEngineer
2026-10-05,78,08:30,chat,Meridian,4,4,4,0,37,100,1364,526,v001,agent:DataEngineer
2026-10-05,78,09:00,chat,Meridian,7,6,4,1,337,57.1,1401,540,v001,agent:DataEngineer
2026-10-05,78,09:30,chat,Meridian,8,7,7,1,66,87.5,1381,533,v001,agent:DataEngineer
2026-10-05,78,10:00,chat,Meridian,9,7,3,2,668,33.3,1479,571,v001,agent:DataEngineer
2026-10-05,78,10:30,chat,Meridian,10,8,1,2,1216,10,1441,556,v001,agent:DataEngineer
2026-10-05,78,11:00,chat,Meridian,8,6,2,2,1064,25,1376,531,v001,agent:DataEngineer
2026-10-05,78,11:30,chat,Meridian,8,7,3,1,592,37.5,1315,507,v001,agent:DataEngineer
2026-10-05,78,12:00,chat,Meridian,7,6,3,1,583,42.9,1437,555,v001,agent:DataEngineer
2026-10-05,78,12:30,chat,Meridian,8,7,6,1,162,75,1305,504,v001,agent:DataEngineer
2026-10-05,78,13:00,chat,Meridian,9,7,4,2,619,44.4,1505,581,v001,agent:DataEngineer
2026-10-05,78,13:30,chat,Meridian,7,6,5,1,164,71.4,1390,536,v001,agent:DataEngineer
2026-10-05,78,14:00,chat,Meridian,11,10,10,1,60,90.9,1417,547,v001,agent:DataEngineer
2026-10-05,78,14:30,chat,Meridian,9,8,8,1,58,88.9,1500,579,v001,agent:DataEngineer
2026-10-05,78,15:00,chat,Meridian,11,9,3,2,659,27.3,1348,520,v001,agent:DataEngineer
2026-10-05,78,15:30,chat,Meridian,9,7,3,2,658,33.3,1249,482,v001,agent:DataEngineer
2026-10-05,78,16:00,chat,Meridian,7,6,3,1,520,42.9,1268,489,v001,agent:DataEngineer
2026-10-05,78,16:30,chat,Meridian,6,5,1,1,1165,16.7,1228,474,v001,agent:DataEngineer
2026-10-05,78,17:00,chat,Meridian,7,7,7,0,42,100,1452,561,v001,agent:DataEngineer
2026-10-05,78,17:30,chat,Meridian,4,4,4,0,41,100,1318,509,v001,agent:DataEngineer
2026-10-05,78,18:00,chat,Meridian,3,3,3,0,45,100,1535,593,v001,agent:DataEngineer
2026-10-05,78,18:30,chat,Meridian,2,2,2,0,44,100,1440,556,v001,agent:DataEngineer
2026-10-05,78,19:00,chat,Meridian,1,1,1,0,42,100,1337,516,v001,agent:DataEngineer
2026-10-05,78,19:30,chat,Meridian,2,2,2,0,44,100,1429,551,v001,agent:DataEngineer
2026-10-05,78,20:00,chat,Meridian,1,1,1,0,45,100,1569,606,v001,agent:DataEngineer
2026-10-05,78,20:30,chat,Meridian,1,1,1,0,40,100,1401,541,v001,agent:DataEngineer
2026-10-05,78,21:00,chat,Meridian,2,2,2,0,53,100,1418,547,v001,agent:DataEngineer
2026-10-05,78,21:30,chat,Meridian,1,1,1,0,48,100,1378,532,v001,agent:DataEngineer
2026-10-05,78,22:00,chat,Meridian,1,1,1,0,41,100,1526,589,v001,agent:DataEngineer
2026-10-05,78,22:30,chat,Meridian,1,1,1,0,42,100,1245,480,v001,agent:DataEngineer
2026-10-05,78,23:00,chat,Meridian,1,1,1,0,49,100,1348,520,v001,agent:DataEngineer
2026-10-05,78,23:30,chat,Meridian,1,1,1,0,41,100,1327,512,v001,agent:DataEngineer
2026-10-06,79,00:00,voice,Meridian,1,1,1,0,11,100,2086,2086,v001,agent:DataEngineer
2026-10-06,79,00:30,voice,Meridian,1,1,1,0,12,100,2169,2169,v001,agent:DataEngineer
2026-10-06,79,01:00,voice,Meridian,1,1,1,0,14,100,1934,1934,v001,agent:DataEngineer
2026-10-06,79,01:30,voice,Meridian,1,1,1,0,11,100,2075,2075,v001,agent:DataEngineer
2026-10-06,79,02:00,voice,Meridian,1,1,1,0,11,100,1976,1976,v001,agent:DataEngineer
2026-10-06,79,02:30,voice,Meridian,1,1,1,0,11,100,1961,1961,v001,agent:DataEngineer
2026-10-06,79,03:00,voice,Meridian,1,1,1,0,12,100,1865,1865,v001,agent:DataEngineer
2026-10-06,79,03:30,voice,Meridian,1,1,1,0,13,100,1755,1755,v001,agent:DataEngineer
2026-10-06,79,04:00,voice,Meridian,1,1,1,0,12,100,1882,1882,v001,agent:DataEngineer
2026-10-06,79,04:30,voice,Meridian,1,1,1,0,12,100,2044,2044,v001,agent:DataEngineer
2026-10-06,79,05:00,voice,Meridian,1,1,1,0,12,100,2056,2056,v001,agent:DataEngineer
2026-10-06,79,05:30,voice,Meridian,1,1,1,0,12,100,2083,2083,v001,agent:DataEngineer
2026-10-06,79,06:00,voice,Meridian,1,1,1,0,12,100,2057,2057,v001,agent:DataEngineer
2026-10-06,79,06:30,voice,Meridian,1,1,1,0,14,100,2049,2049,v001,agent:DataEngineer
2026-10-06,79,07:00,voice,Meridian,2,2,2,0,11,100,2031,2031,v001,agent:DataEngineer
2026-10-06,79,07:30,voice,Meridian,2,2,2,0,11,100,2048,2048,v001,agent:DataEngineer
2026-10-06,79,08:00,voice,Meridian,4,4,4,0,11,100,1859,1859,v001,agent:DataEngineer
2026-10-06,79,08:30,voice,Meridian,4,4,4,0,13,100,1947,1947,v001,agent:DataEngineer
2026-10-06,79,09:00,voice,Meridian,6,5,3,1,239,50,1864,1864,v001,agent:DataEngineer
2026-10-06,79,09:30,voice,Meridian,7,6,3,1,335,42.9,1845,1845,v001,agent:DataEngineer
2026-10-06,79,10:00,voice,Meridian,8,7,4,1,251,50,2052,2052,v001,agent:DataEngineer
2026-10-06,79,10:30,voice,Meridian,9,8,6,1,138,66.7,2124,2124,v001,agent:DataEngineer
2026-10-06,79,11:00,voice,Meridian,10,9,7,1,93,70,1889,1889,v001,agent:DataEngineer
2026-10-06,79,11:30,voice,Meridian,8,7,3,1,441,37.5,1737,1737,v001,agent:DataEngineer
2026-10-06,79,12:00,voice,Meridian,8,7,5,1,144,62.5,2075,2075,v001,agent:DataEngineer
2026-10-06,79,12:30,voice,Meridian,9,8,8,1,25,88.9,2224,2224,v001,agent:DataEngineer
2026-10-06,79,13:00,voice,Meridian,6,6,6,0,13,100,1918,1918,v001,agent:DataEngineer
2026-10-06,79,13:30,voice,Meridian,7,6,4,1,165,57.1,1976,1976,v001,agent:DataEngineer
2026-10-06,79,14:00,voice,Meridian,7,6,3,1,281,42.9,1924,1924,v001,agent:DataEngineer
2026-10-06,79,14:30,voice,Meridian,6,5,4,1,134,66.7,2022,2022,v001,agent:DataEngineer
2026-10-06,79,15:00,voice,Meridian,8,8,8,0,12,100,1800,1800,v001,agent:DataEngineer
2026-10-06,79,15:30,voice,Meridian,10,9,6,1,156,60,1971,1971,v001,agent:DataEngineer
2026-10-06,79,16:00,voice,Meridian,7,7,7,0,13,100,1786,1786,v001,agent:DataEngineer
2026-10-06,79,16:30,voice,Meridian,6,6,5,0,37,83.3,2048,2048,v001,agent:DataEngineer
2026-10-06,79,17:00,voice,Meridian,4,4,3,0,72,75,1736,1736,v001,agent:DataEngineer
2026-10-06,79,17:30,voice,Meridian,4,4,4,0,11,100,1814,1814,v001,agent:DataEngineer
2026-10-06,79,18:00,voice,Meridian,2,2,2,0,12,100,2096,2096,v001,agent:DataEngineer
2026-10-06,79,18:30,voice,Meridian,2,2,2,0,13,100,2144,2144,v001,agent:DataEngineer
2026-10-06,79,19:00,voice,Meridian,1,1,1,0,15,100,1945,1945,v001,agent:DataEngineer
2026-10-06,79,19:30,voice,Meridian,1,1,1,0,9,100,1963,1963,v001,agent:DataEngineer
2026-10-06,79,20:00,voice,Meridian,1,1,1,0,12,100,2033,2033,v001,agent:DataEngineer
2026-10-06,79,20:30,voice,Meridian,1,1,1,0,12,100,2094,2094,v001,agent:DataEngineer
2026-10-06,79,21:00,voice,Meridian,1,1,1,0,12,100,2128,2128,v001,agent:DataEngineer
2026-10-06,79,21:30,voice,Meridian,1,1,1,0,13,100,1965,1965,v001,agent:DataEngineer
2026-10-06,79,22:00,voice,Meridian,1,1,1,0,11,100,2054,2054,v001,agent:DataEngineer
2026-10-06,79,22:30,voice,Meridian,1,1,1,0,11,100,1981,1981,v001,agent:DataEngineer
2026-10-06,79,23:00,voice,Meridian,1,1,1,0,11,100,1886,1886,v001,agent:DataEngineer
2026-10-06,79,23:30,voice,Meridian,1,1,1,0,13,100,2060,2060,v001,agent:DataEngineer
2026-10-06,79,00:00,chat,Meridian,1,1,1,0,50,100,1597,583,v001,agent:DataEngineer
2026-10-06,79,00:30,chat,Meridian,1,1,1,0,37,100,1722,629,v001,agent:DataEngineer
2026-10-06,79,01:00,chat,Meridian,1,1,1,0,45,100,1526,557,v001,agent:DataEngineer
2026-10-06,79,01:30,chat,Meridian,1,1,1,0,41,100,1666,608,v001,agent:DataEngineer
2026-10-06,79,02:00,chat,Meridian,1,1,1,0,39,100,1405,513,v001,agent:DataEngineer
2026-10-06,79,02:30,chat,Meridian,1,1,1,0,40,100,1641,599,v001,agent:DataEngineer
2026-10-06,79,03:00,chat,Meridian,1,1,1,0,44,100,1447,528,v001,agent:DataEngineer
2026-10-06,79,03:30,chat,Meridian,1,1,1,0,43,100,1549,565,v001,agent:DataEngineer
2026-10-06,79,04:00,chat,Meridian,1,1,1,0,37,100,1681,613,v001,agent:DataEngineer
2026-10-06,79,04:30,chat,Meridian,1,1,1,0,53,100,1501,548,v001,agent:DataEngineer
2026-10-06,79,05:00,chat,Meridian,1,1,1,0,50,100,1577,575,v001,agent:DataEngineer
2026-10-06,79,05:30,chat,Meridian,1,1,1,0,43,100,1554,567,v001,agent:DataEngineer
2026-10-06,79,06:00,chat,Meridian,1,1,1,0,50,100,1510,551,v001,agent:DataEngineer
2026-10-06,79,06:30,chat,Meridian,2,2,2,0,42,100,1747,637,v001,agent:DataEngineer
2026-10-06,79,07:00,chat,Meridian,2,2,2,0,47,100,1500,547,v001,agent:DataEngineer
2026-10-06,79,07:30,chat,Meridian,3,3,3,0,55,100,1560,569,v001,agent:DataEngineer
2026-10-06,79,08:00,chat,Meridian,3,3,3,0,45,100,1672,610,v001,agent:DataEngineer
2026-10-06,79,08:30,chat,Meridian,5,4,2,1,557,40,1533,559,v001,agent:DataEngineer
2026-10-06,79,09:00,chat,Meridian,7,6,5,1,185,71.4,1653,603,v001,agent:DataEngineer
2026-10-06,79,09:30,chat,Meridian,13,10,5,3,660,38.5,1602,585,v001,agent:DataEngineer
2026-10-06,79,10:00,chat,Meridian,10,8,2,2,1157,20,1533,560,v001,agent:DataEngineer
2026-10-06,79,10:30,chat,Meridian,15,12,5,3,654,33.3,1512,552,v001,agent:DataEngineer
2026-10-06,79,11:00,chat,Meridian,13,10,4,3,789,30.8,1690,617,v001,agent:DataEngineer
2026-10-06,79,11:30,chat,Meridian,11,9,5,2,606,45.5,1512,552,v001,agent:DataEngineer
2026-10-06,79,12:00,chat,Meridian,9,7,4,2,443,44.4,1632,596,v001,agent:DataEngineer
2026-10-06,79,12:30,chat,Meridian,10,8,4,2,626,40,1599,583,v001,agent:DataEngineer
2026-10-06,79,13:00,chat,Meridian,7,6,2,1,746,28.6,1569,573,v001,agent:DataEngineer
2026-10-06,79,13:30,chat,Meridian,8,6,2,2,973,25,1540,562,v001,agent:DataEngineer
2026-10-06,79,14:00,chat,Meridian,8,6,2,2,814,25,1601,584,v001,agent:DataEngineer
2026-10-06,79,14:30,chat,Meridian,10,8,2,2,1073,20,1608,587,v001,agent:DataEngineer
2026-10-06,79,15:00,chat,Meridian,10,8,4,2,499,40,1576,575,v001,agent:DataEngineer
2026-10-06,79,15:30,chat,Meridian,10,8,5,2,387,50,1504,549,v001,agent:DataEngineer
2026-10-06,79,16:00,chat,Meridian,9,7,6,2,185,66.7,1781,650,v001,agent:DataEngineer
2026-10-06,79,16:30,chat,Meridian,6,5,4,1,192,66.7,1876,685,v001,agent:DataEngineer
2026-10-06,79,17:00,chat,Meridian,5,4,2,1,501,40,1604,586,v001,agent:DataEngineer
2026-10-06,79,17:30,chat,Meridian,5,4,4,1,89,80,1624,593,v001,agent:DataEngineer
2026-10-06,79,18:00,chat,Meridian,3,3,3,0,47,100,1664,607,v001,agent:DataEngineer
2026-10-06,79,18:30,chat,Meridian,2,2,2,0,46,100,1732,632,v001,agent:DataEngineer
2026-10-06,79,19:00,chat,Meridian,2,2,2,0,44,100,1532,559,v001,agent:DataEngineer
2026-10-06,79,19:30,chat,Meridian,2,2,2,0,47,100,1584,578,v001,agent:DataEngineer
2026-10-06,79,20:00,chat,Meridian,1,1,1,0,45,100,1653,603,v001,agent:DataEngineer
2026-10-06,79,20:30,chat,Meridian,1,1,1,0,50,100,1567,572,v001,agent:DataEngineer
2026-10-06,79,21:00,chat,Meridian,1,1,1,0,52,100,1599,583,v001,agent:DataEngineer
2026-10-06,79,21:30,chat,Meridian,1,1,1,0,43,100,1671,610,v001,agent:DataEngineer
2026-10-06,79,22:00,chat,Meridian,2,2,2,0,43,100,1558,569,v001,agent:DataEngineer
2026-10-06,79,22:30,chat,Meridian,1,1,1,0,55,100,1633,596,v001,agent:DataEngineer
2026-10-06,79,23:00,chat,Meridian,1,1,1,0,52,100,1690,617,v001,agent:DataEngineer
2026-10-06,79,23:30,chat,Meridian,1,1,1,0,47,100,1566,572,v001,agent:DataEngineer
2026-10-07,80,00:00,voice,Meridian,1,1,0,0,908,0,2011,2011,v001,agent:DataEngineer
2026-10-07,80,00:30,voice,Meridian,1,1,0,0,794,0,1762,1762,v001,agent:DataEngineer
2026-10-07,80,01:00,voice,Meridian,1,1,0,0,906,0,2050,2050,v001,agent:DataEngineer
2026-10-07,80,01:30,voice,Meridian,2,2,1,0,221,50,1937,1937,v001,agent:DataEngineer
2026-10-07,80,02:00,voice,Meridian,1,1,0,0,991,0,1755,1755,v001,agent:DataEngineer
2026-10-07,80,02:30,voice,Meridian,1,1,1,0,11,100,2039,2039,v001,agent:DataEngineer
2026-10-07,80,03:00,voice,Meridian,1,1,1,0,13,100,2060,2060,v001,agent:DataEngineer
2026-10-07,80,03:30,voice,Meridian,1,1,0,0,1129,0,1836,1836,v001,agent:DataEngineer
2026-10-07,80,04:00,voice,Meridian,1,1,0,0,1043,0,1831,1831,v001,agent:DataEngineer
2026-10-07,80,04:30,voice,Meridian,1,1,0,0,957,0,1742,1742,v001,agent:DataEngineer
2026-10-07,80,05:00,voice,Meridian,2,2,1,0,246,50,2093,2093,v001,agent:DataEngineer
2026-10-07,80,05:30,voice,Meridian,1,1,0,0,888,0,2056,2056,v001,agent:DataEngineer
2026-10-07,80,06:00,voice,Meridian,2,2,1,0,265,50,2086,2086,v001,agent:DataEngineer
2026-10-07,80,06:30,voice,Meridian,2,2,1,0,211,50,2045,2045,v001,agent:DataEngineer
2026-10-07,80,07:00,voice,Meridian,2,2,1,0,211,50,2042,2042,v001,agent:DataEngineer
2026-10-07,80,07:30,voice,Meridian,3,2,1,1,402,33.3,1997,1997,v001,agent:DataEngineer
2026-10-07,80,08:00,voice,Meridian,6,3,0,3,884,0,1907,1907,v001,agent:DataEngineer
2026-10-07,80,08:30,voice,Meridian,7,4,0,3,1130,0,2231,2231,v001,agent:DataEngineer
2026-10-07,80,09:00,voice,Meridian,10,5,1,5,775,10,1873,1873,v001,agent:DataEngineer
2026-10-07,80,09:30,voice,Meridian,14,8,1,6,840,7.1,1837,1837,v001,agent:DataEngineer
2026-10-07,80,10:00,voice,Meridian,13,7,1,6,739,7.7,1996,1996,v001,agent:DataEngineer
2026-10-07,80,10:30,voice,Meridian,14,8,1,6,672,7.1,2045,2045,v001,agent:DataEngineer
2026-10-07,80,11:00,voice,Meridian,13,7,1,6,793,7.7,1891,1891,v001,agent:DataEngineer
2026-10-07,80,11:30,voice,Meridian,12,7,1,5,774,8.3,1934,1934,v001,agent:DataEngineer
2026-10-07,80,12:00,voice,Meridian,13,7,0,6,998,0,1790,1790,v001,agent:DataEngineer
2026-10-07,80,12:30,voice,Meridian,10,5,0,5,969,0,1891,1891,v001,agent:DataEngineer
2026-10-07,80,13:00,voice,Meridian,9,5,0,4,954,0,1911,1911,v001,agent:DataEngineer
2026-10-07,80,13:30,voice,Meridian,10,5,0,5,910,0,1670,1670,v001,agent:DataEngineer
2026-10-07,80,14:00,voice,Meridian,11,6,1,5,735,9.1,1833,1833,v001,agent:DataEngineer
2026-10-07,80,14:30,voice,Meridian,12,6,1,6,805,8.3,1779,1779,v001,agent:DataEngineer
2026-10-07,80,15:00,voice,Meridian,10,5,1,5,748,10,2077,2077,v001,agent:DataEngineer
2026-10-07,80,15:30,voice,Meridian,14,7,1,7,753,7.1,1721,1721,v001,agent:DataEngineer
2026-10-07,80,16:00,voice,Meridian,11,6,0,5,872,0,2078,2078,v001,agent:DataEngineer
2026-10-07,80,16:30,voice,Meridian,10,5,1,5,761,10,1927,1927,v001,agent:DataEngineer
2026-10-07,80,17:00,voice,Meridian,7,4,1,3,750,14.3,1852,1852,v001,agent:DataEngineer
2026-10-07,80,17:30,voice,Meridian,6,3,0,3,859,0,1868,1868,v001,agent:DataEngineer
2026-10-07,80,18:00,voice,Meridian,5,3,1,2,515,20,1594,1594,v001,agent:DataEngineer
2026-10-07,80,18:30,voice,Meridian,3,2,1,1,439,33.3,1948,1948,v001,agent:DataEngineer
2026-10-07,80,19:00,voice,Meridian,3,3,1,0,460,33.3,2160,2160,v001,agent:DataEngineer
2026-10-07,80,19:30,voice,Meridian,2,2,1,0,219,50,1976,1976,v001,agent:DataEngineer
2026-10-07,80,20:00,voice,Meridian,2,2,1,0,220,50,1863,1863,v001,agent:DataEngineer
2026-10-07,80,20:30,voice,Meridian,2,2,1,0,190,50,1895,1895,v001,agent:DataEngineer
2026-10-07,80,21:00,voice,Meridian,2,2,1,0,258,50,1907,1907,v001,agent:DataEngineer
2026-10-07,80,21:30,voice,Meridian,2,2,1,0,212,50,1872,1872,v001,agent:DataEngineer
2026-10-07,80,22:00,voice,Meridian,2,2,1,0,216,50,1815,1815,v001,agent:DataEngineer
2026-10-07,80,22:30,voice,Meridian,2,2,1,0,236,50,2102,2102,v001,agent:DataEngineer
2026-10-07,80,23:00,voice,Meridian,2,2,1,0,264,50,1719,1719,v001,agent:DataEngineer
2026-10-07,80,23:30,voice,Meridian,1,1,0,0,896,0,1999,1999,v001,agent:DataEngineer
2026-10-07,80,00:00,chat,Meridian,2,2,1,0,393,50,1790,559,v001,agent:DataEngineer
2026-10-07,80,00:30,chat,Meridian,2,2,1,0,385,50,1714,536,v001,agent:DataEngineer
2026-10-07,80,01:00,chat,Meridian,2,2,1,0,390,50,1813,567,v001,agent:DataEngineer
2026-10-07,80,01:30,chat,Meridian,1,1,0,0,1550,0,1739,543,v001,agent:DataEngineer
2026-10-07,80,02:00,chat,Meridian,2,2,1,0,462,50,1849,578,v001,agent:DataEngineer
2026-10-07,80,02:30,chat,Meridian,2,2,1,0,391,50,1613,504,v001,agent:DataEngineer
2026-10-07,80,03:00,chat,Meridian,2,2,1,0,409,50,1782,557,v001,agent:DataEngineer
2026-10-07,80,03:30,chat,Meridian,1,1,0,0,1484,0,1906,596,v001,agent:DataEngineer
2026-10-07,80,04:00,chat,Meridian,1,1,0,0,1521,0,1804,564,v001,agent:DataEngineer
2026-10-07,80,04:30,chat,Meridian,2,2,1,0,420,50,1865,583,v001,agent:DataEngineer
2026-10-07,80,05:00,chat,Meridian,2,2,1,0,373,50,1810,566,v001,agent:DataEngineer
2026-10-07,80,05:30,chat,Meridian,2,2,1,0,430,50,1862,582,v001,agent:DataEngineer
2026-10-07,80,06:00,chat,Meridian,2,2,1,0,413,50,1876,586,v001,agent:DataEngineer
2026-10-07,80,06:30,chat,Meridian,2,2,1,0,460,50,1649,515,v001,agent:DataEngineer
2026-10-07,80,07:00,chat,Meridian,2,1,0,1,1744,0,1808,565,v001,agent:DataEngineer
2026-10-07,80,07:30,chat,Meridian,3,2,0,1,1463,0,1850,578,v001,agent:DataEngineer
2026-10-07,80,08:00,chat,Meridian,5,3,0,2,1622,0,1991,622,v001,agent:DataEngineer
2026-10-07,80,08:30,chat,Meridian,8,4,0,4,1355,0,1996,624,v001,agent:DataEngineer
2026-10-07,80,09:00,chat,Meridian,9,5,0,4,1646,0,1858,581,v001,agent:DataEngineer
2026-10-07,80,09:30,chat,Meridian,15,8,1,7,1440,6.7,1822,570,v001,agent:DataEngineer
2026-10-07,80,10:00,chat,Meridian,15,8,0,7,1663,0,1781,557,v001,agent:DataEngineer
2026-10-07,80,10:30,chat,Meridian,12,7,1,5,1408,8.3,1777,555,v001,agent:DataEngineer
2026-10-07,80,11:00,chat,Meridian,14,8,1,6,1314,7.1,1770,553,v001,agent:DataEngineer
2026-10-07,80,11:30,chat,Meridian,13,7,0,6,1460,0,1827,571,v001,agent:DataEngineer
2026-10-07,80,12:00,chat,Meridian,12,7,0,5,1464,0,1700,531,v001,agent:DataEngineer
2026-10-07,80,12:30,chat,Meridian,13,7,1,6,1347,7.7,1951,610,v001,agent:DataEngineer
2026-10-07,80,13:00,chat,Meridian,9,5,0,4,1682,0,1824,570,v001,agent:DataEngineer
2026-10-07,80,13:30,chat,Meridian,10,6,1,4,1361,10,1705,533,v001,agent:DataEngineer
2026-10-07,80,14:00,chat,Meridian,16,9,1,7,1122,6.3,1529,478,v001,agent:DataEngineer
2026-10-07,80,14:30,chat,Meridian,14,8,1,6,1389,7.1,1787,559,v001,agent:DataEngineer
2026-10-07,80,15:00,chat,Meridian,13,8,1,5,1244,7.7,1989,621,v001,agent:DataEngineer
2026-10-07,80,15:30,chat,Meridian,13,7,1,6,1240,7.7,1619,506,v001,agent:DataEngineer
2026-10-07,80,16:00,chat,Meridian,9,5,0,4,1597,0,2064,645,v001,agent:DataEngineer
2026-10-07,80,16:30,chat,Meridian,8,4,0,4,1324,0,1862,582,v001,agent:DataEngineer
2026-10-07,80,17:00,chat,Meridian,5,3,0,2,1585,0,1582,494,v001,agent:DataEngineer
2026-10-07,80,17:30,chat,Meridian,6,3,0,3,1738,0,1883,588,v001,agent:DataEngineer
2026-10-07,80,18:00,chat,Meridian,3,2,0,1,1904,0,1625,508,v001,agent:DataEngineer
2026-10-07,80,18:30,chat,Meridian,4,3,1,1,1026,25,1598,499,v001,agent:DataEngineer
2026-10-07,80,19:00,chat,Meridian,2,2,1,0,447,50,1995,623,v001,agent:DataEngineer
2026-10-07,80,19:30,chat,Meridian,2,2,1,0,347,50,1973,617,v001,agent:DataEngineer
2026-10-07,80,20:00,chat,Meridian,2,2,1,0,471,50,1737,543,v001,agent:DataEngineer
2026-10-07,80,20:30,chat,Meridian,2,2,1,0,433,50,1755,548,v001,agent:DataEngineer
2026-10-07,80,21:00,chat,Meridian,1,1,0,0,1616,0,1915,598,v001,agent:DataEngineer
2026-10-07,80,21:30,chat,Meridian,1,1,0,0,1675,0,1770,553,v001,agent:DataEngineer
2026-10-07,80,22:00,chat,Meridian,2,2,1,0,414,50,1976,618,v001,agent:DataEngineer
2026-10-07,80,22:30,chat,Meridian,2,2,1,0,455,50,1785,558,v001,agent:DataEngineer
2026-10-07,80,23:00,chat,Meridian,1,1,0,0,1546,0,1702,532,v001,agent:DataEngineer
2026-10-07,80,23:30,chat,Meridian,1,1,0,0,1629,0,1727,540,v001,agent:DataEngineer
2026-10-08,81,00:00,voice,Meridian,2,2,1,0,298,50,1759,1759,v001,agent:DataEngineer
2026-10-08,81,00:30,voice,Meridian,1,1,1,0,12,100,1914,1914,v001,agent:DataEngineer
2026-10-08,81,01:00,voice,Meridian,2,2,1,0,226,50,1992,1992,v001,agent:DataEngineer
2026-10-08,81,01:30,voice,Meridian,2,2,1,0,213,50,1734,1734,v001,agent:DataEngineer
2026-10-08,81,02:00,voice,Meridian,2,2,1,0,251,50,1793,1793,v001,agent:DataEngineer
2026-10-08,81,02:30,voice,Meridian,1,1,1,0,11,100,1912,1912,v001,agent:DataEngineer
2026-10-08,81,03:00,voice,Meridian,2,2,1,0,213,50,1975,1975,v001,agent:DataEngineer
2026-10-08,81,03:30,voice,Meridian,2,2,1,0,212,50,1765,1765,v001,agent:DataEngineer
2026-10-08,81,04:00,voice,Meridian,1,1,1,0,11,100,1813,1813,v001,agent:DataEngineer
2026-10-08,81,04:30,voice,Meridian,2,2,1,0,280,50,1934,1934,v001,agent:DataEngineer
2026-10-08,81,05:00,voice,Meridian,2,2,1,0,229,50,1964,1964,v001,agent:DataEngineer
2026-10-08,81,05:30,voice,Meridian,2,2,1,0,257,50,1767,1767,v001,agent:DataEngineer
2026-10-08,81,06:00,voice,Meridian,2,2,1,0,243,50,1745,1745,v001,agent:DataEngineer
2026-10-08,81,06:30,voice,Meridian,2,1,1,1,255,50,1902,1902,v001,agent:DataEngineer
2026-10-08,81,07:00,voice,Meridian,3,2,1,1,350,33.3,2046,2046,v001,agent:DataEngineer
2026-10-08,81,07:30,voice,Meridian,4,2,0,2,909,0,1917,1917,v001,agent:DataEngineer
2026-10-08,81,08:00,voice,Meridian,5,3,0,2,937,0,1802,1802,v001,agent:DataEngineer
2026-10-08,81,08:30,voice,Meridian,8,4,0,4,1011,0,1946,1946,v001,agent:DataEngineer
2026-10-08,81,09:00,voice,Meridian,10,5,1,5,719,10,1840,1840,v001,agent:DataEngineer
2026-10-08,81,09:30,voice,Meridian,14,8,1,6,674,7.1,1923,1923,v001,agent:DataEngineer
2026-10-08,81,10:00,voice,Meridian,15,9,1,6,778,6.7,1923,1923,v001,agent:DataEngineer
2026-10-08,81,10:30,voice,Meridian,15,9,1,6,738,6.7,1960,1960,v001,agent:DataEngineer
2026-10-08,81,11:00,voice,Meridian,17,9,1,8,749,5.9,1920,1920,v001,agent:DataEngineer
2026-10-08,81,11:30,voice,Meridian,15,8,1,7,727,6.7,1756,1756,v001,agent:DataEngineer
2026-10-08,81,12:00,voice,Meridian,14,8,1,6,698,7.1,1902,1902,v001,agent:DataEngineer
2026-10-08,81,12:30,voice,Meridian,13,7,1,6,716,7.7,1787,1787,v001,agent:DataEngineer
2026-10-08,81,13:00,voice,Meridian,16,9,1,7,683,6.3,1884,1884,v001,agent:DataEngineer
2026-10-08,81,13:30,voice,Meridian,11,6,1,5,710,9.1,1709,1709,v001,agent:DataEngineer
2026-10-08,81,14:00,voice,Meridian,10,6,1,4,841,10,1844,1844,v001,agent:DataEngineer
2026-10-08,81,14:30,voice,Meridian,14,8,1,6,748,7.1,1788,1788,v001,agent:DataEngineer
2026-10-08,81,15:00,voice,Meridian,14,8,1,6,909,7.1,1974,1974,v001,agent:DataEngineer
2026-10-08,81,15:30,voice,Meridian,20,11,2,9,798,10,2055,2055,v001,agent:DataEngineer
2026-10-08,81,16:00,voice,Meridian,9,5,1,4,737,11.1,1919,1919,v001,agent:DataEngineer
2026-10-08,81,16:30,voice,Meridian,10,6,1,4,618,10,1746,1746,v001,agent:DataEngineer
2026-10-08,81,17:00,voice,Meridian,9,5,1,4,840,11.1,2055,2055,v001,agent:DataEngineer
2026-10-08,81,17:30,voice,Meridian,7,4,1,3,699,14.3,1896,1896,v001,agent:DataEngineer
2026-10-08,81,18:00,voice,Meridian,5,3,0,2,976,0,1763,1763,v001,agent:DataEngineer
2026-10-08,81,18:30,voice,Meridian,4,3,1,1,533,25,1894,1894,v001,agent:DataEngineer
2026-10-08,81,19:00,voice,Meridian,3,3,1,0,405,33.3,1845,1845,v001,agent:DataEngineer
2026-10-08,81,19:30,voice,Meridian,3,3,2,0,127,66.7,1971,1971,v001,agent:DataEngineer
2026-10-08,81,20:00,voice,Meridian,2,2,1,0,228,50,1842,1842,v001,agent:DataEngineer
2026-10-08,81,20:30,voice,Meridian,2,2,1,0,280,50,1739,1739,v001,agent:DataEngineer
2026-10-08,81,21:00,voice,Meridian,2,2,1,0,219,50,1999,1999,v001,agent:DataEngineer
2026-10-08,81,21:30,voice,Meridian,2,2,1,0,240,50,1967,1967,v001,agent:DataEngineer
2026-10-08,81,22:00,voice,Meridian,1,1,1,0,12,100,1929,1929,v001,agent:DataEngineer
2026-10-08,81,22:30,voice,Meridian,2,2,1,0,227,50,2125,2125,v001,agent:DataEngineer
2026-10-08,81,23:00,voice,Meridian,2,2,1,0,272,50,2066,2066,v001,agent:DataEngineer
2026-10-08,81,23:30,voice,Meridian,2,2,1,0,262,50,1996,1996,v001,agent:DataEngineer
2026-10-08,81,00:00,chat,Meridian,1,1,0,0,1511,0,1707,533,v001,agent:DataEngineer
2026-10-08,81,00:30,chat,Meridian,2,2,1,0,443,50,1781,557,v001,agent:DataEngineer
2026-10-08,81,01:00,chat,Meridian,2,2,1,0,401,50,1660,519,v001,agent:DataEngineer
2026-10-08,81,01:30,chat,Meridian,1,1,0,0,1437,0,1745,545,v001,agent:DataEngineer
2026-10-08,81,02:00,chat,Meridian,1,1,1,0,45,100,1832,572,v001,agent:DataEngineer
2026-10-08,81,02:30,chat,Meridian,1,1,0,0,1493,0,1731,541,v001,agent:DataEngineer
2026-10-08,81,03:00,chat,Meridian,2,2,1,0,392,50,1912,597,v001,agent:DataEngineer
2026-10-08,81,03:30,chat,Meridian,2,2,1,0,410,50,1643,514,v001,agent:DataEngineer
2026-10-08,81,04:00,chat,Meridian,1,1,0,0,1658,0,1686,527,v001,agent:DataEngineer
2026-10-08,81,04:30,chat,Meridian,1,1,0,0,1541,0,1910,597,v001,agent:DataEngineer
2026-10-08,81,05:00,chat,Meridian,2,2,1,0,498,50,1774,554,v001,agent:DataEngineer
2026-10-08,81,05:30,chat,Meridian,1,1,0,0,1801,0,1765,552,v001,agent:DataEngineer
2026-10-08,81,06:00,chat,Meridian,2,2,1,0,410,50,1886,589,v001,agent:DataEngineer
2026-10-08,81,06:30,chat,Meridian,2,2,1,0,419,50,1801,563,v001,agent:DataEngineer
2026-10-08,81,07:00,chat,Meridian,2,2,0,0,1511,0,1844,576,v001,agent:DataEngineer
2026-10-08,81,07:30,chat,Meridian,4,2,0,2,1567,0,1712,535,v001,agent:DataEngineer
2026-10-08,81,08:00,chat,Meridian,5,3,0,2,1597,0,1884,589,v001,agent:DataEngineer
2026-10-08,81,08:30,chat,Meridian,8,5,0,3,1504,0,1786,558,v001,agent:DataEngineer
2026-10-08,81,09:00,chat,Meridian,14,8,1,6,1478,7.1,1658,518,v001,agent:DataEngineer
2026-10-08,81,09:30,chat,Meridian,11,6,0,5,1531,0,1673,523,v001,agent:DataEngineer
2026-10-08,81,10:00,chat,Meridian,18,11,1,7,1354,5.6,1825,570,v001,agent:DataEngineer
2026-10-08,81,10:30,chat,Meridian,20,12,1,8,1498,5,1920,600,v001,agent:DataEngineer
2026-10-08,81,11:00,chat,Meridian,16,9,1,7,1462,6.3,1606,502,v001,agent:DataEngineer
2026-10-08,81,11:30,chat,Meridian,14,8,1,6,1298,7.1,1814,567,v001,agent:DataEngineer
2026-10-08,81,12:00,chat,Meridian,15,9,1,6,1181,6.7,1844,576,v001,agent:DataEngineer
2026-10-08,81,12:30,chat,Meridian,12,7,1,5,1309,8.3,1931,603,v001,agent:DataEngineer
2026-10-08,81,13:00,chat,Meridian,9,5,0,4,1438,0,1841,575,v001,agent:DataEngineer
2026-10-08,81,13:30,chat,Meridian,14,8,1,6,1317,7.1,1886,589,v001,agent:DataEngineer
2026-10-08,81,14:00,chat,Meridian,13,7,1,6,1392,7.7,1671,522,v001,agent:DataEngineer
2026-10-08,81,14:30,chat,Meridian,12,6,0,6,1877,0,1694,529,v001,agent:DataEngineer
2026-10-08,81,15:00,chat,Meridian,10,6,1,4,1057,10,1828,571,v001,agent:DataEngineer
2026-10-08,81,15:30,chat,Meridian,13,7,1,6,1275,7.7,1879,587,v001,agent:DataEngineer
2026-10-08,81,16:00,chat,Meridian,16,9,0,7,1561,0,1757,549,v001,agent:DataEngineer
2026-10-08,81,16:30,chat,Meridian,9,5,0,4,1413,0,1656,517,v001,agent:DataEngineer
2026-10-08,81,17:00,chat,Meridian,7,4,0,3,1422,0,1716,536,v001,agent:DataEngineer
2026-10-08,81,17:30,chat,Meridian,6,3,0,3,1348,0,1669,522,v001,agent:DataEngineer
2026-10-08,81,18:00,chat,Meridian,4,2,0,2,1354,0,1743,545,v001,agent:DataEngineer
2026-10-08,81,18:30,chat,Meridian,4,2,0,2,1433,0,1818,568,v001,agent:DataEngineer
2026-10-08,81,19:00,chat,Meridian,2,1,0,1,1418,0,1753,548,v001,agent:DataEngineer
2026-10-08,81,19:30,chat,Meridian,2,2,1,0,410,50,1750,547,v001,agent:DataEngineer
2026-10-08,81,20:00,chat,Meridian,2,2,1,0,469,50,1650,516,v001,agent:DataEngineer
2026-10-08,81,20:30,chat,Meridian,2,2,1,0,435,50,1831,572,v001,agent:DataEngineer
2026-10-08,81,21:00,chat,Meridian,1,1,0,0,1811,0,1769,553,v001,agent:DataEngineer
2026-10-08,81,21:30,chat,Meridian,2,2,1,0,369,50,1745,545,v001,agent:DataEngineer
2026-10-08,81,22:00,chat,Meridian,2,2,1,0,425,50,1976,618,v001,agent:DataEngineer
2026-10-08,81,22:30,chat,Meridian,2,2,1,0,387,50,1697,530,v001,agent:DataEngineer
2026-10-08,81,23:00,chat,Meridian,2,2,1,0,453,50,1858,581,v001,agent:DataEngineer
2026-10-08,81,23:30,chat,Meridian,2,2,1,0,483,50,1567,490,v001,agent:DataEngineer
2026-10-09,82,00:00,voice,Meridian,1,1,1,0,13,100,1948,1948,v001,agent:DataEngineer
2026-10-09,82,00:30,voice,Meridian,1,1,1,0,13,100,1821,1821,v001,agent:DataEngineer
2026-10-09,82,01:00,voice,Meridian,1,1,1,0,13,100,1892,1892,v001,agent:DataEngineer
2026-10-09,82,01:30,voice,Meridian,1,1,1,0,12,100,1734,1734,v001,agent:DataEngineer
2026-10-09,82,02:00,voice,Meridian,2,2,2,0,10,100,1898,1898,v001,agent:DataEngineer
2026-10-09,82,02:30,voice,Meridian,1,1,1,0,10,100,1883,1883,v001,agent:DataEngineer
2026-10-09,82,03:00,voice,Meridian,2,2,2,0,13,100,1852,1852,v001,agent:DataEngineer
2026-10-09,82,03:30,voice,Meridian,1,1,1,0,11,100,1908,1908,v001,agent:DataEngineer
2026-10-09,82,04:00,voice,Meridian,1,1,1,0,14,100,1897,1897,v001,agent:DataEngineer
2026-10-09,82,04:30,voice,Meridian,2,2,2,0,12,100,1620,1620,v001,agent:DataEngineer
2026-10-09,82,05:00,voice,Meridian,1,1,1,0,12,100,1577,1577,v001,agent:DataEngineer
2026-10-09,82,05:30,voice,Meridian,1,1,1,0,11,100,1741,1741,v001,agent:DataEngineer
2026-10-09,82,06:00,voice,Meridian,2,2,2,0,12,100,2033,2033,v001,agent:DataEngineer
2026-10-09,82,06:30,voice,Meridian,2,2,2,0,12,100,1820,1820,v001,agent:DataEngineer
2026-10-09,82,07:00,voice,Meridian,2,2,2,0,11,100,1914,1914,v001,agent:DataEngineer
2026-10-09,82,07:30,voice,Meridian,3,3,3,0,11,100,1705,1705,v001,agent:DataEngineer
2026-10-09,82,08:00,voice,Meridian,5,4,2,1,366,40,1953,1953,v001,agent:DataEngineer
2026-10-09,82,08:30,voice,Meridian,7,5,3,2,325,42.9,1685,1685,v001,agent:DataEngineer
2026-10-09,82,09:00,voice,Meridian,7,5,1,2,848,14.3,1818,1818,v001,agent:DataEngineer
2026-10-09,82,09:30,voice,Meridian,9,6,1,3,728,11.1,2000,2000,v001,agent:DataEngineer
2026-10-09,82,10:00,voice,Meridian,13,9,3,4,664,23.1,1797,1797,v001,agent:DataEngineer
2026-10-09,82,10:30,voice,Meridian,13,9,2,4,804,15.4,1835,1835,v001,agent:DataEngineer
2026-10-09,82,11:00,voice,Meridian,10,7,1,3,623,10,1829,1829,v001,agent:DataEngineer
2026-10-09,82,11:30,voice,Meridian,12,8,2,4,718,16.7,1776,1776,v001,agent:DataEngineer
2026-10-09,82,12:00,voice,Meridian,11,7,2,4,532,18.2,1952,1952,v001,agent:DataEngineer
2026-10-09,82,12:30,voice,Meridian,11,8,2,3,642,18.2,1659,1659,v001,agent:DataEngineer
2026-10-09,82,13:00,voice,Meridian,9,7,3,2,435,33.3,1903,1903,v001,agent:DataEngineer
2026-10-09,82,13:30,voice,Meridian,9,6,2,3,526,22.2,2039,2039,v001,agent:DataEngineer
2026-10-09,82,14:00,voice,Meridian,8,5,1,3,679,12.5,1921,1921,v001,agent:DataEngineer
2026-10-09,82,14:30,voice,Meridian,8,5,2,3,560,25,1973,1973,v001,agent:DataEngineer
2026-10-09,82,15:00,voice,Meridian,11,8,2,3,603,18.2,1772,1772,v001,agent:DataEngineer
2026-10-09,82,15:30,voice,Meridian,9,6,2,3,604,22.2,1930,1930,v001,agent:DataEngineer
2026-10-09,82,16:00,voice,Meridian,9,6,2,3,580,22.2,1733,1733,v001,agent:DataEngineer
2026-10-09,82,16:30,voice,Meridian,10,7,2,3,591,20,1885,1885,v001,agent:DataEngineer
2026-10-09,82,17:00,voice,Meridian,4,3,1,1,459,25,1805,1805,v001,agent:DataEngineer
2026-10-09,82,17:30,voice,Meridian,4,3,3,1,65,75,1842,1842,v001,agent:DataEngineer
2026-10-09,82,18:00,voice,Meridian,4,4,4,0,12,100,1847,1847,v001,agent:DataEngineer
2026-10-09,82,18:30,voice,Meridian,3,3,3,0,12,100,1913,1913,v001,agent:DataEngineer
2026-10-09,82,19:00,voice,Meridian,2,2,2,0,13,100,2141,2141,v001,agent:DataEngineer
2026-10-09,82,19:30,voice,Meridian,2,2,2,0,13,100,1887,1887,v001,agent:DataEngineer
2026-10-09,82,20:00,voice,Meridian,2,2,2,0,15,100,1717,1717,v001,agent:DataEngineer
2026-10-09,82,20:30,voice,Meridian,1,1,1,0,12,100,1827,1827,v001,agent:DataEngineer
2026-10-09,82,21:00,voice,Meridian,2,2,2,0,11,100,1727,1727,v001,agent:DataEngineer
2026-10-09,82,21:30,voice,Meridian,1,1,1,0,11,100,2049,2049,v001,agent:DataEngineer
2026-10-09,82,22:00,voice,Meridian,1,1,1,0,12,100,1982,1982,v001,agent:DataEngineer
2026-10-09,82,22:30,voice,Meridian,1,1,1,0,12,100,1700,1700,v001,agent:DataEngineer
2026-10-09,82,23:00,voice,Meridian,1,1,1,0,12,100,1675,1675,v001,agent:DataEngineer
2026-10-09,82,23:30,voice,Meridian,1,1,1,0,13,100,1746,1746,v001,agent:DataEngineer
2026-10-09,82,00:00,chat,Meridian,1,1,1,0,49,100,1699,544,v001,agent:DataEngineer
2026-10-09,82,00:30,chat,Meridian,1,1,1,0,47,100,1667,534,v001,agent:DataEngineer
2026-10-09,82,01:00,chat,Meridian,1,1,1,0,42,100,1934,619,v001,agent:DataEngineer
2026-10-09,82,01:30,chat,Meridian,1,1,1,0,45,100,1909,611,v001,agent:DataEngineer
2026-10-09,82,02:00,chat,Meridian,1,1,1,0,43,100,1748,560,v001,agent:DataEngineer
2026-10-09,82,02:30,chat,Meridian,2,2,1,0,449,50,1958,627,v001,agent:DataEngineer
2026-10-09,82,03:00,chat,Meridian,1,1,1,0,40,100,1724,552,v001,agent:DataEngineer
2026-10-09,82,03:30,chat,Meridian,1,1,1,0,40,100,1969,630,v001,agent:DataEngineer
2026-10-09,82,04:00,chat,Meridian,1,1,1,0,45,100,1671,535,v001,agent:DataEngineer
2026-10-09,82,04:30,chat,Meridian,1,1,1,0,53,100,1917,614,v001,agent:DataEngineer
2026-10-09,82,05:00,chat,Meridian,1,1,1,0,44,100,1805,578,v001,agent:DataEngineer
2026-10-09,82,05:30,chat,Meridian,2,2,1,0,527,50,1775,568,v001,agent:DataEngineer
2026-10-09,82,06:00,chat,Meridian,1,1,1,0,41,100,1890,605,v001,agent:DataEngineer
2026-10-09,82,06:30,chat,Meridian,1,1,1,0,49,100,1909,611,v001,agent:DataEngineer
2026-10-09,82,07:00,chat,Meridian,2,2,1,0,354,50,1966,629,v001,agent:DataEngineer
2026-10-09,82,07:30,chat,Meridian,3,3,2,0,205,66.7,1841,589,v001,agent:DataEngineer
2026-10-09,82,08:00,chat,Meridian,5,4,2,1,654,40,1703,545,v001,agent:DataEngineer
2026-10-09,82,08:30,chat,Meridian,6,4,0,2,1431,0,1903,609,v001,agent:DataEngineer
2026-10-09,82,09:00,chat,Meridian,8,5,0,3,1496,0,1804,578,v001,agent:DataEngineer
2026-10-09,82,09:30,chat,Meridian,13,8,1,5,1247,7.7,1908,611,v001,agent:DataEngineer
2026-10-09,82,10:00,chat,Meridian,12,8,1,4,1267,8.3,1819,582,v001,agent:DataEngineer
2026-10-09,82,10:30,chat,Meridian,11,6,0,5,1527,0,1649,528,v001,agent:DataEngineer
2026-10-09,82,11:00,chat,Meridian,11,7,1,4,1289,9.1,1763,564,v001,agent:DataEngineer
2026-10-09,82,11:30,chat,Meridian,9,6,1,3,1196,11.1,1822,583,v001,agent:DataEngineer
2026-10-09,82,12:00,chat,Meridian,12,7,1,5,1386,8.3,1847,591,v001,agent:DataEngineer
2026-10-09,82,12:30,chat,Meridian,9,5,0,4,1569,0,1665,533,v001,agent:DataEngineer
2026-10-09,82,13:00,chat,Meridian,9,6,1,3,1671,11.1,1692,542,v001,agent:DataEngineer
2026-10-09,82,13:30,chat,Meridian,9,5,0,4,1407,0,1769,566,v001,agent:DataEngineer
2026-10-09,82,14:00,chat,Meridian,9,5,0,4,1364,0,1727,553,v001,agent:DataEngineer
2026-10-09,82,14:30,chat,Meridian,13,7,0,6,1433,0,1718,550,v001,agent:DataEngineer
2026-10-09,82,15:00,chat,Meridian,9,5,0,4,1531,0,1673,536,v001,agent:DataEngineer
2026-10-09,82,15:30,chat,Meridian,9,5,0,4,1664,0,1840,589,v001,agent:DataEngineer
2026-10-09,82,16:00,chat,Meridian,10,6,1,4,1545,10,1890,605,v001,agent:DataEngineer
2026-10-09,82,16:30,chat,Meridian,9,5,1,4,1188,11.1,1639,525,v001,agent:DataEngineer
2026-10-09,82,17:00,chat,Meridian,5,4,1,1,991,20,1788,572,v001,agent:DataEngineer
2026-10-09,82,17:30,chat,Meridian,5,4,1,1,1111,20,1647,527,v001,agent:DataEngineer
2026-10-09,82,18:00,chat,Meridian,3,2,1,1,671,33.3,1729,553,v001,agent:DataEngineer
2026-10-09,82,18:30,chat,Meridian,2,2,1,0,448,50,1944,622,v001,agent:DataEngineer
2026-10-09,82,19:00,chat,Meridian,2,2,1,0,332,50,1834,587,v001,agent:DataEngineer
2026-10-09,82,19:30,chat,Meridian,2,2,1,0,446,50,1757,562,v001,agent:DataEngineer
2026-10-09,82,20:00,chat,Meridian,1,1,1,0,40,100,1691,541,v001,agent:DataEngineer
2026-10-09,82,20:30,chat,Meridian,2,2,1,0,432,50,1722,551,v001,agent:DataEngineer
2026-10-09,82,21:00,chat,Meridian,1,1,1,0,53,100,1647,527,v001,agent:DataEngineer
2026-10-09,82,21:30,chat,Meridian,1,1,1,0,40,100,1890,605,v001,agent:DataEngineer
2026-10-09,82,22:00,chat,Meridian,1,1,1,0,43,100,1684,539,v001,agent:DataEngineer
2026-10-09,82,22:30,chat,Meridian,1,1,1,0,39,100,1912,612,v001,agent:DataEngineer
2026-10-09,82,23:00,chat,Meridian,1,1,1,0,52,100,1946,623,v001,agent:DataEngineer
2026-10-09,82,23:30,chat,Meridian,1,1,1,0,44,100,1787,572,v001,agent:DataEngineer
2026-10-10,83,00:00,voice,Meridian,1,1,1,0,12,100,2084,2084,v001,agent:DataEngineer
2026-10-10,83,00:30,voice,Meridian,1,1,1,0,12,100,1988,1988,v001,agent:DataEngineer
2026-10-10,83,01:00,voice,Meridian,0,0,0,0,0,0,0,0,v001,agent:DataEngineer
2026-10-10,83,01:30,voice,Meridian,0,0,0,0,0,0,0,0,v001,agent:DataEngineer
2026-10-10,83,02:00,voice,Meridian,1,1,1,0,10,100,2004,2004,v001,agent:DataEngineer
2026-10-10,83,02:30,voice,Meridian,0,0,0,0,0,0,0,0,v001,agent:DataEngineer
2026-10-10,83,03:00,voice,Meridian,1,1,1,0,11,100,1871,1871,v001,agent:DataEngineer
2026-10-10,83,03:30,voice,Meridian,1,1,1,0,11,100,1795,1795,v001,agent:DataEngineer
2026-10-10,83,04:00,voice,Meridian,1,1,1,0,13,100,1936,1936,v001,agent:DataEngineer
2026-10-10,83,04:30,voice,Meridian,0,0,0,0,0,0,0,0,v001,agent:DataEngineer
2026-10-10,83,05:00,voice,Meridian,1,1,1,0,11,100,1770,1770,v001,agent:DataEngineer
2026-10-10,83,05:30,voice,Meridian,1,1,1,0,14,100,1856,1856,v001,agent:DataEngineer
2026-10-10,83,06:00,voice,Meridian,0,0,0,0,0,0,0,0,v001,agent:DataEngineer
2026-10-10,83,06:30,voice,Meridian,1,1,1,0,10,100,1988,1988,v001,agent:DataEngineer
2026-10-10,83,07:00,voice,Meridian,1,1,1,0,11,100,1728,1728,v001,agent:DataEngineer
2026-10-10,83,07:30,voice,Meridian,1,1,1,0,14,100,1821,1821,v001,agent:DataEngineer
2026-10-10,83,08:00,voice,Meridian,2,2,2,0,11,100,1941,1941,v001,agent:DataEngineer
2026-10-10,83,08:30,voice,Meridian,2,2,2,0,11,100,2044,2044,v001,agent:DataEngineer
2026-10-10,83,09:00,voice,Meridian,3,3,3,0,11,100,1982,1982,v001,agent:DataEngineer
2026-10-10,83,09:30,voice,Meridian,4,4,3,0,53,75,2055,2055,v001,agent:DataEngineer
2026-10-10,83,10:00,voice,Meridian,4,4,4,0,12,100,1890,1890,v001,agent:DataEngineer
2026-10-10,83,10:30,voice,Meridian,4,4,4,0,10,100,1756,1756,v001,agent:DataEngineer
2026-10-10,83,11:00,voice,Meridian,6,6,6,0,11,100,1788,1788,v001,agent:DataEngineer
2026-10-10,83,11:30,voice,Meridian,5,4,4,1,48,80,1938,1938,v001,agent:DataEngineer
2026-10-10,83,12:00,voice,Meridian,5,4,4,1,43,80,1854,1854,v001,agent:DataEngineer
2026-10-10,83,12:30,voice,Meridian,4,4,4,0,11,100,1701,1701,v001,agent:DataEngineer
2026-10-10,83,13:00,voice,Meridian,5,5,5,0,12,100,1638,1638,v001,agent:DataEngineer
2026-10-10,83,13:30,voice,Meridian,2,2,2,0,11,100,1901,1901,v001,agent:DataEngineer
2026-10-10,83,14:00,voice,Meridian,4,4,4,0,12,100,2012,2012,v001,agent:DataEngineer
2026-10-10,83,14:30,voice,Meridian,4,4,4,0,11,100,1861,1861,v001,agent:DataEngineer
2026-10-10,83,15:00,voice,Meridian,5,5,5,0,12,100,1789,1789,v001,agent:DataEngineer
2026-10-10,83,15:30,voice,Meridian,4,4,4,0,12,100,1764,1764,v001,agent:DataEngineer
2026-10-10,83,16:00,voice,Meridian,3,3,3,0,12,100,2134,2134,v001,agent:DataEngineer
2026-10-10,83,16:30,voice,Meridian,3,3,3,0,12,100,1895,1895,v001,agent:DataEngineer
2026-10-10,83,17:00,voice,Meridian,3,3,3,0,12,100,1727,1727,v001,agent:DataEngineer
2026-10-10,83,17:30,voice,Meridian,2,2,2,0,11,100,2022,2022,v001,agent:DataEngineer
2026-10-10,83,18:00,voice,Meridian,2,2,2,0,12,100,1647,1647,v001,agent:DataEngineer
2026-10-10,83,18:30,voice,Meridian,1,1,1,0,13,100,1798,1798,v001,agent:DataEngineer
2026-10-10,83,19:00,voice,Meridian,1,1,1,0,12,100,1862,1862,v001,agent:DataEngineer
2026-10-10,83,19:30,voice,Meridian,1,1,1,0,14,100,1898,1898,v001,agent:DataEngineer
2026-10-10,83,20:00,voice,Meridian,1,1,1,0,12,100,1916,1916,v001,agent:DataEngineer
2026-10-10,83,20:30,voice,Meridian,0,0,0,0,0,0,0,0,v001,agent:DataEngineer
2026-10-10,83,21:00,voice,Meridian,1,1,1,0,11,100,1842,1842,v001,agent:DataEngineer
2026-10-10,83,21:30,voice,Meridian,1,1,1,0,12,100,1806,1806,v001,agent:DataEngineer
2026-10-10,83,22:00,voice,Meridian,0,0,0,0,0,0,0,0,v001,agent:DataEngineer
2026-10-10,83,22:30,voice,Meridian,0,0,0,0,0,0,0,0,v001,agent:DataEngineer
2026-10-10,83,23:00,voice,Meridian,1,1,1,0,11,100,1819,1819,v001,agent:DataEngineer
2026-10-10,83,23:30,voice,Meridian,0,0,0,0,0,0,0,0,v001,agent:DataEngineer
2026-10-10,83,00:00,chat,Meridian,0,0,0,0,0,0,0,0,v001,agent:DataEngineer
2026-10-10,83,00:30,chat,Meridian,1,1,1,0,52,100,1023,511,v001,agent:DataEngineer
2026-10-10,83,01:00,chat,Meridian,0,0,0,0,0,0,0,0,v001,agent:DataEngineer
2026-10-10,83,01:30,chat,Meridian,1,1,1,0,45,100,1091,544,v001,agent:DataEngineer
2026-10-10,83,02:00,chat,Meridian,0,0,0,0,0,0,0,0,v001,agent:DataEngineer
2026-10-10,83,02:30,chat,Meridian,1,1,1,0,41,100,1128,563,v001,agent:DataEngineer
2026-10-10,83,03:00,chat,Meridian,0,0,0,0,0,0,0,0,v001,agent:DataEngineer
2026-10-10,83,03:30,chat,Meridian,0,0,0,0,0,0,0,0,v001,agent:DataEngineer
2026-10-10,83,04:00,chat,Meridian,1,1,1,0,46,100,1089,544,v001,agent:DataEngineer
2026-10-10,83,04:30,chat,Meridian,0,0,0,0,0,0,0,0,v001,agent:DataEngineer
2026-10-10,83,05:00,chat,Meridian,0,0,0,0,0,0,0,0,v001,agent:DataEngineer
2026-10-10,83,05:30,chat,Meridian,1,1,1,0,36,100,1041,519,v001,agent:DataEngineer
2026-10-10,83,06:00,chat,Meridian,1,1,1,0,42,100,1126,562,v001,agent:DataEngineer
2026-10-10,83,06:30,chat,Meridian,1,1,1,0,47,100,1264,631,v001,agent:DataEngineer
2026-10-10,83,07:00,chat,Meridian,1,1,1,0,42,100,999,499,v001,agent:DataEngineer
2026-10-10,83,07:30,chat,Meridian,1,1,1,0,47,100,1160,579,v001,agent:DataEngineer
2026-10-10,83,08:00,chat,Meridian,2,2,2,0,38,100,1203,601,v001,agent:DataEngineer
2026-10-10,83,08:30,chat,Meridian,2,2,2,0,38,100,1051,524,v001,agent:DataEngineer
2026-10-10,83,09:00,chat,Meridian,3,3,3,0,35,100,1025,512,v001,agent:DataEngineer
2026-10-10,83,09:30,chat,Meridian,4,4,4,0,39,100,1141,570,v001,agent:DataEngineer
2026-10-10,83,10:00,chat,Meridian,4,3,3,1,144,75,1143,571,v001,agent:DataEngineer
2026-10-10,83,10:30,chat,Meridian,5,5,5,0,50,100,1091,545,v001,agent:DataEngineer
2026-10-10,83,11:00,chat,Meridian,5,4,4,1,117,80,965,482,v001,agent:DataEngineer
2026-10-10,83,11:30,chat,Meridian,4,4,4,0,45,100,1152,575,v001,agent:DataEngineer
2026-10-10,83,12:00,chat,Meridian,4,4,3,0,129,75,1073,536,v001,agent:DataEngineer
2026-10-10,83,12:30,chat,Meridian,3,3,2,0,230,66.7,1025,512,v001,agent:DataEngineer
2026-10-10,83,13:00,chat,Meridian,6,6,6,0,46,100,1061,530,v001,agent:DataEngineer
2026-10-10,83,13:30,chat,Meridian,3,3,3,0,49,100,1080,539,v001,agent:DataEngineer
2026-10-10,83,14:00,chat,Meridian,4,4,4,0,42,100,1087,543,v001,agent:DataEngineer
2026-10-10,83,14:30,chat,Meridian,5,5,5,0,43,100,1125,562,v001,agent:DataEngineer
2026-10-10,83,15:00,chat,Meridian,5,5,5,0,42,100,999,499,v001,agent:DataEngineer
2026-10-10,83,15:30,chat,Meridian,5,4,4,1,107,80,1091,545,v001,agent:DataEngineer
2026-10-10,83,16:00,chat,Meridian,4,4,4,0,47,100,1116,557,v001,agent:DataEngineer
2026-10-10,83,16:30,chat,Meridian,3,3,3,0,43,100,1037,518,v001,agent:DataEngineer
2026-10-10,83,17:00,chat,Meridian,2,2,2,0,43,100,1058,528,v001,agent:DataEngineer
2026-10-10,83,17:30,chat,Meridian,2,2,2,0,41,100,1059,529,v001,agent:DataEngineer
2026-10-10,83,18:00,chat,Meridian,1,1,1,0,48,100,1157,578,v001,agent:DataEngineer
2026-10-10,83,18:30,chat,Meridian,1,1,1,0,41,100,1126,562,v001,agent:DataEngineer
2026-10-10,83,19:00,chat,Meridian,1,1,1,0,42,100,1134,566,v001,agent:DataEngineer
2026-10-10,83,19:30,chat,Meridian,1,1,1,0,53,100,1048,523,v001,agent:DataEngineer
2026-10-10,83,20:00,chat,Meridian,1,1,1,0,47,100,1093,546,v001,agent:DataEngineer
2026-10-10,83,20:30,chat,Meridian,0,0,0,0,0,0,0,0,v001,agent:DataEngineer
2026-10-10,83,21:00,chat,Meridian,0,0,0,0,0,0,0,0,v001,agent:DataEngineer
2026-10-10,83,21:30,chat,Meridian,0,0,0,0,0,0,0,0,v001,agent:DataEngineer
2026-10-10,83,22:00,chat,Meridian,1,1,1,0,45,100,1027,513,v001,agent:DataEngineer
2026-10-10,83,22:30,chat,Meridian,0,0,0,0,0,0,0,0,v001,agent:DataEngineer
2026-10-10,83,23:00,chat,Meridian,0,0,0,0,0,0,0,0,v001,agent:DataEngineer
2026-10-10,83,23:30,chat,Meridian,1,1,1,0,44,100,920,460,v001,agent:DataEngineer
2026-10-11,84,00:00,voice,Meridian,0,0,0,0,0,0,0,0,v001,agent:DataEngineer
2026-10-11,84,00:30,voice,Meridian,1,1,1,0,13,100,1734,1734,v001,agent:DataEngineer
2026-10-11,84,01:00,voice,Meridian,1,1,1,0,12,100,1891,1891,v001,agent:DataEngineer
2026-10-11,84,01:30,voice,Meridian,1,1,1,0,9,100,1892,1892,v001,agent:DataEngineer
2026-10-11,84,02:00,voice,Meridian,0,0,0,0,0,0,0,0,v001,agent:DataEngineer
2026-10-11,84,02:30,voice,Meridian,1,1,1,0,13,100,1924,1924,v001,agent:DataEngineer
2026-10-11,84,03:00,voice,Meridian,0,0,0,0,0,0,0,0,v001,agent:DataEngineer
2026-10-11,84,03:30,voice,Meridian,0,0,0,0,0,0,0,0,v001,agent:DataEngineer
2026-10-11,84,04:00,voice,Meridian,0,0,0,0,0,0,0,0,v001,agent:DataEngineer
2026-10-11,84,04:30,voice,Meridian,0,0,0,0,0,0,0,0,v001,agent:DataEngineer
2026-10-11,84,05:00,voice,Meridian,0,0,0,0,0,0,0,0,v001,agent:DataEngineer
2026-10-11,84,05:30,voice,Meridian,0,0,0,0,0,0,0,0,v001,agent:DataEngineer
2026-10-11,84,06:00,voice,Meridian,1,1,1,0,12,100,1838,1838,v001,agent:DataEngineer
2026-10-11,84,06:30,voice,Meridian,1,1,1,0,12,100,1789,1789,v001,agent:DataEngineer
2026-10-11,84,07:00,voice,Meridian,1,1,1,0,12,100,1678,1678,v001,agent:DataEngineer
2026-10-11,84,07:30,voice,Meridian,1,1,1,0,12,100,2079,2079,v001,agent:DataEngineer
2026-10-11,84,08:00,voice,Meridian,1,1,1,0,12,100,1840,1840,v001,agent:DataEngineer
2026-10-11,84,08:30,voice,Meridian,2,2,2,0,11,100,1947,1947,v001,agent:DataEngineer
2026-10-11,84,09:00,voice,Meridian,2,2,2,0,13,100,1946,1946,v001,agent:DataEngineer
2026-10-11,84,09:30,voice,Meridian,3,3,3,0,11,100,1813,1813,v001,agent:DataEngineer
2026-10-11,84,10:00,voice,Meridian,3,3,3,0,11,100,1709,1709,v001,agent:DataEngineer
2026-10-11,84,10:30,voice,Meridian,4,4,4,0,10,100,1941,1941,v001,agent:DataEngineer
2026-10-11,84,11:00,voice,Meridian,4,4,4,0,12,100,1953,1953,v001,agent:DataEngineer
2026-10-11,84,11:30,voice,Meridian,4,3,3,1,56,75,1793,1793,v001,agent:DataEngineer
2026-10-11,84,12:00,voice,Meridian,4,4,4,0,11,100,1788,1788,v001,agent:DataEngineer
2026-10-11,84,12:30,voice,Meridian,3,3,3,0,10,100,1879,1879,v001,agent:DataEngineer
2026-10-11,84,13:00,voice,Meridian,3,3,2,0,116,66.7,1896,1896,v001,agent:DataEngineer
2026-10-11,84,13:30,voice,Meridian,3,3,2,0,92,66.7,1849,1849,v001,agent:DataEngineer
2026-10-11,84,14:00,voice,Meridian,3,3,3,0,12,100,1897,1897,v001,agent:DataEngineer
2026-10-11,84,14:30,voice,Meridian,4,4,4,0,12,100,1978,1978,v001,agent:DataEngineer
2026-10-11,84,15:00,voice,Meridian,5,4,4,1,52,80,1778,1778,v001,agent:DataEngineer
2026-10-11,84,15:30,voice,Meridian,3,3,3,0,13,100,1682,1682,v001,agent:DataEngineer
2026-10-11,84,16:00,voice,Meridian,3,3,3,0,11,100,1784,1784,v001,agent:DataEngineer
2026-10-11,84,16:30,voice,Meridian,3,3,3,0,12,100,1894,1894,v001,agent:DataEngineer
2026-10-11,84,17:00,voice,Meridian,2,2,2,0,12,100,1800,1800,v001,agent:DataEngineer
2026-10-11,84,17:30,voice,Meridian,1,1,1,0,11,100,1761,1761,v001,agent:DataEngineer
2026-10-11,84,18:00,voice,Meridian,1,1,1,0,14,100,1809,1809,v001,agent:DataEngineer
2026-10-11,84,18:30,voice,Meridian,1,1,1,0,13,100,1976,1976,v001,agent:DataEngineer
2026-10-11,84,19:00,voice,Meridian,1,1,1,0,12,100,1840,1840,v001,agent:DataEngineer
2026-10-11,84,19:30,voice,Meridian,1,1,1,0,12,100,2189,2189,v001,agent:DataEngineer
2026-10-11,84,20:00,voice,Meridian,0,0,0,0,0,0,0,0,v001,agent:DataEngineer
2026-10-11,84,20:30,voice,Meridian,0,0,0,0,0,0,0,0,v001,agent:DataEngineer
2026-10-11,84,21:00,voice,Meridian,1,1,1,0,13,100,2065,2065,v001,agent:DataEngineer
2026-10-11,84,21:30,voice,Meridian,0,0,0,0,0,0,0,0,v001,agent:DataEngineer
2026-10-11,84,22:00,voice,Meridian,1,1,1,0,10,100,1799,1799,v001,agent:DataEngineer
2026-10-11,84,22:30,voice,Meridian,0,0,0,0,0,0,0,0,v001,agent:DataEngineer
2026-10-11,84,23:00,voice,Meridian,1,1,1,0,12,100,1915,1915,v001,agent:DataEngineer
2026-10-11,84,23:30,voice,Meridian,0,0,0,0,0,0,0,0,v001,agent:DataEngineer
2026-10-11,84,00:00,chat,Meridian,1,1,1,0,47,100,1113,556,v001,agent:DataEngineer
2026-10-11,84,00:30,chat,Meridian,1,1,1,0,50,100,1165,582,v001,agent:DataEngineer
2026-10-11,84,01:00,chat,Meridian,1,1,1,0,45,100,1021,511,v001,agent:DataEngineer
2026-10-11,84,01:30,chat,Meridian,0,0,0,0,0,0,0,0,v001,agent:DataEngineer
2026-10-11,84,02:00,chat,Meridian,0,0,0,0,0,0,0,0,v001,agent:DataEngineer
2026-10-11,84,02:30,chat,Meridian,1,1,1,0,45,100,1033,517,v001,agent:DataEngineer
2026-10-11,84,03:00,chat,Meridian,0,0,0,0,0,0,0,0,v001,agent:DataEngineer
2026-10-11,84,03:30,chat,Meridian,0,0,0,0,0,0,0,0,v001,agent:DataEngineer
2026-10-11,84,04:00,chat,Meridian,0,0,0,0,0,0,0,0,v001,agent:DataEngineer
2026-10-11,84,04:30,chat,Meridian,1,1,1,0,44,100,1048,524,v001,agent:DataEngineer
2026-10-11,84,05:00,chat,Meridian,1,1,1,0,48,100,985,493,v001,agent:DataEngineer
2026-10-11,84,05:30,chat,Meridian,0,0,0,0,0,0,0,0,v001,agent:DataEngineer
2026-10-11,84,06:00,chat,Meridian,1,1,1,0,44,100,1082,541,v001,agent:DataEngineer
2026-10-11,84,06:30,chat,Meridian,1,1,1,0,43,100,1108,554,v001,agent:DataEngineer
2026-10-11,84,07:00,chat,Meridian,1,1,1,0,47,100,1087,543,v001,agent:DataEngineer
2026-10-11,84,07:30,chat,Meridian,1,1,1,0,44,100,1174,587,v001,agent:DataEngineer
2026-10-11,84,08:00,chat,Meridian,1,1,1,0,52,100,1006,503,v001,agent:DataEngineer
2026-10-11,84,08:30,chat,Meridian,2,2,2,0,46,100,1057,528,v001,agent:DataEngineer
2026-10-11,84,09:00,chat,Meridian,3,3,3,0,41,100,1158,579,v001,agent:DataEngineer
2026-10-11,84,09:30,chat,Meridian,4,3,3,1,145,75,1048,524,v001,agent:DataEngineer
2026-10-11,84,10:00,chat,Meridian,4,4,4,0,43,100,1082,541,v001,agent:DataEngineer
2026-10-11,84,10:30,chat,Meridian,4,4,4,0,43,100,1008,504,v001,agent:DataEngineer
2026-10-11,84,11:00,chat,Meridian,5,4,4,1,98,80,927,463,v001,agent:DataEngineer
2026-10-11,84,11:30,chat,Meridian,4,3,3,1,159,75,1039,519,v001,agent:DataEngineer
2026-10-11,84,12:00,chat,Meridian,4,4,4,0,45,100,1135,568,v001,agent:DataEngineer
2026-10-11,84,12:30,chat,Meridian,3,3,3,0,42,100,1066,533,v001,agent:DataEngineer
2026-10-11,84,13:00,chat,Meridian,4,4,4,0,49,100,1065,533,v001,agent:DataEngineer
2026-10-11,84,13:30,chat,Meridian,3,3,3,0,45,100,1002,501,v001,agent:DataEngineer
2026-10-11,84,14:00,chat,Meridian,3,3,3,0,41,100,1091,546,v001,agent:DataEngineer
2026-10-11,84,14:30,chat,Meridian,4,4,4,0,41,100,1180,590,v001,agent:DataEngineer
2026-10-11,84,15:00,chat,Meridian,5,5,5,0,47,100,1044,522,v001,agent:DataEngineer
2026-10-11,84,15:30,chat,Meridian,4,4,4,0,50,100,1121,560,v001,agent:DataEngineer
2026-10-11,84,16:00,chat,Meridian,4,4,4,0,43,100,1121,560,v001,agent:DataEngineer
2026-10-11,84,16:30,chat,Meridian,2,2,2,0,44,100,1166,583,v001,agent:DataEngineer
2026-10-11,84,17:00,chat,Meridian,3,3,3,0,45,100,964,482,v001,agent:DataEngineer
2026-10-11,84,17:30,chat,Meridian,2,2,2,0,44,100,1267,633,v001,agent:DataEngineer
2026-10-11,84,18:00,chat,Meridian,2,2,2,0,51,100,1122,561,v001,agent:DataEngineer
2026-10-11,84,18:30,chat,Meridian,1,1,1,0,51,100,1064,532,v001,agent:DataEngineer
2026-10-11,84,19:00,chat,Meridian,1,1,1,0,57,100,1050,525,v001,agent:DataEngineer
2026-10-11,84,19:30,chat,Meridian,1,1,1,0,45,100,1104,552,v001,agent:DataEngineer
2026-10-11,84,20:00,chat,Meridian,0,0,0,0,0,0,0,0,v001,agent:DataEngineer
2026-10-11,84,20:30,chat,Meridian,1,1,1,0,36,100,1091,546,v001,agent:DataEngineer
2026-10-11,84,21:00,chat,Meridian,0,0,0,0,0,0,0,0,v001,agent:DataEngineer
2026-10-11,84,21:30,chat,Meridian,0,0,0,0,0,0,0,0,v001,agent:DataEngineer
2026-10-11,84,22:00,chat,Meridian,1,1,1,0,42,100,1179,590,v001,agent:DataEngineer
2026-10-11,84,22:30,chat,Meridian,1,1,1,0,45,100,1097,548,v001,agent:DataEngineer
2026-10-11,84,23:00,chat,Meridian,0,0,0,0,0,0,0,0,v001,agent:DataEngineer
2026-10-11,84,23:30,chat,Meridian,1,1,1,0,48,100,1105,552,v001,agent:DataEngineer
2026-10-12,85,00:00,voice,Meridian,1,1,1,0,13,100,1801,1801,v001,agent:DataEngineer
2026-10-12,85,00:30,voice,Meridian,1,1,1,0,11,100,2018,2018,v001,agent:DataEngineer
2026-10-12,85,01:00,voice,Meridian,1,1,1,0,10,100,1654,1654,v001,agent:DataEngineer
2026-10-12,85,01:30,voice,Meridian,1,1,1,0,11,100,1717,1717,v001,agent:DataEngineer
2026-10-12,85,02:00,voice,Meridian,1,1,1,0,10,100,1706,1706,v001,agent:DataEngineer
2026-10-12,85,02:30,voice,Meridian,1,1,1,0,12,100,1881,1881,v001,agent:DataEngineer
2026-10-12,85,03:00,voice,Meridian,1,1,1,0,13,100,1787,1787,v001,agent:DataEngineer
2026-10-12,85,03:30,voice,Meridian,1,1,1,0,11,100,1897,1897,v001,agent:DataEngineer
2026-10-12,85,04:00,voice,Meridian,1,1,1,0,11,100,1887,1887,v001,agent:DataEngineer
2026-10-12,85,04:30,voice,Meridian,1,1,1,0,13,100,1916,1916,v001,agent:DataEngineer
2026-10-12,85,05:00,voice,Meridian,1,1,1,0,10,100,1822,1822,v001,agent:DataEngineer
2026-10-12,85,05:30,voice,Meridian,1,1,1,0,11,100,1889,1889,v001,agent:DataEngineer
2026-10-12,85,06:00,voice,Meridian,1,1,1,0,11,100,1945,1945,v001,agent:DataEngineer
2026-10-12,85,06:30,voice,Meridian,1,1,1,0,12,100,1827,1827,v001,agent:DataEngineer
2026-10-12,85,07:00,voice,Meridian,2,2,2,0,11,100,1672,1672,v001,agent:DataEngineer
2026-10-12,85,07:30,voice,Meridian,2,2,2,0,12,100,1752,1752,v001,agent:DataEngineer
2026-10-12,85,08:00,voice,Meridian,2,2,2,0,11,100,1868,1868,v001,agent:DataEngineer
2026-10-12,85,08:30,voice,Meridian,4,4,4,0,12,100,1921,1921,v001,agent:DataEngineer
2026-10-12,85,09:00,voice,Meridian,5,5,5,0,11,100,2006,2006,v001,agent:DataEngineer
2026-10-12,85,09:30,voice,Meridian,6,6,6,0,11,100,1960,1960,v001,agent:DataEngineer
2026-10-12,85,10:00,voice,Meridian,7,7,6,0,42,85.7,1874,1874,v001,agent:DataEngineer
2026-10-12,85,10:30,voice,Meridian,9,8,7,1,55,77.8,1783,1783,v001,agent:DataEngineer
2026-10-12,85,11:00,voice,Meridian,8,8,8,0,13,100,1805,1805,v001,agent:DataEngineer
2026-10-12,85,11:30,voice,Meridian,7,6,4,1,170,57.1,2001,2001,v001,agent:DataEngineer
2026-10-12,85,12:00,voice,Meridian,7,7,7,0,11,100,1714,1714,v001,agent:DataEngineer
2026-10-12,85,12:30,voice,Meridian,6,6,6,0,12,100,1954,1954,v001,agent:DataEngineer
2026-10-12,85,13:00,voice,Meridian,5,5,5,0,11,100,1935,1935,v001,agent:DataEngineer
2026-10-12,85,13:30,voice,Meridian,7,7,7,0,13,100,1625,1625,v001,agent:DataEngineer
2026-10-12,85,14:00,voice,Meridian,6,6,6,0,12,100,1945,1945,v001,agent:DataEngineer
2026-10-12,85,14:30,voice,Meridian,6,5,3,1,204,50,1975,1975,v001,agent:DataEngineer
2026-10-12,85,15:00,voice,Meridian,6,5,5,1,35,83.3,1794,1794,v001,agent:DataEngineer
2026-10-12,85,15:30,voice,Meridian,7,6,6,1,33,85.7,1763,1763,v001,agent:DataEngineer
2026-10-12,85,16:00,voice,Meridian,5,5,5,0,10,100,1998,1998,v001,agent:DataEngineer
2026-10-12,85,16:30,voice,Meridian,4,4,2,0,264,50,2052,2052,v001,agent:DataEngineer
2026-10-12,85,17:00,voice,Meridian,4,4,4,0,13,100,1573,1573,v001,agent:DataEngineer
2026-10-12,85,17:30,voice,Meridian,4,4,4,0,10,100,1841,1841,v001,agent:DataEngineer
2026-10-12,85,18:00,voice,Meridian,2,2,2,0,11,100,1898,1898,v001,agent:DataEngineer
2026-10-12,85,18:30,voice,Meridian,2,2,2,0,14,100,1690,1690,v001,agent:DataEngineer
2026-10-12,85,19:00,voice,Meridian,1,1,1,0,12,100,1912,1912,v001,agent:DataEngineer
2026-10-12,85,19:30,voice,Meridian,1,1,1,0,12,100,1857,1857,v001,agent:DataEngineer
2026-10-12,85,20:00,voice,Meridian,1,1,1,0,12,100,1872,1872,v001,agent:DataEngineer
2026-10-12,85,20:30,voice,Meridian,1,1,1,0,13,100,1816,1816,v001,agent:DataEngineer
2026-10-12,85,21:00,voice,Meridian,1,1,1,0,13,100,1684,1684,v001,agent:DataEngineer
2026-10-12,85,21:30,voice,Meridian,1,1,1,0,11,100,1823,1823,v001,agent:DataEngineer
2026-10-12,85,22:00,voice,Meridian,1,1,1,0,14,100,1635,1635,v001,agent:DataEngineer
2026-10-12,85,22:30,voice,Meridian,1,1,1,0,12,100,1817,1817,v001,agent:DataEngineer
2026-10-12,85,23:00,voice,Meridian,1,1,1,0,11,100,1660,1660,v001,agent:DataEngineer
2026-10-12,85,23:30,voice,Meridian,1,1,1,0,11,100,1891,1891,v001,agent:DataEngineer
2026-10-12,85,00:00,chat,Meridian,1,1,1,0,51,100,1368,553,v001,agent:DataEngineer
2026-10-12,85,00:30,chat,Meridian,1,1,1,0,45,100,1287,521,v001,agent:DataEngineer
2026-10-12,85,01:00,chat,Meridian,1,1,1,0,37,100,1175,475,v001,agent:DataEngineer
2026-10-12,85,01:30,chat,Meridian,1,1,1,0,46,100,1336,540,v001,agent:DataEngineer
2026-10-12,85,02:00,chat,Meridian,1,1,1,0,37,100,1304,527,v001,agent:DataEngineer
2026-10-12,85,02:30,chat,Meridian,1,1,1,0,47,100,1352,547,v001,agent:DataEngineer
2026-10-12,85,03:00,chat,Meridian,1,1,1,0,52,100,1410,570,v001,agent:DataEngineer
2026-10-12,85,03:30,chat,Meridian,1,1,1,0,45,100,1284,519,v001,agent:DataEngineer
2026-10-12,85,04:00,chat,Meridian,1,1,1,0,42,100,1302,527,v001,agent:DataEngineer
2026-10-12,85,04:30,chat,Meridian,1,1,1,0,40,100,1248,505,v001,agent:DataEngineer
2026-10-12,85,05:00,chat,Meridian,1,1,1,0,46,100,1279,517,v001,agent:DataEngineer
2026-10-12,85,05:30,chat,Meridian,1,1,1,0,52,100,1425,576,v001,agent:DataEngineer
2026-10-12,85,06:00,chat,Meridian,2,2,2,0,49,100,1264,511,v001,agent:DataEngineer
2026-10-12,85,06:30,chat,Meridian,1,1,1,0,45,100,1321,534,v001,agent:DataEngineer
2026-10-12,85,07:00,chat,Meridian,2,2,2,0,46,100,1275,516,v001,agent:DataEngineer
2026-10-12,85,07:30,chat,Meridian,3,3,3,0,47,100,1469,594,v001,agent:DataEngineer
2026-10-12,85,08:00,chat,Meridian,3,3,3,0,49,100,1403,568,v001,agent:DataEngineer
2026-10-12,85,08:30,chat,Meridian,5,5,5,0,51,100,1129,457,v001,agent:DataEngineer
2026-10-12,85,09:00,chat,Meridian,6,6,6,0,46,100,1402,567,v001,agent:DataEngineer
2026-10-12,85,09:30,chat,Meridian,9,8,7,1,115,77.8,1305,528,v001,agent:DataEngineer
2026-10-12,85,10:00,chat,Meridian,13,11,5,2,604,38.5,1275,516,v001,agent:DataEngineer
2026-10-12,85,10:30,chat,Meridian,9,8,2,1,975,22.2,1341,542,v001,agent:DataEngineer
2026-10-12,85,11:00,chat,Meridian,10,9,9,1,55,90,1242,502,v001,agent:DataEngineer
2026-10-12,85,11:30,chat,Meridian,10,9,6,1,258,60,1243,503,v001,agent:DataEngineer
2026-10-12,85,12:00,chat,Meridian,8,7,6,1,156,75,1213,491,v001,agent:DataEngineer
2026-10-12,85,12:30,chat,Meridian,7,6,5,1,169,71.4,1376,557,v001,agent:DataEngineer
2026-10-12,85,13:00,chat,Meridian,6,6,6,0,45,100,1377,557,v001,agent:DataEngineer
2026-10-12,85,13:30,chat,Meridian,6,5,5,1,82,83.3,1148,464,v001,agent:DataEngineer
2026-10-12,85,14:00,chat,Meridian,9,8,6,1,218,66.7,1243,503,v001,agent:DataEngineer
2026-10-12,85,14:30,chat,Meridian,9,8,4,1,490,44.4,1182,478,v001,agent:DataEngineer
2026-10-12,85,15:00,chat,Meridian,8,7,4,1,548,50,1365,552,v001,agent:DataEngineer
2026-10-12,85,15:30,chat,Meridian,7,6,5,1,147,71.4,1307,529,v001,agent:DataEngineer
2026-10-12,85,16:00,chat,Meridian,6,5,5,1,84,83.3,1382,559,v001,agent:DataEngineer
2026-10-12,85,16:30,chat,Meridian,6,6,6,0,47,100,1361,550,v001,agent:DataEngineer
2026-10-12,85,17:00,chat,Meridian,5,5,5,0,50,100,1407,569,v001,agent:DataEngineer
2026-10-12,85,17:30,chat,Meridian,4,4,4,0,39,100,1309,529,v001,agent:DataEngineer
2026-10-12,85,18:00,chat,Meridian,4,4,4,0,50,100,1414,572,v001,agent:DataEngineer
2026-10-12,85,18:30,chat,Meridian,2,2,2,0,44,100,1205,487,v001,agent:DataEngineer
2026-10-12,85,19:00,chat,Meridian,2,2,2,0,39,100,1412,571,v001,agent:DataEngineer
2026-10-12,85,19:30,chat,Meridian,1,1,1,0,50,100,1356,549,v001,agent:DataEngineer
2026-10-12,85,20:00,chat,Meridian,2,2,2,0,42,100,1329,537,v001,agent:DataEngineer
2026-10-12,85,20:30,chat,Meridian,1,1,1,0,47,100,1214,491,v001,agent:DataEngineer
2026-10-12,85,21:00,chat,Meridian,1,1,1,0,46,100,1451,587,v001,agent:DataEngineer
2026-10-12,85,21:30,chat,Meridian,1,1,1,0,40,100,1247,504,v001,agent:DataEngineer
2026-10-12,85,22:00,chat,Meridian,1,1,1,0,44,100,1292,523,v001,agent:DataEngineer
2026-10-12,85,22:30,chat,Meridian,1,1,1,0,41,100,1256,508,v001,agent:DataEngineer
2026-10-12,85,23:00,chat,Meridian,1,1,1,0,35,100,1344,544,v001,agent:DataEngineer
2026-10-12,85,23:30,chat,Meridian,1,1,1,0,37,100,1179,477,v001,agent:DataEngineer
2026-10-13,86,00:00,voice,Meridian,1,1,1,0,11,100,1810,1810,v001,agent:DataEngineer
2026-10-13,86,00:30,voice,Meridian,1,1,1,0,10,100,1734,1734,v001,agent:DataEngineer
2026-10-13,86,01:00,voice,Meridian,1,1,1,0,10,100,1945,1945,v001,agent:DataEngineer
2026-10-13,86,01:30,voice,Meridian,1,1,1,0,13,100,1687,1687,v001,agent:DataEngineer
2026-10-13,86,02:00,voice,Meridian,1,1,1,0,14,100,1700,1700,v001,agent:DataEngineer
2026-10-13,86,02:30,voice,Meridian,1,1,1,0,14,100,1677,1677,v001,agent:DataEngineer
2026-10-13,86,03:00,voice,Meridian,1,1,1,0,12,100,1925,1925,v001,agent:DataEngineer
2026-10-13,86,03:30,voice,Meridian,1,1,1,0,13,100,1791,1791,v001,agent:DataEngineer
2026-10-13,86,04:00,voice,Meridian,1,1,1,0,13,100,2001,2001,v001,agent:DataEngineer
2026-10-13,86,04:30,voice,Meridian,1,1,1,0,10,100,1720,1720,v001,agent:DataEngineer
2026-10-13,86,05:00,voice,Meridian,1,1,1,0,11,100,1820,1820,v001,agent:DataEngineer
2026-10-13,86,05:30,voice,Meridian,1,1,1,0,12,100,1872,1872,v001,agent:DataEngineer
2026-10-13,86,06:00,voice,Meridian,0,0,0,0,0,0,0,0,v001,agent:DataEngineer
2026-10-13,86,06:30,voice,Meridian,1,1,1,0,11,100,1733,1733,v001,agent:DataEngineer
2026-10-13,86,07:00,voice,Meridian,1,1,1,0,13,100,1746,1746,v001,agent:DataEngineer
2026-10-13,86,07:30,voice,Meridian,2,2,2,0,12,100,1812,1812,v001,agent:DataEngineer
2026-10-13,86,08:00,voice,Meridian,3,3,3,0,10,100,1654,1654,v001,agent:DataEngineer
2026-10-13,86,08:30,voice,Meridian,4,4,4,0,14,100,1875,1875,v001,agent:DataEngineer
2026-10-13,86,09:00,voice,Meridian,5,5,5,0,12,100,1730,1730,v001,agent:DataEngineer
2026-10-13,86,09:30,voice,Meridian,6,6,6,0,11,100,1632,1632,v001,agent:DataEngineer
2026-10-13,86,10:00,voice,Meridian,7,6,6,1,30,85.7,1839,1839,v001,agent:DataEngineer
2026-10-13,86,10:30,voice,Meridian,7,7,7,0,11,100,1813,1813,v001,agent:DataEngineer
2026-10-13,86,11:00,voice,Meridian,10,9,4,1,296,40,1798,1798,v001,agent:DataEngineer
2026-10-13,86,11:30,voice,Meridian,7,6,6,1,24,85.7,1712,1712,v001,agent:DataEngineer
2026-10-13,86,12:00,voice,Meridian,5,5,5,0,14,100,1968,1968,v001,agent:DataEngineer
2026-10-13,86,12:30,voice,Meridian,5,5,5,0,12,100,1745,1745,v001,agent:DataEngineer
2026-10-13,86,13:00,voice,Meridian,5,5,5,0,13,100,1731,1731,v001,agent:DataEngineer
2026-10-13,86,13:30,voice,Meridian,5,5,5,0,11,100,1790,1790,v001,agent:DataEngineer
2026-10-13,86,14:00,voice,Meridian,7,7,7,0,11,100,1870,1870,v001,agent:DataEngineer
2026-10-13,86,14:30,voice,Meridian,7,6,6,1,35,85.7,1736,1736,v001,agent:DataEngineer
2026-10-13,86,15:00,voice,Meridian,8,8,8,0,11,100,1854,1854,v001,agent:DataEngineer
2026-10-13,86,15:30,voice,Meridian,5,5,5,0,12,100,1729,1729,v001,agent:DataEngineer
2026-10-13,86,16:00,voice,Meridian,6,6,6,0,12,100,1654,1654,v001,agent:DataEngineer
2026-10-13,86,16:30,voice,Meridian,4,4,4,0,10,100,1761,1761,v001,agent:DataEngineer
2026-10-13,86,17:00,voice,Meridian,4,4,4,0,11,100,1806,1806,v001,agent:DataEngineer
2026-10-13,86,17:30,voice,Meridian,3,3,3,0,12,100,1813,1813,v001,agent:DataEngineer
2026-10-13,86,18:00,voice,Meridian,2,2,2,0,14,100,1743,1743,v001,agent:DataEngineer
2026-10-13,86,18:30,voice,Meridian,1,1,1,0,12,100,1666,1666,v001,agent:DataEngineer
2026-10-13,86,19:00,voice,Meridian,1,1,1,0,12,100,1758,1758,v001,agent:DataEngineer
2026-10-13,86,19:30,voice,Meridian,1,1,1,0,12,100,1671,1671,v001,agent:DataEngineer
2026-10-13,86,20:00,voice,Meridian,1,1,1,0,11,100,1889,1889,v001,agent:DataEngineer
2026-10-13,86,20:30,voice,Meridian,1,1,1,0,12,100,1784,1784,v001,agent:DataEngineer
2026-10-13,86,21:00,voice,Meridian,1,1,1,0,12,100,1854,1854,v001,agent:DataEngineer
2026-10-13,86,21:30,voice,Meridian,1,1,1,0,10,100,1854,1854,v001,agent:DataEngineer
2026-10-13,86,22:00,voice,Meridian,1,1,1,0,12,100,1574,1574,v001,agent:DataEngineer
2026-10-13,86,22:30,voice,Meridian,1,1,1,0,14,100,1620,1620,v001,agent:DataEngineer
2026-10-13,86,23:00,voice,Meridian,1,1,1,0,11,100,1862,1862,v001,agent:DataEngineer
2026-10-13,86,23:30,voice,Meridian,1,1,1,0,11,100,1979,1979,v001,agent:DataEngineer
2026-10-13,86,00:00,chat,Meridian,1,1,1,0,48,100,1306,537,v001,agent:DataEngineer
2026-10-13,86,00:30,chat,Meridian,1,1,1,0,51,100,1295,533,v001,agent:DataEngineer
2026-10-13,86,01:00,chat,Meridian,1,1,1,0,37,100,1328,546,v001,agent:DataEngineer
2026-10-13,86,01:30,chat,Meridian,1,1,1,0,44,100,1321,544,v001,agent:DataEngineer
2026-10-13,86,02:00,chat,Meridian,1,1,1,0,43,100,1422,585,v001,agent:DataEngineer
2026-10-13,86,02:30,chat,Meridian,1,1,1,0,42,100,1296,533,v001,agent:DataEngineer
2026-10-13,86,03:00,chat,Meridian,1,1,1,0,60,100,1327,546,v001,agent:DataEngineer
2026-10-13,86,03:30,chat,Meridian,1,1,1,0,36,100,1462,601,v001,agent:DataEngineer
2026-10-13,86,04:00,chat,Meridian,1,1,1,0,42,100,1262,519,v001,agent:DataEngineer
2026-10-13,86,04:30,chat,Meridian,1,1,1,0,41,100,1275,524,v001,agent:DataEngineer
2026-10-13,86,05:00,chat,Meridian,1,1,1,0,49,100,1342,552,v001,agent:DataEngineer
2026-10-13,86,05:30,chat,Meridian,1,1,1,0,57,100,1210,498,v001,agent:DataEngineer
2026-10-13,86,06:00,chat,Meridian,1,1,1,0,45,100,1379,567,v001,agent:DataEngineer
2026-10-13,86,06:30,chat,Meridian,2,2,2,0,46,100,1301,535,v001,agent:DataEngineer
2026-10-13,86,07:00,chat,Meridian,2,2,2,0,53,100,1372,564,v001,agent:DataEngineer
2026-10-13,86,07:30,chat,Meridian,3,3,3,0,40,100,1222,503,v001,agent:DataEngineer
2026-10-13,86,08:00,chat,Meridian,4,4,4,0,45,100,1365,562,v001,agent:DataEngineer
2026-10-13,86,08:30,chat,Meridian,5,5,5,0,51,100,1343,552,v001,agent:DataEngineer
2026-10-13,86,09:00,chat,Meridian,7,6,6,1,94,85.7,1302,535,v001,agent:DataEngineer
2026-10-13,86,09:30,chat,Meridian,9,8,5,1,324,55.6,1320,543,v001,agent:DataEngineer
2026-10-13,86,10:00,chat,Meridian,11,10,8,1,146,72.7,1373,565,v001,agent:DataEngineer
2026-10-13,86,10:30,chat,Meridian,7,6,2,1,893,28.6,1248,513,v001,agent:DataEngineer
2026-10-13,86,11:00,chat,Meridian,10,9,4,1,560,40,1357,558,v001,agent:DataEngineer
2026-10-13,86,11:30,chat,Meridian,10,9,7,1,181,70,1389,571,v001,agent:DataEngineer
2026-10-13,86,12:00,chat,Meridian,8,8,8,0,39,100,1305,537,v001,agent:DataEngineer
2026-10-13,86,12:30,chat,Meridian,8,7,7,1,65,87.5,1235,508,v001,agent:DataEngineer
2026-10-13,86,13:00,chat,Meridian,6,6,6,0,43,100,1295,533,v001,agent:DataEngineer
2026-10-13,86,13:30,chat,Meridian,9,8,7,1,112,77.8,1394,573,v001,agent:DataEngineer
2026-10-13,86,14:00,chat,Meridian,7,6,5,1,140,71.4,1281,527,v001,agent:DataEngineer
2026-10-13,86,14:30,chat,Meridian,9,9,9,0,43,100,1473,606,v001,agent:DataEngineer
2026-10-13,86,15:00,chat,Meridian,7,6,3,1,528,42.9,1434,590,v001,agent:DataEngineer
2026-10-13,86,15:30,chat,Meridian,9,8,8,1,58,88.9,1225,504,v001,agent:DataEngineer
2026-10-13,86,16:00,chat,Meridian,8,7,7,1,86,87.5,1327,546,v001,agent:DataEngineer
2026-10-13,86,16:30,chat,Meridian,7,6,3,1,604,42.9,1290,531,v001,agent:DataEngineer
2026-10-13,86,17:00,chat,Meridian,4,4,3,0,134,75,1377,566,v001,agent:DataEngineer
2026-10-13,86,17:30,chat,Meridian,4,4,4,0,37,100,1396,574,v001,agent:DataEngineer
2026-10-13,86,18:00,chat,Meridian,3,3,3,0,47,100,1328,546,v001,agent:DataEngineer
2026-10-13,86,18:30,chat,Meridian,2,2,2,0,36,100,1211,498,v001,agent:DataEngineer
2026-10-13,86,19:00,chat,Meridian,2,2,2,0,52,100,1403,577,v001,agent:DataEngineer
2026-10-13,86,19:30,chat,Meridian,1,1,1,0,42,100,1326,545,v001,agent:DataEngineer
2026-10-13,86,20:00,chat,Meridian,1,1,1,0,42,100,1406,578,v001,agent:DataEngineer
2026-10-13,86,20:30,chat,Meridian,1,1,1,0,45,100,1161,477,v001,agent:DataEngineer
2026-10-13,86,21:00,chat,Meridian,1,1,1,0,45,100,1296,533,v001,agent:DataEngineer
2026-10-13,86,21:30,chat,Meridian,1,1,1,0,51,100,1416,583,v001,agent:DataEngineer
2026-10-13,86,22:00,chat,Meridian,1,1,1,0,37,100,1232,507,v001,agent:DataEngineer
2026-10-13,86,22:30,chat,Meridian,1,1,1,0,49,100,1258,517,v001,agent:DataEngineer
2026-10-13,86,23:00,chat,Meridian,1,1,1,0,53,100,1338,550,v001,agent:DataEngineer
2026-10-13,86,23:30,chat,Meridian,1,1,1,0,45,100,1351,556,v001,agent:DataEngineer
2026-10-14,87,00:00,voice,Meridian,1,1,1,0,15,100,1815,1815,v001,agent:DataEngineer
2026-10-14,87,00:30,voice,Meridian,0,0,0,0,0,0,0,0,v001,agent:DataEngineer
2026-10-14,87,01:00,voice,Meridian,1,1,1,0,12,100,1677,1677,v001,agent:DataEngineer
2026-10-14,87,01:30,voice,Meridian,1,1,1,0,12,100,1827,1827,v001,agent:DataEngineer
2026-10-14,87,02:00,voice,Meridian,1,1,1,0,11,100,1960,1960,v001,agent:DataEngineer
2026-10-14,87,02:30,voice,Meridian,1,1,1,0,13,100,1769,1769,v001,agent:DataEngineer
2026-10-14,87,03:00,voice,Meridian,1,1,1,0,10,100,1942,1942,v001,agent:DataEngineer
2026-10-14,87,03:30,voice,Meridian,1,1,1,0,15,100,1877,1877,v001,agent:DataEngineer
2026-10-14,87,04:00,voice,Meridian,1,1,1,0,11,100,1712,1712,v001,agent:DataEngineer
2026-10-14,87,04:30,voice,Meridian,1,1,1,0,12,100,2059,2059,v001,agent:DataEngineer
2026-10-14,87,05:00,voice,Meridian,1,1,1,0,11,100,2036,2036,v001,agent:DataEngineer
2026-10-14,87,05:30,voice,Meridian,1,1,1,0,11,100,1971,1971,v001,agent:DataEngineer
2026-10-14,87,06:00,voice,Meridian,1,1,1,0,12,100,1963,1963,v001,agent:DataEngineer
2026-10-14,87,06:30,voice,Meridian,1,1,1,0,11,100,1895,1895,v001,agent:DataEngineer
2026-10-14,87,07:00,voice,Meridian,1,1,1,0,11,100,2019,2019,v001,agent:DataEngineer
2026-10-14,87,07:30,voice,Meridian,1,1,1,0,12,100,2187,2187,v001,agent:DataEngineer
2026-10-14,87,08:00,voice,Meridian,3,3,3,0,12,100,1943,1943,v001,agent:DataEngineer
2026-10-14,87,08:30,voice,Meridian,3,3,3,0,10,100,1911,1911,v001,agent:DataEngineer
2026-10-14,87,09:00,voice,Meridian,5,5,5,0,12,100,2090,2090,v001,agent:DataEngineer
2026-10-14,87,09:30,voice,Meridian,6,6,6,0,13,100,1958,1958,v001,agent:DataEngineer
2026-10-14,87,10:00,voice,Meridian,5,5,5,0,11,100,1857,1857,v001,agent:DataEngineer
2026-10-14,87,10:30,voice,Meridian,7,6,6,1,29,85.7,2048,2048,v001,agent:DataEngineer
2026-10-14,87,11:00,voice,Meridian,8,7,7,1,29,87.5,1988,1988,v001,agent:DataEngineer
2026-10-14,87,11:30,voice,Meridian,5,5,5,0,11,100,1905,1905,v001,agent:DataEngineer
2026-10-14,87,12:00,voice,Meridian,6,6,6,0,12,100,1942,1942,v001,agent:DataEngineer
2026-10-14,87,12:30,voice,Meridian,5,5,5,0,12,100,2015,2015,v001,agent:DataEngineer
2026-10-14,87,13:00,voice,Meridian,5,5,5,0,12,100,1873,1873,v001,agent:DataEngineer
2026-10-14,87,13:30,voice,Meridian,6,5,4,1,105,66.7,2048,2048,v001,agent:DataEngineer
2026-10-14,87,14:00,voice,Meridian,7,7,7,0,13,100,1739,1739,v001,agent:DataEngineer
2026-10-14,87,14:30,voice,Meridian,6,6,6,0,11,100,1932,1932,v001,agent:DataEngineer
2026-10-14,87,15:00,voice,Meridian,5,5,5,0,15,100,1974,1974,v001,agent:DataEngineer
2026-10-14,87,15:30,voice,Meridian,5,5,5,0,11,100,1862,1862,v001,agent:DataEngineer
2026-10-14,87,16:00,voice,Meridian,5,5,5,0,12,100,1907,1907,v001,agent:DataEngineer
2026-10-14,87,16:30,voice,Meridian,5,5,5,0,10,100,2067,2067,v001,agent:DataEngineer
2026-10-14,87,17:00,voice,Meridian,3,3,3,0,12,100,1922,1922,v001,agent:DataEngineer
2026-10-14,87,17:30,voice,Meridian,3,3,3,0,15,100,1834,1834,v001,agent:DataEngineer
2026-10-14,87,18:00,voice,Meridian,2,2,2,0,12,100,2009,2009,v001,agent:DataEngineer
2026-10-14,87,18:30,voice,Meridian,2,2,2,0,12,100,1908,1908,v001,agent:DataEngineer
2026-10-14,87,19:00,voice,Meridian,1,1,1,0,14,100,1868,1868,v001,agent:DataEngineer
2026-10-14,87,19:30,voice,Meridian,1,1,1,0,11,100,2195,2195,v001,agent:DataEngineer
2026-10-14,87,20:00,voice,Meridian,1,1,1,0,11,100,2080,2080,v001,agent:DataEngineer
2026-10-14,87,20:30,voice,Meridian,1,1,1,0,10,100,1766,1766,v001,agent:DataEngineer
2026-10-14,87,21:00,voice,Meridian,1,1,1,0,13,100,1865,1865,v001,agent:DataEngineer
2026-10-14,87,21:30,voice,Meridian,1,1,1,0,11,100,1896,1896,v001,agent:DataEngineer
2026-10-14,87,22:00,voice,Meridian,1,1,1,0,11,100,1816,1816,v001,agent:DataEngineer
2026-10-14,87,22:30,voice,Meridian,1,1,1,0,14,100,1745,1745,v001,agent:DataEngineer
2026-10-14,87,23:00,voice,Meridian,1,1,1,0,11,100,1845,1845,v001,agent:DataEngineer
2026-10-14,87,23:30,voice,Meridian,0,0,0,0,0,0,0,0,v001,agent:DataEngineer
2026-10-14,87,00:00,chat,Meridian,1,1,1,0,40,100,1070,458,v001,agent:DataEngineer
2026-10-14,87,00:30,chat,Meridian,1,1,1,0,54,100,1335,571,v001,agent:DataEngineer
2026-10-14,87,01:00,chat,Meridian,1,1,1,0,46,100,1157,495,v001,agent:DataEngineer
2026-10-14,87,01:30,chat,Meridian,1,1,1,0,38,100,1251,535,v001,agent:DataEngineer
2026-10-14,87,02:00,chat,Meridian,1,1,1,0,51,100,1217,520,v001,agent:DataEngineer
2026-10-14,87,02:30,chat,Meridian,1,1,1,0,47,100,1335,571,v001,agent:DataEngineer
2026-10-14,87,03:00,chat,Meridian,1,1,1,0,46,100,1254,536,v001,agent:DataEngineer
2026-10-14,87,03:30,chat,Meridian,1,1,1,0,42,100,1256,537,v001,agent:DataEngineer
2026-10-14,87,04:00,chat,Meridian,1,1,1,0,42,100,1188,508,v001,agent:DataEngineer
2026-10-14,87,04:30,chat,Meridian,1,1,1,0,41,100,1251,535,v001,agent:DataEngineer
2026-10-14,87,05:00,chat,Meridian,1,1,1,0,41,100,1293,553,v001,agent:DataEngineer
2026-10-14,87,05:30,chat,Meridian,1,1,1,0,45,100,1307,559,v001,agent:DataEngineer
2026-10-14,87,06:00,chat,Meridian,1,1,1,0,44,100,1396,597,v001,agent:DataEngineer
2026-10-14,87,06:30,chat,Meridian,1,1,1,0,41,100,1201,513,v001,agent:DataEngineer
2026-10-14,87,07:00,chat,Meridian,1,1,1,0,47,100,1293,553,v001,agent:DataEngineer
2026-10-14,87,07:30,chat,Meridian,2,2,2,0,52,100,1172,501,v001,agent:DataEngineer
2026-10-14,87,08:00,chat,Meridian,3,3,3,0,46,100,1194,511,v001,agent:DataEngineer
2026-10-14,87,08:30,chat,Meridian,5,5,5,0,38,100,1313,561,v001,agent:DataEngineer
2026-10-14,87,09:00,chat,Meridian,6,6,6,0,33,100,1208,517,v001,agent:DataEngineer
2026-10-14,87,09:30,chat,Meridian,8,7,5,1,219,62.5,1344,575,v001,agent:DataEngineer
2026-10-14,87,10:00,chat,Meridian,11,10,7,1,251,63.6,1367,585,v001,agent:DataEngineer
2026-10-14,87,10:30,chat,Meridian,11,10,10,1,71,90.9,1195,511,v001,agent:DataEngineer
2026-10-14,87,11:00,chat,Meridian,10,9,9,1,61,90,1246,533,v001,agent:DataEngineer
2026-10-14,87,11:30,chat,Meridian,10,9,6,1,255,60,1223,523,v001,agent:DataEngineer
2026-10-14,87,12:00,chat,Meridian,7,6,6,1,77,85.7,1187,508,v001,agent:DataEngineer
2026-10-14,87,12:30,chat,Meridian,9,8,6,1,264,66.7,1291,552,v001,agent:DataEngineer
2026-10-14,87,13:00,chat,Meridian,6,6,6,0,42,100,1191,509,v001,agent:DataEngineer
2026-10-14,87,13:30,chat,Meridian,7,6,5,1,194,71.4,1377,589,v001,agent:DataEngineer
2026-10-14,87,14:00,chat,Meridian,10,9,3,1,904,30,1288,551,v001,agent:DataEngineer
2026-10-14,87,14:30,chat,Meridian,7,7,7,0,45,100,1250,535,v001,agent:DataEngineer
2026-10-14,87,15:00,chat,Meridian,8,7,7,1,62,87.5,1202,514,v001,agent:DataEngineer
2026-10-14,87,15:30,chat,Meridian,8,8,8,0,40,100,1379,590,v001,agent:DataEngineer
2026-10-14,87,16:00,chat,Meridian,7,7,7,0,45,100,1324,566,v001,agent:DataEngineer
2026-10-14,87,16:30,chat,Meridian,5,5,5,0,46,100,1483,634,v001,agent:DataEngineer
2026-10-14,87,17:00,chat,Meridian,4,4,4,0,41,100,1216,520,v001,agent:DataEngineer
2026-10-14,87,17:30,chat,Meridian,4,4,4,0,46,100,1218,521,v001,agent:DataEngineer
2026-10-14,87,18:00,chat,Meridian,3,3,3,0,51,100,1309,560,v001,agent:DataEngineer
2026-10-14,87,18:30,chat,Meridian,2,2,2,0,43,100,1362,582,v001,agent:DataEngineer
2026-10-14,87,19:00,chat,Meridian,1,1,1,0,38,100,1203,515,v001,agent:DataEngineer
2026-10-14,87,19:30,chat,Meridian,1,1,1,0,42,100,1234,528,v001,agent:DataEngineer
2026-10-14,87,20:00,chat,Meridian,1,1,1,0,45,100,1226,524,v001,agent:DataEngineer
2026-10-14,87,20:30,chat,Meridian,1,1,1,0,47,100,1339,573,v001,agent:DataEngineer
2026-10-14,87,21:00,chat,Meridian,1,1,1,0,49,100,1390,594,v001,agent:DataEngineer
2026-10-14,87,21:30,chat,Meridian,1,1,1,0,41,100,1231,527,v001,agent:DataEngineer
2026-10-14,87,22:00,chat,Meridian,1,1,1,0,46,100,1337,572,v001,agent:DataEngineer
2026-10-14,87,22:30,chat,Meridian,1,1,1,0,43,100,1207,516,v001,agent:DataEngineer
2026-10-14,87,23:00,chat,Meridian,1,1,1,0,47,100,1280,548,v001,agent:DataEngineer
2026-10-14,87,23:30,chat,Meridian,1,1,1,0,46,100,1255,537,v001,agent:DataEngineer
2026-10-15,88,00:00,voice,Meridian,1,1,1,0,11,100,2098,2098,v001,agent:DataEngineer
2026-10-15,88,00:30,voice,Meridian,1,1,1,0,10,100,2033,2033,v001,agent:DataEngineer
2026-10-15,88,01:00,voice,Meridian,1,1,1,0,13,100,1860,1860,v001,agent:DataEngineer
2026-10-15,88,01:30,voice,Meridian,1,1,1,0,12,100,1642,1642,v001,agent:DataEngineer
2026-10-15,88,02:00,voice,Meridian,0,0,0,0,0,0,0,0,v001,agent:DataEngineer
2026-10-15,88,02:30,voice,Meridian,1,1,1,0,12,100,1783,1783,v001,agent:DataEngineer
2026-10-15,88,03:00,voice,Meridian,1,1,1,0,10,100,1995,1995,v001,agent:DataEngineer
2026-10-15,88,03:30,voice,Meridian,0,0,0,0,0,0,0,0,v001,agent:DataEngineer
2026-10-15,88,04:00,voice,Meridian,1,1,1,0,13,100,1882,1882,v001,agent:DataEngineer
2026-10-15,88,04:30,voice,Meridian,1,1,1,0,12,100,1729,1729,v001,agent:DataEngineer
2026-10-15,88,05:00,voice,Meridian,0,0,0,0,0,0,0,0,v001,agent:DataEngineer
2026-10-15,88,05:30,voice,Meridian,1,1,1,0,14,100,1829,1829,v001,agent:DataEngineer
2026-10-15,88,06:00,voice,Meridian,1,1,1,0,12,100,1726,1726,v001,agent:DataEngineer
2026-10-15,88,06:30,voice,Meridian,1,1,1,0,11,100,1767,1767,v001,agent:DataEngineer
2026-10-15,88,07:00,voice,Meridian,1,1,1,0,10,100,1883,1883,v001,agent:DataEngineer
2026-10-15,88,07:30,voice,Meridian,1,1,1,0,11,100,1890,1890,v001,agent:DataEngineer
2026-10-15,88,08:00,voice,Meridian,2,2,2,0,13,100,2009,2009,v001,agent:DataEngineer
2026-10-15,88,08:30,voice,Meridian,4,4,4,0,14,100,1914,1914,v001,agent:DataEngineer
2026-10-15,88,09:00,voice,Meridian,4,4,4,0,14,100,1925,1925,v001,agent:DataEngineer
2026-10-15,88,09:30,voice,Meridian,4,4,4,0,12,100,1713,1713,v001,agent:DataEngineer
2026-10-15,88,10:00,voice,Meridian,7,7,7,0,11,100,1840,1840,v001,agent:DataEngineer
2026-10-15,88,10:30,voice,Meridian,7,7,7,0,13,100,1933,1933,v001,agent:DataEngineer
2026-10-15,88,11:00,voice,Meridian,7,6,4,1,171,57.1,1872,1872,v001,agent:DataEngineer
2026-10-15,88,11:30,voice,Meridian,5,5,5,0,14,100,1835,1835,v001,agent:DataEngineer
2026-10-15,88,12:00,voice,Meridian,5,4,3,1,140,60,2085,2085,v001,agent:DataEngineer
2026-10-15,88,12:30,voice,Meridian,4,4,4,0,13,100,1814,1814,v001,agent:DataEngineer
2026-10-15,88,13:00,voice,Meridian,4,4,4,0,12,100,1931,1931,v001,agent:DataEngineer
2026-10-15,88,13:30,voice,Meridian,4,4,4,0,13,100,2003,2003,v001,agent:DataEngineer
2026-10-15,88,14:00,voice,Meridian,5,5,5,0,12,100,1759,1759,v001,agent:DataEngineer
2026-10-15,88,14:30,voice,Meridian,6,5,5,1,33,83.3,1852,1852,v001,agent:DataEngineer
2026-10-15,88,15:00,voice,Meridian,5,5,5,0,12,100,1887,1887,v001,agent:DataEngineer
2026-10-15,88,15:30,voice,Meridian,5,5,5,0,11,100,2050,2050,v001,agent:DataEngineer
2026-10-15,88,16:00,voice,Meridian,5,5,5,0,12,100,1938,1938,v001,agent:DataEngineer
2026-10-15,88,16:30,voice,Meridian,3,3,3,0,11,100,1966,1966,v001,agent:DataEngineer
2026-10-15,88,17:00,voice,Meridian,3,3,3,0,12,100,1871,1871,v001,agent:DataEngineer
2026-10-15,88,17:30,voice,Meridian,2,2,2,0,12,100,2026,2026,v001,agent:DataEngineer
2026-10-15,88,18:00,voice,Meridian,1,1,1,0,11,100,1867,1867,v001,agent:DataEngineer
2026-10-15,88,18:30,voice,Meridian,1,1,1,0,11,100,1792,1792,v001,agent:DataEngineer
2026-10-15,88,19:00,voice,Meridian,1,1,1,0,11,100,1780,1780,v001,agent:DataEngineer
2026-10-15,88,19:30,voice,Meridian,1,1,1,0,10,100,1765,1765,v001,agent:DataEngineer
2026-10-15,88,20:00,voice,Meridian,1,1,1,0,12,100,1760,1760,v001,agent:DataEngineer
2026-10-15,88,20:30,voice,Meridian,1,1,1,0,12,100,1954,1954,v001,agent:DataEngineer
2026-10-15,88,21:00,voice,Meridian,1,1,1,0,12,100,1874,1874,v001,agent:DataEngineer
2026-10-15,88,21:30,voice,Meridian,1,1,1,0,13,100,1697,1697,v001,agent:DataEngineer
2026-10-15,88,22:00,voice,Meridian,1,1,1,0,11,100,2071,2071,v001,agent:DataEngineer
2026-10-15,88,22:30,voice,Meridian,0,0,0,0,0,0,0,0,v001,agent:DataEngineer
2026-10-15,88,23:00,voice,Meridian,1,1,1,0,12,100,1843,1843,v001,agent:DataEngineer
2026-10-15,88,23:30,voice,Meridian,0,0,0,0,0,0,0,0,v001,agent:DataEngineer
2026-10-15,88,00:00,chat,Meridian,1,1,1,0,50,100,1132,531,v001,agent:DataEngineer
2026-10-15,88,00:30,chat,Meridian,1,1,1,0,44,100,1039,487,v001,agent:DataEngineer
2026-10-15,88,01:00,chat,Meridian,1,1,1,0,46,100,1032,484,v001,agent:DataEngineer
2026-10-15,88,01:30,chat,Meridian,1,1,1,0,46,100,1079,506,v001,agent:DataEngineer
2026-10-15,88,02:00,chat,Meridian,1,1,1,0,50,100,1105,518,v001,agent:DataEngineer
2026-10-15,88,02:30,chat,Meridian,1,1,1,0,46,100,1141,535,v001,agent:DataEngineer
2026-10-15,88,03:00,chat,Meridian,1,1,1,0,46,100,1084,508,v001,agent:DataEngineer
2026-10-15,88,03:30,chat,Meridian,1,1,1,0,45,100,1086,509,v001,agent:DataEngineer
2026-10-15,88,04:00,chat,Meridian,1,1,1,0,42,100,1058,496,v001,agent:DataEngineer
2026-10-15,88,04:30,chat,Meridian,1,1,1,0,45,100,1021,478,v001,agent:DataEngineer
2026-10-15,88,05:00,chat,Meridian,1,1,1,0,43,100,1163,545,v001,agent:DataEngineer
2026-10-15,88,05:30,chat,Meridian,1,1,1,0,40,100,1004,470,v001,agent:DataEngineer
2026-10-15,88,06:00,chat,Meridian,1,1,1,0,53,100,1067,500,v001,agent:DataEngineer
2026-10-15,88,06:30,chat,Meridian,1,1,1,0,43,100,1105,518,v001,agent:DataEngineer
2026-10-15,88,07:00,chat,Meridian,2,2,2,0,45,100,1110,520,v001,agent:DataEngineer
2026-10-15,88,07:30,chat,Meridian,2,2,2,0,42,100,1086,509,v001,agent:DataEngineer
2026-10-15,88,08:00,chat,Meridian,3,3,3,0,44,100,948,444,v001,agent:DataEngineer
2026-10-15,88,08:30,chat,Meridian,4,4,4,0,43,100,1254,588,v001,agent:DataEngineer
2026-10-15,88,09:00,chat,Meridian,6,6,5,0,72,83.3,1018,477,v001,agent:DataEngineer
2026-10-15,88,09:30,chat,Meridian,7,6,6,1,96,85.7,1056,495,v001,agent:DataEngineer
2026-10-15,88,10:00,chat,Meridian,8,7,6,1,126,75,1095,513,v001,agent:DataEngineer
2026-10-15,88,10:30,chat,Meridian,11,10,10,1,71,90.9,1075,504,v001,agent:DataEngineer
2026-10-15,88,11:00,chat,Meridian,8,8,8,0,42,100,1091,512,v001,agent:DataEngineer
2026-10-15,88,11:30,chat,Meridian,8,7,5,1,212,62.5,1063,498,v001,agent:DataEngineer
2026-10-15,88,12:00,chat,Meridian,7,6,5,1,142,71.4,1121,525,v001,agent:DataEngineer
2026-10-15,88,12:30,chat,Meridian,6,6,6,0,48,100,1060,497,v001,agent:DataEngineer
2026-10-15,88,13:00,chat,Meridian,7,7,7,0,39,100,965,452,v001,agent:DataEngineer
2026-10-15,88,13:30,chat,Meridian,8,8,8,0,46,100,1163,545,v001,agent:DataEngineer
2026-10-15,88,14:00,chat,Meridian,7,7,7,0,45,100,1101,516,v001,agent:DataEngineer
2026-10-15,88,14:30,chat,Meridian,6,6,6,0,45,100,1070,502,v001,agent:DataEngineer
2026-10-15,88,15:00,chat,Meridian,8,7,6,1,140,75,1032,484,v001,agent:DataEngineer
2026-10-15,88,15:30,chat,Meridian,7,7,7,0,49,100,1176,551,v001,agent:DataEngineer
2026-10-15,88,16:00,chat,Meridian,5,5,5,0,36,100,1055,494,v001,agent:DataEngineer
2026-10-15,88,16:30,chat,Meridian,5,5,4,0,99,80,989,464,v001,agent:DataEngineer
2026-10-15,88,17:00,chat,Meridian,4,4,4,0,50,100,1102,517,v001,agent:DataEngineer
2026-10-15,88,17:30,chat,Meridian,3,3,3,0,46,100,1172,549,v001,agent:DataEngineer
2026-10-15,88,18:00,chat,Meridian,2,2,2,0,46,100,1016,476,v001,agent:DataEngineer
2026-10-15,88,18:30,chat,Meridian,2,2,2,0,49,100,1106,518,v001,agent:DataEngineer
2026-10-15,88,19:00,chat,Meridian,1,1,1,0,52,100,1039,487,v001,agent:DataEngineer
2026-10-15,88,19:30,chat,Meridian,1,1,1,0,41,100,1145,537,v001,agent:DataEngineer
2026-10-15,88,20:00,chat,Meridian,1,1,1,0,45,100,1076,504,v001,agent:DataEngineer
2026-10-15,88,20:30,chat,Meridian,1,1,1,0,46,100,1166,547,v001,agent:DataEngineer
2026-10-15,88,21:00,chat,Meridian,1,1,1,0,54,100,1142,535,v001,agent:DataEngineer
2026-10-15,88,21:30,chat,Meridian,1,1,1,0,45,100,1028,482,v001,agent:DataEngineer
2026-10-15,88,22:00,chat,Meridian,1,1,1,0,45,100,1025,480,v001,agent:DataEngineer
2026-10-15,88,22:30,chat,Meridian,1,1,1,0,40,100,1125,527,v001,agent:DataEngineer
2026-10-15,88,23:00,chat,Meridian,1,1,1,0,40,100,1154,541,v001,agent:DataEngineer
2026-10-15,88,23:30,chat,Meridian,1,1,1,0,53,100,921,432,v001,agent:DataEngineer
2026-10-16,89,00:00,voice,Meridian,1,1,1,0,11,100,1745,1745,v001,agent:DataEngineer
2026-10-16,89,00:30,voice,Meridian,0,0,0,0,0,0,0,0,v001,agent:DataEngineer
2026-10-16,89,01:00,voice,Meridian,0,0,0,0,0,0,0,0,v001,agent:DataEngineer
2026-10-16,89,01:30,voice,Meridian,1,1,1,0,10,100,1888,1888,v001,agent:DataEngineer
2026-10-16,89,02:00,voice,Meridian,1,1,1,0,12,100,1563,1563,v001,agent:DataEngineer
2026-10-16,89,02:30,voice,Meridian,1,1,1,0,10,100,1819,1819,v001,agent:DataEngineer
2026-10-16,89,03:00,voice,Meridian,0,0,0,0,0,0,0,0,v001,agent:DataEngineer
2026-10-16,89,03:30,voice,Meridian,0,0,0,0,0,0,0,0,v001,agent:DataEngineer
2026-10-16,89,04:00,voice,Meridian,1,1,1,0,13,100,1763,1763,v001,agent:DataEngineer
2026-10-16,89,04:30,voice,Meridian,1,1,1,0,13,100,1889,1889,v001,agent:DataEngineer
2026-10-16,89,05:00,voice,Meridian,0,0,0,0,0,0,0,0,v001,agent:DataEngineer
2026-10-16,89,05:30,voice,Meridian,1,1,1,0,11,100,1774,1774,v001,agent:DataEngineer
2026-10-16,89,06:00,voice,Meridian,1,1,1,0,12,100,1911,1911,v001,agent:DataEngineer
2026-10-16,89,06:30,voice,Meridian,1,1,1,0,12,100,1691,1691,v001,agent:DataEngineer
2026-10-16,89,07:00,voice,Meridian,1,1,1,0,11,100,1814,1814,v001,agent:DataEngineer
2026-10-16,89,07:30,voice,Meridian,1,1,1,0,13,100,1802,1802,v001,agent:DataEngineer
2026-10-16,89,08:00,voice,Meridian,2,2,2,0,12,100,1830,1830,v001,agent:DataEngineer
2026-10-16,89,08:30,voice,Meridian,3,3,3,0,10,100,1743,1743,v001,agent:DataEngineer
2026-10-16,89,09:00,voice,Meridian,3,3,3,0,13,100,1741,1741,v001,agent:DataEngineer
2026-10-16,89,09:30,voice,Meridian,4,4,4,0,12,100,2126,2126,v001,agent:DataEngineer
2026-10-16,89,10:00,voice,Meridian,4,4,4,0,12,100,1655,1655,v001,agent:DataEngineer
2026-10-16,89,10:30,voice,Meridian,4,4,4,0,11,100,1986,1986,v001,agent:DataEngineer
2026-10-16,89,11:00,voice,Meridian,5,5,5,0,12,100,1929,1929,v001,agent:DataEngineer
2026-10-16,89,11:30,voice,Meridian,6,6,6,0,14,100,1802,1802,v001,agent:DataEngineer
2026-10-16,89,12:00,voice,Meridian,4,3,3,1,85,75,1737,1737,v001,agent:DataEngineer
2026-10-16,89,12:30,voice,Meridian,4,4,4,0,13,100,1793,1793,v001,agent:DataEngineer
2026-10-16,89,13:00,voice,Meridian,3,3,3,0,13,100,1975,1975,v001,agent:DataEngineer
2026-10-16,89,13:30,voice,Meridian,4,4,4,0,12,100,1649,1649,v001,agent:DataEngineer
2026-10-16,89,14:00,voice,Meridian,5,4,4,1,47,80,1768,1768,v001,agent:DataEngineer
2026-10-16,89,14:30,voice,Meridian,5,5,5,0,11,100,1643,1643,v001,agent:DataEngineer
2026-10-16,89,15:00,voice,Meridian,4,4,4,0,11,100,1802,1802,v001,agent:DataEngineer
2026-10-16,89,15:30,voice,Meridian,5,5,5,0,12,100,1781,1781,v001,agent:DataEngineer
2026-10-16,89,16:00,voice,Meridian,4,4,4,0,12,100,1768,1768,v001,agent:DataEngineer
2026-10-16,89,16:30,voice,Meridian,3,3,3,0,11,100,1731,1731,v001,agent:DataEngineer
2026-10-16,89,17:00,voice,Meridian,3,3,3,0,12,100,1701,1701,v001,agent:DataEngineer
2026-10-16,89,17:30,voice,Meridian,2,2,2,0,11,100,1861,1861,v001,agent:DataEngineer
2026-10-16,89,18:00,voice,Meridian,1,1,1,0,13,100,1777,1777,v001,agent:DataEngineer
2026-10-16,89,18:30,voice,Meridian,1,1,1,0,10,100,1732,1732,v001,agent:DataEngineer
2026-10-16,89,19:00,voice,Meridian,1,1,1,0,14,100,1779,1779,v001,agent:DataEngineer
2026-10-16,89,19:30,voice,Meridian,1,1,1,0,11,100,1794,1794,v001,agent:DataEngineer
2026-10-16,89,20:00,voice,Meridian,1,1,1,0,13,100,1741,1741,v001,agent:DataEngineer
2026-10-16,89,20:30,voice,Meridian,1,1,1,0,14,100,1826,1826,v001,agent:DataEngineer
2026-10-16,89,21:00,voice,Meridian,1,1,1,0,11,100,1704,1704,v001,agent:DataEngineer
2026-10-16,89,21:30,voice,Meridian,1,1,1,0,11,100,1910,1910,v001,agent:DataEngineer
2026-10-16,89,22:00,voice,Meridian,0,0,0,0,0,0,0,0,v001,agent:DataEngineer
2026-10-16,89,22:30,voice,Meridian,0,0,0,0,0,0,0,0,v001,agent:DataEngineer
2026-10-16,89,23:00,voice,Meridian,1,1,1,0,10,100,1783,1783,v001,agent:DataEngineer
2026-10-16,89,23:30,voice,Meridian,1,1,1,0,10,100,1842,1842,v001,agent:DataEngineer
2026-10-16,89,00:00,chat,Meridian,1,1,1,0,42,100,1078,539,v001,agent:DataEngineer
2026-10-16,89,00:30,chat,Meridian,1,1,1,0,46,100,1132,566,v001,agent:DataEngineer
2026-10-16,89,01:00,chat,Meridian,1,1,1,0,44,100,1244,622,v001,agent:DataEngineer
2026-10-16,89,01:30,chat,Meridian,1,1,1,0,39,100,1141,570,v001,agent:DataEngineer
2026-10-16,89,02:00,chat,Meridian,1,1,1,0,41,100,1130,565,v001,agent:DataEngineer
2026-10-16,89,02:30,chat,Meridian,1,1,1,0,48,100,1052,526,v001,agent:DataEngineer
2026-10-16,89,03:00,chat,Meridian,1,1,1,0,39,100,1080,540,v001,agent:DataEngineer
2026-10-16,89,03:30,chat,Meridian,1,1,1,0,43,100,1105,552,v001,agent:DataEngineer
2026-10-16,89,04:00,chat,Meridian,1,1,1,0,41,100,1119,559,v001,agent:DataEngineer
2026-10-16,89,04:30,chat,Meridian,1,1,1,0,41,100,1088,544,v001,agent:DataEngineer
2026-10-16,89,05:00,chat,Meridian,1,1,1,0,44,100,1025,513,v001,agent:DataEngineer
2026-10-16,89,05:30,chat,Meridian,1,1,1,0,50,100,1048,524,v001,agent:DataEngineer
2026-10-16,89,06:00,chat,Meridian,1,1,1,0,45,100,1060,530,v001,agent:DataEngineer
2026-10-16,89,06:30,chat,Meridian,1,1,1,0,48,100,1203,602,v001,agent:DataEngineer
2026-10-16,89,07:00,chat,Meridian,1,1,1,0,42,100,1019,510,v001,agent:DataEngineer
2026-10-16,89,07:30,chat,Meridian,2,2,2,0,42,100,941,471,v001,agent:DataEngineer
2026-10-16,89,08:00,chat,Meridian,3,3,3,0,41,100,1157,578,v001,agent:DataEngineer
2026-10-16,89,08:30,chat,Meridian,4,4,4,0,41,100,1052,526,v001,agent:DataEngineer
2026-10-16,89,09:00,chat,Meridian,5,5,5,0,40,100,984,492,v001,agent:DataEngineer
2026-10-16,89,09:30,chat,Meridian,5,4,3,1,285,60,1076,538,v001,agent:DataEngineer
2026-10-16,89,10:00,chat,Meridian,8,8,7,0,61,87.5,1004,502,v001,agent:DataEngineer
2026-10-16,89,10:30,chat,Meridian,8,7,7,1,72,87.5,1095,547,v001,agent:DataEngineer
2026-10-16,89,11:00,chat,Meridian,7,6,6,1,77,85.7,1121,560,v001,agent:DataEngineer
2026-10-16,89,11:30,chat,Meridian,7,6,6,1,66,85.7,1048,524,v001,agent:DataEngineer
2026-10-16,89,12:00,chat,Meridian,6,6,6,0,41,100,1088,544,v001,agent:DataEngineer
2026-10-16,89,12:30,chat,Meridian,8,8,7,0,71,87.5,1025,512,v001,agent:DataEngineer
2026-10-16,89,13:00,chat,Meridian,5,5,4,0,109,80,1168,584,v001,agent:DataEngineer
2026-10-16,89,13:30,chat,Meridian,5,5,4,0,104,80,1025,513,v001,agent:DataEngineer
2026-10-16,89,14:00,chat,Meridian,7,6,5,1,167,71.4,1136,568,v001,agent:DataEngineer
2026-10-16,89,14:30,chat,Meridian,6,5,5,1,88,83.3,1106,553,v001,agent:DataEngineer
2026-10-16,89,15:00,chat,Meridian,8,8,8,0,53,100,1115,557,v001,agent:DataEngineer
2026-10-16,89,15:30,chat,Meridian,5,5,4,0,95,80,1344,672,v001,agent:DataEngineer
2026-10-16,89,16:00,chat,Meridian,5,5,5,0,41,100,1082,541,v001,agent:DataEngineer
2026-10-16,89,16:30,chat,Meridian,5,5,4,0,106,80,1083,542,v001,agent:DataEngineer
2026-10-16,89,17:00,chat,Meridian,4,4,4,0,42,100,1165,583,v001,agent:DataEngineer
2026-10-16,89,17:30,chat,Meridian,3,3,3,0,44,100,1023,511,v001,agent:DataEngineer
2026-10-16,89,18:00,chat,Meridian,2,2,2,0,36,100,1043,521,v001,agent:DataEngineer
2026-10-16,89,18:30,chat,Meridian,1,1,1,0,44,100,1072,536,v001,agent:DataEngineer
2026-10-16,89,19:00,chat,Meridian,1,1,1,0,41,100,1157,579,v001,agent:DataEngineer
2026-10-16,89,19:30,chat,Meridian,1,1,1,0,36,100,1176,588,v001,agent:DataEngineer
2026-10-16,89,20:00,chat,Meridian,1,1,1,0,44,100,1123,561,v001,agent:DataEngineer
2026-10-16,89,20:30,chat,Meridian,1,1,1,0,44,100,1049,524,v001,agent:DataEngineer
2026-10-16,89,21:00,chat,Meridian,1,1,1,0,48,100,1228,614,v001,agent:DataEngineer
2026-10-16,89,21:30,chat,Meridian,1,1,1,0,47,100,975,488,v001,agent:DataEngineer
2026-10-16,89,22:00,chat,Meridian,1,1,1,0,47,100,1093,547,v001,agent:DataEngineer
2026-10-16,89,22:30,chat,Meridian,1,1,1,0,40,100,1016,508,v001,agent:DataEngineer
2026-10-16,89,23:00,chat,Meridian,1,1,1,0,49,100,1109,555,v001,agent:DataEngineer
2026-10-16,89,23:30,chat,Meridian,1,1,1,0,45,100,973,487,v001,agent:DataEngineer
2026-10-17,90,00:00,voice,Meridian,0,0,0,0,0,0,0,0,v001,agent:DataEngineer
2026-10-17,90,00:30,voice,Meridian,0,0,0,0,0,0,0,0,v001,agent:DataEngineer
2026-10-17,90,01:00,voice,Meridian,0,0,0,0,0,0,0,0,v001,agent:DataEngineer
2026-10-17,90,01:30,voice,Meridian,0,0,0,0,0,0,0,0,v001,agent:DataEngineer
2026-10-17,90,02:00,voice,Meridian,0,0,0,0,0,0,0,0,v001,agent:DataEngineer
2026-10-17,90,02:30,voice,Meridian,0,0,0,0,0,0,0,0,v001,agent:DataEngineer
2026-10-17,90,03:00,voice,Meridian,1,1,1,0,11,100,1733,1733,v001,agent:DataEngineer
2026-10-17,90,03:30,voice,Meridian,1,1,1,0,13,100,1843,1843,v001,agent:DataEngineer
2026-10-17,90,04:00,voice,Meridian,0,0,0,0,0,0,0,0,v001,agent:DataEngineer
2026-10-17,90,04:30,voice,Meridian,0,0,0,0,0,0,0,0,v001,agent:DataEngineer
2026-10-17,90,05:00,voice,Meridian,0,0,0,0,0,0,0,0,v001,agent:DataEngineer
2026-10-17,90,05:30,voice,Meridian,1,1,1,0,13,100,1822,1822,v001,agent:DataEngineer
2026-10-17,90,06:00,voice,Meridian,0,0,0,0,0,0,0,0,v001,agent:DataEngineer
2026-10-17,90,06:30,voice,Meridian,0,0,0,0,0,0,0,0,v001,agent:DataEngineer
2026-10-17,90,07:00,voice,Meridian,1,1,1,0,10,100,1895,1895,v001,agent:DataEngineer
2026-10-17,90,07:30,voice,Meridian,1,1,1,0,11,100,1810,1810,v001,agent:DataEngineer
2026-10-17,90,08:00,voice,Meridian,1,1,1,0,12,100,1748,1748,v001,agent:DataEngineer
2026-10-17,90,08:30,voice,Meridian,2,2,2,0,12,100,1619,1619,v001,agent:DataEngineer
2026-10-17,90,09:00,voice,Meridian,2,2,1,0,206,50,1742,1742,v001,agent:DataEngineer
2026-10-17,90,09:30,voice,Meridian,3,3,3,0,12,100,1803,1803,v001,agent:DataEngineer
2026-10-17,90,10:00,voice,Meridian,3,3,3,0,13,100,1809,1809,v001,agent:DataEngineer
2026-10-17,90,10:30,voice,Meridian,3,2,2,1,115,66.7,1567,1567,v001,agent:DataEngineer
2026-10-17,90,11:00,voice,Meridian,3,3,3,0,12,100,1730,1730,v001,agent:DataEngineer
2026-10-17,90,11:30,voice,Meridian,3,3,3,0,12,100,1939,1939,v001,agent:DataEngineer
2026-10-17,90,12:00,voice,Meridian,2,2,2,0,12,100,1757,1757,v001,agent:DataEngineer
2026-10-17,90,12:30,voice,Meridian,2,2,2,0,14,100,1677,1677,v001,agent:DataEngineer
2026-10-17,90,13:00,voice,Meridian,2,2,2,0,11,100,1703,1703,v001,agent:DataEngineer
2026-10-17,90,13:30,voice,Meridian,3,3,3,0,12,100,1629,1629,v001,agent:DataEngineer
2026-10-17,90,14:00,voice,Meridian,2,2,2,0,10,100,1753,1753,v001,agent:DataEngineer
2026-10-17,90,14:30,voice,Meridian,2,2,1,0,245,50,1762,1762,v001,agent:DataEngineer
2026-10-17,90,15:00,voice,Meridian,2,2,2,0,11,100,1705,1705,v001,agent:DataEngineer
2026-10-17,90,15:30,voice,Meridian,2,2,2,0,14,100,1676,1676,v001,agent:DataEngineer
2026-10-17,90,16:00,voice,Meridian,2,2,2,0,13,100,1792,1792,v001,agent:DataEngineer
2026-10-17,90,16:30,voice,Meridian,2,2,2,0,11,100,1704,1704,v001,agent:DataEngineer
2026-10-17,90,17:00,voice,Meridian,1,1,1,0,11,100,1901,1901,v001,agent:DataEngineer
2026-10-17,90,17:30,voice,Meridian,1,1,1,0,12,100,1927,1927,v001,agent:DataEngineer
2026-10-17,90,18:00,voice,Meridian,1,1,1,0,10,100,1679,1679,v001,agent:DataEngineer
2026-10-17,90,18:30,voice,Meridian,1,1,1,0,13,100,1696,1696,v001,agent:DataEngineer
2026-10-17,90,19:00,voice,Meridian,1,1,1,0,12,100,1748,1748,v001,agent:DataEngineer
2026-10-17,90,19:30,voice,Meridian,1,1,1,0,14,100,2058,2058,v001,agent:DataEngineer
2026-10-17,90,20:00,voice,Meridian,1,1,1,0,13,100,1626,1626,v001,agent:DataEngineer
2026-10-17,90,20:30,voice,Meridian,0,0,0,0,0,0,0,0,v001,agent:DataEngineer
2026-10-17,90,21:00,voice,Meridian,0,0,0,0,0,0,0,0,v001,agent:DataEngineer
2026-10-17,90,21:30,voice,Meridian,0,0,0,0,0,0,0,0,v001,agent:DataEngineer
2026-10-17,90,22:00,voice,Meridian,0,0,0,0,0,0,0,0,v001,agent:DataEngineer
2026-10-17,90,22:30,voice,Meridian,0,0,0,0,0,0,0,0,v001,agent:DataEngineer
2026-10-17,90,23:00,voice,Meridian,0,0,0,0,0,0,0,0,v001,agent:DataEngineer
2026-10-17,90,23:30,voice,Meridian,0,0,0,0,0,0,0,0,v001,agent:DataEngineer
2026-10-17,90,00:00,chat,Meridian,1,1,1,0,45,100,942,471,v001,agent:DataEngineer
2026-10-17,90,00:30,chat,Meridian,0,0,0,0,0,0,0,0,v001,agent:DataEngineer
2026-10-17,90,01:00,chat,Meridian,1,1,1,0,46,100,975,487,v001,agent:DataEngineer
2026-10-17,90,01:30,chat,Meridian,0,0,0,0,0,0,0,0,v001,agent:DataEngineer
2026-10-17,90,02:00,chat,Meridian,0,0,0,0,0,0,0,0,v001,agent:DataEngineer
2026-10-17,90,02:30,chat,Meridian,0,0,0,0,0,0,0,0,v001,agent:DataEngineer
2026-10-17,90,03:00,chat,Meridian,1,1,1,0,41,100,998,499,v001,agent:DataEngineer
2026-10-17,90,03:30,chat,Meridian,0,0,0,0,0,0,0,0,v001,agent:DataEngineer
2026-10-17,90,04:00,chat,Meridian,0,0,0,0,0,0,0,0,v001,agent:DataEngineer
2026-10-17,90,04:30,chat,Meridian,1,1,1,0,40,100,1044,522,v001,agent:DataEngineer
2026-10-17,90,05:00,chat,Meridian,1,1,1,0,53,100,932,466,v001,agent:DataEngineer
2026-10-17,90,05:30,chat,Meridian,1,1,1,0,46,100,997,498,v001,agent:DataEngineer
2026-10-17,90,06:00,chat,Meridian,0,0,0,0,0,0,0,0,v001,agent:DataEngineer
2026-10-17,90,06:30,chat,Meridian,1,1,1,0,44,100,971,485,v001,agent:DataEngineer
2026-10-17,90,07:00,chat,Meridian,1,1,1,0,50,100,937,468,v001,agent:DataEngineer
2026-10-17,90,07:30,chat,Meridian,1,1,1,0,39,100,1020,510,v001,agent:DataEngineer
2026-10-17,90,08:00,chat,Meridian,1,1,1,0,37,100,1007,504,v001,agent:DataEngineer
2026-10-17,90,08:30,chat,Meridian,2,2,2,0,47,100,1130,565,v001,agent:DataEngineer
2026-10-17,90,09:00,chat,Meridian,3,3,3,0,44,100,1019,510,v001,agent:DataEngineer
2026-10-17,90,09:30,chat,Meridian,4,4,4,0,43,100,1074,537,v001,agent:DataEngineer
2026-10-17,90,10:00,chat,Meridian,5,4,4,1,94,80,1024,512,v001,agent:DataEngineer
2026-10-17,90,10:30,chat,Meridian,3,3,3,0,34,100,914,457,v001,agent:DataEngineer
2026-10-17,90,11:00,chat,Meridian,5,4,4,1,91,80,1019,510,v001,agent:DataEngineer
2026-10-17,90,11:30,chat,Meridian,5,5,5,0,47,100,1010,505,v001,agent:DataEngineer
2026-10-17,90,12:00,chat,Meridian,4,4,4,0,43,100,1071,535,v001,agent:DataEngineer
2026-10-17,90,12:30,chat,Meridian,4,4,4,0,44,100,959,479,v001,agent:DataEngineer
2026-10-17,90,13:00,chat,Meridian,3,3,3,0,48,100,982,491,v001,agent:DataEngineer
2026-10-17,90,13:30,chat,Meridian,2,2,2,0,40,100,1030,515,v001,agent:DataEngineer
2026-10-17,90,14:00,chat,Meridian,3,3,3,0,39,100,1138,569,v001,agent:DataEngineer
2026-10-17,90,14:30,chat,Meridian,4,4,4,0,52,100,979,490,v001,agent:DataEngineer
2026-10-17,90,15:00,chat,Meridian,3,3,3,0,44,100,1088,544,v001,agent:DataEngineer
2026-10-17,90,15:30,chat,Meridian,3,3,3,0,49,100,1084,542,v001,agent:DataEngineer
2026-10-17,90,16:00,chat,Meridian,3,3,3,0,44,100,1026,513,v001,agent:DataEngineer
2026-10-17,90,16:30,chat,Meridian,3,3,3,0,45,100,1080,540,v001,agent:DataEngineer
2026-10-17,90,17:00,chat,Meridian,2,2,2,0,44,100,1006,503,v001,agent:DataEngineer
2026-10-17,90,17:30,chat,Meridian,2,2,2,0,42,100,988,494,v001,agent:DataEngineer
2026-10-17,90,18:00,chat,Meridian,1,1,1,0,48,100,1010,505,v001,agent:DataEngineer
2026-10-17,90,18:30,chat,Meridian,1,1,1,0,60,100,1024,512,v001,agent:DataEngineer
2026-10-17,90,19:00,chat,Meridian,1,1,1,0,42,100,950,475,v001,agent:DataEngineer
2026-10-17,90,19:30,chat,Meridian,1,1,1,0,41,100,936,468,v001,agent:DataEngineer
2026-10-17,90,20:00,chat,Meridian,1,1,1,0,45,100,985,493,v001,agent:DataEngineer
2026-10-17,90,20:30,chat,Meridian,0,0,0,0,0,0,0,0,v001,agent:DataEngineer
2026-10-17,90,21:00,chat,Meridian,0,0,0,0,0,0,0,0,v001,agent:DataEngineer
2026-10-17,90,21:30,chat,Meridian,0,0,0,0,0,0,0,0,v001,agent:DataEngineer
2026-10-17,90,22:00,chat,Meridian,1,1,1,0,45,100,931,465,v001,agent:DataEngineer
2026-10-17,90,22:30,chat,Meridian,0,0,0,0,0,0,0,0,v001,agent:DataEngineer
2026-10-17,90,23:00,chat,Meridian,1,1,1,0,52,100,1070,535,v001,agent:DataEngineer
2026-10-17,90,23:30,chat,Meridian,1,1,1,0,33,100,874,437,v001,agent:DataEngineer
2026-10-18,91,00:00,voice,Meridian,0,0,0,0,0,0,0,0,v001,agent:DataEngineer
2026-10-18,91,00:30,voice,Meridian,0,0,0,0,0,0,0,0,v001,agent:DataEngineer
2026-10-18,91,01:00,voice,Meridian,0,0,0,0,0,0,0,0,v001,agent:DataEngineer
2026-10-18,91,01:30,voice,Meridian,0,0,0,0,0,0,0,0,v001,agent:DataEngineer
2026-10-18,91,02:00,voice,Meridian,0,0,0,0,0,0,0,0,v001,agent:DataEngineer
2026-10-18,91,02:30,voice,Meridian,0,0,0,0,0,0,0,0,v001,agent:DataEngineer
2026-10-18,91,03:00,voice,Meridian,0,0,0,0,0,0,0,0,v001,agent:DataEngineer
2026-10-18,91,03:30,voice,Meridian,0,0,0,0,0,0,0,0,v001,agent:DataEngineer
2026-10-18,91,04:00,voice,Meridian,0,0,0,0,0,0,0,0,v001,agent:DataEngineer
2026-10-18,91,04:30,voice,Meridian,0,0,0,0,0,0,0,0,v001,agent:DataEngineer
2026-10-18,91,05:00,voice,Meridian,0,0,0,0,0,0,0,0,v001,agent:DataEngineer
2026-10-18,91,05:30,voice,Meridian,0,0,0,0,0,0,0,0,v001,agent:DataEngineer
2026-10-18,91,06:00,voice,Meridian,0,0,0,0,0,0,0,0,v001,agent:DataEngineer
2026-10-18,91,06:30,voice,Meridian,0,0,0,0,0,0,0,0,v001,agent:DataEngineer
2026-10-18,91,07:00,voice,Meridian,1,1,1,0,14,100,1912,1912,v001,agent:DataEngineer
2026-10-18,91,07:30,voice,Meridian,1,1,1,0,12,100,2088,2088,v001,agent:DataEngineer
2026-10-18,91,08:00,voice,Meridian,1,1,1,0,11,100,1735,1735,v001,agent:DataEngineer
2026-10-18,91,08:30,voice,Meridian,2,2,2,0,13,100,1852,1852,v001,agent:DataEngineer
2026-10-18,91,09:00,voice,Meridian,2,2,2,0,13,100,1808,1808,v001,agent:DataEngineer
2026-10-18,91,09:30,voice,Meridian,2,2,2,0,12,100,1909,1909,v001,agent:DataEngineer
2026-10-18,91,10:00,voice,Meridian,4,3,3,1,61,75,1734,1734,v001,agent:DataEngineer
2026-10-18,91,10:30,voice,Meridian,3,3,3,0,12,100,1646,1646,v001,agent:DataEngineer
2026-10-18,91,11:00,voice,Meridian,3,3,3,0,14,100,1735,1735,v001,agent:DataEngineer
2026-10-18,91,11:30,voice,Meridian,3,3,3,0,12,100,1718,1718,v001,agent:DataEngineer
2026-10-18,91,12:00,voice,Meridian,3,3,3,0,11,100,1724,1724,v001,agent:DataEngineer
2026-10-18,91,12:30,voice,Meridian,2,2,2,0,11,100,1736,1736,v001,agent:DataEngineer
2026-10-18,91,13:00,voice,Meridian,2,2,2,0,11,100,1901,1901,v001,agent:DataEngineer
2026-10-18,91,13:30,voice,Meridian,2,2,2,0,11,100,1919,1919,v001,agent:DataEngineer
2026-10-18,91,14:00,voice,Meridian,2,2,2,0,13,100,1853,1853,v001,agent:DataEngineer
2026-10-18,91,14:30,voice,Meridian,3,3,3,0,12,100,1779,1779,v001,agent:DataEngineer
2026-10-18,91,15:00,voice,Meridian,2,2,2,0,13,100,1772,1772,v001,agent:DataEngineer
2026-10-18,91,15:30,voice,Meridian,2,2,2,0,12,100,1745,1745,v001,agent:DataEngineer
2026-10-18,91,16:00,voice,Meridian,2,2,2,0,11,100,2064,2064,v001,agent:DataEngineer
2026-10-18,91,16:30,voice,Meridian,2,2,2,0,13,100,1593,1593,v001,agent:DataEngineer
2026-10-18,91,17:00,voice,Meridian,1,1,1,0,12,100,1652,1652,v001,agent:DataEngineer
2026-10-18,91,17:30,voice,Meridian,1,1,1,0,11,100,1712,1712,v001,agent:DataEngineer
2026-10-18,91,18:00,voice,Meridian,1,1,1,0,12,100,1825,1825,v001,agent:DataEngineer
2026-10-18,91,18:30,voice,Meridian,1,1,1,0,12,100,1836,1836,v001,agent:DataEngineer
2026-10-18,91,19:00,voice,Meridian,1,1,1,0,14,100,1759,1759,v001,agent:DataEngineer
2026-10-18,91,19:30,voice,Meridian,1,1,1,0,13,100,1855,1855,v001,agent:DataEngineer
2026-10-18,91,20:00,voice,Meridian,1,1,1,0,11,100,1671,1671,v001,agent:DataEngineer
2026-10-18,91,20:30,voice,Meridian,0,0,0,0,0,0,0,0,v001,agent:DataEngineer
2026-10-18,91,21:00,voice,Meridian,0,0,0,0,0,0,0,0,v001,agent:DataEngineer
2026-10-18,91,21:30,voice,Meridian,0,0,0,0,0,0,0,0,v001,agent:DataEngineer
2026-10-18,91,22:00,voice,Meridian,0,0,0,0,0,0,0,0,v001,agent:DataEngineer
2026-10-18,91,22:30,voice,Meridian,1,1,1,0,13,100,1836,1836,v001,agent:DataEngineer
2026-10-18,91,23:00,voice,Meridian,0,0,0,0,0,0,0,0,v001,agent:DataEngineer
2026-10-18,91,23:30,voice,Meridian,0,0,0,0,0,0,0,0,v001,agent:DataEngineer
2026-10-18,91,00:00,chat,Meridian,1,1,1,0,46,100,1066,533,v001,agent:DataEngineer
2026-10-18,91,00:30,chat,Meridian,0,0,0,0,0,0,0,0,v001,agent:DataEngineer
2026-10-18,91,01:00,chat,Meridian,0,0,0,0,0,0,0,0,v001,agent:DataEngineer
2026-10-18,91,01:30,chat,Meridian,1,1,1,0,44,100,1018,509,v001,agent:DataEngineer
2026-10-18,91,02:00,chat,Meridian,1,1,1,0,41,100,1031,516,v001,agent:DataEngineer
2026-10-18,91,02:30,chat,Meridian,1,1,1,0,43,100,1088,544,v001,agent:DataEngineer
2026-10-18,91,03:00,chat,Meridian,1,1,1,0,45,100,1057,528,v001,agent:DataEngineer
2026-10-18,91,03:30,chat,Meridian,0,0,0,0,0,0,0,0,v001,agent:DataEngineer
2026-10-18,91,04:00,chat,Meridian,0,0,0,0,0,0,0,0,v001,agent:DataEngineer
2026-10-18,91,04:30,chat,Meridian,0,0,0,0,0,0,0,0,v001,agent:DataEngineer
2026-10-18,91,05:00,chat,Meridian,0,0,0,0,0,0,0,0,v001,agent:DataEngineer
2026-10-18,91,05:30,chat,Meridian,0,0,0,0,0,0,0,0,v001,agent:DataEngineer
2026-10-18,91,06:00,chat,Meridian,0,0,0,0,0,0,0,0,v001,agent:DataEngineer
2026-10-18,91,06:30,chat,Meridian,1,1,1,0,51,100,1117,558,v001,agent:DataEngineer
2026-10-18,91,07:00,chat,Meridian,1,1,1,0,48,100,1066,533,v001,agent:DataEngineer
2026-10-18,91,07:30,chat,Meridian,1,1,1,0,43,100,1067,533,v001,agent:DataEngineer
2026-10-18,91,08:00,chat,Meridian,2,2,2,0,44,100,1155,577,v001,agent:DataEngineer
2026-10-18,91,08:30,chat,Meridian,2,2,2,0,52,100,978,489,v001,agent:DataEngineer
2026-10-18,91,09:00,chat,Meridian,3,3,3,0,36,100,1129,564,v001,agent:DataEngineer
2026-10-18,91,09:30,chat,Meridian,4,4,3,0,139,75,970,485,v001,agent:DataEngineer
2026-10-18,91,10:00,chat,Meridian,5,4,4,1,107,80,985,493,v001,agent:DataEngineer
2026-10-18,91,10:30,chat,Meridian,4,4,4,0,44,100,1008,504,v001,agent:DataEngineer
2026-10-18,91,11:00,chat,Meridian,5,4,4,1,121,80,1046,523,v001,agent:DataEngineer
2026-10-18,91,11:30,chat,Meridian,4,3,3,1,138,75,936,468,v001,agent:DataEngineer
2026-10-18,91,12:00,chat,Meridian,3,3,3,0,50,100,1020,510,v001,agent:DataEngineer
2026-10-18,91,12:30,chat,Meridian,4,4,4,0,55,100,1059,530,v001,agent:DataEngineer
2026-10-18,91,13:00,chat,Meridian,3,3,3,0,46,100,1045,523,v001,agent:DataEngineer
2026-10-18,91,13:30,chat,Meridian,4,4,4,0,41,100,1046,523,v001,agent:DataEngineer
2026-10-18,91,14:00,chat,Meridian,4,4,3,0,125,75,1115,557,v001,agent:DataEngineer
2026-10-18,91,14:30,chat,Meridian,4,4,4,0,51,100,1062,531,v001,agent:DataEngineer
2026-10-18,91,15:00,chat,Meridian,4,4,4,0,36,100,963,482,v001,agent:DataEngineer
2026-10-18,91,15:30,chat,Meridian,3,3,3,0,47,100,1036,518,v001,agent:DataEngineer
2026-10-18,91,16:00,chat,Meridian,3,3,3,0,40,100,1077,539,v001,agent:DataEngineer
2026-10-18,91,16:30,chat,Meridian,3,3,3,0,54,100,1008,504,v001,agent:DataEngineer
2026-10-18,91,17:00,chat,Meridian,2,2,2,0,41,100,1087,544,v001,agent:DataEngineer
2026-10-18,91,17:30,chat,Meridian,2,2,2,0,57,100,939,470,v001,agent:DataEngineer
2026-10-18,91,18:00,chat,Meridian,1,1,1,0,39,100,973,486,v001,agent:DataEngineer
2026-10-18,91,18:30,chat,Meridian,1,1,1,0,41,100,1071,535,v001,agent:DataEngineer
2026-10-18,91,19:00,chat,Meridian,1,1,1,0,54,100,1046,523,v001,agent:DataEngineer
2026-10-18,91,19:30,chat,Meridian,1,1,1,0,54,100,854,427,v001,agent:DataEngineer
2026-10-18,91,20:00,chat,Meridian,1,1,1,0,49,100,1089,545,v001,agent:DataEngineer
2026-10-18,91,20:30,chat,Meridian,1,1,1,0,40,100,1090,545,v001,agent:DataEngineer
2026-10-18,91,21:00,chat,Meridian,1,1,1,0,39,100,1098,549,v001,agent:DataEngineer
2026-10-18,91,21:30,chat,Meridian,0,0,0,0,0,0,0,0,v001,agent:DataEngineer
2026-10-18,91,22:00,chat,Meridian,0,0,0,0,0,0,0,0,v001,agent:DataEngineer
2026-10-18,91,22:30,chat,Meridian,0,0,0,0,0,0,0,0,v001,agent:DataEngineer
2026-10-18,91,23:00,chat,Meridian,0,0,0,0,0,0,0,0,v001,agent:DataEngineer
2026-10-18,91,23:30,chat,Meridian,0,0,0,0,0,0,0,0,v001,agent:DataEngineer
2026-10-19,92,00:00,voice,Meridian,1,1,1,0,10,100,2056,2056,v001,agent:DataEngineer
2026-10-19,92,00:30,voice,Meridian,1,1,1,0,13,100,1973,1973,v001,agent:DataEngineer
2026-10-19,92,01:00,voice,Meridian,1,1,1,0,12,100,1889,1889,v001,agent:DataEngineer
2026-10-19,92,01:30,voice,Meridian,1,1,1,0,11,100,2100,2100,v001,agent:DataEngineer
2026-10-19,92,02:00,voice,Meridian,0,0,0,0,0,0,0,0,v001,agent:DataEngineer
2026-10-19,92,02:30,voice,Meridian,0,0,0,0,0,0,0,0,v001,agent:DataEngineer
2026-10-19,92,03:00,voice,Meridian,0,0,0,0,0,0,0,0,v001,agent:DataEngineer
2026-10-19,92,03:30,voice,Meridian,1,1,1,0,13,100,1949,1949,v001,agent:DataEngineer
2026-10-19,92,04:00,voice,Meridian,0,0,0,0,0,0,0,0,v001,agent:DataEngineer
2026-10-19,92,04:30,voice,Meridian,1,1,1,0,12,100,1747,1747,v001,agent:DataEngineer
2026-10-19,92,05:00,voice,Meridian,1,1,1,0,11,100,1953,1953,v001,agent:DataEngineer
2026-10-19,92,05:30,voice,Meridian,0,0,0,0,0,0,0,0,v001,agent:DataEngineer
2026-10-19,92,06:00,voice,Meridian,1,1,1,0,12,100,1945,1945,v001,agent:DataEngineer
2026-10-19,92,06:30,voice,Meridian,1,1,1,0,13,100,1947,1947,v001,agent:DataEngineer
2026-10-19,92,07:00,voice,Meridian,1,1,1,0,11,100,1984,1984,v001,agent:DataEngineer
2026-10-19,92,07:30,voice,Meridian,1,1,1,0,12,100,1928,1928,v001,agent:DataEngineer
2026-10-19,92,08:00,voice,Meridian,2,2,2,0,14,100,1932,1932,v001,agent:DataEngineer
2026-10-19,92,08:30,voice,Meridian,3,3,3,0,13,100,1850,1850,v001,agent:DataEngineer
2026-10-19,92,09:00,voice,Meridian,4,4,4,0,11,100,1916,1916,v001,agent:DataEngineer
2026-10-19,92,09:30,voice,Meridian,4,4,4,0,12,100,1860,1860,v001,agent:DataEngineer
2026-10-19,92,10:00,voice,Meridian,5,4,4,1,47,80,1742,1742,v001,agent:DataEngineer
2026-10-19,92,10:30,voice,Meridian,5,4,3,1,137,60,2000,2000,v001,agent:DataEngineer
2026-10-19,92,11:00,voice,Meridian,6,6,6,0,11,100,1851,1851,v001,agent:DataEngineer
2026-10-19,92,11:30,voice,Meridian,6,6,6,0,13,100,2073,2073,v001,agent:DataEngineer
2026-10-19,92,12:00,voice,Meridian,5,5,5,0,12,100,1762,1762,v001,agent:DataEngineer
2026-10-19,92,12:30,voice,Meridian,4,4,4,0,11,100,1973,1973,v001,agent:DataEngineer
2026-10-19,92,13:00,voice,Meridian,4,4,4,0,11,100,1806,1806,v001,agent:DataEngineer
2026-10-19,92,13:30,voice,Meridian,4,4,4,0,12,100,1923,1923,v001,agent:DataEngineer
2026-10-19,92,14:00,voice,Meridian,5,5,5,0,12,100,2124,2124,v001,agent:DataEngineer
2026-10-19,92,14:30,voice,Meridian,6,6,6,0,13,100,1824,1824,v001,agent:DataEngineer
2026-10-19,92,15:00,voice,Meridian,5,5,5,0,12,100,1936,1936,v001,agent:DataEngineer
2026-10-19,92,15:30,voice,Meridian,5,4,4,1,45,80,2042,2042,v001,agent:DataEngineer
2026-10-19,92,16:00,voice,Meridian,5,5,5,0,12,100,1835,1835,v001,agent:DataEngineer
2026-10-19,92,16:30,voice,Meridian,4,4,4,0,11,100,1824,1824,v001,agent:DataEngineer
2026-10-19,92,17:00,voice,Meridian,3,3,3,0,11,100,1821,1821,v001,agent:DataEngineer
2026-10-19,92,17:30,voice,Meridian,3,3,3,0,11,100,1994,1994,v001,agent:DataEngineer
2026-10-19,92,18:00,voice,Meridian,2,2,2,0,11,100,2049,2049,v001,agent:DataEngineer
2026-10-19,92,18:30,voice,Meridian,1,1,1,0,13,100,1899,1899,v001,agent:DataEngineer
2026-10-19,92,19:00,voice,Meridian,1,1,1,0,10,100,1906,1906,v001,agent:DataEngineer
2026-10-19,92,19:30,voice,Meridian,1,1,1,0,11,100,2024,2024,v001,agent:DataEngineer
2026-10-19,92,20:00,voice,Meridian,1,1,1,0,14,100,2017,2017,v001,agent:DataEngineer
2026-10-19,92,20:30,voice,Meridian,0,0,0,0,0,0,0,0,v001,agent:DataEngineer
2026-10-19,92,21:00,voice,Meridian,1,1,1,0,13,100,1979,1979,v001,agent:DataEngineer
2026-10-19,92,21:30,voice,Meridian,1,1,1,0,11,100,1893,1893,v001,agent:DataEngineer
2026-10-19,92,22:00,voice,Meridian,1,1,1,0,11,100,1958,1958,v001,agent:DataEngineer
2026-10-19,92,22:30,voice,Meridian,0,0,0,0,0,0,0,0,v001,agent:DataEngineer
2026-10-19,92,23:00,voice,Meridian,1,1,1,0,11,100,1733,1733,v001,agent:DataEngineer
2026-10-19,92,23:30,voice,Meridian,1,1,1,0,11,100,1960,1960,v001,agent:DataEngineer
2026-10-19,92,00:00,chat,Meridian,1,1,1,0,38,100,1209,554,v001,agent:DataEngineer
2026-10-19,92,00:30,chat,Meridian,1,1,1,0,41,100,1274,584,v001,agent:DataEngineer
2026-10-19,92,01:00,chat,Meridian,1,1,1,0,46,100,1128,518,v001,agent:DataEngineer
2026-10-19,92,01:30,chat,Meridian,1,1,1,0,46,100,1283,589,v001,agent:DataEngineer
2026-10-19,92,02:00,chat,Meridian,1,1,1,0,39,100,1263,579,v001,agent:DataEngineer
2026-10-19,92,02:30,chat,Meridian,1,1,1,0,51,100,1162,533,v001,agent:DataEngineer
2026-10-19,92,03:00,chat,Meridian,1,1,1,0,44,100,1328,609,v001,agent:DataEngineer
2026-10-19,92,03:30,chat,Meridian,1,1,1,0,40,100,1223,561,v001,agent:DataEngineer
2026-10-19,92,04:00,chat,Meridian,1,1,1,0,46,100,1232,565,v001,agent:DataEngineer
2026-10-19,92,04:30,chat,Meridian,1,1,1,0,41,100,1329,609,v001,agent:DataEngineer
2026-10-19,92,05:00,chat,Meridian,1,1,1,0,45,100,1280,587,v001,agent:DataEngineer
2026-10-19,92,05:30,chat,Meridian,1,1,1,0,46,100,1322,607,v001,agent:DataEngineer
2026-10-19,92,06:00,chat,Meridian,1,1,1,0,47,100,1178,540,v001,agent:DataEngineer
2026-10-19,92,06:30,chat,Meridian,2,2,2,0,47,100,1404,644,v001,agent:DataEngineer
2026-10-19,92,07:00,chat,Meridian,2,2,2,0,42,100,1169,536,v001,agent:DataEngineer
2026-10-19,92,07:30,chat,Meridian,2,2,2,0,54,100,1089,500,v001,agent:DataEngineer
2026-10-19,92,08:00,chat,Meridian,3,3,3,0,39,100,1252,574,v001,agent:DataEngineer
2026-10-19,92,08:30,chat,Meridian,5,5,5,0,41,100,1221,560,v001,agent:DataEngineer
2026-10-19,92,09:00,chat,Meridian,6,6,6,0,59,100,1159,532,v001,agent:DataEngineer
2026-10-19,92,09:30,chat,Meridian,7,6,4,1,349,57.1,1160,532,v001,agent:DataEngineer
2026-10-19,92,10:00,chat,Meridian,11,10,8,1,161,72.7,1141,523,v001,agent:DataEngineer
2026-10-19,92,10:30,chat,Meridian,9,8,4,1,410,44.4,1089,499,v001,agent:DataEngineer
2026-10-19,92,11:00,chat,Meridian,12,11,9,1,138,75,1165,534,v001,agent:DataEngineer
2026-10-19,92,11:30,chat,Meridian,10,10,10,0,46,100,1184,543,v001,agent:DataEngineer
2026-10-19,92,12:00,chat,Meridian,7,6,4,1,334,57.1,1212,556,v001,agent:DataEngineer
2026-10-19,92,12:30,chat,Meridian,8,8,8,0,51,100,1196,549,v001,agent:DataEngineer
2026-10-19,92,13:00,chat,Meridian,7,7,7,0,33,100,1142,524,v001,agent:DataEngineer
2026-10-19,92,13:30,chat,Meridian,7,6,6,1,73,85.7,1332,611,v001,agent:DataEngineer
2026-10-19,92,14:00,chat,Meridian,6,6,6,0,40,100,1124,516,v001,agent:DataEngineer
2026-10-19,92,14:30,chat,Meridian,8,7,7,1,58,87.5,1231,564,v001,agent:DataEngineer
2026-10-19,92,15:00,chat,Meridian,9,9,9,0,43,100,1228,563,v001,agent:DataEngineer
2026-10-19,92,15:30,chat,Meridian,8,8,8,0,46,100,1202,552,v001,agent:DataEngineer
2026-10-19,92,16:00,chat,Meridian,8,7,5,1,262,62.5,1163,534,v001,agent:DataEngineer
2026-10-19,92,16:30,chat,Meridian,5,5,5,0,43,100,1173,538,v001,agent:DataEngineer
2026-10-19,92,17:00,chat,Meridian,5,5,5,0,47,100,1113,510,v001,agent:DataEngineer
2026-10-19,92,17:30,chat,Meridian,3,3,3,0,48,100,1164,534,v001,agent:DataEngineer
2026-10-19,92,18:00,chat,Meridian,3,3,3,0,43,100,1260,578,v001,agent:DataEngineer
2026-10-19,92,18:30,chat,Meridian,2,2,2,0,45,100,1240,569,v001,agent:DataEngineer
2026-10-19,92,19:00,chat,Meridian,2,2,2,0,56,100,1271,583,v001,agent:DataEngineer
2026-10-19,92,19:30,chat,Meridian,2,2,2,0,47,100,1191,546,v001,agent:DataEngineer
2026-10-19,92,20:00,chat,Meridian,1,1,1,0,47,100,1211,556,v001,agent:DataEngineer
2026-10-19,92,20:30,chat,Meridian,1,1,1,0,46,100,1228,563,v001,agent:DataEngineer
2026-10-19,92,21:00,chat,Meridian,1,1,1,0,40,100,1228,563,v001,agent:DataEngineer
2026-10-19,92,21:30,chat,Meridian,1,1,1,0,37,100,1159,531,v001,agent:DataEngineer
2026-10-19,92,22:00,chat,Meridian,1,1,1,0,47,100,1241,569,v001,agent:DataEngineer
2026-10-19,92,22:30,chat,Meridian,1,1,1,0,47,100,1304,598,v001,agent:DataEngineer
2026-10-19,92,23:00,chat,Meridian,1,1,1,0,49,100,1223,561,v001,agent:DataEngineer
2026-10-19,92,23:30,chat,Meridian,1,1,1,0,42,100,1180,541,v001,agent:DataEngineer
2026-10-20,93,00:00,voice,Meridian,1,1,1,0,12,100,1874,1874,v001,agent:DataEngineer
2026-10-20,93,00:30,voice,Meridian,1,1,1,0,13,100,1689,1689,v001,agent:DataEngineer
2026-10-20,93,01:00,voice,Meridian,1,1,1,0,11,100,1795,1795,v001,agent:DataEngineer
2026-10-20,93,01:30,voice,Meridian,1,1,1,0,14,100,1992,1992,v001,agent:DataEngineer
2026-10-20,93,02:00,voice,Meridian,1,1,1,0,12,100,1892,1892,v001,agent:DataEngineer
2026-10-20,93,02:30,voice,Meridian,1,1,1,0,11,100,1750,1750,v001,agent:DataEngineer
2026-10-20,93,03:00,voice,Meridian,0,0,0,0,0,0,0,0,v001,agent:DataEngineer
2026-10-20,93,03:30,voice,Meridian,1,1,1,0,13,100,1682,1682,v001,agent:DataEngineer
2026-10-20,93,04:00,voice,Meridian,0,0,0,0,0,0,0,0,v001,agent:DataEngineer
2026-10-20,93,04:30,voice,Meridian,1,1,1,0,10,100,1750,1750,v001,agent:DataEngineer
2026-10-20,93,05:00,voice,Meridian,1,1,1,0,10,100,1656,1656,v001,agent:DataEngineer
2026-10-20,93,05:30,voice,Meridian,1,1,1,0,12,100,2045,2045,v001,agent:DataEngineer
2026-10-20,93,06:00,voice,Meridian,1,1,1,0,11,100,1810,1810,v001,agent:DataEngineer
2026-10-20,93,06:30,voice,Meridian,1,1,1,0,11,100,1738,1738,v001,agent:DataEngineer
2026-10-20,93,07:00,voice,Meridian,1,1,1,0,11,100,1822,1822,v001,agent:DataEngineer
2026-10-20,93,07:30,voice,Meridian,1,1,1,0,11,100,1753,1753,v001,agent:DataEngineer
2026-10-20,93,08:00,voice,Meridian,2,2,2,0,12,100,1792,1792,v001,agent:DataEngineer
2026-10-20,93,08:30,voice,Meridian,3,3,3,0,14,100,1794,1794,v001,agent:DataEngineer
2026-10-20,93,09:00,voice,Meridian,4,4,4,0,13,100,1726,1726,v001,agent:DataEngineer
2026-10-20,93,09:30,voice,Meridian,5,5,5,0,15,100,1799,1799,v001,agent:DataEngineer
2026-10-20,93,10:00,voice,Meridian,7,7,7,0,14,100,1869,1869,v001,agent:DataEngineer
2026-10-20,93,10:30,voice,Meridian,4,4,4,0,11,100,1892,1892,v001,agent:DataEngineer
2026-10-20,93,11:00,voice,Meridian,6,6,6,0,11,100,1747,1747,v001,agent:DataEngineer
2026-10-20,93,11:30,voice,Meridian,5,4,4,1,46,80,1701,1701,v001,agent:DataEngineer
2026-10-20,93,12:00,voice,Meridian,5,5,5,0,14,100,1846,1846,v001,agent:DataEngineer
2026-10-20,93,12:30,voice,Meridian,4,4,4,0,12,100,1885,1885,v001,agent:DataEngineer
2026-10-20,93,13:00,voice,Meridian,5,5,5,0,9,100,1792,1792,v001,agent:DataEngineer
2026-10-20,93,13:30,voice,Meridian,5,4,4,1,35,80,1630,1630,v001,agent:DataEngineer
2026-10-20,93,14:00,voice,Meridian,4,4,4,0,10,100,1972,1972,v001,agent:DataEngineer
2026-10-20,93,14:30,voice,Meridian,5,5,5,0,13,100,1715,1715,v001,agent:DataEngineer
2026-10-20,93,15:00,voice,Meridian,5,5,5,0,11,100,1687,1687,v001,agent:DataEngineer
2026-10-20,93,15:30,voice,Meridian,4,3,2,1,234,50,1912,1912,v001,agent:DataEngineer
2026-10-20,93,16:00,voice,Meridian,4,4,4,0,13,100,1784,1784,v001,agent:DataEngineer
2026-10-20,93,16:30,voice,Meridian,4,4,4,0,14,100,1827,1827,v001,agent:DataEngineer
2026-10-20,93,17:00,voice,Meridian,3,3,3,0,12,100,1827,1827,v001,agent:DataEngineer
2026-10-20,93,17:30,voice,Meridian,2,2,2,0,13,100,1746,1746,v001,agent:DataEngineer
2026-10-20,93,18:00,voice,Meridian,1,1,1,0,12,100,1762,1762,v001,agent:DataEngineer
2026-10-20,93,18:30,voice,Meridian,1,1,1,0,14,100,1877,1877,v001,agent:DataEngineer
2026-10-20,93,19:00,voice,Meridian,1,1,1,0,12,100,1866,1866,v001,agent:DataEngineer
2026-10-20,93,19:30,voice,Meridian,1,1,1,0,12,100,1757,1757,v001,agent:DataEngineer
2026-10-20,93,20:00,voice,Meridian,1,1,1,0,11,100,1663,1663,v001,agent:DataEngineer
2026-10-20,93,20:30,voice,Meridian,1,1,1,0,12,100,1695,1695,v001,agent:DataEngineer
2026-10-20,93,21:00,voice,Meridian,1,1,1,0,12,100,1891,1891,v001,agent:DataEngineer
2026-10-20,93,21:30,voice,Meridian,1,1,1,0,12,100,1571,1571,v001,agent:DataEngineer
2026-10-20,93,22:00,voice,Meridian,1,1,1,0,13,100,1857,1857,v001,agent:DataEngineer
2026-10-20,93,22:30,voice,Meridian,1,1,1,0,12,100,1813,1813,v001,agent:DataEngineer
2026-10-20,93,23:00,voice,Meridian,0,0,0,0,0,0,0,0,v001,agent:DataEngineer
2026-10-20,93,23:30,voice,Meridian,0,0,0,0,0,0,0,0,v001,agent:DataEngineer
2026-10-20,93,00:00,chat,Meridian,1,1,1,0,40,100,1232,563,v001,agent:DataEngineer
2026-10-20,93,00:30,chat,Meridian,1,1,1,0,41,100,1280,585,v001,agent:DataEngineer
2026-10-20,93,01:00,chat,Meridian,1,1,1,0,54,100,1113,509,v001,agent:DataEngineer
2026-10-20,93,01:30,chat,Meridian,1,1,1,0,42,100,1380,631,v001,agent:DataEngineer
2026-10-20,93,02:00,chat,Meridian,1,1,1,0,38,100,1333,609,v001,agent:DataEngineer
2026-10-20,93,02:30,chat,Meridian,1,1,1,0,45,100,1211,554,v001,agent:DataEngineer
2026-10-20,93,03:00,chat,Meridian,1,1,1,0,54,100,1127,515,v001,agent:DataEngineer
2026-10-20,93,03:30,chat,Meridian,1,1,1,0,43,100,1196,547,v001,agent:DataEngineer
2026-10-20,93,04:00,chat,Meridian,1,1,1,0,41,100,1290,590,v001,agent:DataEngineer
2026-10-20,93,04:30,chat,Meridian,1,1,1,0,42,100,1264,578,v001,agent:DataEngineer
2026-10-20,93,05:00,chat,Meridian,2,2,2,0,43,100,1359,621,v001,agent:DataEngineer
2026-10-20,93,05:30,chat,Meridian,1,1,1,0,45,100,1156,528,v001,agent:DataEngineer
2026-10-20,93,06:00,chat,Meridian,1,1,1,0,43,100,1161,531,v001,agent:DataEngineer
2026-10-20,93,06:30,chat,Meridian,2,2,2,0,42,100,1205,551,v001,agent:DataEngineer
2026-10-20,93,07:00,chat,Meridian,2,2,2,0,51,100,1137,519,v001,agent:DataEngineer
2026-10-20,93,07:30,chat,Meridian,2,2,2,0,43,100,1027,469,v001,agent:DataEngineer
2026-10-20,93,08:00,chat,Meridian,3,3,3,0,40,100,1186,542,v001,agent:DataEngineer
2026-10-20,93,08:30,chat,Meridian,5,5,5,0,39,100,1313,600,v001,agent:DataEngineer
2026-10-20,93,09:00,chat,Meridian,6,6,6,0,43,100,1096,501,v001,agent:DataEngineer
2026-10-20,93,09:30,chat,Meridian,7,7,7,0,43,100,1189,544,v001,agent:DataEngineer
2026-10-20,93,10:00,chat,Meridian,11,10,9,1,74,81.8,1158,529,v001,agent:DataEngineer
2026-10-20,93,10:30,chat,Meridian,9,9,9,0,50,100,1160,530,v001,agent:DataEngineer
2026-10-20,93,11:00,chat,Meridian,7,7,7,0,44,100,1248,571,v001,agent:DataEngineer
2026-10-20,93,11:30,chat,Meridian,8,7,7,1,68,87.5,1163,532,v001,agent:DataEngineer
2026-10-20,93,12:00,chat,Meridian,8,7,7,1,58,87.5,1213,554,v001,agent:DataEngineer
2026-10-20,93,12:30,chat,Meridian,9,9,9,0,55,100,1366,624,v001,agent:DataEngineer
2026-10-20,93,13:00,chat,Meridian,7,7,7,0,44,100,1252,572,v001,agent:DataEngineer
2026-10-20,93,13:30,chat,Meridian,10,9,9,1,55,90,1111,508,v001,agent:DataEngineer
2026-10-20,93,14:00,chat,Meridian,9,9,9,0,37,100,1264,578,v001,agent:DataEngineer
2026-10-20,93,14:30,chat,Meridian,11,10,10,1,51,90.9,1164,532,v001,agent:DataEngineer
2026-10-20,93,15:00,chat,Meridian,7,6,4,1,263,57.1,1095,500,v001,agent:DataEngineer
2026-10-20,93,15:30,chat,Meridian,8,7,7,1,62,87.5,1254,573,v001,agent:DataEngineer
2026-10-20,93,16:00,chat,Meridian,9,8,3,1,808,33.3,1201,549,v001,agent:DataEngineer
2026-10-20,93,16:30,chat,Meridian,7,7,7,0,43,100,1193,545,v001,agent:DataEngineer
2026-10-20,93,17:00,chat,Meridian,6,6,6,0,60,100,1078,493,v001,agent:DataEngineer
2026-10-20,93,17:30,chat,Meridian,4,4,4,0,40,100,1329,607,v001,agent:DataEngineer
2026-10-20,93,18:00,chat,Meridian,2,2,2,0,50,100,1229,562,v001,agent:DataEngineer
2026-10-20,93,18:30,chat,Meridian,2,2,2,0,45,100,1145,523,v001,agent:DataEngineer
2026-10-20,93,19:00,chat,Meridian,2,2,2,0,44,100,1233,564,v001,agent:DataEngineer
2026-10-20,93,19:30,chat,Meridian,1,1,1,0,44,100,1215,555,v001,agent:DataEngineer
2026-10-20,93,20:00,chat,Meridian,1,1,1,0,47,100,1203,550,v001,agent:DataEngineer
2026-10-20,93,20:30,chat,Meridian,1,1,1,0,46,100,1250,572,v001,agent:DataEngineer
2026-10-20,93,21:00,chat,Meridian,1,1,1,0,48,100,1239,566,v001,agent:DataEngineer
2026-10-20,93,21:30,chat,Meridian,1,1,1,0,42,100,1214,555,v001,agent:DataEngineer
2026-10-20,93,22:00,chat,Meridian,1,1,1,0,44,100,1163,532,v001,agent:DataEngineer
2026-10-20,93,22:30,chat,Meridian,1,1,1,0,49,100,1263,577,v001,agent:DataEngineer
2026-10-20,93,23:00,chat,Meridian,1,1,1,0,47,100,1040,476,v001,agent:DataEngineer
2026-10-20,93,23:30,chat,Meridian,1,1,1,0,44,100,1211,553,v001,agent:DataEngineer
2026-10-21,94,00:00,voice,Meridian,1,1,1,0,11,100,1615,1615,v001,agent:DataEngineer
2026-10-21,94,00:30,voice,Meridian,1,1,1,0,12,100,1628,1628,v001,agent:DataEngineer
2026-10-21,94,01:00,voice,Meridian,1,1,1,0,12,100,1577,1577,v001,agent:DataEngineer
2026-10-21,94,01:30,voice,Meridian,1,1,1,0,12,100,1767,1767,v001,agent:DataEngineer
2026-10-21,94,02:00,voice,Meridian,1,1,1,0,11,100,1633,1633,v001,agent:DataEngineer
2026-10-21,94,02:30,voice,Meridian,1,1,1,0,12,100,1713,1713,v001,agent:DataEngineer
2026-10-21,94,03:00,voice,Meridian,1,1,1,0,13,100,1625,1625,v001,agent:DataEngineer
2026-10-21,94,03:30,voice,Meridian,0,0,0,0,0,0,0,0,v001,agent:DataEngineer
2026-10-21,94,04:00,voice,Meridian,0,0,0,0,0,0,0,0,v001,agent:DataEngineer
2026-10-21,94,04:30,voice,Meridian,0,0,0,0,0,0,0,0,v001,agent:DataEngineer
2026-10-21,94,05:00,voice,Meridian,0,0,0,0,0,0,0,0,v001,agent:DataEngineer
2026-10-21,94,05:30,voice,Meridian,1,1,1,0,12,100,1611,1611,v001,agent:DataEngineer
2026-10-21,94,06:00,voice,Meridian,1,1,1,0,11,100,1595,1595,v001,agent:DataEngineer
2026-10-21,94,06:30,voice,Meridian,1,1,1,0,14,100,1594,1594,v001,agent:DataEngineer
2026-10-21,94,07:00,voice,Meridian,1,1,1,0,10,100,1628,1628,v001,agent:DataEngineer
2026-10-21,94,07:30,voice,Meridian,1,1,1,0,12,100,1708,1708,v001,agent:DataEngineer
2026-10-21,94,08:00,voice,Meridian,3,3,3,0,11,100,1611,1611,v001,agent:DataEngineer
2026-10-21,94,08:30,voice,Meridian,3,3,3,0,12,100,1794,1794,v001,agent:DataEngineer
2026-10-21,94,09:00,voice,Meridian,4,3,3,1,69,75,1615,1615,v001,agent:DataEngineer
2026-10-21,94,09:30,voice,Meridian,3,3,3,0,11,100,1598,1598,v001,agent:DataEngineer
2026-10-21,94,10:00,voice,Meridian,5,5,5,0,12,100,1685,1685,v001,agent:DataEngineer
2026-10-21,94,10:30,voice,Meridian,6,6,6,0,12,100,1585,1585,v001,agent:DataEngineer
2026-10-21,94,11:00,voice,Meridian,6,6,6,0,13,100,1710,1710,v001,agent:DataEngineer
2026-10-21,94,11:30,voice,Meridian,5,5,5,0,11,100,1812,1812,v001,agent:DataEngineer
2026-10-21,94,12:00,voice,Meridian,5,5,5,0,11,100,1563,1563,v001,agent:DataEngineer
2026-10-21,94,12:30,voice,Meridian,4,4,4,0,12,100,1815,1815,v001,agent:DataEngineer
2026-10-21,94,13:00,voice,Meridian,4,4,4,0,11,100,1593,1593,v001,agent:DataEngineer
2026-10-21,94,13:30,voice,Meridian,3,2,2,1,101,66.7,1739,1739,v001,agent:DataEngineer
2026-10-21,94,14:00,voice,Meridian,4,4,4,0,11,100,1619,1619,v001,agent:DataEngineer
2026-10-21,94,14:30,voice,Meridian,4,4,4,0,11,100,1610,1610,v001,agent:DataEngineer
2026-10-21,94,15:00,voice,Meridian,7,7,7,0,12,100,1780,1780,v001,agent:DataEngineer
2026-10-21,94,15:30,voice,Meridian,4,4,4,0,13,100,1741,1741,v001,agent:DataEngineer
2026-10-21,94,16:00,voice,Meridian,3,3,3,0,13,100,1727,1727,v001,agent:DataEngineer
2026-10-21,94,16:30,voice,Meridian,4,4,4,0,13,100,1618,1618,v001,agent:DataEngineer
2026-10-21,94,17:00,voice,Meridian,3,3,3,0,10,100,1708,1708,v001,agent:DataEngineer
2026-10-21,94,17:30,voice,Meridian,2,2,2,0,12,100,1692,1692,v001,agent:DataEngineer
2026-10-21,94,18:00,voice,Meridian,1,1,1,0,12,100,1827,1827,v001,agent:DataEngineer
2026-10-21,94,18:30,voice,Meridian,1,1,1,0,11,100,1640,1640,v001,agent:DataEngineer
2026-10-21,94,19:00,voice,Meridian,1,1,1,0,11,100,1930,1930,v001,agent:DataEngineer
2026-10-21,94,19:30,voice,Meridian,1,1,1,0,12,100,1618,1618,v001,agent:DataEngineer
2026-10-21,94,20:00,voice,Meridian,1,1,1,0,11,100,1647,1647,v001,agent:DataEngineer
2026-10-21,94,20:30,voice,Meridian,0,0,0,0,0,0,0,0,v001,agent:DataEngineer
2026-10-21,94,21:00,voice,Meridian,1,1,1,0,11,100,1695,1695,v001,agent:DataEngineer
2026-10-21,94,21:30,voice,Meridian,0,0,0,0,0,0,0,0,v001,agent:DataEngineer
2026-10-21,94,22:00,voice,Meridian,1,1,1,0,11,100,1623,1623,v001,agent:DataEngineer
2026-10-21,94,22:30,voice,Meridian,0,0,0,0,0,0,0,0,v001,agent:DataEngineer
2026-10-21,94,23:00,voice,Meridian,0,0,0,0,0,0,0,0,v001,agent:DataEngineer
2026-10-21,94,23:30,voice,Meridian,0,0,0,0,0,0,0,0,v001,agent:DataEngineer
2026-10-21,94,00:00,chat,Meridian,1,1,1,0,54,100,1114,537,v001,agent:DataEngineer
2026-10-21,94,00:30,chat,Meridian,1,1,1,0,39,100,1001,482,v001,agent:DataEngineer
2026-10-21,94,01:00,chat,Meridian,1,1,1,0,53,100,1158,558,v001,agent:DataEngineer
2026-10-21,94,01:30,chat,Meridian,1,1,1,0,44,100,1042,502,v001,agent:DataEngineer
2026-10-21,94,02:00,chat,Meridian,1,1,1,0,45,100,1060,511,v001,agent:DataEngineer
2026-10-21,94,02:30,chat,Meridian,1,1,1,0,37,100,1127,543,v001,agent:DataEngineer
2026-10-21,94,03:00,chat,Meridian,1,1,1,0,39,100,1071,516,v001,agent:DataEngineer
2026-10-21,94,03:30,chat,Meridian,1,1,1,0,39,100,1083,522,v001,agent:DataEngineer
2026-10-21,94,04:00,chat,Meridian,1,1,1,0,46,100,1147,553,v001,agent:DataEngineer
2026-10-21,94,04:30,chat,Meridian,1,1,1,0,42,100,1135,547,v001,agent:DataEngineer
2026-10-21,94,05:00,chat,Meridian,1,1,1,0,38,100,1064,513,v001,agent:DataEngineer
2026-10-21,94,05:30,chat,Meridian,1,1,1,0,46,100,1013,488,v001,agent:DataEngineer
2026-10-21,94,06:00,chat,Meridian,1,1,1,0,42,100,1110,535,v001,agent:DataEngineer
2026-10-21,94,06:30,chat,Meridian,1,1,1,0,42,100,1025,494,v001,agent:DataEngineer
2026-10-21,94,07:00,chat,Meridian,2,2,2,0,41,100,1030,496,v001,agent:DataEngineer
2026-10-21,94,07:30,chat,Meridian,2,2,2,0,53,100,1082,521,v001,agent:DataEngineer
2026-10-21,94,08:00,chat,Meridian,3,3,3,0,52,100,1042,502,v001,agent:DataEngineer
2026-10-21,94,08:30,chat,Meridian,4,4,4,0,45,100,1155,556,v001,agent:DataEngineer
2026-10-21,94,09:00,chat,Meridian,7,7,7,0,51,100,1065,513,v001,agent:DataEngineer
2026-10-21,94,09:30,chat,Meridian,8,8,8,0,42,100,1046,504,v001,agent:DataEngineer
2026-10-21,94,10:00,chat,Meridian,11,10,10,1,72,90.9,988,476,v001,agent:DataEngineer
2026-10-21,94,10:30,chat,Meridian,11,10,10,1,54,90.9,1111,535,v001,agent:DataEngineer
2026-10-21,94,11:00,chat,Meridian,9,8,7,1,136,77.8,1183,570,v001,agent:DataEngineer
2026-10-21,94,11:30,chat,Meridian,9,8,8,1,86,88.9,996,480,v001,agent:DataEngineer
2026-10-21,94,12:00,chat,Meridian,9,9,9,0,47,100,1021,492,v001,agent:DataEngineer
2026-10-21,94,12:30,chat,Meridian,6,6,6,0,40,100,1105,532,v001,agent:DataEngineer
2026-10-21,94,13:00,chat,Meridian,6,6,6,0,53,100,1080,520,v001,agent:DataEngineer
2026-10-21,94,13:30,chat,Meridian,9,8,8,1,66,88.9,1045,504,v001,agent:DataEngineer
2026-10-21,94,14:00,chat,Meridian,6,6,6,0,40,100,1167,562,v001,agent:DataEngineer
2026-10-21,94,14:30,chat,Meridian,6,6,6,0,48,100,1021,492,v001,agent:DataEngineer
2026-10-21,94,15:00,chat,Meridian,7,7,7,0,47,100,1036,499,v001,agent:DataEngineer
2026-10-21,94,15:30,chat,Meridian,7,7,7,0,53,100,1031,497,v001,agent:DataEngineer
2026-10-21,94,16:00,chat,Meridian,7,7,7,0,47,100,1054,508,v001,agent:DataEngineer
2026-10-21,94,16:30,chat,Meridian,6,5,5,1,82,83.3,1093,527,v001,agent:DataEngineer
2026-10-21,94,17:00,chat,Meridian,5,5,5,0,49,100,1042,502,v001,agent:DataEngineer
2026-10-21,94,17:30,chat,Meridian,4,4,4,0,47,100,985,475,v001,agent:DataEngineer
2026-10-21,94,18:00,chat,Meridian,2,2,2,0,49,100,1192,574,v001,agent:DataEngineer
2026-10-21,94,18:30,chat,Meridian,2,2,2,0,51,100,1047,504,v001,agent:DataEngineer
2026-10-21,94,19:00,chat,Meridian,2,2,2,0,43,100,991,477,v001,agent:DataEngineer
2026-10-21,94,19:30,chat,Meridian,1,1,1,0,44,100,1185,571,v001,agent:DataEngineer
2026-10-21,94,20:00,chat,Meridian,1,1,1,0,46,100,1162,560,v001,agent:DataEngineer
2026-10-21,94,20:30,chat,Meridian,1,1,1,0,47,100,1038,500,v001,agent:DataEngineer
2026-10-21,94,21:00,chat,Meridian,1,1,1,0,46,100,1086,523,v001,agent:DataEngineer
2026-10-21,94,21:30,chat,Meridian,1,1,1,0,48,100,1045,504,v001,agent:DataEngineer
2026-10-21,94,22:00,chat,Meridian,1,1,1,0,46,100,1024,493,v001,agent:DataEngineer
2026-10-21,94,22:30,chat,Meridian,1,1,1,0,51,100,1119,539,v001,agent:DataEngineer
2026-10-21,94,23:00,chat,Meridian,1,1,1,0,42,100,1101,531,v001,agent:DataEngineer
2026-10-21,94,23:30,chat,Meridian,1,1,1,0,45,100,1057,509,v001,agent:DataEngineer
2026-10-22,95,00:00,voice,Meridian,1,1,1,0,13,100,1967,1967,v001,agent:DataEngineer
2026-10-22,95,00:30,voice,Meridian,1,1,1,0,11,100,1926,1926,v001,agent:DataEngineer
2026-10-22,95,01:00,voice,Meridian,1,1,1,0,12,100,1869,1869,v001,agent:DataEngineer
2026-10-22,95,01:30,voice,Meridian,0,0,0,0,0,0,0,0,v001,agent:DataEngineer
2026-10-22,95,02:00,voice,Meridian,0,0,0,0,0,0,0,0,v001,agent:DataEngineer
2026-10-22,95,02:30,voice,Meridian,0,0,0,0,0,0,0,0,v001,agent:DataEngineer
2026-10-22,95,03:00,voice,Meridian,0,0,0,0,0,0,0,0,v001,agent:DataEngineer
2026-10-22,95,03:30,voice,Meridian,1,1,1,0,11,100,2030,2030,v001,agent:DataEngineer
2026-10-22,95,04:00,voice,Meridian,1,1,1,0,10,100,1698,1698,v001,agent:DataEngineer
2026-10-22,95,04:30,voice,Meridian,0,0,0,0,0,0,0,0,v001,agent:DataEngineer
2026-10-22,95,05:00,voice,Meridian,0,0,0,0,0,0,0,0,v001,agent:DataEngineer
2026-10-22,95,05:30,voice,Meridian,0,0,0,0,0,0,0,0,v001,agent:DataEngineer
2026-10-22,95,06:00,voice,Meridian,1,1,1,0,11,100,1795,1795,v001,agent:DataEngineer
2026-10-22,95,06:30,voice,Meridian,1,1,1,0,12,100,1776,1776,v001,agent:DataEngineer
2026-10-22,95,07:00,voice,Meridian,1,1,1,0,11,100,2004,2004,v001,agent:DataEngineer
2026-10-22,95,07:30,voice,Meridian,1,1,1,0,11,100,1798,1798,v001,agent:DataEngineer
2026-10-22,95,08:00,voice,Meridian,1,1,1,0,14,100,1711,1711,v001,agent:DataEngineer
2026-10-22,95,08:30,voice,Meridian,2,2,2,0,13,100,1767,1767,v001,agent:DataEngineer
2026-10-22,95,09:00,voice,Meridian,4,4,4,0,12,100,1873,1873,v001,agent:DataEngineer
2026-10-22,95,09:30,voice,Meridian,4,4,4,0,12,100,2120,2120,v001,agent:DataEngineer
2026-10-22,95,10:00,voice,Meridian,5,4,4,1,42,80,1948,1948,v001,agent:DataEngineer
2026-10-22,95,10:30,voice,Meridian,4,4,4,0,12,100,2009,2009,v001,agent:DataEngineer
2026-10-22,95,11:00,voice,Meridian,7,7,7,0,13,100,1730,1730,v001,agent:DataEngineer
2026-10-22,95,11:30,voice,Meridian,5,5,5,0,11,100,1804,1804,v001,agent:DataEngineer
2026-10-22,95,12:00,voice,Meridian,5,5,5,0,15,100,1874,1874,v001,agent:DataEngineer
2026-10-22,95,12:30,voice,Meridian,3,3,3,0,12,100,1759,1759,v001,agent:DataEngineer
2026-10-22,95,13:00,voice,Meridian,3,3,3,0,10,100,1625,1625,v001,agent:DataEngineer
2026-10-22,95,13:30,voice,Meridian,3,3,3,0,12,100,1876,1876,v001,agent:DataEngineer
2026-10-22,95,14:00,voice,Meridian,3,3,3,0,11,100,1911,1911,v001,agent:DataEngineer
2026-10-22,95,14:30,voice,Meridian,5,5,5,0,12,100,1919,1919,v001,agent:DataEngineer
2026-10-22,95,15:00,voice,Meridian,4,4,4,0,14,100,1724,1724,v001,agent:DataEngineer
2026-10-22,95,15:30,voice,Meridian,4,3,3,1,70,75,1982,1982,v001,agent:DataEngineer
2026-10-22,95,16:00,voice,Meridian,3,3,3,0,11,100,1766,1766,v001,agent:DataEngineer
2026-10-22,95,16:30,voice,Meridian,4,4,4,0,14,100,1751,1751,v001,agent:DataEngineer
2026-10-22,95,17:00,voice,Meridian,3,3,3,0,13,100,1811,1811,v001,agent:DataEngineer
2026-10-22,95,17:30,voice,Meridian,2,2,2,0,11,100,1816,1816,v001,agent:DataEngineer
2026-10-22,95,18:00,voice,Meridian,2,2,2,0,10,100,1795,1795,v001,agent:DataEngineer
2026-10-22,95,18:30,voice,Meridian,1,1,1,0,11,100,1939,1939,v001,agent:DataEngineer
2026-10-22,95,19:00,voice,Meridian,1,1,1,0,11,100,1811,1811,v001,agent:DataEngineer
2026-10-22,95,19:30,voice,Meridian,1,1,1,0,14,100,1751,1751,v001,agent:DataEngineer
2026-10-22,95,20:00,voice,Meridian,1,1,1,0,13,100,1801,1801,v001,agent:DataEngineer
2026-10-22,95,20:30,voice,Meridian,0,0,0,0,0,0,0,0,v001,agent:DataEngineer
2026-10-22,95,21:00,voice,Meridian,0,0,0,0,0,0,0,0,v001,agent:DataEngineer
2026-10-22,95,21:30,voice,Meridian,1,1,1,0,13,100,2027,2027,v001,agent:DataEngineer
2026-10-22,95,22:00,voice,Meridian,1,1,1,0,11,100,1736,1736,v001,agent:DataEngineer
2026-10-22,95,22:30,voice,Meridian,1,1,1,0,12,100,1892,1892,v001,agent:DataEngineer
2026-10-22,95,23:00,voice,Meridian,1,1,1,0,13,100,1866,1866,v001,agent:DataEngineer
2026-10-22,95,23:30,voice,Meridian,0,0,0,0,0,0,0,0,v001,agent:DataEngineer
2026-10-22,95,00:00,chat,Meridian,1,1,1,0,51,100,1021,511,v001,agent:DataEngineer
2026-10-22,95,00:30,chat,Meridian,1,1,1,0,46,100,1048,524,v001,agent:DataEngineer
2026-10-22,95,01:00,chat,Meridian,1,1,1,0,44,100,1148,574,v001,agent:DataEngineer
2026-10-22,95,01:30,chat,Meridian,1,1,1,0,39,100,1046,523,v001,agent:DataEngineer
2026-10-22,95,02:00,chat,Meridian,1,1,1,0,47,100,1182,591,v001,agent:DataEngineer
2026-10-22,95,02:30,chat,Meridian,1,1,1,0,50,100,1101,550,v001,agent:DataEngineer
2026-10-22,95,03:00,chat,Meridian,1,1,1,0,48,100,1019,510,v001,agent:DataEngineer
2026-10-22,95,03:30,chat,Meridian,1,1,1,0,44,100,1160,580,v001,agent:DataEngineer
2026-10-22,95,04:00,chat,Meridian,1,1,1,0,43,100,1067,534,v001,agent:DataEngineer
2026-10-22,95,04:30,chat,Meridian,1,1,1,0,44,100,1061,530,v001,agent:DataEngineer
2026-10-22,95,05:00,chat,Meridian,1,1,1,0,48,100,932,466,v001,agent:DataEngineer
2026-10-22,95,05:30,chat,Meridian,1,1,1,0,42,100,1055,527,v001,agent:DataEngineer
2026-10-22,95,06:00,chat,Meridian,1,1,1,0,43,100,1161,580,v001,agent:DataEngineer
2026-10-22,95,06:30,chat,Meridian,1,1,1,0,38,100,1024,512,v001,agent:DataEngineer
2026-10-22,95,07:00,chat,Meridian,1,1,1,0,46,100,1220,610,v001,agent:DataEngineer
2026-10-22,95,07:30,chat,Meridian,2,2,2,0,44,100,1052,526,v001,agent:DataEngineer
2026-10-22,95,08:00,chat,Meridian,4,4,4,0,53,100,1018,509,v001,agent:DataEngineer
2026-10-22,95,08:30,chat,Meridian,4,4,4,0,45,100,1079,540,v001,agent:DataEngineer
2026-10-22,95,09:00,chat,Meridian,5,5,5,0,45,100,1016,508,v001,agent:DataEngineer
2026-10-22,95,09:30,chat,Meridian,6,5,4,1,196,66.7,1125,563,v001,agent:DataEngineer
2026-10-22,95,10:00,chat,Meridian,8,7,6,1,143,75,1042,521,v001,agent:DataEngineer
2026-10-22,95,10:30,chat,Meridian,7,7,6,0,66,85.7,1003,501,v001,agent:DataEngineer
2026-10-22,95,11:00,chat,Meridian,10,9,9,1,59,90,1048,524,v001,agent:DataEngineer
2026-10-22,95,11:30,chat,Meridian,8,8,8,0,46,100,1103,552,v001,agent:DataEngineer
2026-10-22,95,12:00,chat,Meridian,8,8,8,0,40,100,977,488,v001,agent:DataEngineer
2026-10-22,95,12:30,chat,Meridian,7,6,5,1,168,71.4,1088,544,v001,agent:DataEngineer
2026-10-22,95,13:00,chat,Meridian,6,6,6,0,48,100,1103,552,v001,agent:DataEngineer
2026-10-22,95,13:30,chat,Meridian,7,7,6,0,60,85.7,990,495,v001,agent:DataEngineer
2026-10-22,95,14:00,chat,Meridian,10,9,9,1,57,90,951,476,v001,agent:DataEngineer
2026-10-22,95,14:30,chat,Meridian,7,7,7,0,45,100,1062,531,v001,agent:DataEngineer
2026-10-22,95,15:00,chat,Meridian,9,8,8,1,62,88.9,1025,513,v001,agent:DataEngineer
2026-10-22,95,15:30,chat,Meridian,5,5,4,0,104,80,967,483,v001,agent:DataEngineer
2026-10-22,95,16:00,chat,Meridian,6,6,6,0,40,100,1140,570,v001,agent:DataEngineer
2026-10-22,95,16:30,chat,Meridian,7,7,7,0,44,100,1135,568,v001,agent:DataEngineer
2026-10-22,95,17:00,chat,Meridian,4,4,4,0,47,100,956,478,v001,agent:DataEngineer
2026-10-22,95,17:30,chat,Meridian,4,4,4,0,50,100,949,474,v001,agent:DataEngineer
2026-10-22,95,18:00,chat,Meridian,2,2,2,0,49,100,1067,533,v001,agent:DataEngineer
2026-10-22,95,18:30,chat,Meridian,2,2,2,0,49,100,1072,536,v001,agent:DataEngineer
2026-10-22,95,19:00,chat,Meridian,1,1,1,0,46,100,1130,565,v001,agent:DataEngineer
2026-10-22,95,19:30,chat,Meridian,1,1,1,0,50,100,1127,563,v001,agent:DataEngineer
2026-10-22,95,20:00,chat,Meridian,1,1,1,0,50,100,1043,522,v001,agent:DataEngineer
2026-10-22,95,20:30,chat,Meridian,1,1,1,0,47,100,1062,531,v001,agent:DataEngineer
2026-10-22,95,21:00,chat,Meridian,1,1,1,0,51,100,1045,522,v001,agent:DataEngineer
2026-10-22,95,21:30,chat,Meridian,1,1,1,0,36,100,970,485,v001,agent:DataEngineer
2026-10-22,95,22:00,chat,Meridian,1,1,1,0,44,100,1051,526,v001,agent:DataEngineer
2026-10-22,95,22:30,chat,Meridian,1,1,1,0,45,100,1049,524,v001,agent:DataEngineer
2026-10-22,95,23:00,chat,Meridian,1,1,1,0,45,100,1084,542,v001,agent:DataEngineer
2026-10-22,95,23:30,chat,Meridian,1,1,1,0,46,100,1128,564,v001,agent:DataEngineer
2026-10-23,96,00:00,voice,Meridian,0,0,0,0,0,0,0,0,v001,agent:DataEngineer
2026-10-23,96,00:30,voice,Meridian,0,0,0,0,0,0,0,0,v001,agent:DataEngineer
2026-10-23,96,01:00,voice,Meridian,0,0,0,0,0,0,0,0,v001,agent:DataEngineer
2026-10-23,96,01:30,voice,Meridian,0,0,0,0,0,0,0,0,v001,agent:DataEngineer
2026-10-23,96,02:00,voice,Meridian,0,0,0,0,0,0,0,0,v001,agent:DataEngineer
2026-10-23,96,02:30,voice,Meridian,0,0,0,0,0,0,0,0,v001,agent:DataEngineer
2026-10-23,96,03:00,voice,Meridian,0,0,0,0,0,0,0,0,v001,agent:DataEngineer
2026-10-23,96,03:30,voice,Meridian,0,0,0,0,0,0,0,0,v001,agent:DataEngineer
2026-10-23,96,04:00,voice,Meridian,0,0,0,0,0,0,0,0,v001,agent:DataEngineer
2026-10-23,96,04:30,voice,Meridian,1,1,1,0,12,100,1922,1922,v001,agent:DataEngineer
2026-10-23,96,05:00,voice,Meridian,1,1,1,0,13,100,1723,1723,v001,agent:DataEngineer
2026-10-23,96,05:30,voice,Meridian,1,1,1,0,12,100,1894,1894,v001,agent:DataEngineer
2026-10-23,96,06:00,voice,Meridian,1,1,1,0,14,100,1883,1883,v001,agent:DataEngineer
2026-10-23,96,06:30,voice,Meridian,1,1,1,0,11,100,1799,1799,v001,agent:DataEngineer
2026-10-23,96,07:00,voice,Meridian,1,1,1,0,12,100,1826,1826,v001,agent:DataEngineer
2026-10-23,96,07:30,voice,Meridian,1,1,1,0,11,100,1955,1955,v001,agent:DataEngineer
2026-10-23,96,08:00,voice,Meridian,2,2,2,0,12,100,1835,1835,v001,agent:DataEngineer
2026-10-23,96,08:30,voice,Meridian,2,2,2,0,12,100,1669,1669,v001,agent:DataEngineer
2026-10-23,96,09:00,voice,Meridian,2,2,2,0,11,100,1854,1854,v001,agent:DataEngineer
2026-10-23,96,09:30,voice,Meridian,3,3,3,0,14,100,1984,1984,v001,agent:DataEngineer
2026-10-23,96,10:00,voice,Meridian,4,4,4,0,12,100,1800,1800,v001,agent:DataEngineer
2026-10-23,96,10:30,voice,Meridian,4,3,3,1,73,75,1896,1896,v001,agent:DataEngineer
2026-10-23,96,11:00,voice,Meridian,4,4,4,0,13,100,1875,1875,v001,agent:DataEngineer
2026-10-23,96,11:30,voice,Meridian,5,5,5,0,11,100,1628,1628,v001,agent:DataEngineer
2026-10-23,96,12:00,voice,Meridian,3,3,3,0,13,100,1812,1812,v001,agent:DataEngineer
2026-10-23,96,12:30,voice,Meridian,4,3,3,1,63,75,1771,1771,v001,agent:DataEngineer
2026-10-23,96,13:00,voice,Meridian,3,3,3,0,11,100,1882,1882,v001,agent:DataEngineer
2026-10-23,96,13:30,voice,Meridian,2,2,2,0,11,100,1853,1853,v001,agent:DataEngineer
2026-10-23,96,14:00,voice,Meridian,3,3,3,0,10,100,1780,1780,v001,agent:DataEngineer
2026-10-23,96,14:30,voice,Meridian,3,3,3,0,12,100,1889,1889,v001,agent:DataEngineer
2026-10-23,96,15:00,voice,Meridian,4,4,4,0,12,100,1817,1817,v001,agent:DataEngineer
2026-10-23,96,15:30,voice,Meridian,3,3,3,0,13,100,1820,1820,v001,agent:DataEngineer
2026-10-23,96,16:00,voice,Meridian,3,3,3,0,15,100,1841,1841,v001,agent:DataEngineer
2026-10-23,96,16:30,voice,Meridian,2,2,2,0,13,100,1495,1495,v001,agent:DataEngineer
2026-10-23,96,17:00,voice,Meridian,3,3,3,0,12,100,1815,1815,v001,agent:DataEngineer
2026-10-23,96,17:30,voice,Meridian,1,1,1,0,11,100,1817,1817,v001,agent:DataEngineer
2026-10-23,96,18:00,voice,Meridian,1,1,1,0,11,100,1774,1774,v001,agent:DataEngineer
2026-10-23,96,18:30,voice,Meridian,1,1,1,0,12,100,1638,1638,v001,agent:DataEngineer
2026-10-23,96,19:00,voice,Meridian,1,1,1,0,12,100,1740,1740,v001,agent:DataEngineer
2026-10-23,96,19:30,voice,Meridian,1,1,1,0,10,100,1772,1772,v001,agent:DataEngineer
2026-10-23,96,20:00,voice,Meridian,1,1,1,0,15,100,1877,1877,v001,agent:DataEngineer
2026-10-23,96,20:30,voice,Meridian,1,1,1,0,11,100,2101,2101,v001,agent:DataEngineer
2026-10-23,96,21:00,voice,Meridian,0,0,0,0,0,0,0,0,v001,agent:DataEngineer
2026-10-23,96,21:30,voice,Meridian,1,1,1,0,12,100,1937,1937,v001,agent:DataEngineer
2026-10-23,96,22:00,voice,Meridian,0,0,0,0,0,0,0,0,v001,agent:DataEngineer
2026-10-23,96,22:30,voice,Meridian,0,0,0,0,0,0,0,0,v001,agent:DataEngineer
2026-10-23,96,23:00,voice,Meridian,0,0,0,0,0,0,0,0,v001,agent:DataEngineer
2026-10-23,96,23:30,voice,Meridian,1,1,1,0,12,100,1820,1820,v001,agent:DataEngineer
2026-10-23,96,00:00,chat,Meridian,0,0,0,0,0,0,0,0,v001,agent:DataEngineer
2026-10-23,96,00:30,chat,Meridian,0,0,0,0,0,0,0,0,v001,agent:DataEngineer
2026-10-23,96,01:00,chat,Meridian,1,1,1,0,43,100,1049,525,v001,agent:DataEngineer
2026-10-23,96,01:30,chat,Meridian,1,1,1,0,47,100,969,485,v001,agent:DataEngineer
2026-10-23,96,02:00,chat,Meridian,1,1,1,0,51,100,1178,589,v001,agent:DataEngineer
2026-10-23,96,02:30,chat,Meridian,1,1,1,0,52,100,1113,557,v001,agent:DataEngineer
2026-10-23,96,03:00,chat,Meridian,1,1,1,0,46,100,1153,576,v001,agent:DataEngineer
2026-10-23,96,03:30,chat,Meridian,1,1,1,0,41,100,1053,526,v001,agent:DataEngineer
2026-10-23,96,04:00,chat,Meridian,1,1,1,0,44,100,1048,524,v001,agent:DataEngineer
2026-10-23,96,04:30,chat,Meridian,1,1,1,0,47,100,1080,540,v001,agent:DataEngineer
2026-10-23,96,05:00,chat,Meridian,1,1,1,0,50,100,1185,593,v001,agent:DataEngineer
2026-10-23,96,05:30,chat,Meridian,1,1,1,0,46,100,958,479,v001,agent:DataEngineer
2026-10-23,96,06:00,chat,Meridian,1,1,1,0,50,100,1288,644,v001,agent:DataEngineer
2026-10-23,96,06:30,chat,Meridian,1,1,1,0,46,100,1110,555,v001,agent:DataEngineer
2026-10-23,96,07:00,chat,Meridian,1,1,1,0,40,100,1121,561,v001,agent:DataEngineer
2026-10-23,96,07:30,chat,Meridian,2,2,2,0,53,100,1184,592,v001,agent:DataEngineer
2026-10-23,96,08:00,chat,Meridian,2,2,2,0,43,100,1058,529,v001,agent:DataEngineer
2026-10-23,96,08:30,chat,Meridian,4,4,4,0,42,100,1182,591,v001,agent:DataEngineer
2026-10-23,96,09:00,chat,Meridian,4,4,4,0,49,100,1085,543,v001,agent:DataEngineer
2026-10-23,96,09:30,chat,Meridian,7,6,6,1,87,85.7,1190,595,v001,agent:DataEngineer
2026-10-23,96,10:00,chat,Meridian,8,7,7,1,71,87.5,1059,530,v001,agent:DataEngineer
2026-10-23,96,10:30,chat,Meridian,6,6,6,0,55,100,1111,555,v001,agent:DataEngineer
2026-10-23,96,11:00,chat,Meridian,8,8,8,0,42,100,1129,565,v001,agent:DataEngineer
2026-10-23,96,11:30,chat,Meridian,6,5,5,1,89,83.3,1241,621,v001,agent:DataEngineer
2026-10-23,96,12:00,chat,Meridian,6,6,6,0,44,100,1004,502,v001,agent:DataEngineer
2026-10-23,96,12:30,chat,Meridian,6,6,6,0,51,100,1066,533,v001,agent:DataEngineer
2026-10-23,96,13:00,chat,Meridian,5,5,5,0,48,100,1204,602,v001,agent:DataEngineer
2026-10-23,96,13:30,chat,Meridian,6,6,5,0,82,83.3,1011,505,v001,agent:DataEngineer
2026-10-23,96,14:00,chat,Meridian,6,5,5,1,95,83.3,1118,559,v001,agent:DataEngineer
2026-10-23,96,14:30,chat,Meridian,7,6,6,1,62,85.7,1142,571,v001,agent:DataEngineer
2026-10-23,96,15:00,chat,Meridian,4,4,4,0,46,100,1076,538,v001,agent:DataEngineer
2026-10-23,96,15:30,chat,Meridian,6,6,6,0,45,100,1221,610,v001,agent:DataEngineer
2026-10-23,96,16:00,chat,Meridian,6,6,6,0,42,100,966,483,v001,agent:DataEngineer
2026-10-23,96,16:30,chat,Meridian,4,4,4,0,44,100,1150,575,v001,agent:DataEngineer
2026-10-23,96,17:00,chat,Meridian,4,4,4,0,58,100,1050,525,v001,agent:DataEngineer
2026-10-23,96,17:30,chat,Meridian,2,2,2,0,43,100,1034,517,v001,agent:DataEngineer
2026-10-23,96,18:00,chat,Meridian,2,2,2,0,38,100,1086,543,v001,agent:DataEngineer
2026-10-23,96,18:30,chat,Meridian,2,2,2,0,47,100,1103,551,v001,agent:DataEngineer
2026-10-23,96,19:00,chat,Meridian,1,1,1,0,49,100,1001,500,v001,agent:DataEngineer
2026-10-23,96,19:30,chat,Meridian,1,1,1,0,41,100,1151,576,v001,agent:DataEngineer
2026-10-23,96,20:00,chat,Meridian,1,1,1,0,50,100,1149,575,v001,agent:DataEngineer
2026-10-23,96,20:30,chat,Meridian,1,1,1,0,40,100,1255,628,v001,agent:DataEngineer
2026-10-23,96,21:00,chat,Meridian,1,1,1,0,41,100,1055,528,v001,agent:DataEngineer
2026-10-23,96,21:30,chat,Meridian,1,1,1,0,52,100,1274,637,v001,agent:DataEngineer
2026-10-23,96,22:00,chat,Meridian,0,0,0,0,0,0,0,0,v001,agent:DataEngineer
2026-10-23,96,22:30,chat,Meridian,0,0,0,0,0,0,0,0,v001,agent:DataEngineer
2026-10-23,96,23:00,chat,Meridian,1,1,1,0,42,100,1189,594,v001,agent:DataEngineer
2026-10-23,96,23:30,chat,Meridian,1,1,1,0,40,100,1173,586,v001,agent:DataEngineer
2026-10-24,97,00:00,voice,Meridian,0,0,0,0,0,0,0,0,v001,agent:DataEngineer
2026-10-24,97,00:30,voice,Meridian,0,0,0,0,0,0,0,0,v001,agent:DataEngineer
2026-10-24,97,01:00,voice,Meridian,0,0,0,0,0,0,0,0,v001,agent:DataEngineer
2026-10-24,97,01:30,voice,Meridian,0,0,0,0,0,0,0,0,v001,agent:DataEngineer
2026-10-24,97,02:00,voice,Meridian,0,0,0,0,0,0,0,0,v001,agent:DataEngineer
2026-10-24,97,02:30,voice,Meridian,0,0,0,0,0,0,0,0,v001,agent:DataEngineer
2026-10-24,97,03:00,voice,Meridian,0,0,0,0,0,0,0,0,v001,agent:DataEngineer
2026-10-24,97,03:30,voice,Meridian,0,0,0,0,0,0,0,0,v001,agent:DataEngineer
2026-10-24,97,04:00,voice,Meridian,0,0,0,0,0,0,0,0,v001,agent:DataEngineer
2026-10-24,97,04:30,voice,Meridian,0,0,0,0,0,0,0,0,v001,agent:DataEngineer
2026-10-24,97,05:00,voice,Meridian,0,0,0,0,0,0,0,0,v001,agent:DataEngineer
2026-10-24,97,05:30,voice,Meridian,0,0,0,0,0,0,0,0,v001,agent:DataEngineer
2026-10-24,97,06:00,voice,Meridian,0,0,0,0,0,0,0,0,v001,agent:DataEngineer
2026-10-24,97,06:30,voice,Meridian,0,0,0,0,0,0,0,0,v001,agent:DataEngineer
2026-10-24,97,07:00,voice,Meridian,0,0,0,0,0,0,0,0,v001,agent:DataEngineer
2026-10-24,97,07:30,voice,Meridian,1,1,1,0,12,100,1812,1812,v001,agent:DataEngineer
2026-10-24,97,08:00,voice,Meridian,1,1,1,0,11,100,1665,1665,v001,agent:DataEngineer
2026-10-24,97,08:30,voice,Meridian,1,1,1,0,12,100,1672,1672,v001,agent:DataEngineer
2026-10-24,97,09:00,voice,Meridian,1,1,1,0,13,100,1692,1692,v001,agent:DataEngineer
2026-10-24,97,09:30,voice,Meridian,2,2,1,0,227,50,1722,1722,v001,agent:DataEngineer
2026-10-24,97,10:00,voice,Meridian,2,2,2,0,12,100,1743,1743,v001,agent:DataEngineer
2026-10-24,97,10:30,voice,Meridian,3,2,2,1,103,66.7,1612,1612,v001,agent:DataEngineer
2026-10-24,97,11:00,voice,Meridian,2,2,2,0,11,100,1726,1726,v001,agent:DataEngineer
2026-10-24,97,11:30,voice,Meridian,2,2,2,0,10,100,1562,1562,v001,agent:DataEngineer
2026-10-24,97,12:00,voice,Meridian,2,2,2,0,12,100,1885,1885,v001,agent:DataEngineer
2026-10-24,97,12:30,voice,Meridian,2,2,2,0,12,100,1774,1774,v001,agent:DataEngineer
2026-10-24,97,13:00,voice,Meridian,2,2,2,0,17,100,1578,1578,v001,agent:DataEngineer
2026-10-24,97,13:30,voice,Meridian,2,2,2,0,11,100,1557,1557,v001,agent:DataEngineer
2026-10-24,97,14:00,voice,Meridian,2,2,2,0,11,100,1939,1939,v001,agent:DataEngineer
2026-10-24,97,14:30,voice,Meridian,2,2,2,0,12,100,1731,1731,v001,agent:DataEngineer
2026-10-24,97,15:00,voice,Meridian,2,2,2,0,12,100,1636,1636,v001,agent:DataEngineer
2026-10-24,97,15:30,voice,Meridian,2,2,2,0,11,100,1600,1600,v001,agent:DataEngineer
2026-10-24,97,16:00,voice,Meridian,2,2,2,0,15,100,1659,1659,v001,agent:DataEngineer
2026-10-24,97,16:30,voice,Meridian,2,2,2,0,9,100,1591,1591,v001,agent:DataEngineer
2026-10-24,97,17:00,voice,Meridian,1,1,1,0,11,100,1591,1591,v001,agent:DataEngineer
2026-10-24,97,17:30,voice,Meridian,1,1,1,0,10,100,1672,1672,v001,agent:DataEngineer
2026-10-24,97,18:00,voice,Meridian,1,1,1,0,11,100,1755,1755,v001,agent:DataEngineer
2026-10-24,97,18:30,voice,Meridian,1,1,1,0,12,100,1570,1570,v001,agent:DataEngineer
2026-10-24,97,19:00,voice,Meridian,1,1,1,0,13,100,1552,1552,v001,agent:DataEngineer
2026-10-24,97,19:30,voice,Meridian,1,1,1,0,10,100,1677,1677,v001,agent:DataEngineer
2026-10-24,97,20:00,voice,Meridian,0,0,0,0,0,0,0,0,v001,agent:DataEngineer
2026-10-24,97,20:30,voice,Meridian,0,0,0,0,0,0,0,0,v001,agent:DataEngineer
2026-10-24,97,21:00,voice,Meridian,0,0,0,0,0,0,0,0,v001,agent:DataEngineer
2026-10-24,97,21:30,voice,Meridian,0,0,0,0,0,0,0,0,v001,agent:DataEngineer
2026-10-24,97,22:00,voice,Meridian,0,0,0,0,0,0,0,0,v001,agent:DataEngineer
2026-10-24,97,22:30,voice,Meridian,0,0,0,0,0,0,0,0,v001,agent:DataEngineer
2026-10-24,97,23:00,voice,Meridian,0,0,0,0,0,0,0,0,v001,agent:DataEngineer
2026-10-24,97,23:30,voice,Meridian,0,0,0,0,0,0,0,0,v001,agent:DataEngineer
2026-10-24,97,00:00,chat,Meridian,0,0,0,0,0,0,0,0,v001,agent:DataEngineer
2026-10-24,97,00:30,chat,Meridian,0,0,0,0,0,0,0,0,v001,agent:DataEngineer
2026-10-24,97,01:00,chat,Meridian,0,0,0,0,0,0,0,0,v001,agent:DataEngineer
2026-10-24,97,01:30,chat,Meridian,0,0,0,0,0,0,0,0,v001,agent:DataEngineer
2026-10-24,97,02:00,chat,Meridian,0,0,0,0,0,0,0,0,v001,agent:DataEngineer
2026-10-24,97,02:30,chat,Meridian,1,1,1,0,46,100,1035,517,v001,agent:DataEngineer
2026-10-24,97,03:00,chat,Meridian,1,1,1,0,48,100,1130,565,v001,agent:DataEngineer
2026-10-24,97,03:30,chat,Meridian,0,0,0,0,0,0,0,0,v001,agent:DataEngineer
2026-10-24,97,04:00,chat,Meridian,1,1,1,0,47,100,1202,601,v001,agent:DataEngineer
2026-10-24,97,04:30,chat,Meridian,0,0,0,0,0,0,0,0,v001,agent:DataEngineer
2026-10-24,97,05:00,chat,Meridian,1,1,1,0,41,100,1108,554,v001,agent:DataEngineer
2026-10-24,97,05:30,chat,Meridian,1,1,1,0,36,100,1112,556,v001,agent:DataEngineer
2026-10-24,97,06:00,chat,Meridian,0,0,0,0,0,0,0,0,v001,agent:DataEngineer
2026-10-24,97,06:30,chat,Meridian,1,1,1,0,40,100,1174,587,v001,agent:DataEngineer
2026-10-24,97,07:00,chat,Meridian,1,1,1,0,50,100,980,490,v001,agent:DataEngineer
2026-10-24,97,07:30,chat,Meridian,1,1,1,0,42,100,1118,559,v001,agent:DataEngineer
2026-10-24,97,08:00,chat,Meridian,2,2,2,0,47,100,1182,591,v001,agent:DataEngineer
2026-10-24,97,08:30,chat,Meridian,2,2,2,0,46,100,1161,581,v001,agent:DataEngineer
2026-10-24,97,09:00,chat,Meridian,3,3,3,0,42,100,1120,560,v001,agent:DataEngineer
2026-10-24,97,09:30,chat,Meridian,4,4,4,0,43,100,1216,608,v001,agent:DataEngineer
2026-10-24,97,10:00,chat,Meridian,4,4,4,0,39,100,1159,579,v001,agent:DataEngineer
2026-10-24,97,10:30,chat,Meridian,4,3,3,1,127,75,1188,594,v001,agent:DataEngineer
2026-10-24,97,11:00,chat,Meridian,2,2,2,0,46,100,1127,563,v001,agent:DataEngineer
2026-10-24,97,11:30,chat,Meridian,4,4,4,0,45,100,1024,512,v001,agent:DataEngineer
2026-10-24,97,12:00,chat,Meridian,4,4,4,0,42,100,1147,574,v001,agent:DataEngineer
2026-10-24,97,12:30,chat,Meridian,3,3,3,0,43,100,1188,594,v001,agent:DataEngineer
2026-10-24,97,13:00,chat,Meridian,3,3,3,0,37,100,1181,591,v001,agent:DataEngineer
2026-10-24,97,13:30,chat,Meridian,3,3,3,0,50,100,1098,549,v001,agent:DataEngineer
2026-10-24,97,14:00,chat,Meridian,5,4,4,1,94,80,1123,561,v001,agent:DataEngineer
2026-10-24,97,14:30,chat,Meridian,3,3,3,0,48,100,1152,576,v001,agent:DataEngineer
2026-10-24,97,15:00,chat,Meridian,4,4,4,0,38,100,1128,564,v001,agent:DataEngineer
2026-10-24,97,15:30,chat,Meridian,3,3,3,0,40,100,1038,519,v001,agent:DataEngineer
2026-10-24,97,16:00,chat,Meridian,3,3,3,0,44,100,1134,567,v001,agent:DataEngineer
2026-10-24,97,16:30,chat,Meridian,3,3,3,0,40,100,1147,574,v001,agent:DataEngineer
2026-10-24,97,17:00,chat,Meridian,2,2,2,0,46,100,1048,524,v001,agent:DataEngineer
2026-10-24,97,17:30,chat,Meridian,2,2,2,0,43,100,1142,571,v001,agent:DataEngineer
2026-10-24,97,18:00,chat,Meridian,1,1,1,0,46,100,1120,560,v001,agent:DataEngineer
2026-10-24,97,18:30,chat,Meridian,1,1,1,0,49,100,1141,570,v001,agent:DataEngineer
2026-10-24,97,19:00,chat,Meridian,1,1,1,0,52,100,1093,547,v001,agent:DataEngineer
2026-10-24,97,19:30,chat,Meridian,1,1,1,0,44,100,1236,618,v001,agent:DataEngineer
2026-10-24,97,20:00,chat,Meridian,0,0,0,0,0,0,0,0,v001,agent:DataEngineer
2026-10-24,97,20:30,chat,Meridian,0,0,0,0,0,0,0,0,v001,agent:DataEngineer
2026-10-24,97,21:00,chat,Meridian,0,0,0,0,0,0,0,0,v001,agent:DataEngineer
2026-10-24,97,21:30,chat,Meridian,0,0,0,0,0,0,0,0,v001,agent:DataEngineer
2026-10-24,97,22:00,chat,Meridian,0,0,0,0,0,0,0,0,v001,agent:DataEngineer
2026-10-24,97,22:30,chat,Meridian,0,0,0,0,0,0,0,0,v001,agent:DataEngineer
2026-10-24,97,23:00,chat,Meridian,0,0,0,0,0,0,0,0,v001,agent:DataEngineer
2026-10-24,97,23:30,chat,Meridian,0,0,0,0,0,0,0,0,v001,agent:DataEngineer
2026-10-25,98,00:00,voice,Meridian,0,0,0,0,0,0,0,0,v001,agent:DataEngineer
2026-10-25,98,00:30,voice,Meridian,0,0,0,0,0,0,0,0,v001,agent:DataEngineer
2026-10-25,98,01:00,voice,Meridian,0,0,0,0,0,0,0,0,v001,agent:DataEngineer
2026-10-25,98,01:30,voice,Meridian,0,0,0,0,0,0,0,0,v001,agent:DataEngineer
2026-10-25,98,02:00,voice,Meridian,0,0,0,0,0,0,0,0,v001,agent:DataEngineer
2026-10-25,98,02:30,voice,Meridian,0,0,0,0,0,0,0,0,v001,agent:DataEngineer
2026-10-25,98,03:00,voice,Meridian,0,0,0,0,0,0,0,0,v001,agent:DataEngineer
2026-10-25,98,03:30,voice,Meridian,0,0,0,0,0,0,0,0,v001,agent:DataEngineer
2026-10-25,98,04:00,voice,Meridian,0,0,0,0,0,0,0,0,v001,agent:DataEngineer
2026-10-25,98,04:30,voice,Meridian,0,0,0,0,0,0,0,0,v001,agent:DataEngineer
2026-10-25,98,05:00,voice,Meridian,0,0,0,0,0,0,0,0,v001,agent:DataEngineer
2026-10-25,98,05:30,voice,Meridian,0,0,0,0,0,0,0,0,v001,agent:DataEngineer
2026-10-25,98,06:00,voice,Meridian,0,0,0,0,0,0,0,0,v001,agent:DataEngineer
2026-10-25,98,06:30,voice,Meridian,0,0,0,0,0,0,0,0,v001,agent:DataEngineer
2026-10-25,98,07:00,voice,Meridian,1,1,1,0,14,100,1737,1737,v001,agent:DataEngineer
2026-10-25,98,07:30,voice,Meridian,1,1,1,0,13,100,1672,1672,v001,agent:DataEngineer
2026-10-25,98,08:00,voice,Meridian,1,1,1,0,12,100,1813,1813,v001,agent:DataEngineer
2026-10-25,98,08:30,voice,Meridian,1,1,1,0,12,100,1849,1849,v001,agent:DataEngineer
2026-10-25,98,09:00,voice,Meridian,2,2,2,0,12,100,1601,1601,v001,agent:DataEngineer
2026-10-25,98,09:30,voice,Meridian,2,2,2,0,13,100,1801,1801,v001,agent:DataEngineer
2026-10-25,98,10:00,voice,Meridian,2,2,2,0,11,100,1653,1653,v001,agent:DataEngineer
2026-10-25,98,10:30,voice,Meridian,3,3,3,0,14,100,1965,1965,v001,agent:DataEngineer
2026-10-25,98,11:00,voice,Meridian,3,2,2,1,128,66.7,1812,1812,v001,agent:DataEngineer
2026-10-25,98,11:30,voice,Meridian,2,2,2,0,11,100,1759,1759,v001,agent:DataEngineer
2026-10-25,98,12:00,voice,Meridian,2,2,2,0,12,100,1711,1711,v001,agent:DataEngineer
2026-10-25,98,12:30,voice,Meridian,2,2,2,0,10,100,1945,1945,v001,agent:DataEngineer
2026-10-25,98,13:00,voice,Meridian,2,2,2,0,11,100,1777,1777,v001,agent:DataEngineer
2026-10-25,98,13:30,voice,Meridian,2,2,2,0,13,100,1804,1804,v001,agent:DataEngineer
2026-10-25,98,14:00,voice,Meridian,3,3,3,0,13,100,1725,1725,v001,agent:DataEngineer
2026-10-25,98,14:30,voice,Meridian,2,2,2,0,13,100,1624,1624,v001,agent:DataEngineer
2026-10-25,98,15:00,voice,Meridian,2,2,2,0,13,100,1715,1715,v001,agent:DataEngineer
2026-10-25,98,15:30,voice,Meridian,3,3,3,0,12,100,1945,1945,v001,agent:DataEngineer
2026-10-25,98,16:00,voice,Meridian,2,2,2,0,12,100,1671,1671,v001,agent:DataEngineer
2026-10-25,98,16:30,voice,Meridian,1,1,1,0,15,100,1853,1853,v001,agent:DataEngineer
2026-10-25,98,17:00,voice,Meridian,1,1,1,0,14,100,1945,1945,v001,agent:DataEngineer
2026-10-25,98,17:30,voice,Meridian,1,1,1,0,11,100,1839,1839,v001,agent:DataEngineer
2026-10-25,98,18:00,voice,Meridian,1,1,1,0,11,100,1760,1760,v001,agent:DataEngineer
2026-10-25,98,18:30,voice,Meridian,1,1,1,0,11,100,1823,1823,v001,agent:DataEngineer
2026-10-25,98,19:00,voice,Meridian,1,1,1,0,14,100,1899,1899,v001,agent:DataEngineer
2026-10-25,98,19:30,voice,Meridian,0,0,0,0,0,0,0,0,v001,agent:DataEngineer
2026-10-25,98,20:00,voice,Meridian,0,0,0,0,0,0,0,0,v001,agent:DataEngineer
2026-10-25,98,20:30,voice,Meridian,0,0,0,0,0,0,0,0,v001,agent:DataEngineer
2026-10-25,98,21:00,voice,Meridian,0,0,0,0,0,0,0,0,v001,agent:DataEngineer
2026-10-25,98,21:30,voice,Meridian,0,0,0,0,0,0,0,0,v001,agent:DataEngineer
2026-10-25,98,22:00,voice,Meridian,0,0,0,0,0,0,0,0,v001,agent:DataEngineer
2026-10-25,98,22:30,voice,Meridian,0,0,0,0,0,0,0,0,v001,agent:DataEngineer
2026-10-25,98,23:00,voice,Meridian,0,0,0,0,0,0,0,0,v001,agent:DataEngineer
2026-10-25,98,23:30,voice,Meridian,0,0,0,0,0,0,0,0,v001,agent:DataEngineer
2026-10-25,98,00:00,chat,Meridian,0,0,0,0,0,0,0,0,v001,agent:DataEngineer
2026-10-25,98,00:30,chat,Meridian,1,1,1,0,39,100,1015,507,v001,agent:DataEngineer
2026-10-25,98,01:00,chat,Meridian,0,0,0,0,0,0,0,0,v001,agent:DataEngineer
2026-10-25,98,01:30,chat,Meridian,0,0,0,0,0,0,0,0,v001,agent:DataEngineer
2026-10-25,98,02:00,chat,Meridian,1,1,1,0,43,100,1028,514,v001,agent:DataEngineer
2026-10-25,98,02:30,chat,Meridian,0,0,0,0,0,0,0,0,v001,agent:DataEngineer
2026-10-25,98,03:00,chat,Meridian,0,0,0,0,0,0,0,0,v001,agent:DataEngineer
2026-10-25,98,03:30,chat,Meridian,1,1,1,0,47,100,1044,522,v001,agent:DataEngineer
2026-10-25,98,04:00,chat,Meridian,0,0,0,0,0,0,0,0,v001,agent:DataEngineer
2026-10-25,98,04:30,chat,Meridian,0,0,0,0,0,0,0,0,v001,agent:DataEngineer
2026-10-25,98,05:00,chat,Meridian,0,0,0,0,0,0,0,0,v001,agent:DataEngineer
2026-10-25,98,05:30,chat,Meridian,1,1,1,0,50,100,960,480,v001,agent:DataEngineer
2026-10-25,98,06:00,chat,Meridian,1,1,1,0,48,100,1058,529,v001,agent:DataEngineer
2026-10-25,98,06:30,chat,Meridian,1,1,1,0,45,100,1006,503,v001,agent:DataEngineer
2026-10-25,98,07:00,chat,Meridian,1,1,1,0,47,100,1077,539,v001,agent:DataEngineer
2026-10-25,98,07:30,chat,Meridian,1,1,1,0,54,100,977,489,v001,agent:DataEngineer
2026-10-25,98,08:00,chat,Meridian,2,2,2,0,43,100,964,482,v001,agent:DataEngineer
2026-10-25,98,08:30,chat,Meridian,2,2,2,0,44,100,950,475,v001,agent:DataEngineer
2026-10-25,98,09:00,chat,Meridian,3,3,3,0,47,100,1033,517,v001,agent:DataEngineer
2026-10-25,98,09:30,chat,Meridian,4,4,4,0,42,100,994,497,v001,agent:DataEngineer
2026-10-25,98,10:00,chat,Meridian,4,4,4,0,37,100,1066,533,v001,agent:DataEngineer
2026-10-25,98,10:30,chat,Meridian,4,4,4,0,44,100,995,497,v001,agent:DataEngineer
2026-10-25,98,11:00,chat,Meridian,5,5,5,0,41,100,959,479,v001,agent:DataEngineer
2026-10-25,98,11:30,chat,Meridian,3,3,3,0,42,100,990,495,v001,agent:DataEngineer
2026-10-25,98,12:00,chat,Meridian,5,4,4,1,107,80,919,459,v001,agent:DataEngineer
2026-10-25,98,12:30,chat,Meridian,4,4,3,0,146,75,937,468,v001,agent:DataEngineer
2026-10-25,98,13:00,chat,Meridian,3,3,3,0,38,100,1043,522,v001,agent:DataEngineer
2026-10-25,98,13:30,chat,Meridian,4,4,4,0,46,100,952,476,v001,agent:DataEngineer
2026-10-25,98,14:00,chat,Meridian,4,4,4,0,39,100,983,491,v001,agent:DataEngineer
2026-10-25,98,14:30,chat,Meridian,4,4,4,0,41,100,1016,508,v001,agent:DataEngineer
2026-10-25,98,15:00,chat,Meridian,4,3,3,1,136,75,1018,509,v001,agent:DataEngineer
2026-10-25,98,15:30,chat,Meridian,4,3,3,1,140,75,1058,529,v001,agent:DataEngineer
2026-10-25,98,16:00,chat,Meridian,3,3,3,0,48,100,994,497,v001,agent:DataEngineer
2026-10-25,98,16:30,chat,Meridian,2,2,2,0,51,100,915,458,v001,agent:DataEngineer
2026-10-25,98,17:00,chat,Meridian,2,2,2,0,45,100,923,461,v001,agent:DataEngineer
2026-10-25,98,17:30,chat,Meridian,2,2,2,0,43,100,1073,537,v001,agent:DataEngineer
2026-10-25,98,18:00,chat,Meridian,1,1,1,0,47,100,1076,538,v001,agent:DataEngineer
2026-10-25,98,18:30,chat,Meridian,1,1,1,0,45,100,995,497,v001,agent:DataEngineer
2026-10-25,98,19:00,chat,Meridian,1,1,1,0,34,100,1049,525,v001,agent:DataEngineer
2026-10-25,98,19:30,chat,Meridian,1,1,1,0,50,100,937,468,v001,agent:DataEngineer
2026-10-25,98,20:00,chat,Meridian,0,0,0,0,0,0,0,0,v001,agent:DataEngineer
2026-10-25,98,20:30,chat,Meridian,0,0,0,0,0,0,0,0,v001,agent:DataEngineer
2026-10-25,98,21:00,chat,Meridian,0,0,0,0,0,0,0,0,v001,agent:DataEngineer
2026-10-25,98,21:30,chat,Meridian,0,0,0,0,0,0,0,0,v001,agent:DataEngineer
2026-10-25,98,22:00,chat,Meridian,1,1,1,0,47,100,916,458,v001,agent:DataEngineer
2026-10-25,98,22:30,chat,Meridian,0,0,0,0,0,0,0,0,v001,agent:DataEngineer
2026-10-25,98,23:00,chat,Meridian,0,0,0,0,0,0,0,0,v001,agent:DataEngineer
2026-10-25,98,23:30,chat,Meridian,0,0,0,0,0,0,0,0,v001,agent:DataEngineer
2026-10-26,99,00:00,voice,Meridian,0,0,0,0,0,0,0,0,v001,agent:DataEngineer
2026-10-26,99,00:30,voice,Meridian,0,0,0,0,0,0,0,0,v001,agent:DataEngineer
2026-10-26,99,01:00,voice,Meridian,0,0,0,0,0,0,0,0,v001,agent:DataEngineer
2026-10-26,99,01:30,voice,Meridian,0,0,0,0,0,0,0,0,v001,agent:DataEngineer
2026-10-26,99,02:00,voice,Meridian,0,0,0,0,0,0,0,0,v001,agent:DataEngineer
2026-10-26,99,02:30,voice,Meridian,0,0,0,0,0,0,0,0,v001,agent:DataEngineer
2026-10-26,99,03:00,voice,Meridian,0,0,0,0,0,0,0,0,v001,agent:DataEngineer
2026-10-26,99,03:30,voice,Meridian,0,0,0,0,0,0,0,0,v001,agent:DataEngineer
2026-10-26,99,04:00,voice,Meridian,0,0,0,0,0,0,0,0,v001,agent:DataEngineer
2026-10-26,99,04:30,voice,Meridian,1,1,1,0,11,100,1678,1678,v001,agent:DataEngineer
2026-10-26,99,05:00,voice,Meridian,0,0,0,0,0,0,0,0,v001,agent:DataEngineer
2026-10-26,99,05:30,voice,Meridian,0,0,0,0,0,0,0,0,v001,agent:DataEngineer
2026-10-26,99,06:00,voice,Meridian,1,1,1,0,11,100,1649,1649,v001,agent:DataEngineer
2026-10-26,99,06:30,voice,Meridian,1,1,1,0,12,100,1915,1915,v001,agent:DataEngineer
2026-10-26,99,07:00,voice,Meridian,1,1,1,0,12,100,1925,1925,v001,agent:DataEngineer
2026-10-26,99,07:30,voice,Meridian,1,1,1,0,11,100,1639,1639,v001,agent:DataEngineer
2026-10-26,99,08:00,voice,Meridian,2,2,2,0,12,100,1565,1565,v001,agent:DataEngineer
2026-10-26,99,08:30,voice,Meridian,2,2,2,0,12,100,1653,1653,v001,agent:DataEngineer
2026-10-26,99,09:00,voice,Meridian,3,3,3,0,11,100,1723,1723,v001,agent:DataEngineer
2026-10-26,99,09:30,voice,Meridian,5,5,5,0,11,100,1769,1769,v001,agent:DataEngineer
2026-10-26,99,10:00,voice,Meridian,5,4,4,1,47,80,1675,1675,v001,agent:DataEngineer
2026-10-26,99,10:30,voice,Meridian,5,5,5,0,12,100,1726,1726,v001,agent:DataEngineer
2026-10-26,99,11:00,voice,Meridian,4,4,4,0,14,100,1659,1659,v001,agent:DataEngineer
2026-10-26,99,11:30,voice,Meridian,4,4,4,0,13,100,1678,1678,v001,agent:DataEngineer
2026-10-26,99,12:00,voice,Meridian,4,3,3,1,67,75,1795,1795,v001,agent:DataEngineer
2026-10-26,99,12:30,voice,Meridian,4,4,4,0,10,100,1631,1631,v001,agent:DataEngineer
2026-10-26,99,13:00,voice,Meridian,3,3,3,0,11,100,1748,1748,v001,agent:DataEngineer
2026-10-26,99,13:30,voice,Meridian,4,4,4,0,15,100,1779,1779,v001,agent:DataEngineer
2026-10-26,99,14:00,voice,Meridian,4,4,4,0,12,100,1663,1663,v001,agent:DataEngineer
2026-10-26,99,14:30,voice,Meridian,4,4,4,0,13,100,1816,1816,v001,agent:DataEngineer
2026-10-26,99,15:00,voice,Meridian,3,3,3,0,10,100,1767,1767,v001,agent:DataEngineer
2026-10-26,99,15:30,voice,Meridian,5,5,5,0,11,100,1669,1669,v001,agent:DataEngineer
2026-10-26,99,16:00,voice,Meridian,4,4,4,0,11,100,1952,1952,v001,agent:DataEngineer
2026-10-26,99,16:30,voice,Meridian,3,3,3,0,12,100,1647,1647,v001,agent:DataEngineer
2026-10-26,99,17:00,voice,Meridian,2,2,2,0,13,100,1804,1804,v001,agent:DataEngineer
2026-10-26,99,17:30,voice,Meridian,2,2,2,0,10,100,1633,1633,v001,agent:DataEngineer
2026-10-26,99,18:00,voice,Meridian,1,1,1,0,13,100,1852,1852,v001,agent:DataEngineer
2026-10-26,99,18:30,voice,Meridian,1,1,1,0,13,100,1643,1643,v001,agent:DataEngineer
2026-10-26,99,19:00,voice,Meridian,1,1,1,0,12,100,1619,1619,v001,agent:DataEngineer
2026-10-26,99,19:30,voice,Meridian,1,1,1,0,10,100,1715,1715,v001,agent:DataEngineer
2026-10-26,99,20:00,voice,Meridian,0,0,0,0,0,0,0,0,v001,agent:DataEngineer
2026-10-26,99,20:30,voice,Meridian,1,1,1,0,11,100,1733,1733,v001,agent:DataEngineer
2026-10-26,99,21:00,voice,Meridian,1,1,1,0,12,100,1882,1882,v001,agent:DataEngineer
2026-10-26,99,21:30,voice,Meridian,1,1,1,0,12,100,1622,1622,v001,agent:DataEngineer
2026-10-26,99,22:00,voice,Meridian,1,1,1,0,10,100,1692,1692,v001,agent:DataEngineer
2026-10-26,99,22:30,voice,Meridian,0,0,0,0,0,0,0,0,v001,agent:DataEngineer
2026-10-26,99,23:00,voice,Meridian,1,1,1,0,13,100,1679,1679,v001,agent:DataEngineer
2026-10-26,99,23:30,voice,Meridian,0,0,0,0,0,0,0,0,v001,agent:DataEngineer
2026-10-26,99,00:00,chat,Meridian,1,1,1,0,42,100,1092,546,v001,agent:DataEngineer
2026-10-26,99,00:30,chat,Meridian,1,1,1,0,44,100,1019,509,v001,agent:DataEngineer
2026-10-26,99,01:00,chat,Meridian,1,1,1,0,51,100,1052,526,v001,agent:DataEngineer
2026-10-26,99,01:30,chat,Meridian,1,1,1,0,37,100,984,492,v001,agent:DataEngineer
2026-10-26,99,02:00,chat,Meridian,1,1,1,0,42,100,958,479,v001,agent:DataEngineer
2026-10-26,99,02:30,chat,Meridian,1,1,1,0,41,100,1037,518,v001,agent:DataEngineer
2026-10-26,99,03:00,chat,Meridian,1,1,1,0,36,100,992,496,v001,agent:DataEngineer
2026-10-26,99,03:30,chat,Meridian,1,1,1,0,37,100,1035,518,v001,agent:DataEngineer
2026-10-26,99,04:00,chat,Meridian,1,1,1,0,44,100,967,483,v001,agent:DataEngineer
2026-10-26,99,04:30,chat,Meridian,1,1,1,0,46,100,1073,536,v001,agent:DataEngineer
2026-10-26,99,05:00,chat,Meridian,1,1,1,0,46,100,969,485,v001,agent:DataEngineer
2026-10-26,99,05:30,chat,Meridian,1,1,1,0,49,100,980,490,v001,agent:DataEngineer
2026-10-26,99,06:00,chat,Meridian,1,1,1,0,46,100,1009,505,v001,agent:DataEngineer
2026-10-26,99,06:30,chat,Meridian,1,1,1,0,50,100,1091,545,v001,agent:DataEngineer
2026-10-26,99,07:00,chat,Meridian,1,1,1,0,41,100,911,455,v001,agent:DataEngineer
2026-10-26,99,07:30,chat,Meridian,2,2,2,0,40,100,1081,540,v001,agent:DataEngineer
2026-10-26,99,08:00,chat,Meridian,4,4,4,0,48,100,1035,517,v001,agent:DataEngineer
2026-10-26,99,08:30,chat,Meridian,4,4,4,0,42,100,1066,533,v001,agent:DataEngineer
2026-10-26,99,09:00,chat,Meridian,6,6,6,0,42,100,984,492,v001,agent:DataEngineer
2026-10-26,99,09:30,chat,Meridian,9,9,9,0,46,100,954,477,v001,agent:DataEngineer
2026-10-26,99,10:00,chat,Meridian,9,8,8,1,62,88.9,1053,527,v001,agent:DataEngineer
2026-10-26,99,10:30,chat,Meridian,8,8,8,0,49,100,980,490,v001,agent:DataEngineer
2026-10-26,99,11:00,chat,Meridian,7,6,6,1,85,85.7,1022,511,v001,agent:DataEngineer
2026-10-26,99,11:30,chat,Meridian,7,6,5,1,154,71.4,1069,535,v001,agent:DataEngineer
2026-10-26,99,12:00,chat,Meridian,8,7,7,1,67,87.5,988,494,v001,agent:DataEngineer
2026-10-26,99,12:30,chat,Meridian,6,5,5,1,85,83.3,960,480,v001,agent:DataEngineer
2026-10-26,99,13:00,chat,Meridian,6,6,5,0,99,83.3,1005,503,v001,agent:DataEngineer
2026-10-26,99,13:30,chat,Meridian,6,6,6,0,40,100,1019,510,v001,agent:DataEngineer
2026-10-26,99,14:00,chat,Meridian,7,7,7,0,56,100,1035,518,v001,agent:DataEngineer
2026-10-26,99,14:30,chat,Meridian,7,7,6,0,77,85.7,936,468,v001,agent:DataEngineer
2026-10-26,99,15:00,chat,Meridian,8,8,7,0,70,87.5,1046,523,v001,agent:DataEngineer
2026-10-26,99,15:30,chat,Meridian,6,6,6,0,47,100,879,439,v001,agent:DataEngineer
2026-10-26,99,16:00,chat,Meridian,7,6,6,1,77,85.7,1076,538,v001,agent:DataEngineer
2026-10-26,99,16:30,chat,Meridian,6,6,6,0,42,100,953,477,v001,agent:DataEngineer
2026-10-26,99,17:00,chat,Meridian,5,5,5,0,45,100,968,484,v001,agent:DataEngineer
2026-10-26,99,17:30,chat,Meridian,3,3,3,0,54,100,1058,529,v001,agent:DataEngineer
2026-10-26,99,18:00,chat,Meridian,3,3,3,0,40,100,1058,529,v001,agent:DataEngineer
2026-10-26,99,18:30,chat,Meridian,2,2,2,0,52,100,1008,504,v001,agent:DataEngineer
2026-10-26,99,19:00,chat,Meridian,1,1,1,0,46,100,892,446,v001,agent:DataEngineer
2026-10-26,99,19:30,chat,Meridian,1,1,1,0,45,100,1056,528,v001,agent:DataEngineer
2026-10-26,99,20:00,chat,Meridian,1,1,1,0,43,100,1084,542,v001,agent:DataEngineer
2026-10-26,99,20:30,chat,Meridian,1,1,1,0,44,100,1029,514,v001,agent:DataEngineer
2026-10-26,99,21:00,chat,Meridian,1,1,1,0,47,100,967,484,v001,agent:DataEngineer
2026-10-26,99,21:30,chat,Meridian,1,1,1,0,43,100,934,467,v001,agent:DataEngineer
2026-10-26,99,22:00,chat,Meridian,1,1,1,0,44,100,937,468,v001,agent:DataEngineer
2026-10-26,99,22:30,chat,Meridian,1,1,1,0,36,100,1023,511,v001,agent:DataEngineer
2026-10-26,99,23:00,chat,Meridian,1,1,1,0,45,100,854,427,v001,agent:DataEngineer
2026-10-26,99,23:30,chat,Meridian,1,1,1,0,39,100,1050,525,v001,agent:DataEngineer
2026-10-27,100,00:00,voice,Meridian,1,1,1,0,14,100,1891,1891,v001,agent:DataEngineer
2026-10-27,100,00:30,voice,Meridian,1,1,1,0,14,100,1759,1759,v001,agent:DataEngineer
2026-10-27,100,01:00,voice,Meridian,1,1,1,0,14,100,1900,1900,v001,agent:DataEngineer
2026-10-27,100,01:30,voice,Meridian,0,0,0,0,0,0,0,0,v001,agent:DataEngineer
2026-10-27,100,02:00,voice,Meridian,0,0,0,0,0,0,0,0,v001,agent:DataEngineer
2026-10-27,100,02:30,voice,Meridian,1,1,1,0,12,100,2033,2033,v001,agent:DataEngineer
2026-10-27,100,03:00,voice,Meridian,1,1,1,0,12,100,1825,1825,v001,agent:DataEngineer
2026-10-27,100,03:30,voice,Meridian,1,1,1,0,12,100,1740,1740,v001,agent:DataEngineer
2026-10-27,100,04:00,voice,Meridian,0,0,0,0,0,0,0,0,v001,agent:DataEngineer
2026-10-27,100,04:30,voice,Meridian,0,0,0,0,0,0,0,0,v001,agent:DataEngineer
2026-10-27,100,05:00,voice,Meridian,1,1,1,0,11,100,2086,2086,v001,agent:DataEngineer
2026-10-27,100,05:30,voice,Meridian,1,1,1,0,12,100,1839,1839,v001,agent:DataEngineer
2026-10-27,100,06:00,voice,Meridian,1,1,1,0,10,100,1765,1765,v001,agent:DataEngineer
2026-10-27,100,06:30,voice,Meridian,1,1,1,0,13,100,1897,1897,v001,agent:DataEngineer
2026-10-27,100,07:00,voice,Meridian,1,1,1,0,10,100,1974,1974,v001,agent:DataEngineer
2026-10-27,100,07:30,voice,Meridian,1,1,1,0,13,100,1688,1688,v001,agent:DataEngineer
2026-10-27,100,08:00,voice,Meridian,2,2,2,0,12,100,1823,1823,v001,agent:DataEngineer
2026-10-27,100,08:30,voice,Meridian,3,3,3,0,10,100,1816,1816,v001,agent:DataEngineer
2026-10-27,100,09:00,voice,Meridian,3,3,3,0,13,100,1870,1870,v001,agent:DataEngineer
2026-10-27,100,09:30,voice,Meridian,4,4,4,0,15,100,1734,1734,v001,agent:DataEngineer
2026-10-27,100,10:00,voice,Meridian,5,5,5,0,11,100,1702,1702,v001,agent:DataEngineer
2026-10-27,100,10:30,voice,Meridian,5,5,5,0,11,100,1941,1941,v001,agent:DataEngineer
2026-10-27,100,11:00,voice,Meridian,5,4,4,1,46,80,1769,1769,v001,agent:DataEngineer
2026-10-27,100,11:30,voice,Meridian,6,6,5,0,36,83.3,1610,1610,v001,agent:DataEngineer
2026-10-27,100,12:00,voice,Meridian,4,4,4,0,11,100,1931,1931,v001,agent:DataEngineer
2026-10-27,100,12:30,voice,Meridian,4,3,3,1,76,75,1830,1830,v001,agent:DataEngineer
2026-10-27,100,13:00,voice,Meridian,4,4,4,0,11,100,1645,1645,v001,agent:DataEngineer
2026-10-27,100,13:30,voice,Meridian,3,3,3,0,13,100,1932,1932,v001,agent:DataEngineer
2026-10-27,100,14:00,voice,Meridian,4,4,4,0,12,100,1674,1674,v001,agent:DataEngineer
2026-10-27,100,14:30,voice,Meridian,5,5,5,0,9,100,1692,1692,v001,agent:DataEngineer
2026-10-27,100,15:00,voice,Meridian,5,5,5,0,12,100,1722,1722,v001,agent:DataEngineer
2026-10-27,100,15:30,voice,Meridian,4,4,4,0,12,100,1657,1657,v001,agent:DataEngineer
2026-10-27,100,16:00,voice,Meridian,4,4,4,0,12,100,1840,1840,v001,agent:DataEngineer
2026-10-27,100,16:30,voice,Meridian,3,3,3,0,12,100,1732,1732,v001,agent:DataEngineer
2026-10-27,100,17:00,voice,Meridian,3,3,3,0,14,100,1868,1868,v001,agent:DataEngineer
2026-10-27,100,17:30,voice,Meridian,2,2,2,0,12,100,1670,1670,v001,agent:DataEngineer
2026-10-27,100,18:00,voice,Meridian,1,1,1,0,12,100,1843,1843,v001,agent:DataEngineer
2026-10-27,100,18:30,voice,Meridian,1,1,1,0,11,100,1879,1879,v001,agent:DataEngineer
2026-10-27,100,19:00,voice,Meridian,1,1,1,0,11,100,1913,1913,v001,agent:DataEngineer
2026-10-27,100,19:30,voice,Meridian,1,1,1,0,11,100,1789,1789,v001,agent:DataEngineer
2026-10-27,100,20:00,voice,Meridian,1,1,1,0,10,100,1838,1838,v001,agent:DataEngineer
2026-10-27,100,20:30,voice,Meridian,0,0,0,0,0,0,0,0,v001,agent:DataEngineer
2026-10-27,100,21:00,voice,Meridian,0,0,0,0,0,0,0,0,v001,agent:DataEngineer
2026-10-27,100,21:30,voice,Meridian,1,1,1,0,14,100,1795,1795,v001,agent:DataEngineer
2026-10-27,100,22:00,voice,Meridian,0,0,0,0,0,0,0,0,v001,agent:DataEngineer
2026-10-27,100,22:30,voice,Meridian,1,1,1,0,14,100,1915,1915,v001,agent:DataEngineer
2026-10-27,100,23:00,voice,Meridian,0,0,0,0,0,0,0,0,v001,agent:DataEngineer
2026-10-27,100,23:30,voice,Meridian,1,1,1,0,13,100,1672,1672,v001,agent:DataEngineer
2026-10-27,100,00:00,chat,Meridian,1,1,1,0,46,100,1098,530,v001,agent:DataEngineer
2026-10-27,100,00:30,chat,Meridian,1,1,1,0,44,100,1310,631,v001,agent:DataEngineer
2026-10-27,100,01:00,chat,Meridian,1,1,1,0,50,100,1173,565,v001,agent:DataEngineer
2026-10-27,100,01:30,chat,Meridian,1,1,1,0,48,100,1131,545,v001,agent:DataEngineer
2026-10-27,100,02:00,chat,Meridian,1,1,1,0,51,100,1177,568,v001,agent:DataEngineer
2026-10-27,100,02:30,chat,Meridian,1,1,1,0,43,100,1023,493,v001,agent:DataEngineer
2026-10-27,100,03:00,chat,Meridian,1,1,1,0,48,100,1114,537,v001,agent:DataEngineer
2026-10-27,100,03:30,chat,Meridian,1,1,1,0,47,100,1160,559,v001,agent:DataEngineer
2026-10-27,100,04:00,chat,Meridian,1,1,1,0,41,100,1037,500,v001,agent:DataEngineer
2026-10-27,100,04:30,chat,Meridian,1,1,1,0,41,100,1152,556,v001,agent:DataEngineer
2026-10-27,100,05:00,chat,Meridian,1,1,1,0,50,100,1210,583,v001,agent:DataEngineer
2026-10-27,100,05:30,chat,Meridian,1,1,1,0,40,100,1153,556,v001,agent:DataEngineer
2026-10-27,100,06:00,chat,Meridian,1,1,1,0,47,100,1214,586,v001,agent:DataEngineer
2026-10-27,100,06:30,chat,Meridian,2,2,2,0,43,100,1023,493,v001,agent:DataEngineer
2026-10-27,100,07:00,chat,Meridian,2,2,2,0,51,100,1144,551,v001,agent:DataEngineer
2026-10-27,100,07:30,chat,Meridian,3,3,3,0,44,100,1175,567,v001,agent:DataEngineer
2026-10-27,100,08:00,chat,Meridian,4,4,4,0,42,100,1117,538,v001,agent:DataEngineer
2026-10-27,100,08:30,chat,Meridian,5,5,5,0,44,100,1086,524,v001,agent:DataEngineer
2026-10-27,100,09:00,chat,Meridian,8,8,8,0,45,100,1142,550,v001,agent:DataEngineer
2026-10-27,100,09:30,chat,Meridian,7,7,7,0,45,100,1101,531,v001,agent:DataEngineer
2026-10-27,100,10:00,chat,Meridian,12,11,10,1,88,83.3,1179,569,v001,agent:DataEngineer
2026-10-27,100,10:30,chat,Meridian,11,10,10,1,49,90.9,1074,518,v001,agent:DataEngineer
2026-10-27,100,11:00,chat,Meridian,9,9,9,0,41,100,1134,547,v001,agent:DataEngineer
2026-10-27,100,11:30,chat,Meridian,11,10,9,1,103,81.8,1187,572,v001,agent:DataEngineer
2026-10-27,100,12:00,chat,Meridian,8,8,8,0,45,100,1199,578,v001,agent:DataEngineer
2026-10-27,100,12:30,chat,Meridian,6,6,6,0,40,100,1014,489,v001,agent:DataEngineer
2026-10-27,100,13:00,chat,Meridian,6,6,6,0,41,100,1107,534,v001,agent:DataEngineer
2026-10-27,100,13:30,chat,Meridian,7,7,7,0,46,100,1083,522,v001,agent:DataEngineer
2026-10-27,100,14:00,chat,Meridian,8,8,8,0,40,100,957,461,v001,agent:DataEngineer
2026-10-27,100,14:30,chat,Meridian,7,6,6,1,76,85.7,1053,508,v001,agent:DataEngineer
2026-10-27,100,15:00,chat,Meridian,9,8,8,1,59,88.9,1026,495,v001,agent:DataEngineer
2026-10-27,100,15:30,chat,Meridian,10,9,9,1,65,90,1130,545,v001,agent:DataEngineer
2026-10-27,100,16:00,chat,Meridian,6,6,6,0,45,100,1113,537,v001,agent:DataEngineer
2026-10-27,100,16:30,chat,Meridian,6,6,6,0,47,100,1127,544,v001,agent:DataEngineer
2026-10-27,100,17:00,chat,Meridian,5,5,5,0,42,100,1108,534,v001,agent:DataEngineer
2026-10-27,100,17:30,chat,Meridian,4,4,4,0,40,100,1137,548,v001,agent:DataEngineer
2026-10-27,100,18:00,chat,Meridian,3,3,3,0,42,100,1042,503,v001,agent:DataEngineer
2026-10-27,100,18:30,chat,Meridian,2,2,2,0,54,100,1176,567,v001,agent:DataEngineer
2026-10-27,100,19:00,chat,Meridian,2,2,2,0,49,100,1121,541,v001,agent:DataEngineer
2026-10-27,100,19:30,chat,Meridian,1,1,1,0,52,100,1171,565,v001,agent:DataEngineer
2026-10-27,100,20:00,chat,Meridian,1,1,1,0,45,100,1278,616,v001,agent:DataEngineer
2026-10-27,100,20:30,chat,Meridian,1,1,1,0,42,100,1131,546,v001,agent:DataEngineer
2026-10-27,100,21:00,chat,Meridian,1,1,1,0,45,100,1193,575,v001,agent:DataEngineer
2026-10-27,100,21:30,chat,Meridian,1,1,1,0,42,100,1088,525,v001,agent:DataEngineer
2026-10-27,100,22:00,chat,Meridian,1,1,1,0,45,100,1198,578,v001,agent:DataEngineer
2026-10-27,100,22:30,chat,Meridian,1,1,1,0,45,100,1149,554,v001,agent:DataEngineer
2026-10-27,100,23:00,chat,Meridian,1,1,1,0,46,100,1185,571,v001,agent:DataEngineer
2026-10-27,100,23:30,chat,Meridian,1,1,1,0,40,100,1072,517,v001,agent:DataEngineer
2026-10-28,101,00:00,voice,Meridian,1,1,1,0,10,100,1722,1722,v001,agent:DataEngineer
2026-10-28,101,00:30,voice,Meridian,1,1,1,0,13,100,1777,1777,v001,agent:DataEngineer
2026-10-28,101,01:00,voice,Meridian,1,1,1,0,13,100,1748,1748,v001,agent:DataEngineer
2026-10-28,101,01:30,voice,Meridian,0,0,0,0,0,0,0,0,v001,agent:DataEngineer
2026-10-28,101,02:00,voice,Meridian,1,1,1,0,12,100,1837,1837,v001,agent:DataEngineer
2026-10-28,101,02:30,voice,Meridian,0,0,0,0,0,0,0,0,v001,agent:DataEngineer
2026-10-28,101,03:00,voice,Meridian,1,1,1,0,11,100,1732,1732,v001,agent:DataEngineer
2026-10-28,101,03:30,voice,Meridian,0,0,0,0,0,0,0,0,v001,agent:DataEngineer
2026-10-28,101,04:00,voice,Meridian,1,1,1,0,12,100,1754,1754,v001,agent:DataEngineer
2026-10-28,101,04:30,voice,Meridian,0,0,0,0,0,0,0,0,v001,agent:DataEngineer
2026-10-28,101,05:00,voice,Meridian,1,1,1,0,10,100,1924,1924,v001,agent:DataEngineer
2026-10-28,101,05:30,voice,Meridian,0,0,0,0,0,0,0,0,v001,agent:DataEngineer
2026-10-28,101,06:00,voice,Meridian,0,0,0,0,0,0,0,0,v001,agent:DataEngineer
2026-10-28,101,06:30,voice,Meridian,1,1,1,0,11,100,1697,1697,v001,agent:DataEngineer
2026-10-28,101,07:00,voice,Meridian,1,1,1,0,11,100,1564,1564,v001,agent:DataEngineer
2026-10-28,101,07:30,voice,Meridian,1,1,1,0,12,100,1606,1606,v001,agent:DataEngineer
2026-10-28,101,08:00,voice,Meridian,1,1,1,0,12,100,1748,1748,v001,agent:DataEngineer
2026-10-28,101,08:30,voice,Meridian,3,3,3,0,12,100,1584,1584,v001,agent:DataEngineer
2026-10-28,101,09:00,voice,Meridian,4,4,4,0,12,100,1601,1601,v001,agent:DataEngineer
2026-10-28,101,09:30,voice,Meridian,4,4,4,0,13,100,1627,1627,v001,agent:DataEngineer
2026-10-28,101,10:00,voice,Meridian,4,3,3,1,62,75,1747,1747,v001,agent:DataEngineer
2026-10-28,101,10:30,voice,Meridian,5,4,4,1,53,80,1602,1602,v001,agent:DataEngineer
2026-10-28,101,11:00,voice,Meridian,4,4,4,0,14,100,1727,1727,v001,agent:DataEngineer
2026-10-28,101,11:30,voice,Meridian,5,5,5,0,13,100,1604,1604,v001,agent:DataEngineer
2026-10-28,101,12:00,voice,Meridian,4,4,4,0,11,100,1742,1742,v001,agent:DataEngineer
2026-10-28,101,12:30,voice,Meridian,3,3,3,0,12,100,1584,1584,v001,agent:DataEngineer
2026-10-28,101,13:00,voice,Meridian,3,3,3,0,13,100,1503,1503,v001,agent:DataEngineer
2026-10-28,101,13:30,voice,Meridian,4,4,4,0,13,100,1832,1832,v001,agent:DataEngineer
2026-10-28,101,14:00,voice,Meridian,3,3,3,0,12,100,1604,1604,v001,agent:DataEngineer
2026-10-28,101,14:30,voice,Meridian,4,4,4,0,13,100,1743,1743,v001,agent:DataEngineer
2026-10-28,101,15:00,voice,Meridian,4,4,4,0,12,100,1841,1841,v001,agent:DataEngineer
2026-10-28,101,15:30,voice,Meridian,3,3,3,0,11,100,1758,1758,v001,agent:DataEngineer
2026-10-28,101,16:00,voice,Meridian,3,3,3,0,12,100,1542,1542,v001,agent:DataEngineer
2026-10-28,101,16:30,voice,Meridian,3,3,3,0,14,100,1718,1718,v001,agent:DataEngineer
2026-10-28,101,17:00,voice,Meridian,2,2,2,0,11,100,1710,1710,v001,agent:DataEngineer
2026-10-28,101,17:30,voice,Meridian,2,2,2,0,12,100,1605,1605,v001,agent:DataEngineer
2026-10-28,101,18:00,voice,Meridian,1,1,1,0,11,100,1634,1634,v001,agent:DataEngineer
2026-10-28,101,18:30,voice,Meridian,1,1,1,0,11,100,1824,1824,v001,agent:DataEngineer
2026-10-28,101,19:00,voice,Meridian,1,1,1,0,12,100,1717,1717,v001,agent:DataEngineer
2026-10-28,101,19:30,voice,Meridian,0,0,0,0,0,0,0,0,v001,agent:DataEngineer
2026-10-28,101,20:00,voice,Meridian,1,1,1,0,14,100,1682,1682,v001,agent:DataEngineer
2026-10-28,101,20:30,voice,Meridian,0,0,0,0,0,0,0,0,v001,agent:DataEngineer
2026-10-28,101,21:00,voice,Meridian,0,0,0,0,0,0,0,0,v001,agent:DataEngineer
2026-10-28,101,21:30,voice,Meridian,1,1,1,0,11,100,1778,1778,v001,agent:DataEngineer
2026-10-28,101,22:00,voice,Meridian,0,0,0,0,0,0,0,0,v001,agent:DataEngineer
2026-10-28,101,22:30,voice,Meridian,1,1,1,0,11,100,1677,1677,v001,agent:DataEngineer
2026-10-28,101,23:00,voice,Meridian,0,0,0,0,0,0,0,0,v001,agent:DataEngineer
2026-10-28,101,23:30,voice,Meridian,1,1,1,0,12,100,1646,1646,v001,agent:DataEngineer
2026-10-28,101,00:00,chat,Meridian,1,1,1,0,45,100,998,499,v001,agent:DataEngineer
2026-10-28,101,00:30,chat,Meridian,1,1,1,0,45,100,1013,507,v001,agent:DataEngineer
2026-10-28,101,01:00,chat,Meridian,1,1,1,0,44,100,979,489,v001,agent:DataEngineer
2026-10-28,101,01:30,chat,Meridian,1,1,1,0,48,100,1132,566,v001,agent:DataEngineer
2026-10-28,101,02:00,chat,Meridian,1,1,1,0,55,100,1022,511,v001,agent:DataEngineer
2026-10-28,101,02:30,chat,Meridian,1,1,1,0,48,100,1100,550,v001,agent:DataEngineer
2026-10-28,101,03:00,chat,Meridian,1,1,1,0,52,100,1014,507,v001,agent:DataEngineer
2026-10-28,101,03:30,chat,Meridian,1,1,1,0,46,100,1005,502,v001,agent:DataEngineer
2026-10-28,101,04:00,chat,Meridian,1,1,1,0,48,100,1077,538,v001,agent:DataEngineer
2026-10-28,101,04:30,chat,Meridian,1,1,1,0,39,100,1087,543,v001,agent:DataEngineer
2026-10-28,101,05:00,chat,Meridian,1,1,1,0,49,100,974,487,v001,agent:DataEngineer
2026-10-28,101,05:30,chat,Meridian,1,1,1,0,51,100,1164,582,v001,agent:DataEngineer
2026-10-28,101,06:00,chat,Meridian,1,1,1,0,39,100,1026,513,v001,agent:DataEngineer
2026-10-28,101,06:30,chat,Meridian,1,1,1,0,44,100,1000,500,v001,agent:DataEngineer
2026-10-28,101,07:00,chat,Meridian,2,2,2,0,43,100,981,491,v001,agent:DataEngineer
2026-10-28,101,07:30,chat,Meridian,2,2,2,0,40,100,996,498,v001,agent:DataEngineer
2026-10-28,101,08:00,chat,Meridian,2,2,2,0,46,100,1077,539,v001,agent:DataEngineer
2026-10-28,101,08:30,chat,Meridian,4,4,4,0,47,100,1080,540,v001,agent:DataEngineer
2026-10-28,101,09:00,chat,Meridian,6,6,5,0,98,83.3,996,498,v001,agent:DataEngineer
2026-10-28,101,09:30,chat,Meridian,9,8,8,1,66,88.9,1042,521,v001,agent:DataEngineer
2026-10-28,101,10:00,chat,Meridian,9,8,8,1,66,88.9,1121,560,v001,agent:DataEngineer
2026-10-28,101,10:30,chat,Meridian,10,9,9,1,55,90,1080,540,v001,agent:DataEngineer
2026-10-28,101,11:00,chat,Meridian,9,8,8,1,67,88.9,1160,580,v001,agent:DataEngineer
2026-10-28,101,11:30,chat,Meridian,6,6,6,0,46,100,895,447,v001,agent:DataEngineer
2026-10-28,101,12:00,chat,Meridian,8,8,7,0,64,87.5,1001,500,v001,agent:DataEngineer
2026-10-28,101,12:30,chat,Meridian,6,5,5,1,89,83.3,1172,586,v001,agent:DataEngineer
2026-10-28,101,13:00,chat,Meridian,7,7,7,0,43,100,983,492,v001,agent:DataEngineer
2026-10-28,101,13:30,chat,Meridian,7,7,7,0,39,100,953,476,v001,agent:DataEngineer
2026-10-28,101,14:00,chat,Meridian,6,6,6,0,52,100,1067,533,v001,agent:DataEngineer
2026-10-28,101,14:30,chat,Meridian,6,5,5,1,75,83.3,1036,518,v001,agent:DataEngineer
2026-10-28,101,15:00,chat,Meridian,8,8,8,0,41,100,1045,522,v001,agent:DataEngineer
2026-10-28,101,15:30,chat,Meridian,8,8,8,0,40,100,1071,536,v001,agent:DataEngineer
2026-10-28,101,16:00,chat,Meridian,6,6,6,0,62,100,906,453,v001,agent:DataEngineer
2026-10-28,101,16:30,chat,Meridian,5,5,5,0,41,100,1023,512,v001,agent:DataEngineer
2026-10-28,101,17:00,chat,Meridian,4,4,4,0,43,100,1128,564,v001,agent:DataEngineer
2026-10-28,101,17:30,chat,Meridian,3,3,3,0,49,100,1214,607,v001,agent:DataEngineer
2026-10-28,101,18:00,chat,Meridian,2,2,2,0,45,100,970,485,v001,agent:DataEngineer
2026-10-28,101,18:30,chat,Meridian,2,2,2,0,38,100,1032,516,v001,agent:DataEngineer
2026-10-28,101,19:00,chat,Meridian,1,1,1,0,43,100,1050,525,v001,agent:DataEngineer
2026-10-28,101,19:30,chat,Meridian,1,1,1,0,46,100,1123,562,v001,agent:DataEngineer
2026-10-28,101,20:00,chat,Meridian,1,1,1,0,45,100,996,498,v001,agent:DataEngineer
2026-10-28,101,20:30,chat,Meridian,1,1,1,0,43,100,997,499,v001,agent:DataEngineer
2026-10-28,101,21:00,chat,Meridian,1,1,1,0,49,100,998,499,v001,agent:DataEngineer
2026-10-28,101,21:30,chat,Meridian,1,1,1,0,43,100,1078,539,v001,agent:DataEngineer
2026-10-28,101,22:00,chat,Meridian,1,1,1,0,46,100,1020,510,v001,agent:DataEngineer
2026-10-28,101,22:30,chat,Meridian,1,1,1,0,41,100,1118,559,v001,agent:DataEngineer
2026-10-28,101,23:00,chat,Meridian,1,1,1,0,44,100,1000,500,v001,agent:DataEngineer
2026-10-28,101,23:30,chat,Meridian,1,1,1,0,51,100,1024,512,v001,agent:DataEngineer
2026-10-29,102,00:00,voice,Meridian,1,1,1,0,11,100,1696,1696,v001,agent:DataEngineer
2026-10-29,102,00:30,voice,Meridian,1,1,1,0,14,100,1732,1732,v001,agent:DataEngineer
2026-10-29,102,01:00,voice,Meridian,0,0,0,0,0,0,0,0,v001,agent:DataEngineer
2026-10-29,102,01:30,voice,Meridian,0,0,0,0,0,0,0,0,v001,agent:DataEngineer
2026-10-29,102,02:00,voice,Meridian,0,0,0,0,0,0,0,0,v001,agent:DataEngineer
2026-10-29,102,02:30,voice,Meridian,0,0,0,0,0,0,0,0,v001,agent:DataEngineer
2026-10-29,102,03:00,voice,Meridian,1,1,1,0,13,100,1820,1820,v001,agent:DataEngineer
2026-10-29,102,03:30,voice,Meridian,0,0,0,0,0,0,0,0,v001,agent:DataEngineer
2026-10-29,102,04:00,voice,Meridian,0,0,0,0,0,0,0,0,v001,agent:DataEngineer
2026-10-29,102,04:30,voice,Meridian,0,0,0,0,0,0,0,0,v001,agent:DataEngineer
2026-10-29,102,05:00,voice,Meridian,1,1,1,0,14,100,1772,1772,v001,agent:DataEngineer
2026-10-29,102,05:30,voice,Meridian,1,1,1,0,14,100,1897,1897,v001,agent:DataEngineer
2026-10-29,102,06:00,voice,Meridian,1,1,1,0,11,100,1635,1635,v001,agent:DataEngineer
2026-10-29,102,06:30,voice,Meridian,1,1,1,0,12,100,1885,1885,v001,agent:DataEngineer
2026-10-29,102,07:00,voice,Meridian,1,1,1,0,12,100,1672,1672,v001,agent:DataEngineer
2026-10-29,102,07:30,voice,Meridian,1,1,1,0,15,100,1711,1711,v001,agent:DataEngineer
2026-10-29,102,08:00,voice,Meridian,2,2,2,0,11,100,1925,1925,v001,agent:DataEngineer
2026-10-29,102,08:30,voice,Meridian,3,3,3,0,11,100,1989,1989,v001,agent:DataEngineer
2026-10-29,102,09:00,voice,Meridian,3,3,3,0,10,100,1829,1829,v001,agent:DataEngineer
2026-10-29,102,09:30,voice,Meridian,4,4,4,0,14,100,1952,1952,v001,agent:DataEngineer
2026-10-29,102,10:00,voice,Meridian,5,5,5,0,11,100,1750,1750,v001,agent:DataEngineer
2026-10-29,102,10:30,voice,Meridian,5,5,4,0,47,80,1729,1729,v001,agent:DataEngineer
2026-10-29,102,11:00,voice,Meridian,4,4,4,0,10,100,1699,1699,v001,agent:DataEngineer
2026-10-29,102,11:30,voice,Meridian,4,4,4,0,13,100,1739,1739,v001,agent:DataEngineer
2026-10-29,102,12:00,voice,Meridian,3,3,3,0,11,100,1958,1958,v001,agent:DataEngineer
2026-10-29,102,12:30,voice,Meridian,3,3,3,0,15,100,1713,1713,v001,agent:DataEngineer
2026-10-29,102,13:00,voice,Meridian,4,4,4,0,11,100,1800,1800,v001,agent:DataEngineer
2026-10-29,102,13:30,voice,Meridian,3,3,3,0,11,100,1703,1703,v001,agent:DataEngineer
2026-10-29,102,14:00,voice,Meridian,4,3,3,1,61,75,1773,1773,v001,agent:DataEngineer
2026-10-29,102,14:30,voice,Meridian,4,4,3,0,75,75,1851,1851,v001,agent:DataEngineer
2026-10-29,102,15:00,voice,Meridian,3,3,3,0,13,100,1755,1755,v001,agent:DataEngineer
2026-10-29,102,15:30,voice,Meridian,5,4,4,1,50,80,1782,1782,v001,agent:DataEngineer
2026-10-29,102,16:00,voice,Meridian,4,4,4,0,12,100,1931,1931,v001,agent:DataEngineer
2026-10-29,102,16:30,voice,Meridian,3,3,3,0,11,100,1856,1856,v001,agent:DataEngineer
2026-10-29,102,17:00,voice,Meridian,3,3,3,0,11,100,1938,1938,v001,agent:DataEngineer
2026-10-29,102,17:30,voice,Meridian,2,2,2,0,11,100,1870,1870,v001,agent:DataEngineer
2026-10-29,102,18:00,voice,Meridian,1,1,1,0,11,100,1764,1764,v001,agent:DataEngineer
2026-10-29,102,18:30,voice,Meridian,1,1,1,0,13,100,1840,1840,v001,agent:DataEngineer
2026-10-29,102,19:00,voice,Meridian,1,1,1,0,12,100,1707,1707,v001,agent:DataEngineer
2026-10-29,102,19:30,voice,Meridian,1,1,1,0,11,100,1978,1978,v001,agent:DataEngineer
2026-10-29,102,20:00,voice,Meridian,1,1,1,0,11,100,1853,1853,v001,agent:DataEngineer
2026-10-29,102,20:30,voice,Meridian,0,0,0,0,0,0,0,0,v001,agent:DataEngineer
2026-10-29,102,21:00,voice,Meridian,0,0,0,0,0,0,0,0,v001,agent:DataEngineer
2026-10-29,102,21:30,voice,Meridian,0,0,0,0,0,0,0,0,v001,agent:DataEngineer
2026-10-29,102,22:00,voice,Meridian,1,1,1,0,10,100,2026,2026,v001,agent:DataEngineer
2026-10-29,102,22:30,voice,Meridian,0,0,0,0,0,0,0,0,v001,agent:DataEngineer
2026-10-29,102,23:00,voice,Meridian,0,0,0,0,0,0,0,0,v001,agent:DataEngineer
2026-10-29,102,23:30,voice,Meridian,0,0,0,0,0,0,0,0,v001,agent:DataEngineer
2026-10-29,102,00:00,chat,Meridian,1,1,1,0,52,100,1003,502,v001,agent:DataEngineer
2026-10-29,102,00:30,chat,Meridian,1,1,1,0,49,100,1062,531,v001,agent:DataEngineer
2026-10-29,102,01:00,chat,Meridian,1,1,1,0,47,100,1143,571,v001,agent:DataEngineer
2026-10-29,102,01:30,chat,Meridian,1,1,1,0,50,100,1144,572,v001,agent:DataEngineer
2026-10-29,102,02:00,chat,Meridian,1,1,1,0,53,100,1082,541,v001,agent:DataEngineer
2026-10-29,102,02:30,chat,Meridian,1,1,1,0,46,100,1093,547,v001,agent:DataEngineer
2026-10-29,102,03:00,chat,Meridian,1,1,1,0,45,100,1070,535,v001,agent:DataEngineer
2026-10-29,102,03:30,chat,Meridian,1,1,1,0,59,100,1104,552,v001,agent:DataEngineer
2026-10-29,102,04:00,chat,Meridian,1,1,1,0,41,100,1148,574,v001,agent:DataEngineer
2026-10-29,102,04:30,chat,Meridian,1,1,1,0,44,100,1193,596,v001,agent:DataEngineer
2026-10-29,102,05:00,chat,Meridian,1,1,1,0,42,100,1124,562,v001,agent:DataEngineer
2026-10-29,102,05:30,chat,Meridian,1,1,1,0,41,100,1017,508,v001,agent:DataEngineer
2026-10-29,102,06:00,chat,Meridian,1,1,1,0,47,100,1223,612,v001,agent:DataEngineer
2026-10-29,102,06:30,chat,Meridian,1,1,1,0,47,100,1185,593,v001,agent:DataEngineer
2026-10-29,102,07:00,chat,Meridian,1,1,1,0,47,100,1015,507,v001,agent:DataEngineer
2026-10-29,102,07:30,chat,Meridian,2,2,2,0,47,100,1172,586,v001,agent:DataEngineer
2026-10-29,102,08:00,chat,Meridian,2,2,2,0,45,100,1195,598,v001,agent:DataEngineer
2026-10-29,102,08:30,chat,Meridian,5,5,5,0,46,100,1206,603,v001,agent:DataEngineer
2026-10-29,102,09:00,chat,Meridian,5,5,5,0,42,100,1072,536,v001,agent:DataEngineer
2026-10-29,102,09:30,chat,Meridian,7,6,6,1,63,85.7,1088,544,v001,agent:DataEngineer
2026-10-29,102,10:00,chat,Meridian,10,9,9,1,55,90,1016,508,v001,agent:DataEngineer
2026-10-29,102,10:30,chat,Meridian,8,7,7,1,71,87.5,1166,583,v001,agent:DataEngineer
2026-10-29,102,11:00,chat,Meridian,8,8,7,0,66,87.5,1055,527,v001,agent:DataEngineer
2026-10-29,102,11:30,chat,Meridian,9,9,9,0,41,100,1053,526,v001,agent:DataEngineer
2026-10-29,102,12:00,chat,Meridian,8,8,7,0,82,87.5,1049,525,v001,agent:DataEngineer
2026-10-29,102,12:30,chat,Meridian,7,6,6,1,80,85.7,1179,589,v001,agent:DataEngineer
2026-10-29,102,13:00,chat,Meridian,5,5,4,0,87,80,1158,579,v001,agent:DataEngineer
2026-10-29,102,13:30,chat,Meridian,7,7,7,0,45,100,1104,552,v001,agent:DataEngineer
2026-10-29,102,14:00,chat,Meridian,6,6,5,0,87,83.3,1098,549,v001,agent:DataEngineer
2026-10-29,102,14:30,chat,Meridian,8,7,7,1,68,87.5,1050,525,v001,agent:DataEngineer
2026-10-29,102,15:00,chat,Meridian,8,7,7,1,54,87.5,1166,583,v001,agent:DataEngineer
2026-10-29,102,15:30,chat,Meridian,8,8,8,0,44,100,1073,536,v001,agent:DataEngineer
2026-10-29,102,16:00,chat,Meridian,7,7,7,0,43,100,1103,552,v001,agent:DataEngineer
2026-10-29,102,16:30,chat,Meridian,6,6,6,0,44,100,1200,600,v001,agent:DataEngineer
2026-10-29,102,17:00,chat,Meridian,5,5,5,0,46,100,1252,626,v001,agent:DataEngineer
2026-10-29,102,17:30,chat,Meridian,3,3,3,0,46,100,958,479,v001,agent:DataEngineer
2026-10-29,102,18:00,chat,Meridian,2,2,2,0,46,100,1121,560,v001,agent:DataEngineer
2026-10-29,102,18:30,chat,Meridian,2,2,2,0,40,100,1063,532,v001,agent:DataEngineer
2026-10-29,102,19:00,chat,Meridian,2,2,2,0,37,100,1079,539,v001,agent:DataEngineer
2026-10-29,102,19:30,chat,Meridian,1,1,1,0,39,100,1125,563,v001,agent:DataEngineer
2026-10-29,102,20:00,chat,Meridian,1,1,1,0,44,100,1198,599,v001,agent:DataEngineer
2026-10-29,102,20:30,chat,Meridian,1,1,1,0,54,100,1067,534,v001,agent:DataEngineer
2026-10-29,102,21:00,chat,Meridian,1,1,1,0,52,100,1175,588,v001,agent:DataEngineer
2026-10-29,102,21:30,chat,Meridian,1,1,1,0,42,100,1131,565,v001,agent:DataEngineer
2026-10-29,102,22:00,chat,Meridian,1,1,1,0,48,100,1130,565,v001,agent:DataEngineer
2026-10-29,102,22:30,chat,Meridian,1,1,1,0,52,100,1156,578,v001,agent:DataEngineer
2026-10-29,102,23:00,chat,Meridian,1,1,1,0,36,100,1203,602,v001,agent:DataEngineer
2026-10-29,102,23:30,chat,Meridian,1,1,1,0,42,100,1101,551,v001,agent:DataEngineer
2026-10-30,103,00:00,voice,Meridian,0,0,0,0,0,0,0,0,v001,agent:DataEngineer
2026-10-30,103,00:30,voice,Meridian,0,0,0,0,0,0,0,0,v001,agent:DataEngineer
2026-10-30,103,01:00,voice,Meridian,0,0,0,0,0,0,0,0,v001,agent:DataEngineer
2026-10-30,103,01:30,voice,Meridian,0,0,0,0,0,0,0,0,v001,agent:DataEngineer
2026-10-30,103,02:00,voice,Meridian,0,0,0,0,0,0,0,0,v001,agent:DataEngineer
2026-10-30,103,02:30,voice,Meridian,1,1,1,0,13,100,1746,1746,v001,agent:DataEngineer
2026-10-30,103,03:00,voice,Meridian,0,0,0,0,0,0,0,0,v001,agent:DataEngineer
2026-10-30,103,03:30,voice,Meridian,1,1,1,0,11,100,1641,1641,v001,agent:DataEngineer
2026-10-30,103,04:00,voice,Meridian,0,0,0,0,0,0,0,0,v001,agent:DataEngineer
2026-10-30,103,04:30,voice,Meridian,1,1,1,0,13,100,1625,1625,v001,agent:DataEngineer
2026-10-30,103,05:00,voice,Meridian,0,0,0,0,0,0,0,0,v001,agent:DataEngineer
2026-10-30,103,05:30,voice,Meridian,0,0,0,0,0,0,0,0,v001,agent:DataEngineer
2026-10-30,103,06:00,voice,Meridian,1,1,1,0,14,100,1734,1734,v001,agent:DataEngineer
2026-10-30,103,06:30,voice,Meridian,1,1,1,0,10,100,1803,1803,v001,agent:DataEngineer
2026-10-30,103,07:00,voice,Meridian,1,1,1,0,11,100,1802,1802,v001,agent:DataEngineer
2026-10-30,103,07:30,voice,Meridian,1,1,1,0,16,100,1831,1831,v001,agent:DataEngineer
2026-10-30,103,08:00,voice,Meridian,1,1,1,0,13,100,1765,1765,v001,agent:DataEngineer
2026-10-30,103,08:30,voice,Meridian,2,2,2,0,13,100,1853,1853,v001,agent:DataEngineer
2026-10-30,103,09:00,voice,Meridian,3,3,3,0,17,100,1730,1730,v001,agent:DataEngineer
2026-10-30,103,09:30,voice,Meridian,4,4,4,0,12,100,1818,1818,v001,agent:DataEngineer
2026-10-30,103,10:00,voice,Meridian,2,2,2,0,12,100,1502,1502,v001,agent:DataEngineer
2026-10-30,103,10:30,voice,Meridian,3,3,3,0,13,100,1567,1567,v001,agent:DataEngineer
2026-10-30,103,11:00,voice,Meridian,4,4,4,0,13,100,1839,1839,v001,agent:DataEngineer
2026-10-30,103,11:30,voice,Meridian,3,3,3,0,15,100,1744,1744,v001,agent:DataEngineer
2026-10-30,103,12:00,voice,Meridian,3,3,3,0,12,100,1686,1686,v001,agent:DataEngineer
2026-10-30,103,12:30,voice,Meridian,3,3,3,0,13,100,1622,1622,v001,agent:DataEngineer
2026-10-30,103,13:00,voice,Meridian,3,3,2,0,105,66.7,1727,1727,v001,agent:DataEngineer
2026-10-30,103,13:30,voice,Meridian,2,2,2,0,11,100,1847,1847,v001,agent:DataEngineer
2026-10-30,103,14:00,voice,Meridian,2,2,2,0,12,100,1782,1782,v001,agent:DataEngineer
2026-10-30,103,14:30,voice,Meridian,4,3,3,1,69,75,1893,1893,v001,agent:DataEngineer
2026-10-30,103,15:00,voice,Meridian,3,3,3,0,12,100,1858,1858,v001,agent:DataEngineer
2026-10-30,103,15:30,voice,Meridian,3,3,3,0,12,100,1780,1780,v001,agent:DataEngineer
2026-10-30,103,16:00,voice,Meridian,3,3,3,0,11,100,1634,1634,v001,agent:DataEngineer
2026-10-30,103,16:30,voice,Meridian,2,2,2,0,10,100,1770,1770,v001,agent:DataEngineer
2026-10-30,103,17:00,voice,Meridian,2,2,2,0,14,100,1988,1988,v001,agent:DataEngineer
2026-10-30,103,17:30,voice,Meridian,1,1,1,0,12,100,1823,1823,v001,agent:DataEngineer
2026-10-30,103,18:00,voice,Meridian,1,1,1,0,12,100,1836,1836,v001,agent:DataEngineer
2026-10-30,103,18:30,voice,Meridian,1,1,1,0,12,100,1793,1793,v001,agent:DataEngineer
2026-10-30,103,19:00,voice,Meridian,1,1,1,0,11,100,1738,1738,v001,agent:DataEngineer
2026-10-30,103,19:30,voice,Meridian,1,1,1,0,12,100,1623,1623,v001,agent:DataEngineer
2026-10-30,103,20:00,voice,Meridian,1,1,1,0,11,100,1903,1903,v001,agent:DataEngineer
2026-10-30,103,20:30,voice,Meridian,0,0,0,0,0,0,0,0,v001,agent:DataEngineer
2026-10-30,103,21:00,voice,Meridian,1,1,1,0,10,100,1961,1961,v001,agent:DataEngineer
2026-10-30,103,21:30,voice,Meridian,0,0,0,0,0,0,0,0,v001,agent:DataEngineer
2026-10-30,103,22:00,voice,Meridian,0,0,0,0,0,0,0,0,v001,agent:DataEngineer
2026-10-30,103,22:30,voice,Meridian,0,0,0,0,0,0,0,0,v001,agent:DataEngineer
2026-10-30,103,23:00,voice,Meridian,1,1,1,0,11,100,1711,1711,v001,agent:DataEngineer
2026-10-30,103,23:30,voice,Meridian,1,1,1,0,12,100,1741,1741,v001,agent:DataEngineer
2026-10-30,103,00:00,chat,Meridian,1,1,1,0,44,100,1052,526,v001,agent:DataEngineer
2026-10-30,103,00:30,chat,Meridian,1,1,1,0,45,100,1161,580,v001,agent:DataEngineer
2026-10-30,103,01:00,chat,Meridian,1,1,1,0,49,100,1088,544,v001,agent:DataEngineer
2026-10-30,103,01:30,chat,Meridian,1,1,1,0,39,100,1029,514,v001,agent:DataEngineer
2026-10-30,103,02:00,chat,Meridian,0,0,0,0,0,0,0,0,v001,agent:DataEngineer
2026-10-30,103,02:30,chat,Meridian,1,1,1,0,44,100,1187,593,v001,agent:DataEngineer
2026-10-30,103,03:00,chat,Meridian,1,1,1,0,43,100,1154,577,v001,agent:DataEngineer
2026-10-30,103,03:30,chat,Meridian,1,1,1,0,51,100,1122,561,v001,agent:DataEngineer
2026-10-30,103,04:00,chat,Meridian,0,0,0,0,0,0,0,0,v001,agent:DataEngineer
2026-10-30,103,04:30,chat,Meridian,1,1,1,0,48,100,1082,541,v001,agent:DataEngineer
2026-10-30,103,05:00,chat,Meridian,1,1,1,0,40,100,1133,566,v001,agent:DataEngineer
2026-10-30,103,05:30,chat,Meridian,1,1,1,0,46,100,1119,560,v001,agent:DataEngineer
2026-10-30,103,06:00,chat,Meridian,1,1,1,0,44,100,1169,585,v001,agent:DataEngineer
2026-10-30,103,06:30,chat,Meridian,1,1,1,0,39,100,1065,532,v001,agent:DataEngineer
2026-10-30,103,07:00,chat,Meridian,1,1,1,0,43,100,1085,543,v001,agent:DataEngineer
2026-10-30,103,07:30,chat,Meridian,2,2,2,0,39,100,1180,590,v001,agent:DataEngineer
2026-10-30,103,08:00,chat,Meridian,2,2,2,0,42,100,1052,526,v001,agent:DataEngineer
2026-10-30,103,08:30,chat,Meridian,4,4,4,0,49,100,1129,564,v001,agent:DataEngineer
2026-10-30,103,09:00,chat,Meridian,4,4,4,0,59,100,1010,505,v001,agent:DataEngineer
2026-10-30,103,09:30,chat,Meridian,5,4,4,1,99,80,1078,539,v001,agent:DataEngineer
2026-10-30,103,10:00,chat,Meridian,5,5,5,0,42,100,1024,512,v001,agent:DataEngineer
2026-10-30,103,10:30,chat,Meridian,7,7,7,0,47,100,1051,525,v001,agent:DataEngineer
2026-10-30,103,11:00,chat,Meridian,6,6,6,0,44,100,1056,528,v001,agent:DataEngineer
2026-10-30,103,11:30,chat,Meridian,7,6,6,1,73,85.7,1128,564,v001,agent:DataEngineer
2026-10-30,103,12:00,chat,Meridian,6,6,6,0,50,100,1086,543,v001,agent:DataEngineer
2026-10-30,103,12:30,chat,Meridian,5,5,5,0,49,100,1157,579,v001,agent:DataEngineer
2026-10-30,103,13:00,chat,Meridian,6,6,6,0,52,100,1294,647,v001,agent:DataEngineer
2026-10-30,103,13:30,chat,Meridian,5,5,5,0,49,100,1025,512,v001,agent:DataEngineer
2026-10-30,103,14:00,chat,Meridian,5,5,5,0,40,100,1152,576,v001,agent:DataEngineer
2026-10-30,103,14:30,chat,Meridian,5,5,5,0,39,100,1039,519,v001,agent:DataEngineer
2026-10-30,103,15:00,chat,Meridian,7,6,6,1,76,85.7,1160,580,v001,agent:DataEngineer
2026-10-30,103,15:30,chat,Meridian,5,5,5,0,43,100,1130,565,v001,agent:DataEngineer
2026-10-30,103,16:00,chat,Meridian,6,5,5,1,90,83.3,1125,563,v001,agent:DataEngineer
2026-10-30,103,16:30,chat,Meridian,6,6,6,0,46,100,1140,570,v001,agent:DataEngineer
2026-10-30,103,17:00,chat,Meridian,4,4,4,0,49,100,1173,586,v001,agent:DataEngineer
2026-10-30,103,17:30,chat,Meridian,3,3,3,0,50,100,1185,592,v001,agent:DataEngineer
2026-10-30,103,18:00,chat,Meridian,2,2,2,0,47,100,1133,566,v001,agent:DataEngineer
2026-10-30,103,18:30,chat,Meridian,2,2,2,0,40,100,1069,535,v001,agent:DataEngineer
2026-10-30,103,19:00,chat,Meridian,1,1,1,0,55,100,1057,529,v001,agent:DataEngineer
2026-10-30,103,19:30,chat,Meridian,1,1,1,0,41,100,1075,537,v001,agent:DataEngineer
2026-10-30,103,20:00,chat,Meridian,1,1,1,0,37,100,1101,550,v001,agent:DataEngineer
2026-10-30,103,20:30,chat,Meridian,1,1,1,0,42,100,1189,594,v001,agent:DataEngineer
2026-10-30,103,21:00,chat,Meridian,1,1,1,0,38,100,1124,562,v001,agent:DataEngineer
2026-10-30,103,21:30,chat,Meridian,1,1,1,0,43,100,1046,523,v001,agent:DataEngineer
2026-10-30,103,22:00,chat,Meridian,1,1,1,0,44,100,1038,519,v001,agent:DataEngineer
2026-10-30,103,22:30,chat,Meridian,1,1,1,0,41,100,1201,600,v001,agent:DataEngineer
2026-10-30,103,23:00,chat,Meridian,1,1,1,0,40,100,1192,596,v001,agent:DataEngineer
2026-10-30,103,23:30,chat,Meridian,1,1,1,0,40,100,1095,547,v001,agent:DataEngineer
2026-10-31,104,00:00,voice,Meridian,0,0,0,0,0,0,0,0,v001,agent:DataEngineer
2026-10-31,104,00:30,voice,Meridian,0,0,0,0,0,0,0,0,v001,agent:DataEngineer
2026-10-31,104,01:00,voice,Meridian,0,0,0,0,0,0,0,0,v001,agent:DataEngineer
2026-10-31,104,01:30,voice,Meridian,0,0,0,0,0,0,0,0,v001,agent:DataEngineer
2026-10-31,104,02:00,voice,Meridian,0,0,0,0,0,0,0,0,v001,agent:DataEngineer
2026-10-31,104,02:30,voice,Meridian,0,0,0,0,0,0,0,0,v001,agent:DataEngineer
2026-10-31,104,03:00,voice,Meridian,0,0,0,0,0,0,0,0,v001,agent:DataEngineer
2026-10-31,104,03:30,voice,Meridian,0,0,0,0,0,0,0,0,v001,agent:DataEngineer
2026-10-31,104,04:00,voice,Meridian,0,0,0,0,0,0,0,0,v001,agent:DataEngineer
2026-10-31,104,04:30,voice,Meridian,0,0,0,0,0,0,0,0,v001,agent:DataEngineer
2026-10-31,104,05:00,voice,Meridian,0,0,0,0,0,0,0,0,v001,agent:DataEngineer
2026-10-31,104,05:30,voice,Meridian,0,0,0,0,0,0,0,0,v001,agent:DataEngineer
2026-10-31,104,06:00,voice,Meridian,1,1,1,0,12,100,1918,1918,v001,agent:DataEngineer
2026-10-31,104,06:30,voice,Meridian,0,0,0,0,0,0,0,0,v001,agent:DataEngineer
2026-10-31,104,07:00,voice,Meridian,1,1,1,0,11,100,1722,1722,v001,agent:DataEngineer
2026-10-31,104,07:30,voice,Meridian,1,1,1,0,10,100,1688,1688,v001,agent:DataEngineer
2026-10-31,104,08:00,voice,Meridian,1,1,1,0,14,100,1645,1645,v001,agent:DataEngineer
2026-10-31,104,08:30,voice,Meridian,1,1,1,0,12,100,1878,1878,v001,agent:DataEngineer
2026-10-31,104,09:00,voice,Meridian,2,2,2,0,14,100,1812,1812,v001,agent:DataEngineer
2026-10-31,104,09:30,voice,Meridian,2,2,2,0,13,100,1728,1728,v001,agent:DataEngineer
2026-10-31,104,10:00,voice,Meridian,2,2,2,0,11,100,1617,1617,v001,agent:DataEngineer
2026-10-31,104,10:30,voice,Meridian,2,2,2,0,13,100,1744,1744,v001,agent:DataEngineer
2026-10-31,104,11:00,voice,Meridian,3,2,2,1,126,66.7,1735,1735,v001,agent:DataEngineer
2026-10-31,104,11:30,voice,Meridian,2,2,2,0,11,100,1776,1776,v001,agent:DataEngineer
2026-10-31,104,12:00,voice,Meridian,2,2,2,0,12,100,1912,1912,v001,agent:DataEngineer
2026-10-31,104,12:30,voice,Meridian,2,2,2,0,12,100,1857,1857,v001,agent:DataEngineer
2026-10-31,104,13:00,voice,Meridian,2,2,2,0,12,100,1920,1920,v001,agent:DataEngineer
2026-10-31,104,13:30,voice,Meridian,2,2,2,0,11,100,1870,1870,v001,agent:DataEngineer
2026-10-31,104,14:00,voice,Meridian,2,2,2,0,14,100,1793,1793,v001,agent:DataEngineer
2026-10-31,104,14:30,voice,Meridian,2,2,2,0,13,100,1614,1614,v001,agent:DataEngineer
2026-10-31,104,15:00,voice,Meridian,2,2,2,0,13,100,1707,1707,v001,agent:DataEngineer
2026-10-31,104,15:30,voice,Meridian,2,2,2,0,13,100,1838,1838,v001,agent:DataEngineer
2026-10-31,104,16:00,voice,Meridian,2,2,2,0,13,100,1777,1777,v001,agent:DataEngineer
2026-10-31,104,16:30,voice,Meridian,2,2,2,0,14,100,1771,1771,v001,agent:DataEngineer
2026-10-31,104,17:00,voice,Meridian,1,1,1,0,12,100,2037,2037,v001,agent:DataEngineer
2026-10-31,104,17:30,voice,Meridian,1,1,1,0,15,100,1737,1737,v001,agent:DataEngineer
2026-10-31,104,18:00,voice,Meridian,1,1,1,0,14,100,1751,1751,v001,agent:DataEngineer
2026-10-31,104,18:30,voice,Meridian,1,1,1,0,12,100,1752,1752,v001,agent:DataEngineer
2026-10-31,104,19:00,voice,Meridian,0,0,0,0,0,0,0,0,v001,agent:DataEngineer
2026-10-31,104,19:30,voice,Meridian,0,0,0,0,0,0,0,0,v001,agent:DataEngineer
2026-10-31,104,20:00,voice,Meridian,0,0,0,0,0,0,0,0,v001,agent:DataEngineer
2026-10-31,104,20:30,voice,Meridian,0,0,0,0,0,0,0,0,v001,agent:DataEngineer
2026-10-31,104,21:00,voice,Meridian,0,0,0,0,0,0,0,0,v001,agent:DataEngineer
2026-10-31,104,21:30,voice,Meridian,0,0,0,0,0,0,0,0,v001,agent:DataEngineer
2026-10-31,104,22:00,voice,Meridian,0,0,0,0,0,0,0,0,v001,agent:DataEngineer
2026-10-31,104,22:30,voice,Meridian,1,1,1,0,12,100,1901,1901,v001,agent:DataEngineer
2026-10-31,104,23:00,voice,Meridian,0,0,0,0,0,0,0,0,v001,agent:DataEngineer
2026-10-31,104,23:30,voice,Meridian,0,0,0,0,0,0,0,0,v001,agent:DataEngineer
2026-10-31,104,00:00,chat,Meridian,1,1,1,0,50,100,954,477,v001,agent:DataEngineer
2026-10-31,104,00:30,chat,Meridian,0,0,0,0,0,0,0,0,v001,agent:DataEngineer
2026-10-31,104,01:00,chat,Meridian,1,1,1,0,39,100,1021,511,v001,agent:DataEngineer
2026-10-31,104,01:30,chat,Meridian,0,0,0,0,0,0,0,0,v001,agent:DataEngineer
2026-10-31,104,02:00,chat,Meridian,0,0,0,0,0,0,0,0,v001,agent:DataEngineer
2026-10-31,104,02:30,chat,Meridian,1,1,1,0,56,100,966,483,v001,agent:DataEngineer
2026-10-31,104,03:00,chat,Meridian,1,1,1,0,49,100,1013,506,v001,agent:DataEngineer
2026-10-31,104,03:30,chat,Meridian,1,1,1,0,40,100,911,455,v001,agent:DataEngineer
2026-10-31,104,04:00,chat,Meridian,1,1,1,0,49,100,1050,525,v001,agent:DataEngineer
2026-10-31,104,04:30,chat,Meridian,0,0,0,0,0,0,0,0,v001,agent:DataEngineer
2026-10-31,104,05:00,chat,Meridian,0,0,0,0,0,0,0,0,v001,agent:DataEngineer
2026-10-31,104,05:30,chat,Meridian,0,0,0,0,0,0,0,0,v001,agent:DataEngineer
2026-10-31,104,06:00,chat,Meridian,1,1,1,0,44,100,989,494,v001,agent:DataEngineer
2026-10-31,104,06:30,chat,Meridian,1,1,1,0,47,100,999,500,v001,agent:DataEngineer
2026-10-31,104,07:00,chat,Meridian,1,1,1,0,53,100,1038,519,v001,agent:DataEngineer
2026-10-31,104,07:30,chat,Meridian,1,1,1,0,41,100,1064,532,v001,agent:DataEngineer
2026-10-31,104,08:00,chat,Meridian,1,1,1,0,39,100,932,466,v001,agent:DataEngineer
2026-10-31,104,08:30,chat,Meridian,3,3,3,0,50,100,976,488,v001,agent:DataEngineer
2026-10-31,104,09:00,chat,Meridian,3,3,3,0,50,100,1060,530,v001,agent:DataEngineer
2026-10-31,104,09:30,chat,Meridian,5,4,4,1,107,80,1003,501,v001,agent:DataEngineer
2026-10-31,104,10:00,chat,Meridian,5,4,4,1,107,80,1062,531,v001,agent:DataEngineer
2026-10-31,104,10:30,chat,Meridian,5,4,4,1,112,80,1048,524,v001,agent:DataEngineer
2026-10-31,104,11:00,chat,Meridian,5,5,5,0,49,100,1087,544,v001,agent:DataEngineer
2026-10-31,104,11:30,chat,Meridian,3,3,3,0,48,100,1089,544,v001,agent:DataEngineer
2026-10-31,104,12:00,chat,Meridian,2,2,2,0,55,100,1027,513,v001,agent:DataEngineer
2026-10-31,104,12:30,chat,Meridian,3,3,3,0,44,100,955,478,v001,agent:DataEngineer
2026-10-31,104,13:00,chat,Meridian,3,3,3,0,44,100,945,472,v001,agent:DataEngineer
2026-10-31,104,13:30,chat,Meridian,4,4,4,0,37,100,1064,532,v001,agent:DataEngineer
2026-10-31,104,14:00,chat,Meridian,4,4,4,0,47,100,949,475,v001,agent:DataEngineer
2026-10-31,104,14:30,chat,Meridian,4,4,4,0,40,100,1112,556,v001,agent:DataEngineer
2026-10-31,104,15:00,chat,Meridian,4,4,4,0,54,100,1090,545,v001,agent:DataEngineer
2026-10-31,104,15:30,chat,Meridian,3,3,3,0,58,100,991,496,v001,agent:DataEngineer
2026-10-31,104,16:00,chat,Meridian,3,3,3,0,42,100,1078,539,v001,agent:DataEngineer
2026-10-31,104,16:30,chat,Meridian,2,2,2,0,44,100,1053,527,v001,agent:DataEngineer
2026-10-31,104,17:00,chat,Meridian,2,2,2,0,51,100,1044,522,v001,agent:DataEngineer
2026-10-31,104,17:30,chat,Meridian,2,2,2,0,50,100,1115,557,v001,agent:DataEngineer
2026-10-31,104,18:00,chat,Meridian,1,1,1,0,47,100,1023,512,v001,agent:DataEngineer
2026-10-31,104,18:30,chat,Meridian,1,1,1,0,41,100,1002,501,v001,agent:DataEngineer
2026-10-31,104,19:00,chat,Meridian,1,1,1,0,49,100,993,496,v001,agent:DataEngineer
2026-10-31,104,19:30,chat,Meridian,1,1,1,0,47,100,1059,530,v001,agent:DataEngineer
2026-10-31,104,20:00,chat,Meridian,1,1,1,0,45,100,1062,531,v001,agent:DataEngineer
2026-10-31,104,20:30,chat,Meridian,0,0,0,0,0,0,0,0,v001,agent:DataEngineer
2026-10-31,104,21:00,chat,Meridian,1,1,1,0,36,100,1074,537,v001,agent:DataEngineer
2026-10-31,104,21:30,chat,Meridian,0,0,0,0,0,0,0,0,v001,agent:DataEngineer
2026-10-31,104,22:00,chat,Meridian,0,0,0,0,0,0,0,0,v001,agent:DataEngineer
2026-10-31,104,22:30,chat,Meridian,1,1,1,0,50,100,944,472,v001,agent:DataEngineer
2026-10-31,104,23:00,chat,Meridian,0,0,0,0,0,0,0,0,v001,agent:DataEngineer
2026-10-31,104,23:30,chat,Meridian,0,0,0,0,0,0,0,0,v001,agent:DataEngineer
