date,day,interval_start,channel,platform,offered,handled,handled_in_sl,abandoned,asa_s,sl_pct,aht_elapsed_s,aht_agent_work_s,version,actor
2026-08-01,13,00:00,voice,Meridian,0,0,0,0,0,0,0,0,v001,agent:DataEngineer
2026-08-01,13,00:30,voice,Meridian,0,0,0,0,0,0,0,0,v001,agent:DataEngineer
2026-08-01,13,01:00,voice,Meridian,0,0,0,0,0,0,0,0,v001,agent:DataEngineer
2026-08-01,13,01:30,voice,Meridian,0,0,0,0,0,0,0,0,v001,agent:DataEngineer
2026-08-01,13,02:00,voice,Meridian,0,0,0,0,0,0,0,0,v001,agent:DataEngineer
2026-08-01,13,02:30,voice,Meridian,0,0,0,0,0,0,0,0,v001,agent:DataEngineer
2026-08-01,13,03:00,voice,Meridian,0,0,0,0,0,0,0,0,v001,agent:DataEngineer
2026-08-01,13,03:30,voice,Meridian,0,0,0,0,0,0,0,0,v001,agent:DataEngineer
2026-08-01,13,04:00,voice,Meridian,0,0,0,0,0,0,0,0,v001,agent:DataEngineer
2026-08-01,13,04:30,voice,Meridian,0,0,0,0,0,0,0,0,v001,agent:DataEngineer
2026-08-01,13,05:00,voice,Meridian,0,0,0,0,0,0,0,0,v001,agent:DataEngineer
2026-08-01,13,05:30,voice,Meridian,0,0,0,0,0,0,0,0,v001,agent:DataEngineer
2026-08-01,13,06:00,voice,Meridian,0,0,0,0,0,0,0,0,v001,agent:DataEngineer
2026-08-01,13,06:30,voice,Meridian,0,0,0,0,0,0,0,0,v001,agent:DataEngineer
2026-08-01,13,07:00,voice,Meridian,0,0,0,0,0,0,0,0,v001,agent:DataEngineer
2026-08-01,13,07:30,voice,Meridian,0,0,0,0,0,0,0,0,v001,agent:DataEngineer
2026-08-01,13,08:00,voice,Meridian,0,0,0,0,0,0,0,0,v001,agent:DataEngineer
2026-08-01,13,08:30,voice,Meridian,0,0,0,0,0,0,0,0,v001,agent:DataEngineer
2026-08-01,13,09:00,voice,Meridian,0,0,0,0,0,0,0,0,v001,agent:DataEngineer
2026-08-01,13,09:30,voice,Meridian,1,1,1,0,13,100,1999,1999,v001,agent:DataEngineer
2026-08-01,13,10:00,voice,Meridian,0,0,0,0,0,0,0,0,v001,agent:DataEngineer
2026-08-01,13,10:30,voice,Meridian,1,1,1,0,11,100,2095,2095,v001,agent:DataEngineer
2026-08-01,13,11:00,voice,Meridian,1,1,1,0,14,100,1823,1823,v001,agent:DataEngineer
2026-08-01,13,11:30,voice,Meridian,1,1,1,0,11,100,2116,2116,v001,agent:DataEngineer
2026-08-01,13,12:00,voice,Meridian,1,1,1,0,13,100,2114,2114,v001,agent:DataEngineer
2026-08-01,13,12:30,voice,Meridian,0,0,0,0,0,0,0,0,v001,agent:DataEngineer
2026-08-01,13,13:00,voice,Meridian,1,1,1,0,12,100,2165,2165,v001,agent:DataEngineer
2026-08-01,13,13:30,voice,Meridian,1,1,1,0,12,100,1853,1853,v001,agent:DataEngineer
2026-08-01,13,14:00,voice,Meridian,1,1,1,0,13,100,1962,1962,v001,agent:DataEngineer
2026-08-01,13,14:30,voice,Meridian,1,1,1,0,14,100,2051,2051,v001,agent:DataEngineer
2026-08-01,13,15:00,voice,Meridian,0,0,0,0,0,0,0,0,v001,agent:DataEngineer
2026-08-01,13,15:30,voice,Meridian,1,1,1,0,13,100,2168,2168,v001,agent:DataEngineer
2026-08-01,13,16:00,voice,Meridian,1,1,1,0,10,100,2273,2273,v001,agent:DataEngineer
2026-08-01,13,16:30,voice,Meridian,1,1,1,0,11,100,1877,1877,v001,agent:DataEngineer
2026-08-01,13,17:00,voice,Meridian,0,0,0,0,0,0,0,0,v001,agent:DataEngineer
2026-08-01,13,17:30,voice,Meridian,0,0,0,0,0,0,0,0,v001,agent:DataEngineer
2026-08-01,13,18:00,voice,Meridian,0,0,0,0,0,0,0,0,v001,agent:DataEngineer
2026-08-01,13,18:30,voice,Meridian,0,0,0,0,0,0,0,0,v001,agent:DataEngineer
2026-08-01,13,19:00,voice,Meridian,0,0,0,0,0,0,0,0,v001,agent:DataEngineer
2026-08-01,13,19:30,voice,Meridian,0,0,0,0,0,0,0,0,v001,agent:DataEngineer
2026-08-01,13,20:00,voice,Meridian,0,0,0,0,0,0,0,0,v001,agent:DataEngineer
2026-08-01,13,20:30,voice,Meridian,0,0,0,0,0,0,0,0,v001,agent:DataEngineer
2026-08-01,13,21:00,voice,Meridian,0,0,0,0,0,0,0,0,v001,agent:DataEngineer
2026-08-01,13,21:30,voice,Meridian,0,0,0,0,0,0,0,0,v001,agent:DataEngineer
2026-08-01,13,22:00,voice,Meridian,0,0,0,0,0,0,0,0,v001,agent:DataEngineer
2026-08-01,13,22:30,voice,Meridian,0,0,0,0,0,0,0,0,v001,agent:DataEngineer
2026-08-01,13,23:00,voice,Meridian,0,0,0,0,0,0,0,0,v001,agent:DataEngineer
2026-08-01,13,23:30,voice,Meridian,0,0,0,0,0,0,0,0,v001,agent:DataEngineer
2026-08-01,13,00:00,chat,Meridian,0,0,0,0,0,0,0,0,v001,agent:DataEngineer
2026-08-01,13,00:30,chat,Meridian,0,0,0,0,0,0,0,0,v001,agent:DataEngineer
2026-08-01,13,01:00,chat,Meridian,0,0,0,0,0,0,0,0,v001,agent:DataEngineer
2026-08-01,13,01:30,chat,Meridian,0,0,0,0,0,0,0,0,v001,agent:DataEngineer
2026-08-01,13,02:00,chat,Meridian,0,0,0,0,0,0,0,0,v001,agent:DataEngineer
2026-08-01,13,02:30,chat,Meridian,0,0,0,0,0,0,0,0,v001,agent:DataEngineer
2026-08-01,13,03:00,chat,Meridian,0,0,0,0,0,0,0,0,v001,agent:DataEngineer
2026-08-01,13,03:30,chat,Meridian,0,0,0,0,0,0,0,0,v001,agent:DataEngineer
2026-08-01,13,04:00,chat,Meridian,0,0,0,0,0,0,0,0,v001,agent:DataEngineer
2026-08-01,13,04:30,chat,Meridian,0,0,0,0,0,0,0,0,v001,agent:DataEngineer
2026-08-01,13,05:00,chat,Meridian,0,0,0,0,0,0,0,0,v001,agent:DataEngineer
2026-08-01,13,05:30,chat,Meridian,0,0,0,0,0,0,0,0,v001,agent:DataEngineer
2026-08-01,13,06:00,chat,Meridian,0,0,0,0,0,0,0,0,v001,agent:DataEngineer
2026-08-01,13,06:30,chat,Meridian,0,0,0,0,0,0,0,0,v001,agent:DataEngineer
2026-08-01,13,07:00,chat,Meridian,0,0,0,0,0,0,0,0,v001,agent:DataEngineer
2026-08-01,13,07:30,chat,Meridian,1,1,1,0,39,100,1209,604,v001,agent:DataEngineer
2026-08-01,13,08:00,chat,Meridian,1,1,1,0,47,100,1094,547,v001,agent:DataEngineer
2026-08-01,13,08:30,chat,Meridian,1,1,1,0,54,100,1088,544,v001,agent:DataEngineer
2026-08-01,13,09:00,chat,Meridian,1,1,1,0,44,100,1103,551,v001,agent:DataEngineer
2026-08-01,13,09:30,chat,Meridian,1,1,1,0,39,100,1177,589,v001,agent:DataEngineer
2026-08-01,13,10:00,chat,Meridian,2,1,1,1,432,50,1147,574,v001,agent:DataEngineer
2026-08-01,13,10:30,chat,Meridian,1,1,1,0,41,100,1090,545,v001,agent:DataEngineer
2026-08-01,13,11:00,chat,Meridian,1,1,1,0,39,100,1153,576,v001,agent:DataEngineer
2026-08-01,13,11:30,chat,Meridian,1,1,1,0,45,100,1073,537,v001,agent:DataEngineer
2026-08-01,13,12:00,chat,Meridian,2,2,2,0,43,100,1084,542,v001,agent:DataEngineer
2026-08-01,13,12:30,chat,Meridian,1,1,1,0,42,100,1100,550,v001,agent:DataEngineer
2026-08-01,13,13:00,chat,Meridian,1,1,1,0,46,100,1161,581,v001,agent:DataEngineer
2026-08-01,13,13:30,chat,Meridian,1,1,1,0,53,100,1096,548,v001,agent:DataEngineer
2026-08-01,13,14:00,chat,Meridian,1,1,1,0,49,100,1191,595,v001,agent:DataEngineer
2026-08-01,13,14:30,chat,Meridian,1,1,1,0,52,100,1160,580,v001,agent:DataEngineer
2026-08-01,13,15:00,chat,Meridian,1,1,1,0,50,100,1026,513,v001,agent:DataEngineer
2026-08-01,13,15:30,chat,Meridian,1,1,1,0,46,100,961,481,v001,agent:DataEngineer
2026-08-01,13,16:00,chat,Meridian,1,1,1,0,44,100,1100,550,v001,agent:DataEngineer
2026-08-01,13,16:30,chat,Meridian,1,1,1,0,44,100,1178,589,v001,agent:DataEngineer
2026-08-01,13,17:00,chat,Meridian,1,1,1,0,46,100,1172,586,v001,agent:DataEngineer
2026-08-01,13,17:30,chat,Meridian,1,1,1,0,39,100,1098,549,v001,agent:DataEngineer
2026-08-01,13,18:00,chat,Meridian,1,1,1,0,52,100,1052,526,v001,agent:DataEngineer
2026-08-01,13,18:30,chat,Meridian,0,0,0,0,0,0,0,0,v001,agent:DataEngineer
2026-08-01,13,19:00,chat,Meridian,0,0,0,0,0,0,0,0,v001,agent:DataEngineer
2026-08-01,13,19:30,chat,Meridian,0,0,0,0,0,0,0,0,v001,agent:DataEngineer
2026-08-01,13,20:00,chat,Meridian,0,0,0,0,0,0,0,0,v001,agent:DataEngineer
2026-08-01,13,20:30,chat,Meridian,0,0,0,0,0,0,0,0,v001,agent:DataEngineer
2026-08-01,13,21:00,chat,Meridian,0,0,0,0,0,0,0,0,v001,agent:DataEngineer
2026-08-01,13,21:30,chat,Meridian,0,0,0,0,0,0,0,0,v001,agent:DataEngineer
2026-08-01,13,22:00,chat,Meridian,0,0,0,0,0,0,0,0,v001,agent:DataEngineer
2026-08-01,13,22:30,chat,Meridian,0,0,0,0,0,0,0,0,v001,agent:DataEngineer
2026-08-01,13,23:00,chat,Meridian,0,0,0,0,0,0,0,0,v001,agent:DataEngineer
2026-08-01,13,23:30,chat,Meridian,0,0,0,0,0,0,0,0,v001,agent:DataEngineer
2026-08-02,14,00:00,voice,Meridian,0,0,0,0,0,0,0,0,v001,agent:DataEngineer
2026-08-02,14,00:30,voice,Meridian,0,0,0,0,0,0,0,0,v001,agent:DataEngineer
2026-08-02,14,01:00,voice,Meridian,0,0,0,0,0,0,0,0,v001,agent:DataEngineer
2026-08-02,14,01:30,voice,Meridian,0,0,0,0,0,0,0,0,v001,agent:DataEngineer
2026-08-02,14,02:00,voice,Meridian,0,0,0,0,0,0,0,0,v001,agent:DataEngineer
2026-08-02,14,02:30,voice,Meridian,0,0,0,0,0,0,0,0,v001,agent:DataEngineer
2026-08-02,14,03:00,voice,Meridian,0,0,0,0,0,0,0,0,v001,agent:DataEngineer
2026-08-02,14,03:30,voice,Meridian,0,0,0,0,0,0,0,0,v001,agent:DataEngineer
2026-08-02,14,04:00,voice,Meridian,0,0,0,0,0,0,0,0,v001,agent:DataEngineer
2026-08-02,14,04:30,voice,Meridian,0,0,0,0,0,0,0,0,v001,agent:DataEngineer
2026-08-02,14,05:00,voice,Meridian,0,0,0,0,0,0,0,0,v001,agent:DataEngineer
2026-08-02,14,05:30,voice,Meridian,0,0,0,0,0,0,0,0,v001,agent:DataEngineer
2026-08-02,14,06:00,voice,Meridian,0,0,0,0,0,0,0,0,v001,agent:DataEngineer
2026-08-02,14,06:30,voice,Meridian,0,0,0,0,0,0,0,0,v001,agent:DataEngineer
2026-08-02,14,07:00,voice,Meridian,0,0,0,0,0,0,0,0,v001,agent:DataEngineer
2026-08-02,14,07:30,voice,Meridian,0,0,0,0,0,0,0,0,v001,agent:DataEngineer
2026-08-02,14,08:00,voice,Meridian,0,0,0,0,0,0,0,0,v001,agent:DataEngineer
2026-08-02,14,08:30,voice,Meridian,0,0,0,0,0,0,0,0,v001,agent:DataEngineer
2026-08-02,14,09:00,voice,Meridian,1,1,1,0,11,100,2202,2202,v001,agent:DataEngineer
2026-08-02,14,09:30,voice,Meridian,1,1,1,0,16,100,1929,1929,v001,agent:DataEngineer
2026-08-02,14,10:00,voice,Meridian,1,1,1,0,13,100,1960,1960,v001,agent:DataEngineer
2026-08-02,14,10:30,voice,Meridian,1,1,1,0,12,100,1986,1986,v001,agent:DataEngineer
2026-08-02,14,11:00,voice,Meridian,1,1,1,0,12,100,2022,2022,v001,agent:DataEngineer
2026-08-02,14,11:30,voice,Meridian,1,1,1,0,9,100,1836,1836,v001,agent:DataEngineer
2026-08-02,14,12:00,voice,Meridian,1,1,1,0,13,100,2153,2153,v001,agent:DataEngineer
2026-08-02,14,12:30,voice,Meridian,1,1,1,0,14,100,1884,1884,v001,agent:DataEngineer
2026-08-02,14,13:00,voice,Meridian,1,1,0,0,832,0,1995,1995,v001,agent:DataEngineer
2026-08-02,14,13:30,voice,Meridian,1,1,1,0,12,100,2109,2109,v001,agent:DataEngineer
2026-08-02,14,14:00,voice,Meridian,1,1,1,0,11,100,2006,2006,v001,agent:DataEngineer
2026-08-02,14,14:30,voice,Meridian,1,1,1,0,14,100,1893,1893,v001,agent:DataEngineer
2026-08-02,14,15:00,voice,Meridian,1,1,1,0,13,100,2028,2028,v001,agent:DataEngineer
2026-08-02,14,15:30,voice,Meridian,1,1,1,0,13,100,1880,1880,v001,agent:DataEngineer
2026-08-02,14,16:00,voice,Meridian,1,1,1,0,13,100,2076,2076,v001,agent:DataEngineer
2026-08-02,14,16:30,voice,Meridian,1,1,1,0,10,100,2064,2064,v001,agent:DataEngineer
2026-08-02,14,17:00,voice,Meridian,1,1,1,0,11,100,2099,2099,v001,agent:DataEngineer
2026-08-02,14,17:30,voice,Meridian,0,0,0,0,0,0,0,0,v001,agent:DataEngineer
2026-08-02,14,18:00,voice,Meridian,0,0,0,0,0,0,0,0,v001,agent:DataEngineer
2026-08-02,14,18:30,voice,Meridian,0,0,0,0,0,0,0,0,v001,agent:DataEngineer
2026-08-02,14,19:00,voice,Meridian,0,0,0,0,0,0,0,0,v001,agent:DataEngineer
2026-08-02,14,19:30,voice,Meridian,0,0,0,0,0,0,0,0,v001,agent:DataEngineer
2026-08-02,14,20:00,voice,Meridian,0,0,0,0,0,0,0,0,v001,agent:DataEngineer
2026-08-02,14,20:30,voice,Meridian,0,0,0,0,0,0,0,0,v001,agent:DataEngineer
2026-08-02,14,21:00,voice,Meridian,0,0,0,0,0,0,0,0,v001,agent:DataEngineer
2026-08-02,14,21:30,voice,Meridian,0,0,0,0,0,0,0,0,v001,agent:DataEngineer
2026-08-02,14,22:00,voice,Meridian,0,0,0,0,0,0,0,0,v001,agent:DataEngineer
2026-08-02,14,22:30,voice,Meridian,0,0,0,0,0,0,0,0,v001,agent:DataEngineer
2026-08-02,14,23:00,voice,Meridian,0,0,0,0,0,0,0,0,v001,agent:DataEngineer
2026-08-02,14,23:30,voice,Meridian,0,0,0,0,0,0,0,0,v001,agent:DataEngineer
2026-08-02,14,00:00,chat,Meridian,0,0,0,0,0,0,0,0,v001,agent:DataEngineer
2026-08-02,14,00:30,chat,Meridian,0,0,0,0,0,0,0,0,v001,agent:DataEngineer
2026-08-02,14,01:00,chat,Meridian,0,0,0,0,0,0,0,0,v001,agent:DataEngineer
2026-08-02,14,01:30,chat,Meridian,0,0,0,0,0,0,0,0,v001,agent:DataEngineer
2026-08-02,14,02:00,chat,Meridian,0,0,0,0,0,0,0,0,v001,agent:DataEngineer
2026-08-02,14,02:30,chat,Meridian,0,0,0,0,0,0,0,0,v001,agent:DataEngineer
2026-08-02,14,03:00,chat,Meridian,0,0,0,0,0,0,0,0,v001,agent:DataEngineer
2026-08-02,14,03:30,chat,Meridian,0,0,0,0,0,0,0,0,v001,agent:DataEngineer
2026-08-02,14,04:00,chat,Meridian,0,0,0,0,0,0,0,0,v001,agent:DataEngineer
2026-08-02,14,04:30,chat,Meridian,0,0,0,0,0,0,0,0,v001,agent:DataEngineer
2026-08-02,14,05:00,chat,Meridian,0,0,0,0,0,0,0,0,v001,agent:DataEngineer
2026-08-02,14,05:30,chat,Meridian,0,0,0,0,0,0,0,0,v001,agent:DataEngineer
2026-08-02,14,06:00,chat,Meridian,0,0,0,0,0,0,0,0,v001,agent:DataEngineer
2026-08-02,14,06:30,chat,Meridian,0,0,0,0,0,0,0,0,v001,agent:DataEngineer
2026-08-02,14,07:00,chat,Meridian,0,0,0,0,0,0,0,0,v001,agent:DataEngineer
2026-08-02,14,07:30,chat,Meridian,1,1,1,0,41,100,1105,553,v001,agent:DataEngineer
2026-08-02,14,08:00,chat,Meridian,1,1,1,0,51,100,1073,536,v001,agent:DataEngineer
2026-08-02,14,08:30,chat,Meridian,1,1,1,0,42,100,991,496,v001,agent:DataEngineer
2026-08-02,14,09:00,chat,Meridian,1,1,1,0,46,100,1113,557,v001,agent:DataEngineer
2026-08-02,14,09:30,chat,Meridian,2,2,2,0,43,100,1107,554,v001,agent:DataEngineer
2026-08-02,14,10:00,chat,Meridian,2,2,2,0,42,100,1068,534,v001,agent:DataEngineer
2026-08-02,14,10:30,chat,Meridian,2,2,2,0,55,100,1116,558,v001,agent:DataEngineer
2026-08-02,14,11:00,chat,Meridian,2,2,2,0,46,100,1168,584,v001,agent:DataEngineer
2026-08-02,14,11:30,chat,Meridian,2,2,2,0,44,100,1045,522,v001,agent:DataEngineer
2026-08-02,14,12:00,chat,Meridian,2,2,2,0,40,100,1059,529,v001,agent:DataEngineer
2026-08-02,14,12:30,chat,Meridian,2,2,2,0,46,100,1091,545,v001,agent:DataEngineer
2026-08-02,14,13:00,chat,Meridian,1,1,1,0,45,100,990,495,v001,agent:DataEngineer
2026-08-02,14,13:30,chat,Meridian,1,1,1,0,42,100,969,485,v001,agent:DataEngineer
2026-08-02,14,14:00,chat,Meridian,2,1,1,1,378,50,1095,547,v001,agent:DataEngineer
2026-08-02,14,14:30,chat,Meridian,2,2,2,0,43,100,1064,532,v001,agent:DataEngineer
2026-08-02,14,15:00,chat,Meridian,2,2,2,0,40,100,1081,541,v001,agent:DataEngineer
2026-08-02,14,15:30,chat,Meridian,2,2,2,0,46,100,1044,522,v001,agent:DataEngineer
2026-08-02,14,16:00,chat,Meridian,2,2,2,0,44,100,1214,607,v001,agent:DataEngineer
2026-08-02,14,16:30,chat,Meridian,1,1,1,0,56,100,1140,570,v001,agent:DataEngineer
2026-08-02,14,17:00,chat,Meridian,1,1,1,0,40,100,1102,551,v001,agent:DataEngineer
2026-08-02,14,17:30,chat,Meridian,1,1,1,0,52,100,1032,516,v001,agent:DataEngineer
2026-08-02,14,18:00,chat,Meridian,1,1,1,0,43,100,1044,522,v001,agent:DataEngineer
2026-08-02,14,18:30,chat,Meridian,1,1,1,0,44,100,1060,530,v001,agent:DataEngineer
2026-08-02,14,19:00,chat,Meridian,0,0,0,0,0,0,0,0,v001,agent:DataEngineer
2026-08-02,14,19:30,chat,Meridian,0,0,0,0,0,0,0,0,v001,agent:DataEngineer
2026-08-02,14,20:00,chat,Meridian,0,0,0,0,0,0,0,0,v001,agent:DataEngineer
2026-08-02,14,20:30,chat,Meridian,0,0,0,0,0,0,0,0,v001,agent:DataEngineer
2026-08-02,14,21:00,chat,Meridian,0,0,0,0,0,0,0,0,v001,agent:DataEngineer
2026-08-02,14,21:30,chat,Meridian,0,0,0,0,0,0,0,0,v001,agent:DataEngineer
2026-08-02,14,22:00,chat,Meridian,0,0,0,0,0,0,0,0,v001,agent:DataEngineer
2026-08-02,14,22:30,chat,Meridian,0,0,0,0,0,0,0,0,v001,agent:DataEngineer
2026-08-02,14,23:00,chat,Meridian,0,0,0,0,0,0,0,0,v001,agent:DataEngineer
2026-08-02,14,23:30,chat,Meridian,0,0,0,0,0,0,0,0,v001,agent:DataEngineer
2026-08-03,15,00:00,voice,Meridian,0,0,0,0,0,0,0,0,v001,agent:DataEngineer
2026-08-03,15,00:30,voice,Meridian,0,0,0,0,0,0,0,0,v001,agent:DataEngineer
2026-08-03,15,01:00,voice,Meridian,0,0,0,0,0,0,0,0,v001,agent:DataEngineer
2026-08-03,15,01:30,voice,Meridian,0,0,0,0,0,0,0,0,v001,agent:DataEngineer
2026-08-03,15,02:00,voice,Meridian,0,0,0,0,0,0,0,0,v001,agent:DataEngineer
2026-08-03,15,02:30,voice,Meridian,0,0,0,0,0,0,0,0,v001,agent:DataEngineer
2026-08-03,15,03:00,voice,Meridian,0,0,0,0,0,0,0,0,v001,agent:DataEngineer
2026-08-03,15,03:30,voice,Meridian,0,0,0,0,0,0,0,0,v001,agent:DataEngineer
2026-08-03,15,04:00,voice,Meridian,0,0,0,0,0,0,0,0,v001,agent:DataEngineer
2026-08-03,15,04:30,voice,Meridian,0,0,0,0,0,0,0,0,v001,agent:DataEngineer
2026-08-03,15,05:00,voice,Meridian,0,0,0,0,0,0,0,0,v001,agent:DataEngineer
2026-08-03,15,05:30,voice,Meridian,0,0,0,0,0,0,0,0,v001,agent:DataEngineer
2026-08-03,15,06:00,voice,Meridian,0,0,0,0,0,0,0,0,v001,agent:DataEngineer
2026-08-03,15,06:30,voice,Meridian,0,0,0,0,0,0,0,0,v001,agent:DataEngineer
2026-08-03,15,07:00,voice,Meridian,0,0,0,0,0,0,0,0,v001,agent:DataEngineer
2026-08-03,15,07:30,voice,Meridian,1,1,1,0,12,100,1685,1685,v001,agent:DataEngineer
2026-08-03,15,08:00,voice,Meridian,1,1,1,0,12,100,1944,1944,v001,agent:DataEngineer
2026-08-03,15,08:30,voice,Meridian,1,1,1,0,12,100,1609,1609,v001,agent:DataEngineer
2026-08-03,15,09:00,voice,Meridian,1,1,1,0,11,100,1805,1805,v001,agent:DataEngineer
2026-08-03,15,09:30,voice,Meridian,2,2,2,0,10,100,1822,1822,v001,agent:DataEngineer
2026-08-03,15,10:00,voice,Meridian,2,2,2,0,12,100,1863,1863,v001,agent:DataEngineer
2026-08-03,15,10:30,voice,Meridian,2,2,2,0,12,100,1999,1999,v001,agent:DataEngineer
2026-08-03,15,11:00,voice,Meridian,2,2,2,0,15,100,1769,1769,v001,agent:DataEngineer
2026-08-03,15,11:30,voice,Meridian,1,1,1,0,12,100,1952,1952,v001,agent:DataEngineer
2026-08-03,15,12:00,voice,Meridian,2,2,2,0,13,100,1844,1844,v001,agent:DataEngineer
2026-08-03,15,12:30,voice,Meridian,2,2,2,0,14,100,1870,1870,v001,agent:DataEngineer
2026-08-03,15,13:00,voice,Meridian,1,1,1,0,10,100,1887,1887,v001,agent:DataEngineer
2026-08-03,15,13:30,voice,Meridian,1,1,1,0,11,100,1582,1582,v001,agent:DataEngineer
2026-08-03,15,14:00,voice,Meridian,2,2,2,0,12,100,1913,1913,v001,agent:DataEngineer
2026-08-03,15,14:30,voice,Meridian,2,1,1,1,221,50,1992,1992,v001,agent:DataEngineer
2026-08-03,15,15:00,voice,Meridian,2,2,2,0,10,100,1785,1785,v001,agent:DataEngineer
2026-08-03,15,15:30,voice,Meridian,1,1,1,0,12,100,1964,1964,v001,agent:DataEngineer
2026-08-03,15,16:00,voice,Meridian,1,1,1,0,11,100,1866,1866,v001,agent:DataEngineer
2026-08-03,15,16:30,voice,Meridian,1,1,1,0,11,100,1980,1980,v001,agent:DataEngineer
2026-08-03,15,17:00,voice,Meridian,1,1,1,0,12,100,1784,1784,v001,agent:DataEngineer
2026-08-03,15,17:30,voice,Meridian,1,1,1,0,14,100,1967,1967,v001,agent:DataEngineer
2026-08-03,15,18:00,voice,Meridian,1,1,1,0,14,100,1708,1708,v001,agent:DataEngineer
2026-08-03,15,18:30,voice,Meridian,1,1,1,0,11,100,2008,2008,v001,agent:DataEngineer
2026-08-03,15,19:00,voice,Meridian,0,0,0,0,0,0,0,0,v001,agent:DataEngineer
2026-08-03,15,19:30,voice,Meridian,0,0,0,0,0,0,0,0,v001,agent:DataEngineer
2026-08-03,15,20:00,voice,Meridian,0,0,0,0,0,0,0,0,v001,agent:DataEngineer
2026-08-03,15,20:30,voice,Meridian,0,0,0,0,0,0,0,0,v001,agent:DataEngineer
2026-08-03,15,21:00,voice,Meridian,0,0,0,0,0,0,0,0,v001,agent:DataEngineer
2026-08-03,15,21:30,voice,Meridian,0,0,0,0,0,0,0,0,v001,agent:DataEngineer
2026-08-03,15,22:00,voice,Meridian,0,0,0,0,0,0,0,0,v001,agent:DataEngineer
2026-08-03,15,22:30,voice,Meridian,0,0,0,0,0,0,0,0,v001,agent:DataEngineer
2026-08-03,15,23:00,voice,Meridian,0,0,0,0,0,0,0,0,v001,agent:DataEngineer
2026-08-03,15,23:30,voice,Meridian,0,0,0,0,0,0,0,0,v001,agent:DataEngineer
2026-08-03,15,00:00,chat,Meridian,0,0,0,0,0,0,0,0,v001,agent:DataEngineer
2026-08-03,15,00:30,chat,Meridian,0,0,0,0,0,0,0,0,v001,agent:DataEngineer
2026-08-03,15,01:00,chat,Meridian,1,1,1,0,44,100,988,494,v001,agent:DataEngineer
2026-08-03,15,01:30,chat,Meridian,0,0,0,0,0,0,0,0,v001,agent:DataEngineer
2026-08-03,15,02:00,chat,Meridian,0,0,0,0,0,0,0,0,v001,agent:DataEngineer
2026-08-03,15,02:30,chat,Meridian,1,1,1,0,51,100,1047,524,v001,agent:DataEngineer
2026-08-03,15,03:00,chat,Meridian,1,1,1,0,48,100,1125,563,v001,agent:DataEngineer
2026-08-03,15,03:30,chat,Meridian,0,0,0,0,0,0,0,0,v001,agent:DataEngineer
2026-08-03,15,04:00,chat,Meridian,0,0,0,0,0,0,0,0,v001,agent:DataEngineer
2026-08-03,15,04:30,chat,Meridian,1,1,1,0,44,100,1029,515,v001,agent:DataEngineer
2026-08-03,15,05:00,chat,Meridian,0,0,0,0,0,0,0,0,v001,agent:DataEngineer
2026-08-03,15,05:30,chat,Meridian,0,0,0,0,0,0,0,0,v001,agent:DataEngineer
2026-08-03,15,06:00,chat,Meridian,0,0,0,0,0,0,0,0,v001,agent:DataEngineer
2026-08-03,15,06:30,chat,Meridian,0,0,0,0,0,0,0,0,v001,agent:DataEngineer
2026-08-03,15,07:00,chat,Meridian,1,1,1,0,39,100,1027,513,v001,agent:DataEngineer
2026-08-03,15,07:30,chat,Meridian,1,1,1,0,48,100,1039,519,v001,agent:DataEngineer
2026-08-03,15,08:00,chat,Meridian,1,1,1,0,38,100,1034,517,v001,agent:DataEngineer
2026-08-03,15,08:30,chat,Meridian,2,2,2,0,43,100,1062,531,v001,agent:DataEngineer
2026-08-03,15,09:00,chat,Meridian,3,3,2,0,196,66.7,1032,516,v001,agent:DataEngineer
2026-08-03,15,09:30,chat,Meridian,3,3,3,0,43,100,1039,520,v001,agent:DataEngineer
2026-08-03,15,10:00,chat,Meridian,3,3,3,0,43,100,918,459,v001,agent:DataEngineer
2026-08-03,15,10:30,chat,Meridian,4,4,4,0,44,100,1003,501,v001,agent:DataEngineer
2026-08-03,15,11:00,chat,Meridian,4,3,3,1,149,75,1041,521,v001,agent:DataEngineer
2026-08-03,15,11:30,chat,Meridian,3,3,3,0,39,100,1017,509,v001,agent:DataEngineer
2026-08-03,15,12:00,chat,Meridian,3,3,3,0,39,100,1059,530,v001,agent:DataEngineer
2026-08-03,15,12:30,chat,Meridian,3,3,2,0,209,66.7,1041,520,v001,agent:DataEngineer
2026-08-03,15,13:00,chat,Meridian,2,2,2,0,46,100,895,448,v001,agent:DataEngineer
2026-08-03,15,13:30,chat,Meridian,3,3,3,0,53,100,1019,509,v001,agent:DataEngineer
2026-08-03,15,14:00,chat,Meridian,4,4,4,0,38,100,1042,521,v001,agent:DataEngineer
2026-08-03,15,14:30,chat,Meridian,4,3,3,1,149,75,1049,525,v001,agent:DataEngineer
2026-08-03,15,15:00,chat,Meridian,3,2,2,1,206,66.7,1073,536,v001,agent:DataEngineer
2026-08-03,15,15:30,chat,Meridian,3,3,3,0,47,100,1045,522,v001,agent:DataEngineer
2026-08-03,15,16:00,chat,Meridian,3,3,3,0,47,100,1055,528,v001,agent:DataEngineer
2026-08-03,15,16:30,chat,Meridian,2,2,2,0,41,100,1067,534,v001,agent:DataEngineer
2026-08-03,15,17:00,chat,Meridian,2,2,2,0,44,100,981,490,v001,agent:DataEngineer
2026-08-03,15,17:30,chat,Meridian,1,1,1,0,47,100,1012,506,v001,agent:DataEngineer
2026-08-03,15,18:00,chat,Meridian,1,1,1,0,49,100,1161,580,v001,agent:DataEngineer
2026-08-03,15,18:30,chat,Meridian,1,1,1,0,38,100,935,468,v001,agent:DataEngineer
2026-08-03,15,19:00,chat,Meridian,1,1,1,0,37,100,995,497,v001,agent:DataEngineer
2026-08-03,15,19:30,chat,Meridian,0,0,0,0,0,0,0,0,v001,agent:DataEngineer
2026-08-03,15,20:00,chat,Meridian,1,1,1,0,38,100,1024,512,v001,agent:DataEngineer
2026-08-03,15,20:30,chat,Meridian,0,0,0,0,0,0,0,0,v001,agent:DataEngineer
2026-08-03,15,21:00,chat,Meridian,0,0,0,0,0,0,0,0,v001,agent:DataEngineer
2026-08-03,15,21:30,chat,Meridian,0,0,0,0,0,0,0,0,v001,agent:DataEngineer
2026-08-03,15,22:00,chat,Meridian,0,0,0,0,0,0,0,0,v001,agent:DataEngineer
2026-08-03,15,22:30,chat,Meridian,0,0,0,0,0,0,0,0,v001,agent:DataEngineer
2026-08-03,15,23:00,chat,Meridian,0,0,0,0,0,0,0,0,v001,agent:DataEngineer
2026-08-03,15,23:30,chat,Meridian,0,0,0,0,0,0,0,0,v001,agent:DataEngineer
2026-08-04,16,00:00,voice,Meridian,0,0,0,0,0,0,0,0,v001,agent:DataEngineer
2026-08-04,16,00:30,voice,Meridian,0,0,0,0,0,0,0,0,v001,agent:DataEngineer
2026-08-04,16,01:00,voice,Meridian,0,0,0,0,0,0,0,0,v001,agent:DataEngineer
2026-08-04,16,01:30,voice,Meridian,0,0,0,0,0,0,0,0,v001,agent:DataEngineer
2026-08-04,16,02:00,voice,Meridian,0,0,0,0,0,0,0,0,v001,agent:DataEngineer
2026-08-04,16,02:30,voice,Meridian,0,0,0,0,0,0,0,0,v001,agent:DataEngineer
2026-08-04,16,03:00,voice,Meridian,0,0,0,0,0,0,0,0,v001,agent:DataEngineer
2026-08-04,16,03:30,voice,Meridian,0,0,0,0,0,0,0,0,v001,agent:DataEngineer
2026-08-04,16,04:00,voice,Meridian,0,0,0,0,0,0,0,0,v001,agent:DataEngineer
2026-08-04,16,04:30,voice,Meridian,0,0,0,0,0,0,0,0,v001,agent:DataEngineer
2026-08-04,16,05:00,voice,Meridian,0,0,0,0,0,0,0,0,v001,agent:DataEngineer
2026-08-04,16,05:30,voice,Meridian,0,0,0,0,0,0,0,0,v001,agent:DataEngineer
2026-08-04,16,06:00,voice,Meridian,0,0,0,0,0,0,0,0,v001,agent:DataEngineer
2026-08-04,16,06:30,voice,Meridian,0,0,0,0,0,0,0,0,v001,agent:DataEngineer
2026-08-04,16,07:00,voice,Meridian,0,0,0,0,0,0,0,0,v001,agent:DataEngineer
2026-08-04,16,07:30,voice,Meridian,1,1,1,0,11,100,1993,1993,v001,agent:DataEngineer
2026-08-04,16,08:00,voice,Meridian,1,1,1,0,11,100,2141,2141,v001,agent:DataEngineer
2026-08-04,16,08:30,voice,Meridian,1,1,1,0,11,100,2401,2401,v001,agent:DataEngineer
2026-08-04,16,09:00,voice,Meridian,1,1,1,0,13,100,2108,2108,v001,agent:DataEngineer
2026-08-04,16,09:30,voice,Meridian,2,2,2,0,13,100,1909,1909,v001,agent:DataEngineer
2026-08-04,16,10:00,voice,Meridian,2,2,2,0,12,100,1891,1891,v001,agent:DataEngineer
2026-08-04,16,10:30,voice,Meridian,2,1,1,1,248,50,2021,2021,v001,agent:DataEngineer
2026-08-04,16,11:00,voice,Meridian,2,2,2,0,12,100,2123,2123,v001,agent:DataEngineer
2026-08-04,16,11:30,voice,Meridian,2,2,2,0,11,100,2075,2075,v001,agent:DataEngineer
2026-08-04,16,12:00,voice,Meridian,1,1,1,0,13,100,1969,1969,v001,agent:DataEngineer
2026-08-04,16,12:30,voice,Meridian,2,2,2,0,11,100,2282,2282,v001,agent:DataEngineer
2026-08-04,16,13:00,voice,Meridian,1,1,1,0,12,100,2070,2070,v001,agent:DataEngineer
2026-08-04,16,13:30,voice,Meridian,1,1,1,0,12,100,2026,2026,v001,agent:DataEngineer
2026-08-04,16,14:00,voice,Meridian,2,2,2,0,11,100,1973,1973,v001,agent:DataEngineer
2026-08-04,16,14:30,voice,Meridian,2,2,2,0,12,100,2146,2146,v001,agent:DataEngineer
2026-08-04,16,15:00,voice,Meridian,2,2,2,0,12,100,2045,2045,v001,agent:DataEngineer
2026-08-04,16,15:30,voice,Meridian,1,1,1,0,13,100,1833,1833,v001,agent:DataEngineer
2026-08-04,16,16:00,voice,Meridian,2,2,1,0,191,50,1998,1998,v001,agent:DataEngineer
2026-08-04,16,16:30,voice,Meridian,1,1,1,0,10,100,2138,2138,v001,agent:DataEngineer
2026-08-04,16,17:00,voice,Meridian,1,1,1,0,12,100,2222,2222,v001,agent:DataEngineer
2026-08-04,16,17:30,voice,Meridian,1,1,1,0,10,100,2090,2090,v001,agent:DataEngineer
2026-08-04,16,18:00,voice,Meridian,1,1,1,0,13,100,2003,2003,v001,agent:DataEngineer
2026-08-04,16,18:30,voice,Meridian,0,0,0,0,0,0,0,0,v001,agent:DataEngineer
2026-08-04,16,19:00,voice,Meridian,0,0,0,0,0,0,0,0,v001,agent:DataEngineer
2026-08-04,16,19:30,voice,Meridian,0,0,0,0,0,0,0,0,v001,agent:DataEngineer
2026-08-04,16,20:00,voice,Meridian,0,0,0,0,0,0,0,0,v001,agent:DataEngineer
2026-08-04,16,20:30,voice,Meridian,0,0,0,0,0,0,0,0,v001,agent:DataEngineer
2026-08-04,16,21:00,voice,Meridian,0,0,0,0,0,0,0,0,v001,agent:DataEngineer
2026-08-04,16,21:30,voice,Meridian,0,0,0,0,0,0,0,0,v001,agent:DataEngineer
2026-08-04,16,22:00,voice,Meridian,0,0,0,0,0,0,0,0,v001,agent:DataEngineer
2026-08-04,16,22:30,voice,Meridian,0,0,0,0,0,0,0,0,v001,agent:DataEngineer
2026-08-04,16,23:00,voice,Meridian,0,0,0,0,0,0,0,0,v001,agent:DataEngineer
2026-08-04,16,23:30,voice,Meridian,0,0,0,0,0,0,0,0,v001,agent:DataEngineer
2026-08-04,16,00:00,chat,Meridian,0,0,0,0,0,0,0,0,v001,agent:DataEngineer
2026-08-04,16,00:30,chat,Meridian,0,0,0,0,0,0,0,0,v001,agent:DataEngineer
2026-08-04,16,01:00,chat,Meridian,0,0,0,0,0,0,0,0,v001,agent:DataEngineer
2026-08-04,16,01:30,chat,Meridian,0,0,0,0,0,0,0,0,v001,agent:DataEngineer
2026-08-04,16,02:00,chat,Meridian,1,1,1,0,45,100,1136,568,v001,agent:DataEngineer
2026-08-04,16,02:30,chat,Meridian,0,0,0,0,0,0,0,0,v001,agent:DataEngineer
2026-08-04,16,03:00,chat,Meridian,0,0,0,0,0,0,0,0,v001,agent:DataEngineer
2026-08-04,16,03:30,chat,Meridian,0,0,0,0,0,0,0,0,v001,agent:DataEngineer
2026-08-04,16,04:00,chat,Meridian,0,0,0,0,0,0,0,0,v001,agent:DataEngineer
2026-08-04,16,04:30,chat,Meridian,1,1,1,0,38,100,1243,621,v001,agent:DataEngineer
2026-08-04,16,05:00,chat,Meridian,0,0,0,0,0,0,0,0,v001,agent:DataEngineer
2026-08-04,16,05:30,chat,Meridian,0,0,0,0,0,0,0,0,v001,agent:DataEngineer
2026-08-04,16,06:00,chat,Meridian,0,0,0,0,0,0,0,0,v001,agent:DataEngineer
2026-08-04,16,06:30,chat,Meridian,1,1,1,0,43,100,1224,612,v001,agent:DataEngineer
2026-08-04,16,07:00,chat,Meridian,1,1,1,0,46,100,1063,532,v001,agent:DataEngineer
2026-08-04,16,07:30,chat,Meridian,1,1,1,0,46,100,1082,541,v001,agent:DataEngineer
2026-08-04,16,08:00,chat,Meridian,2,2,2,0,43,100,1167,584,v001,agent:DataEngineer
2026-08-04,16,08:30,chat,Meridian,2,2,2,0,48,100,1135,568,v001,agent:DataEngineer
2026-08-04,16,09:00,chat,Meridian,2,2,2,0,50,100,1065,532,v001,agent:DataEngineer
2026-08-04,16,09:30,chat,Meridian,3,3,3,0,44,100,1152,576,v001,agent:DataEngineer
2026-08-04,16,10:00,chat,Meridian,3,3,3,0,47,100,967,483,v001,agent:DataEngineer
2026-08-04,16,10:30,chat,Meridian,3,3,3,0,41,100,1145,572,v001,agent:DataEngineer
2026-08-04,16,11:00,chat,Meridian,3,2,2,1,197,66.7,1118,559,v001,agent:DataEngineer
2026-08-04,16,11:30,chat,Meridian,4,4,4,0,44,100,1152,576,v001,agent:DataEngineer
2026-08-04,16,12:00,chat,Meridian,3,3,3,0,48,100,1127,564,v001,agent:DataEngineer
2026-08-04,16,12:30,chat,Meridian,3,3,3,0,48,100,1076,538,v001,agent:DataEngineer
2026-08-04,16,13:00,chat,Meridian,2,2,2,0,48,100,1293,646,v001,agent:DataEngineer
2026-08-04,16,13:30,chat,Meridian,3,3,2,0,209,66.7,1097,549,v001,agent:DataEngineer
2026-08-04,16,14:00,chat,Meridian,3,3,3,0,47,100,1036,518,v001,agent:DataEngineer
2026-08-04,16,14:30,chat,Meridian,3,2,2,1,166,66.7,1178,589,v001,agent:DataEngineer
2026-08-04,16,15:00,chat,Meridian,3,3,2,0,156,66.7,1149,575,v001,agent:DataEngineer
2026-08-04,16,15:30,chat,Meridian,3,3,3,0,45,100,1128,564,v001,agent:DataEngineer
2026-08-04,16,16:00,chat,Meridian,3,3,3,0,46,100,1078,539,v001,agent:DataEngineer
2026-08-04,16,16:30,chat,Meridian,2,2,2,0,42,100,1226,613,v001,agent:DataEngineer
2026-08-04,16,17:00,chat,Meridian,2,2,2,0,48,100,1238,619,v001,agent:DataEngineer
2026-08-04,16,17:30,chat,Meridian,2,2,2,0,42,100,1203,602,v001,agent:DataEngineer
2026-08-04,16,18:00,chat,Meridian,1,1,1,0,49,100,1115,558,v001,agent:DataEngineer
2026-08-04,16,18:30,chat,Meridian,1,1,1,0,44,100,1099,549,v001,agent:DataEngineer
2026-08-04,16,19:00,chat,Meridian,1,1,1,0,43,100,1053,527,v001,agent:DataEngineer
2026-08-04,16,19:30,chat,Meridian,0,0,0,0,0,0,0,0,v001,agent:DataEngineer
2026-08-04,16,20:00,chat,Meridian,0,0,0,0,0,0,0,0,v001,agent:DataEngineer
2026-08-04,16,20:30,chat,Meridian,0,0,0,0,0,0,0,0,v001,agent:DataEngineer
2026-08-04,16,21:00,chat,Meridian,0,0,0,0,0,0,0,0,v001,agent:DataEngineer
2026-08-04,16,21:30,chat,Meridian,1,1,1,0,40,100,1082,541,v001,agent:DataEngineer
2026-08-04,16,22:00,chat,Meridian,1,1,1,0,41,100,1189,595,v001,agent:DataEngineer
2026-08-04,16,22:30,chat,Meridian,0,0,0,0,0,0,0,0,v001,agent:DataEngineer
2026-08-04,16,23:00,chat,Meridian,0,0,0,0,0,0,0,0,v001,agent:DataEngineer
2026-08-04,16,23:30,chat,Meridian,0,0,0,0,0,0,0,0,v001,agent:DataEngineer
2026-08-05,17,00:00,voice,Meridian,0,0,0,0,0,0,0,0,v001,agent:DataEngineer
2026-08-05,17,00:30,voice,Meridian,0,0,0,0,0,0,0,0,v001,agent:DataEngineer
2026-08-05,17,01:00,voice,Meridian,0,0,0,0,0,0,0,0,v001,agent:DataEngineer
2026-08-05,17,01:30,voice,Meridian,0,0,0,0,0,0,0,0,v001,agent:DataEngineer
2026-08-05,17,02:00,voice,Meridian,0,0,0,0,0,0,0,0,v001,agent:DataEngineer
2026-08-05,17,02:30,voice,Meridian,0,0,0,0,0,0,0,0,v001,agent:DataEngineer
2026-08-05,17,03:00,voice,Meridian,0,0,0,0,0,0,0,0,v001,agent:DataEngineer
2026-08-05,17,03:30,voice,Meridian,0,0,0,0,0,0,0,0,v001,agent:DataEngineer
2026-08-05,17,04:00,voice,Meridian,0,0,0,0,0,0,0,0,v001,agent:DataEngineer
2026-08-05,17,04:30,voice,Meridian,0,0,0,0,0,0,0,0,v001,agent:DataEngineer
2026-08-05,17,05:00,voice,Meridian,0,0,0,0,0,0,0,0,v001,agent:DataEngineer
2026-08-05,17,05:30,voice,Meridian,0,0,0,0,0,0,0,0,v001,agent:DataEngineer
2026-08-05,17,06:00,voice,Meridian,0,0,0,0,0,0,0,0,v001,agent:DataEngineer
2026-08-05,17,06:30,voice,Meridian,0,0,0,0,0,0,0,0,v001,agent:DataEngineer
2026-08-05,17,07:00,voice,Meridian,0,0,0,0,0,0,0,0,v001,agent:DataEngineer
2026-08-05,17,07:30,voice,Meridian,1,1,1,0,12,100,1958,1958,v001,agent:DataEngineer
2026-08-05,17,08:00,voice,Meridian,1,1,1,0,12,100,2062,2062,v001,agent:DataEngineer
2026-08-05,17,08:30,voice,Meridian,1,1,1,0,12,100,1759,1759,v001,agent:DataEngineer
2026-08-05,17,09:00,voice,Meridian,1,1,1,0,11,100,2047,2047,v001,agent:DataEngineer
2026-08-05,17,09:30,voice,Meridian,1,1,1,0,12,100,1754,1754,v001,agent:DataEngineer
2026-08-05,17,10:00,voice,Meridian,2,2,2,0,12,100,1905,1905,v001,agent:DataEngineer
2026-08-05,17,10:30,voice,Meridian,2,2,2,0,13,100,1783,1783,v001,agent:DataEngineer
2026-08-05,17,11:00,voice,Meridian,2,2,2,0,13,100,1931,1931,v001,agent:DataEngineer
2026-08-05,17,11:30,voice,Meridian,2,1,1,1,245,50,1719,1719,v001,agent:DataEngineer
2026-08-05,17,12:00,voice,Meridian,1,1,1,0,9,100,1719,1719,v001,agent:DataEngineer
2026-08-05,17,12:30,voice,Meridian,1,1,1,0,13,100,1914,1914,v001,agent:DataEngineer
2026-08-05,17,13:00,voice,Meridian,1,1,1,0,12,100,1931,1931,v001,agent:DataEngineer
2026-08-05,17,13:30,voice,Meridian,1,1,1,0,12,100,1755,1755,v001,agent:DataEngineer
2026-08-05,17,14:00,voice,Meridian,1,1,1,0,12,100,1838,1838,v001,agent:DataEngineer
2026-08-05,17,14:30,voice,Meridian,1,1,1,0,13,100,1949,1949,v001,agent:DataEngineer
2026-08-05,17,15:00,voice,Meridian,1,1,1,0,11,100,1669,1669,v001,agent:DataEngineer
2026-08-05,17,15:30,voice,Meridian,1,1,1,0,13,100,1787,1787,v001,agent:DataEngineer
2026-08-05,17,16:00,voice,Meridian,1,1,1,0,13,100,1716,1716,v001,agent:DataEngineer
2026-08-05,17,16:30,voice,Meridian,1,1,1,0,12,100,1905,1905,v001,agent:DataEngineer
2026-08-05,17,17:00,voice,Meridian,1,1,1,0,13,100,1928,1928,v001,agent:DataEngineer
2026-08-05,17,17:30,voice,Meridian,1,1,1,0,12,100,1789,1789,v001,agent:DataEngineer
2026-08-05,17,18:00,voice,Meridian,1,1,1,0,12,100,1978,1978,v001,agent:DataEngineer
2026-08-05,17,18:30,voice,Meridian,1,1,1,0,12,100,1974,1974,v001,agent:DataEngineer
2026-08-05,17,19:00,voice,Meridian,0,0,0,0,0,0,0,0,v001,agent:DataEngineer
2026-08-05,17,19:30,voice,Meridian,0,0,0,0,0,0,0,0,v001,agent:DataEngineer
2026-08-05,17,20:00,voice,Meridian,0,0,0,0,0,0,0,0,v001,agent:DataEngineer
2026-08-05,17,20:30,voice,Meridian,0,0,0,0,0,0,0,0,v001,agent:DataEngineer
2026-08-05,17,21:00,voice,Meridian,0,0,0,0,0,0,0,0,v001,agent:DataEngineer
2026-08-05,17,21:30,voice,Meridian,0,0,0,0,0,0,0,0,v001,agent:DataEngineer
2026-08-05,17,22:00,voice,Meridian,0,0,0,0,0,0,0,0,v001,agent:DataEngineer
2026-08-05,17,22:30,voice,Meridian,0,0,0,0,0,0,0,0,v001,agent:DataEngineer
2026-08-05,17,23:00,voice,Meridian,0,0,0,0,0,0,0,0,v001,agent:DataEngineer
2026-08-05,17,23:30,voice,Meridian,0,0,0,0,0,0,0,0,v001,agent:DataEngineer
2026-08-05,17,00:00,chat,Meridian,1,1,1,0,35,100,1115,558,v001,agent:DataEngineer
2026-08-05,17,00:30,chat,Meridian,0,0,0,0,0,0,0,0,v001,agent:DataEngineer
2026-08-05,17,01:00,chat,Meridian,0,0,0,0,0,0,0,0,v001,agent:DataEngineer
2026-08-05,17,01:30,chat,Meridian,0,0,0,0,0,0,0,0,v001,agent:DataEngineer
2026-08-05,17,02:00,chat,Meridian,0,0,0,0,0,0,0,0,v001,agent:DataEngineer
2026-08-05,17,02:30,chat,Meridian,0,0,0,0,0,0,0,0,v001,agent:DataEngineer
2026-08-05,17,03:00,chat,Meridian,0,0,0,0,0,0,0,0,v001,agent:DataEngineer
2026-08-05,17,03:30,chat,Meridian,0,0,0,0,0,0,0,0,v001,agent:DataEngineer
2026-08-05,17,04:00,chat,Meridian,0,0,0,0,0,0,0,0,v001,agent:DataEngineer
2026-08-05,17,04:30,chat,Meridian,0,0,0,0,0,0,0,0,v001,agent:DataEngineer
2026-08-05,17,05:00,chat,Meridian,0,0,0,0,0,0,0,0,v001,agent:DataEngineer
2026-08-05,17,05:30,chat,Meridian,0,0,0,0,0,0,0,0,v001,agent:DataEngineer
2026-08-05,17,06:00,chat,Meridian,1,1,1,0,38,100,1136,568,v001,agent:DataEngineer
2026-08-05,17,06:30,chat,Meridian,1,1,1,0,42,100,1294,647,v001,agent:DataEngineer
2026-08-05,17,07:00,chat,Meridian,1,1,1,0,42,100,1034,517,v001,agent:DataEngineer
2026-08-05,17,07:30,chat,Meridian,1,1,1,0,46,100,1250,625,v001,agent:DataEngineer
2026-08-05,17,08:00,chat,Meridian,1,1,1,0,47,100,1104,552,v001,agent:DataEngineer
2026-08-05,17,08:30,chat,Meridian,2,2,2,0,40,100,1091,545,v001,agent:DataEngineer
2026-08-05,17,09:00,chat,Meridian,2,2,2,0,45,100,1082,541,v001,agent:DataEngineer
2026-08-05,17,09:30,chat,Meridian,2,2,2,0,46,100,1193,597,v001,agent:DataEngineer
2026-08-05,17,10:00,chat,Meridian,2,2,2,0,49,100,1225,612,v001,agent:DataEngineer
2026-08-05,17,10:30,chat,Meridian,3,3,3,0,46,100,1244,622,v001,agent:DataEngineer
2026-08-05,17,11:00,chat,Meridian,2,2,2,0,38,100,1240,620,v001,agent:DataEngineer
2026-08-05,17,11:30,chat,Meridian,3,2,2,1,217,66.7,1001,501,v001,agent:DataEngineer
2026-08-05,17,12:00,chat,Meridian,3,3,3,0,42,100,1138,569,v001,agent:DataEngineer
2026-08-05,17,12:30,chat,Meridian,2,2,2,0,40,100,1080,540,v001,agent:DataEngineer
2026-08-05,17,13:00,chat,Meridian,2,2,2,0,47,100,1152,576,v001,agent:DataEngineer
2026-08-05,17,13:30,chat,Meridian,2,2,2,0,49,100,1177,589,v001,agent:DataEngineer
2026-08-05,17,14:00,chat,Meridian,2,2,2,0,48,100,1115,558,v001,agent:DataEngineer
2026-08-05,17,14:30,chat,Meridian,3,3,3,0,50,100,1139,569,v001,agent:DataEngineer
2026-08-05,17,15:00,chat,Meridian,3,3,3,0,56,100,1087,544,v001,agent:DataEngineer
2026-08-05,17,15:30,chat,Meridian,4,3,3,1,140,75,1050,525,v001,agent:DataEngineer
2026-08-05,17,16:00,chat,Meridian,2,2,2,0,42,100,1136,568,v001,agent:DataEngineer
2026-08-05,17,16:30,chat,Meridian,2,2,2,0,49,100,1170,585,v001,agent:DataEngineer
2026-08-05,17,17:00,chat,Meridian,1,1,1,0,50,100,1101,550,v001,agent:DataEngineer
2026-08-05,17,17:30,chat,Meridian,1,1,1,0,50,100,1009,505,v001,agent:DataEngineer
2026-08-05,17,18:00,chat,Meridian,1,1,1,0,44,100,1157,578,v001,agent:DataEngineer
2026-08-05,17,18:30,chat,Meridian,1,1,1,0,44,100,1100,550,v001,agent:DataEngineer
2026-08-05,17,19:00,chat,Meridian,1,1,1,0,49,100,1165,583,v001,agent:DataEngineer
2026-08-05,17,19:30,chat,Meridian,1,1,1,0,51,100,1213,607,v001,agent:DataEngineer
2026-08-05,17,20:00,chat,Meridian,1,1,1,0,42,100,1152,576,v001,agent:DataEngineer
2026-08-05,17,20:30,chat,Meridian,1,1,1,0,37,100,1207,603,v001,agent:DataEngineer
2026-08-05,17,21:00,chat,Meridian,0,0,0,0,0,0,0,0,v001,agent:DataEngineer
2026-08-05,17,21:30,chat,Meridian,0,0,0,0,0,0,0,0,v001,agent:DataEngineer
2026-08-05,17,22:00,chat,Meridian,0,0,0,0,0,0,0,0,v001,agent:DataEngineer
2026-08-05,17,22:30,chat,Meridian,0,0,0,0,0,0,0,0,v001,agent:DataEngineer
2026-08-05,17,23:00,chat,Meridian,0,0,0,0,0,0,0,0,v001,agent:DataEngineer
2026-08-05,17,23:30,chat,Meridian,0,0,0,0,0,0,0,0,v001,agent:DataEngineer
2026-08-06,18,00:00,voice,Meridian,0,0,0,0,0,0,0,0,v001,agent:DataEngineer
2026-08-06,18,00:30,voice,Meridian,0,0,0,0,0,0,0,0,v001,agent:DataEngineer
2026-08-06,18,01:00,voice,Meridian,0,0,0,0,0,0,0,0,v001,agent:DataEngineer
2026-08-06,18,01:30,voice,Meridian,0,0,0,0,0,0,0,0,v001,agent:DataEngineer
2026-08-06,18,02:00,voice,Meridian,0,0,0,0,0,0,0,0,v001,agent:DataEngineer
2026-08-06,18,02:30,voice,Meridian,0,0,0,0,0,0,0,0,v001,agent:DataEngineer
2026-08-06,18,03:00,voice,Meridian,0,0,0,0,0,0,0,0,v001,agent:DataEngineer
2026-08-06,18,03:30,voice,Meridian,0,0,0,0,0,0,0,0,v001,agent:DataEngineer
2026-08-06,18,04:00,voice,Meridian,0,0,0,0,0,0,0,0,v001,agent:DataEngineer
2026-08-06,18,04:30,voice,Meridian,0,0,0,0,0,0,0,0,v001,agent:DataEngineer
2026-08-06,18,05:00,voice,Meridian,0,0,0,0,0,0,0,0,v001,agent:DataEngineer
2026-08-06,18,05:30,voice,Meridian,0,0,0,0,0,0,0,0,v001,agent:DataEngineer
2026-08-06,18,06:00,voice,Meridian,0,0,0,0,0,0,0,0,v001,agent:DataEngineer
2026-08-06,18,06:30,voice,Meridian,0,0,0,0,0,0,0,0,v001,agent:DataEngineer
2026-08-06,18,07:00,voice,Meridian,0,0,0,0,0,0,0,0,v001,agent:DataEngineer
2026-08-06,18,07:30,voice,Meridian,1,1,1,0,12,100,1990,1990,v001,agent:DataEngineer
2026-08-06,18,08:00,voice,Meridian,1,1,1,0,12,100,1940,1940,v001,agent:DataEngineer
2026-08-06,18,08:30,voice,Meridian,1,1,1,0,11,100,1920,1920,v001,agent:DataEngineer
2026-08-06,18,09:00,voice,Meridian,1,1,1,0,12,100,1886,1886,v001,agent:DataEngineer
2026-08-06,18,09:30,voice,Meridian,1,1,1,0,11,100,1991,1991,v001,agent:DataEngineer
2026-08-06,18,10:00,voice,Meridian,2,2,2,0,13,100,1991,1991,v001,agent:DataEngineer
2026-08-06,18,10:30,voice,Meridian,2,2,2,0,11,100,1824,1824,v001,agent:DataEngineer
2026-08-06,18,11:00,voice,Meridian,1,1,1,0,12,100,1766,1766,v001,agent:DataEngineer
2026-08-06,18,11:30,voice,Meridian,2,1,1,1,217,50,1809,1809,v001,agent:DataEngineer
2026-08-06,18,12:00,voice,Meridian,1,1,1,0,10,100,2015,2015,v001,agent:DataEngineer
2026-08-06,18,12:30,voice,Meridian,2,2,2,0,12,100,1988,1988,v001,agent:DataEngineer
2026-08-06,18,13:00,voice,Meridian,1,1,1,0,13,100,1723,1723,v001,agent:DataEngineer
2026-08-06,18,13:30,voice,Meridian,1,1,1,0,11,100,2023,2023,v001,agent:DataEngineer
2026-08-06,18,14:00,voice,Meridian,1,1,1,0,13,100,2017,2017,v001,agent:DataEngineer
2026-08-06,18,14:30,voice,Meridian,1,1,1,0,11,100,1987,1987,v001,agent:DataEngineer
2026-08-06,18,15:00,voice,Meridian,1,1,1,0,13,100,1974,1974,v001,agent:DataEngineer
2026-08-06,18,15:30,voice,Meridian,1,1,1,0,14,100,1985,1985,v001,agent:DataEngineer
2026-08-06,18,16:00,voice,Meridian,1,1,1,0,13,100,1827,1827,v001,agent:DataEngineer
2026-08-06,18,16:30,voice,Meridian,1,1,1,0,12,100,2109,2109,v001,agent:DataEngineer
2026-08-06,18,17:00,voice,Meridian,1,1,1,0,12,100,1829,1829,v001,agent:DataEngineer
2026-08-06,18,17:30,voice,Meridian,1,1,1,0,11,100,2011,2011,v001,agent:DataEngineer
2026-08-06,18,18:00,voice,Meridian,1,1,1,0,14,100,2045,2045,v001,agent:DataEngineer
2026-08-06,18,18:30,voice,Meridian,1,1,1,0,13,100,1855,1855,v001,agent:DataEngineer
2026-08-06,18,19:00,voice,Meridian,0,0,0,0,0,0,0,0,v001,agent:DataEngineer
2026-08-06,18,19:30,voice,Meridian,0,0,0,0,0,0,0,0,v001,agent:DataEngineer
2026-08-06,18,20:00,voice,Meridian,0,0,0,0,0,0,0,0,v001,agent:DataEngineer
2026-08-06,18,20:30,voice,Meridian,0,0,0,0,0,0,0,0,v001,agent:DataEngineer
2026-08-06,18,21:00,voice,Meridian,0,0,0,0,0,0,0,0,v001,agent:DataEngineer
2026-08-06,18,21:30,voice,Meridian,0,0,0,0,0,0,0,0,v001,agent:DataEngineer
2026-08-06,18,22:00,voice,Meridian,0,0,0,0,0,0,0,0,v001,agent:DataEngineer
2026-08-06,18,22:30,voice,Meridian,0,0,0,0,0,0,0,0,v001,agent:DataEngineer
2026-08-06,18,23:00,voice,Meridian,0,0,0,0,0,0,0,0,v001,agent:DataEngineer
2026-08-06,18,23:30,voice,Meridian,0,0,0,0,0,0,0,0,v001,agent:DataEngineer
2026-08-06,18,00:00,chat,Meridian,0,0,0,0,0,0,0,0,v001,agent:DataEngineer
2026-08-06,18,00:30,chat,Meridian,1,1,1,0,41,100,1041,520,v001,agent:DataEngineer
2026-08-06,18,01:00,chat,Meridian,0,0,0,0,0,0,0,0,v001,agent:DataEngineer
2026-08-06,18,01:30,chat,Meridian,0,0,0,0,0,0,0,0,v001,agent:DataEngineer
2026-08-06,18,02:00,chat,Meridian,0,0,0,0,0,0,0,0,v001,agent:DataEngineer
2026-08-06,18,02:30,chat,Meridian,0,0,0,0,0,0,0,0,v001,agent:DataEngineer
2026-08-06,18,03:00,chat,Meridian,0,0,0,0,0,0,0,0,v001,agent:DataEngineer
2026-08-06,18,03:30,chat,Meridian,0,0,0,0,0,0,0,0,v001,agent:DataEngineer
2026-08-06,18,04:00,chat,Meridian,0,0,0,0,0,0,0,0,v001,agent:DataEngineer
2026-08-06,18,04:30,chat,Meridian,0,0,0,0,0,0,0,0,v001,agent:DataEngineer
2026-08-06,18,05:00,chat,Meridian,0,0,0,0,0,0,0,0,v001,agent:DataEngineer
2026-08-06,18,05:30,chat,Meridian,0,0,0,0,0,0,0,0,v001,agent:DataEngineer
2026-08-06,18,06:00,chat,Meridian,1,1,1,0,44,100,1064,532,v001,agent:DataEngineer
2026-08-06,18,06:30,chat,Meridian,1,1,1,0,44,100,1080,540,v001,agent:DataEngineer
2026-08-06,18,07:00,chat,Meridian,1,1,1,0,45,100,1122,561,v001,agent:DataEngineer
2026-08-06,18,07:30,chat,Meridian,1,1,1,0,47,100,1087,543,v001,agent:DataEngineer
2026-08-06,18,08:00,chat,Meridian,1,1,1,0,39,100,1034,517,v001,agent:DataEngineer
2026-08-06,18,08:30,chat,Meridian,1,1,1,0,39,100,1137,569,v001,agent:DataEngineer
2026-08-06,18,09:00,chat,Meridian,2,2,2,0,54,100,998,499,v001,agent:DataEngineer
2026-08-06,18,09:30,chat,Meridian,3,3,3,0,42,100,1135,568,v001,agent:DataEngineer
2026-08-06,18,10:00,chat,Meridian,3,3,3,0,48,100,1176,588,v001,agent:DataEngineer
2026-08-06,18,10:30,chat,Meridian,3,3,3,0,39,100,1176,588,v001,agent:DataEngineer
2026-08-06,18,11:00,chat,Meridian,3,2,2,1,202,66.7,960,480,v001,agent:DataEngineer
2026-08-06,18,11:30,chat,Meridian,3,3,3,0,46,100,968,484,v001,agent:DataEngineer
2026-08-06,18,12:00,chat,Meridian,2,2,2,0,45,100,1061,531,v001,agent:DataEngineer
2026-08-06,18,12:30,chat,Meridian,2,2,2,0,45,100,1118,559,v001,agent:DataEngineer
2026-08-06,18,13:00,chat,Meridian,2,2,2,0,42,100,1118,559,v001,agent:DataEngineer
2026-08-06,18,13:30,chat,Meridian,2,2,2,0,46,100,1053,526,v001,agent:DataEngineer
2026-08-06,18,14:00,chat,Meridian,2,2,2,0,38,100,1138,569,v001,agent:DataEngineer
2026-08-06,18,14:30,chat,Meridian,3,2,2,1,239,66.7,983,491,v001,agent:DataEngineer
2026-08-06,18,15:00,chat,Meridian,3,3,3,0,36,100,1055,528,v001,agent:DataEngineer
2026-08-06,18,15:30,chat,Meridian,3,3,3,0,42,100,1148,574,v001,agent:DataEngineer
2026-08-06,18,16:00,chat,Meridian,2,2,2,0,44,100,1047,524,v001,agent:DataEngineer
2026-08-06,18,16:30,chat,Meridian,2,2,2,0,51,100,958,479,v001,agent:DataEngineer
2026-08-06,18,17:00,chat,Meridian,1,1,1,0,41,100,1093,547,v001,agent:DataEngineer
2026-08-06,18,17:30,chat,Meridian,1,1,1,0,48,100,1150,575,v001,agent:DataEngineer
2026-08-06,18,18:00,chat,Meridian,1,1,1,0,37,100,1107,554,v001,agent:DataEngineer
2026-08-06,18,18:30,chat,Meridian,1,1,1,0,45,100,1164,582,v001,agent:DataEngineer
2026-08-06,18,19:00,chat,Meridian,1,1,1,0,54,100,1191,596,v001,agent:DataEngineer
2026-08-06,18,19:30,chat,Meridian,1,1,1,0,48,100,1094,547,v001,agent:DataEngineer
2026-08-06,18,20:00,chat,Meridian,0,0,0,0,0,0,0,0,v001,agent:DataEngineer
2026-08-06,18,20:30,chat,Meridian,0,0,0,0,0,0,0,0,v001,agent:DataEngineer
2026-08-06,18,21:00,chat,Meridian,0,0,0,0,0,0,0,0,v001,agent:DataEngineer
2026-08-06,18,21:30,chat,Meridian,0,0,0,0,0,0,0,0,v001,agent:DataEngineer
2026-08-06,18,22:00,chat,Meridian,1,1,1,0,47,100,1061,531,v001,agent:DataEngineer
2026-08-06,18,22:30,chat,Meridian,0,0,0,0,0,0,0,0,v001,agent:DataEngineer
2026-08-06,18,23:00,chat,Meridian,0,0,0,0,0,0,0,0,v001,agent:DataEngineer
2026-08-06,18,23:30,chat,Meridian,1,1,1,0,42,100,1079,540,v001,agent:DataEngineer
2026-08-07,19,00:00,voice,Meridian,0,0,0,0,0,0,0,0,v001,agent:DataEngineer
2026-08-07,19,00:30,voice,Meridian,0,0,0,0,0,0,0,0,v001,agent:DataEngineer
2026-08-07,19,01:00,voice,Meridian,0,0,0,0,0,0,0,0,v001,agent:DataEngineer
2026-08-07,19,01:30,voice,Meridian,0,0,0,0,0,0,0,0,v001,agent:DataEngineer
2026-08-07,19,02:00,voice,Meridian,0,0,0,0,0,0,0,0,v001,agent:DataEngineer
2026-08-07,19,02:30,voice,Meridian,0,0,0,0,0,0,0,0,v001,agent:DataEngineer
2026-08-07,19,03:00,voice,Meridian,0,0,0,0,0,0,0,0,v001,agent:DataEngineer
2026-08-07,19,03:30,voice,Meridian,0,0,0,0,0,0,0,0,v001,agent:DataEngineer
2026-08-07,19,04:00,voice,Meridian,0,0,0,0,0,0,0,0,v001,agent:DataEngineer
2026-08-07,19,04:30,voice,Meridian,0,0,0,0,0,0,0,0,v001,agent:DataEngineer
2026-08-07,19,05:00,voice,Meridian,0,0,0,0,0,0,0,0,v001,agent:DataEngineer
2026-08-07,19,05:30,voice,Meridian,0,0,0,0,0,0,0,0,v001,agent:DataEngineer
2026-08-07,19,06:00,voice,Meridian,0,0,0,0,0,0,0,0,v001,agent:DataEngineer
2026-08-07,19,06:30,voice,Meridian,0,0,0,0,0,0,0,0,v001,agent:DataEngineer
2026-08-07,19,07:00,voice,Meridian,0,0,0,0,0,0,0,0,v001,agent:DataEngineer
2026-08-07,19,07:30,voice,Meridian,1,1,1,0,14,100,1974,1974,v001,agent:DataEngineer
2026-08-07,19,08:00,voice,Meridian,1,1,1,0,12,100,1962,1962,v001,agent:DataEngineer
2026-08-07,19,08:30,voice,Meridian,1,1,1,0,11,100,2165,2165,v001,agent:DataEngineer
2026-08-07,19,09:00,voice,Meridian,1,1,1,0,11,100,2018,2018,v001,agent:DataEngineer
2026-08-07,19,09:30,voice,Meridian,1,1,1,0,12,100,1893,1893,v001,agent:DataEngineer
2026-08-07,19,10:00,voice,Meridian,1,1,1,0,13,100,2095,2095,v001,agent:DataEngineer
2026-08-07,19,10:30,voice,Meridian,2,2,2,0,11,100,1976,1976,v001,agent:DataEngineer
2026-08-07,19,11:00,voice,Meridian,2,1,1,1,212,50,2483,2483,v001,agent:DataEngineer
2026-08-07,19,11:30,voice,Meridian,2,2,2,0,13,100,2043,2043,v001,agent:DataEngineer
2026-08-07,19,12:00,voice,Meridian,1,1,1,0,11,100,1991,1991,v001,agent:DataEngineer
2026-08-07,19,12:30,voice,Meridian,1,1,1,0,13,100,2012,2012,v001,agent:DataEngineer
2026-08-07,19,13:00,voice,Meridian,2,2,2,0,11,100,2057,2057,v001,agent:DataEngineer
2026-08-07,19,13:30,voice,Meridian,2,2,2,0,13,100,2007,2007,v001,agent:DataEngineer
2026-08-07,19,14:00,voice,Meridian,1,1,1,0,13,100,1860,1860,v001,agent:DataEngineer
2026-08-07,19,14:30,voice,Meridian,1,1,1,0,9,100,2048,2048,v001,agent:DataEngineer
2026-08-07,19,15:00,voice,Meridian,1,1,1,0,12,100,2183,2183,v001,agent:DataEngineer
2026-08-07,19,15:30,voice,Meridian,1,1,1,0,13,100,2126,2126,v001,agent:DataEngineer
2026-08-07,19,16:00,voice,Meridian,1,1,1,0,12,100,2171,2171,v001,agent:DataEngineer
2026-08-07,19,16:30,voice,Meridian,1,1,1,0,15,100,1910,1910,v001,agent:DataEngineer
2026-08-07,19,17:00,voice,Meridian,1,1,1,0,13,100,2038,2038,v001,agent:DataEngineer
2026-08-07,19,17:30,voice,Meridian,1,1,1,0,11,100,2087,2087,v001,agent:DataEngineer
2026-08-07,19,18:00,voice,Meridian,1,1,1,0,11,100,2057,2057,v001,agent:DataEngineer
2026-08-07,19,18:30,voice,Meridian,0,0,0,0,0,0,0,0,v001,agent:DataEngineer
2026-08-07,19,19:00,voice,Meridian,0,0,0,0,0,0,0,0,v001,agent:DataEngineer
2026-08-07,19,19:30,voice,Meridian,0,0,0,0,0,0,0,0,v001,agent:DataEngineer
2026-08-07,19,20:00,voice,Meridian,0,0,0,0,0,0,0,0,v001,agent:DataEngineer
2026-08-07,19,20:30,voice,Meridian,0,0,0,0,0,0,0,0,v001,agent:DataEngineer
2026-08-07,19,21:00,voice,Meridian,0,0,0,0,0,0,0,0,v001,agent:DataEngineer
2026-08-07,19,21:30,voice,Meridian,0,0,0,0,0,0,0,0,v001,agent:DataEngineer
2026-08-07,19,22:00,voice,Meridian,0,0,0,0,0,0,0,0,v001,agent:DataEngineer
2026-08-07,19,22:30,voice,Meridian,0,0,0,0,0,0,0,0,v001,agent:DataEngineer
2026-08-07,19,23:00,voice,Meridian,0,0,0,0,0,0,0,0,v001,agent:DataEngineer
2026-08-07,19,23:30,voice,Meridian,0,0,0,0,0,0,0,0,v001,agent:DataEngineer
2026-08-07,19,00:00,chat,Meridian,0,0,0,0,0,0,0,0,v001,agent:DataEngineer
2026-08-07,19,00:30,chat,Meridian,0,0,0,0,0,0,0,0,v001,agent:DataEngineer
2026-08-07,19,01:00,chat,Meridian,0,0,0,0,0,0,0,0,v001,agent:DataEngineer
2026-08-07,19,01:30,chat,Meridian,0,0,0,0,0,0,0,0,v001,agent:DataEngineer
2026-08-07,19,02:00,chat,Meridian,0,0,0,0,0,0,0,0,v001,agent:DataEngineer
2026-08-07,19,02:30,chat,Meridian,0,0,0,0,0,0,0,0,v001,agent:DataEngineer
2026-08-07,19,03:00,chat,Meridian,0,0,0,0,0,0,0,0,v001,agent:DataEngineer
2026-08-07,19,03:30,chat,Meridian,0,0,0,0,0,0,0,0,v001,agent:DataEngineer
2026-08-07,19,04:00,chat,Meridian,0,0,0,0,0,0,0,0,v001,agent:DataEngineer
2026-08-07,19,04:30,chat,Meridian,1,1,1,0,48,100,976,488,v001,agent:DataEngineer
2026-08-07,19,05:00,chat,Meridian,0,0,0,0,0,0,0,0,v001,agent:DataEngineer
2026-08-07,19,05:30,chat,Meridian,1,1,1,0,48,100,1096,548,v001,agent:DataEngineer
2026-08-07,19,06:00,chat,Meridian,1,1,1,0,46,100,966,483,v001,agent:DataEngineer
2026-08-07,19,06:30,chat,Meridian,1,1,1,0,53,100,1098,549,v001,agent:DataEngineer
2026-08-07,19,07:00,chat,Meridian,1,1,1,0,41,100,919,459,v001,agent:DataEngineer
2026-08-07,19,07:30,chat,Meridian,1,1,1,0,46,100,1163,581,v001,agent:DataEngineer
2026-08-07,19,08:00,chat,Meridian,1,1,1,0,39,100,1033,517,v001,agent:DataEngineer
2026-08-07,19,08:30,chat,Meridian,2,2,2,0,50,100,1064,532,v001,agent:DataEngineer
2026-08-07,19,09:00,chat,Meridian,2,2,2,0,46,100,1007,503,v001,agent:DataEngineer
2026-08-07,19,09:30,chat,Meridian,3,2,2,1,231,66.7,961,481,v001,agent:DataEngineer
2026-08-07,19,10:00,chat,Meridian,3,3,3,0,50,100,1042,521,v001,agent:DataEngineer
2026-08-07,19,10:30,chat,Meridian,3,2,2,1,203,66.7,1066,533,v001,agent:DataEngineer
2026-08-07,19,11:00,chat,Meridian,3,3,3,0,50,100,1041,520,v001,agent:DataEngineer
2026-08-07,19,11:30,chat,Meridian,3,3,3,0,47,100,965,482,v001,agent:DataEngineer
2026-08-07,19,12:00,chat,Meridian,2,2,2,0,42,100,937,469,v001,agent:DataEngineer
2026-08-07,19,12:30,chat,Meridian,2,2,2,0,46,100,1043,521,v001,agent:DataEngineer
2026-08-07,19,13:00,chat,Meridian,2,2,2,0,41,100,1046,523,v001,agent:DataEngineer
2026-08-07,19,13:30,chat,Meridian,2,2,2,0,48,100,1084,542,v001,agent:DataEngineer
2026-08-07,19,14:00,chat,Meridian,2,2,2,0,47,100,1035,517,v001,agent:DataEngineer
2026-08-07,19,14:30,chat,Meridian,2,2,2,0,48,100,1044,522,v001,agent:DataEngineer
2026-08-07,19,15:00,chat,Meridian,2,2,2,0,44,100,966,483,v001,agent:DataEngineer
2026-08-07,19,15:30,chat,Meridian,3,3,3,0,48,100,1045,523,v001,agent:DataEngineer
2026-08-07,19,16:00,chat,Meridian,3,3,3,0,44,100,1082,541,v001,agent:DataEngineer
2026-08-07,19,16:30,chat,Meridian,2,2,2,0,39,100,949,475,v001,agent:DataEngineer
2026-08-07,19,17:00,chat,Meridian,2,2,2,0,45,100,1090,545,v001,agent:DataEngineer
2026-08-07,19,17:30,chat,Meridian,1,1,1,0,45,100,1015,508,v001,agent:DataEngineer
2026-08-07,19,18:00,chat,Meridian,1,1,1,0,46,100,1063,532,v001,agent:DataEngineer
2026-08-07,19,18:30,chat,Meridian,1,1,1,0,37,100,1007,503,v001,agent:DataEngineer
2026-08-07,19,19:00,chat,Meridian,1,1,1,0,48,100,1146,573,v001,agent:DataEngineer
2026-08-07,19,19:30,chat,Meridian,0,0,0,0,0,0,0,0,v001,agent:DataEngineer
2026-08-07,19,20:00,chat,Meridian,1,1,1,0,44,100,1057,529,v001,agent:DataEngineer
2026-08-07,19,20:30,chat,Meridian,0,0,0,0,0,0,0,0,v001,agent:DataEngineer
2026-08-07,19,21:00,chat,Meridian,0,0,0,0,0,0,0,0,v001,agent:DataEngineer
2026-08-07,19,21:30,chat,Meridian,0,0,0,0,0,0,0,0,v001,agent:DataEngineer
2026-08-07,19,22:00,chat,Meridian,0,0,0,0,0,0,0,0,v001,agent:DataEngineer
2026-08-07,19,22:30,chat,Meridian,0,0,0,0,0,0,0,0,v001,agent:DataEngineer
2026-08-07,19,23:00,chat,Meridian,0,0,0,0,0,0,0,0,v001,agent:DataEngineer
2026-08-07,19,23:30,chat,Meridian,0,0,0,0,0,0,0,0,v001,agent:DataEngineer
2026-08-08,20,00:00,voice,Meridian,0,0,0,0,0,0,0,0,v001,agent:DataEngineer
2026-08-08,20,00:30,voice,Meridian,0,0,0,0,0,0,0,0,v001,agent:DataEngineer
2026-08-08,20,01:00,voice,Meridian,0,0,0,0,0,0,0,0,v001,agent:DataEngineer
2026-08-08,20,01:30,voice,Meridian,0,0,0,0,0,0,0,0,v001,agent:DataEngineer
2026-08-08,20,02:00,voice,Meridian,0,0,0,0,0,0,0,0,v001,agent:DataEngineer
2026-08-08,20,02:30,voice,Meridian,0,0,0,0,0,0,0,0,v001,agent:DataEngineer
2026-08-08,20,03:00,voice,Meridian,0,0,0,0,0,0,0,0,v001,agent:DataEngineer
2026-08-08,20,03:30,voice,Meridian,0,0,0,0,0,0,0,0,v001,agent:DataEngineer
2026-08-08,20,04:00,voice,Meridian,0,0,0,0,0,0,0,0,v001,agent:DataEngineer
2026-08-08,20,04:30,voice,Meridian,0,0,0,0,0,0,0,0,v001,agent:DataEngineer
2026-08-08,20,05:00,voice,Meridian,0,0,0,0,0,0,0,0,v001,agent:DataEngineer
2026-08-08,20,05:30,voice,Meridian,0,0,0,0,0,0,0,0,v001,agent:DataEngineer
2026-08-08,20,06:00,voice,Meridian,0,0,0,0,0,0,0,0,v001,agent:DataEngineer
2026-08-08,20,06:30,voice,Meridian,0,0,0,0,0,0,0,0,v001,agent:DataEngineer
2026-08-08,20,07:00,voice,Meridian,0,0,0,0,0,0,0,0,v001,agent:DataEngineer
2026-08-08,20,07:30,voice,Meridian,0,0,0,0,0,0,0,0,v001,agent:DataEngineer
2026-08-08,20,08:00,voice,Meridian,0,0,0,0,0,0,0,0,v001,agent:DataEngineer
2026-08-08,20,08:30,voice,Meridian,0,0,0,0,0,0,0,0,v001,agent:DataEngineer
2026-08-08,20,09:00,voice,Meridian,1,1,1,0,11,100,2078,2078,v001,agent:DataEngineer
2026-08-08,20,09:30,voice,Meridian,1,1,1,0,14,100,1821,1821,v001,agent:DataEngineer
2026-08-08,20,10:00,voice,Meridian,1,1,1,0,12,100,1908,1908,v001,agent:DataEngineer
2026-08-08,20,10:30,voice,Meridian,1,1,1,0,11,100,2023,2023,v001,agent:DataEngineer
2026-08-08,20,11:00,voice,Meridian,1,1,1,0,12,100,1993,1993,v001,agent:DataEngineer
2026-08-08,20,11:30,voice,Meridian,1,1,1,0,14,100,2028,2028,v001,agent:DataEngineer
2026-08-08,20,12:00,voice,Meridian,1,1,1,0,12,100,1984,1984,v001,agent:DataEngineer
2026-08-08,20,12:30,voice,Meridian,0,0,0,0,0,0,0,0,v001,agent:DataEngineer
2026-08-08,20,13:00,voice,Meridian,1,1,1,0,14,100,2387,2387,v001,agent:DataEngineer
2026-08-08,20,13:30,voice,Meridian,0,0,0,0,0,0,0,0,v001,agent:DataEngineer
2026-08-08,20,14:00,voice,Meridian,1,1,1,0,13,100,2105,2105,v001,agent:DataEngineer
2026-08-08,20,14:30,voice,Meridian,1,1,1,0,12,100,1989,1989,v001,agent:DataEngineer
2026-08-08,20,15:00,voice,Meridian,1,1,1,0,13,100,2060,2060,v001,agent:DataEngineer
2026-08-08,20,15:30,voice,Meridian,1,1,1,0,14,100,2134,2134,v001,agent:DataEngineer
2026-08-08,20,16:00,voice,Meridian,1,1,1,0,11,100,1910,1910,v001,agent:DataEngineer
2026-08-08,20,16:30,voice,Meridian,1,1,1,0,12,100,1963,1963,v001,agent:DataEngineer
2026-08-08,20,17:00,voice,Meridian,0,0,0,0,0,0,0,0,v001,agent:DataEngineer
2026-08-08,20,17:30,voice,Meridian,0,0,0,0,0,0,0,0,v001,agent:DataEngineer
2026-08-08,20,18:00,voice,Meridian,0,0,0,0,0,0,0,0,v001,agent:DataEngineer
2026-08-08,20,18:30,voice,Meridian,0,0,0,0,0,0,0,0,v001,agent:DataEngineer
2026-08-08,20,19:00,voice,Meridian,0,0,0,0,0,0,0,0,v001,agent:DataEngineer
2026-08-08,20,19:30,voice,Meridian,0,0,0,0,0,0,0,0,v001,agent:DataEngineer
2026-08-08,20,20:00,voice,Meridian,0,0,0,0,0,0,0,0,v001,agent:DataEngineer
2026-08-08,20,20:30,voice,Meridian,0,0,0,0,0,0,0,0,v001,agent:DataEngineer
2026-08-08,20,21:00,voice,Meridian,0,0,0,0,0,0,0,0,v001,agent:DataEngineer
2026-08-08,20,21:30,voice,Meridian,0,0,0,0,0,0,0,0,v001,agent:DataEngineer
2026-08-08,20,22:00,voice,Meridian,0,0,0,0,0,0,0,0,v001,agent:DataEngineer
2026-08-08,20,22:30,voice,Meridian,0,0,0,0,0,0,0,0,v001,agent:DataEngineer
2026-08-08,20,23:00,voice,Meridian,0,0,0,0,0,0,0,0,v001,agent:DataEngineer
2026-08-08,20,23:30,voice,Meridian,0,0,0,0,0,0,0,0,v001,agent:DataEngineer
2026-08-08,20,00:00,chat,Meridian,0,0,0,0,0,0,0,0,v001,agent:DataEngineer
2026-08-08,20,00:30,chat,Meridian,0,0,0,0,0,0,0,0,v001,agent:DataEngineer
2026-08-08,20,01:00,chat,Meridian,0,0,0,0,0,0,0,0,v001,agent:DataEngineer
2026-08-08,20,01:30,chat,Meridian,0,0,0,0,0,0,0,0,v001,agent:DataEngineer
2026-08-08,20,02:00,chat,Meridian,0,0,0,0,0,0,0,0,v001,agent:DataEngineer
2026-08-08,20,02:30,chat,Meridian,0,0,0,0,0,0,0,0,v001,agent:DataEngineer
2026-08-08,20,03:00,chat,Meridian,0,0,0,0,0,0,0,0,v001,agent:DataEngineer
2026-08-08,20,03:30,chat,Meridian,0,0,0,0,0,0,0,0,v001,agent:DataEngineer
2026-08-08,20,04:00,chat,Meridian,0,0,0,0,0,0,0,0,v001,agent:DataEngineer
2026-08-08,20,04:30,chat,Meridian,0,0,0,0,0,0,0,0,v001,agent:DataEngineer
2026-08-08,20,05:00,chat,Meridian,0,0,0,0,0,0,0,0,v001,agent:DataEngineer
2026-08-08,20,05:30,chat,Meridian,0,0,0,0,0,0,0,0,v001,agent:DataEngineer
2026-08-08,20,06:00,chat,Meridian,0,0,0,0,0,0,0,0,v001,agent:DataEngineer
2026-08-08,20,06:30,chat,Meridian,0,0,0,0,0,0,0,0,v001,agent:DataEngineer
2026-08-08,20,07:00,chat,Meridian,0,0,0,0,0,0,0,0,v001,agent:DataEngineer
2026-08-08,20,07:30,chat,Meridian,0,0,0,0,0,0,0,0,v001,agent:DataEngineer
2026-08-08,20,08:00,chat,Meridian,1,1,1,0,45,100,1219,610,v001,agent:DataEngineer
2026-08-08,20,08:30,chat,Meridian,1,1,1,0,51,100,995,498,v001,agent:DataEngineer
2026-08-08,20,09:00,chat,Meridian,1,1,1,0,44,100,1241,620,v001,agent:DataEngineer
2026-08-08,20,09:30,chat,Meridian,2,2,2,0,44,100,1072,536,v001,agent:DataEngineer
2026-08-08,20,10:00,chat,Meridian,2,2,2,0,39,100,1027,513,v001,agent:DataEngineer
2026-08-08,20,10:30,chat,Meridian,1,1,1,0,49,100,1054,527,v001,agent:DataEngineer
2026-08-08,20,11:00,chat,Meridian,1,1,1,0,45,100,992,496,v001,agent:DataEngineer
2026-08-08,20,11:30,chat,Meridian,1,1,1,0,52,100,1136,568,v001,agent:DataEngineer
2026-08-08,20,12:00,chat,Meridian,2,1,1,1,362,50,1063,531,v001,agent:DataEngineer
2026-08-08,20,12:30,chat,Meridian,1,1,1,0,50,100,1102,551,v001,agent:DataEngineer
2026-08-08,20,13:00,chat,Meridian,1,1,1,0,47,100,1263,631,v001,agent:DataEngineer
2026-08-08,20,13:30,chat,Meridian,1,1,1,0,47,100,1043,522,v001,agent:DataEngineer
2026-08-08,20,14:00,chat,Meridian,2,2,2,0,41,100,1053,526,v001,agent:DataEngineer
2026-08-08,20,14:30,chat,Meridian,2,2,2,0,47,100,944,472,v001,agent:DataEngineer
2026-08-08,20,15:00,chat,Meridian,2,2,2,0,43,100,999,500,v001,agent:DataEngineer
2026-08-08,20,15:30,chat,Meridian,2,2,2,0,47,100,1098,549,v001,agent:DataEngineer
2026-08-08,20,16:00,chat,Meridian,1,1,1,0,47,100,1101,551,v001,agent:DataEngineer
2026-08-08,20,16:30,chat,Meridian,1,1,1,0,49,100,1089,545,v001,agent:DataEngineer
2026-08-08,20,17:00,chat,Meridian,1,1,1,0,43,100,1027,514,v001,agent:DataEngineer
2026-08-08,20,17:30,chat,Meridian,1,1,1,0,44,100,1070,535,v001,agent:DataEngineer
2026-08-08,20,18:00,chat,Meridian,1,1,1,0,50,100,1178,589,v001,agent:DataEngineer
2026-08-08,20,18:30,chat,Meridian,1,1,1,0,49,100,1050,525,v001,agent:DataEngineer
2026-08-08,20,19:00,chat,Meridian,0,0,0,0,0,0,0,0,v001,agent:DataEngineer
2026-08-08,20,19:30,chat,Meridian,0,0,0,0,0,0,0,0,v001,agent:DataEngineer
2026-08-08,20,20:00,chat,Meridian,0,0,0,0,0,0,0,0,v001,agent:DataEngineer
2026-08-08,20,20:30,chat,Meridian,0,0,0,0,0,0,0,0,v001,agent:DataEngineer
2026-08-08,20,21:00,chat,Meridian,0,0,0,0,0,0,0,0,v001,agent:DataEngineer
2026-08-08,20,21:30,chat,Meridian,0,0,0,0,0,0,0,0,v001,agent:DataEngineer
2026-08-08,20,22:00,chat,Meridian,0,0,0,0,0,0,0,0,v001,agent:DataEngineer
2026-08-08,20,22:30,chat,Meridian,0,0,0,0,0,0,0,0,v001,agent:DataEngineer
2026-08-08,20,23:00,chat,Meridian,0,0,0,0,0,0,0,0,v001,agent:DataEngineer
2026-08-08,20,23:30,chat,Meridian,0,0,0,0,0,0,0,0,v001,agent:DataEngineer
2026-08-09,21,00:00,voice,Meridian,0,0,0,0,0,0,0,0,v001,agent:DataEngineer
2026-08-09,21,00:30,voice,Meridian,0,0,0,0,0,0,0,0,v001,agent:DataEngineer
2026-08-09,21,01:00,voice,Meridian,0,0,0,0,0,0,0,0,v001,agent:DataEngineer
2026-08-09,21,01:30,voice,Meridian,0,0,0,0,0,0,0,0,v001,agent:DataEngineer
2026-08-09,21,02:00,voice,Meridian,0,0,0,0,0,0,0,0,v001,agent:DataEngineer
2026-08-09,21,02:30,voice,Meridian,0,0,0,0,0,0,0,0,v001,agent:DataEngineer
2026-08-09,21,03:00,voice,Meridian,0,0,0,0,0,0,0,0,v001,agent:DataEngineer
2026-08-09,21,03:30,voice,Meridian,0,0,0,0,0,0,0,0,v001,agent:DataEngineer
2026-08-09,21,04:00,voice,Meridian,0,0,0,0,0,0,0,0,v001,agent:DataEngineer
2026-08-09,21,04:30,voice,Meridian,0,0,0,0,0,0,0,0,v001,agent:DataEngineer
2026-08-09,21,05:00,voice,Meridian,0,0,0,0,0,0,0,0,v001,agent:DataEngineer
2026-08-09,21,05:30,voice,Meridian,0,0,0,0,0,0,0,0,v001,agent:DataEngineer
2026-08-09,21,06:00,voice,Meridian,0,0,0,0,0,0,0,0,v001,agent:DataEngineer
2026-08-09,21,06:30,voice,Meridian,0,0,0,0,0,0,0,0,v001,agent:DataEngineer
2026-08-09,21,07:00,voice,Meridian,0,0,0,0,0,0,0,0,v001,agent:DataEngineer
2026-08-09,21,07:30,voice,Meridian,0,0,0,0,0,0,0,0,v001,agent:DataEngineer
2026-08-09,21,08:00,voice,Meridian,0,0,0,0,0,0,0,0,v001,agent:DataEngineer
2026-08-09,21,08:30,voice,Meridian,0,0,0,0,0,0,0,0,v001,agent:DataEngineer
2026-08-09,21,09:00,voice,Meridian,0,0,0,0,0,0,0,0,v001,agent:DataEngineer
2026-08-09,21,09:30,voice,Meridian,1,1,1,0,12,100,1726,1726,v001,agent:DataEngineer
2026-08-09,21,10:00,voice,Meridian,1,1,1,0,12,100,1927,1927,v001,agent:DataEngineer
2026-08-09,21,10:30,voice,Meridian,1,1,1,0,12,100,1857,1857,v001,agent:DataEngineer
2026-08-09,21,11:00,voice,Meridian,1,1,1,0,13,100,1875,1875,v001,agent:DataEngineer
2026-08-09,21,11:30,voice,Meridian,1,1,1,0,13,100,1795,1795,v001,agent:DataEngineer
2026-08-09,21,12:00,voice,Meridian,1,1,1,0,12,100,1790,1790,v001,agent:DataEngineer
2026-08-09,21,12:30,voice,Meridian,0,0,0,0,0,0,0,0,v001,agent:DataEngineer
2026-08-09,21,13:00,voice,Meridian,1,1,1,0,13,100,1990,1990,v001,agent:DataEngineer
2026-08-09,21,13:30,voice,Meridian,1,1,1,0,12,100,1812,1812,v001,agent:DataEngineer
2026-08-09,21,14:00,voice,Meridian,1,1,1,0,13,100,1905,1905,v001,agent:DataEngineer
2026-08-09,21,14:30,voice,Meridian,1,1,1,0,13,100,1945,1945,v001,agent:DataEngineer
2026-08-09,21,15:00,voice,Meridian,1,1,1,0,12,100,1763,1763,v001,agent:DataEngineer
2026-08-09,21,15:30,voice,Meridian,1,1,1,0,11,100,1892,1892,v001,agent:DataEngineer
2026-08-09,21,16:00,voice,Meridian,1,1,1,0,12,100,1909,1909,v001,agent:DataEngineer
2026-08-09,21,16:30,voice,Meridian,1,1,1,0,12,100,1862,1862,v001,agent:DataEngineer
2026-08-09,21,17:00,voice,Meridian,0,0,0,0,0,0,0,0,v001,agent:DataEngineer
2026-08-09,21,17:30,voice,Meridian,0,0,0,0,0,0,0,0,v001,agent:DataEngineer
2026-08-09,21,18:00,voice,Meridian,0,0,0,0,0,0,0,0,v001,agent:DataEngineer
2026-08-09,21,18:30,voice,Meridian,0,0,0,0,0,0,0,0,v001,agent:DataEngineer
2026-08-09,21,19:00,voice,Meridian,0,0,0,0,0,0,0,0,v001,agent:DataEngineer
2026-08-09,21,19:30,voice,Meridian,0,0,0,0,0,0,0,0,v001,agent:DataEngineer
2026-08-09,21,20:00,voice,Meridian,0,0,0,0,0,0,0,0,v001,agent:DataEngineer
2026-08-09,21,20:30,voice,Meridian,0,0,0,0,0,0,0,0,v001,agent:DataEngineer
2026-08-09,21,21:00,voice,Meridian,0,0,0,0,0,0,0,0,v001,agent:DataEngineer
2026-08-09,21,21:30,voice,Meridian,0,0,0,0,0,0,0,0,v001,agent:DataEngineer
2026-08-09,21,22:00,voice,Meridian,0,0,0,0,0,0,0,0,v001,agent:DataEngineer
2026-08-09,21,22:30,voice,Meridian,0,0,0,0,0,0,0,0,v001,agent:DataEngineer
2026-08-09,21,23:00,voice,Meridian,0,0,0,0,0,0,0,0,v001,agent:DataEngineer
2026-08-09,21,23:30,voice,Meridian,0,0,0,0,0,0,0,0,v001,agent:DataEngineer
2026-08-09,21,00:00,chat,Meridian,0,0,0,0,0,0,0,0,v001,agent:DataEngineer
2026-08-09,21,00:30,chat,Meridian,0,0,0,0,0,0,0,0,v001,agent:DataEngineer
2026-08-09,21,01:00,chat,Meridian,0,0,0,0,0,0,0,0,v001,agent:DataEngineer
2026-08-09,21,01:30,chat,Meridian,0,0,0,0,0,0,0,0,v001,agent:DataEngineer
2026-08-09,21,02:00,chat,Meridian,0,0,0,0,0,0,0,0,v001,agent:DataEngineer
2026-08-09,21,02:30,chat,Meridian,0,0,0,0,0,0,0,0,v001,agent:DataEngineer
2026-08-09,21,03:00,chat,Meridian,0,0,0,0,0,0,0,0,v001,agent:DataEngineer
2026-08-09,21,03:30,chat,Meridian,0,0,0,0,0,0,0,0,v001,agent:DataEngineer
2026-08-09,21,04:00,chat,Meridian,0,0,0,0,0,0,0,0,v001,agent:DataEngineer
2026-08-09,21,04:30,chat,Meridian,0,0,0,0,0,0,0,0,v001,agent:DataEngineer
2026-08-09,21,05:00,chat,Meridian,0,0,0,0,0,0,0,0,v001,agent:DataEngineer
2026-08-09,21,05:30,chat,Meridian,0,0,0,0,0,0,0,0,v001,agent:DataEngineer
2026-08-09,21,06:00,chat,Meridian,0,0,0,0,0,0,0,0,v001,agent:DataEngineer
2026-08-09,21,06:30,chat,Meridian,0,0,0,0,0,0,0,0,v001,agent:DataEngineer
2026-08-09,21,07:00,chat,Meridian,0,0,0,0,0,0,0,0,v001,agent:DataEngineer
2026-08-09,21,07:30,chat,Meridian,1,1,1,0,43,100,1104,552,v001,agent:DataEngineer
2026-08-09,21,08:00,chat,Meridian,1,1,1,0,41,100,1121,560,v001,agent:DataEngineer
2026-08-09,21,08:30,chat,Meridian,1,1,1,0,46,100,1124,562,v001,agent:DataEngineer
2026-08-09,21,09:00,chat,Meridian,1,1,1,0,50,100,1123,562,v001,agent:DataEngineer
2026-08-09,21,09:30,chat,Meridian,1,1,1,0,43,100,1094,547,v001,agent:DataEngineer
2026-08-09,21,10:00,chat,Meridian,2,1,1,1,467,50,1179,589,v001,agent:DataEngineer
2026-08-09,21,10:30,chat,Meridian,2,2,2,0,38,100,1022,511,v001,agent:DataEngineer
2026-08-09,21,11:00,chat,Meridian,2,2,2,0,50,100,1052,526,v001,agent:DataEngineer
2026-08-09,21,11:30,chat,Meridian,2,2,2,0,49,100,1046,523,v001,agent:DataEngineer
2026-08-09,21,12:00,chat,Meridian,2,2,2,0,53,100,1041,520,v001,agent:DataEngineer
2026-08-09,21,12:30,chat,Meridian,1,1,1,0,41,100,1199,600,v001,agent:DataEngineer
2026-08-09,21,13:00,chat,Meridian,2,2,2,0,40,100,1028,514,v001,agent:DataEngineer
2026-08-09,21,13:30,chat,Meridian,1,1,1,0,41,100,1108,554,v001,agent:DataEngineer
2026-08-09,21,14:00,chat,Meridian,1,1,1,0,43,100,1314,657,v001,agent:DataEngineer
2026-08-09,21,14:30,chat,Meridian,1,1,1,0,41,100,1039,519,v001,agent:DataEngineer
2026-08-09,21,15:00,chat,Meridian,1,1,1,0,46,100,975,487,v001,agent:DataEngineer
2026-08-09,21,15:30,chat,Meridian,1,1,1,0,50,100,1172,586,v001,agent:DataEngineer
2026-08-09,21,16:00,chat,Meridian,1,1,1,0,44,100,1157,579,v001,agent:DataEngineer
2026-08-09,21,16:30,chat,Meridian,1,1,1,0,47,100,1103,551,v001,agent:DataEngineer
2026-08-09,21,17:00,chat,Meridian,1,1,1,0,44,100,1034,517,v001,agent:DataEngineer
2026-08-09,21,17:30,chat,Meridian,1,1,1,0,38,100,1198,599,v001,agent:DataEngineer
2026-08-09,21,18:00,chat,Meridian,1,1,1,0,39,100,1068,534,v001,agent:DataEngineer
2026-08-09,21,18:30,chat,Meridian,0,0,0,0,0,0,0,0,v001,agent:DataEngineer
2026-08-09,21,19:00,chat,Meridian,1,1,1,0,47,100,1052,526,v001,agent:DataEngineer
2026-08-09,21,19:30,chat,Meridian,0,0,0,0,0,0,0,0,v001,agent:DataEngineer
2026-08-09,21,20:00,chat,Meridian,0,0,0,0,0,0,0,0,v001,agent:DataEngineer
2026-08-09,21,20:30,chat,Meridian,0,0,0,0,0,0,0,0,v001,agent:DataEngineer
2026-08-09,21,21:00,chat,Meridian,0,0,0,0,0,0,0,0,v001,agent:DataEngineer
2026-08-09,21,21:30,chat,Meridian,0,0,0,0,0,0,0,0,v001,agent:DataEngineer
2026-08-09,21,22:00,chat,Meridian,0,0,0,0,0,0,0,0,v001,agent:DataEngineer
2026-08-09,21,22:30,chat,Meridian,0,0,0,0,0,0,0,0,v001,agent:DataEngineer
2026-08-09,21,23:00,chat,Meridian,0,0,0,0,0,0,0,0,v001,agent:DataEngineer
2026-08-09,21,23:30,chat,Meridian,0,0,0,0,0,0,0,0,v001,agent:DataEngineer
2026-08-10,22,00:00,voice,Meridian,0,0,0,0,0,0,0,0,v001,agent:DataEngineer
2026-08-10,22,00:30,voice,Meridian,0,0,0,0,0,0,0,0,v001,agent:DataEngineer
2026-08-10,22,01:00,voice,Meridian,0,0,0,0,0,0,0,0,v001,agent:DataEngineer
2026-08-10,22,01:30,voice,Meridian,0,0,0,0,0,0,0,0,v001,agent:DataEngineer
2026-08-10,22,02:00,voice,Meridian,0,0,0,0,0,0,0,0,v001,agent:DataEngineer
2026-08-10,22,02:30,voice,Meridian,0,0,0,0,0,0,0,0,v001,agent:DataEngineer
2026-08-10,22,03:00,voice,Meridian,0,0,0,0,0,0,0,0,v001,agent:DataEngineer
2026-08-10,22,03:30,voice,Meridian,0,0,0,0,0,0,0,0,v001,agent:DataEngineer
2026-08-10,22,04:00,voice,Meridian,0,0,0,0,0,0,0,0,v001,agent:DataEngineer
2026-08-10,22,04:30,voice,Meridian,0,0,0,0,0,0,0,0,v001,agent:DataEngineer
2026-08-10,22,05:00,voice,Meridian,0,0,0,0,0,0,0,0,v001,agent:DataEngineer
2026-08-10,22,05:30,voice,Meridian,0,0,0,0,0,0,0,0,v001,agent:DataEngineer
2026-08-10,22,06:00,voice,Meridian,0,0,0,0,0,0,0,0,v001,agent:DataEngineer
2026-08-10,22,06:30,voice,Meridian,0,0,0,0,0,0,0,0,v001,agent:DataEngineer
2026-08-10,22,07:00,voice,Meridian,0,0,0,0,0,0,0,0,v001,agent:DataEngineer
2026-08-10,22,07:30,voice,Meridian,1,1,1,0,15,100,2040,2040,v001,agent:DataEngineer
2026-08-10,22,08:00,voice,Meridian,1,1,1,0,13,100,1895,1895,v001,agent:DataEngineer
2026-08-10,22,08:30,voice,Meridian,1,1,1,0,11,100,1864,1864,v001,agent:DataEngineer
2026-08-10,22,09:00,voice,Meridian,1,1,1,0,14,100,2064,2064,v001,agent:DataEngineer
2026-08-10,22,09:30,voice,Meridian,1,1,1,0,12,100,1811,1811,v001,agent:DataEngineer
2026-08-10,22,10:00,voice,Meridian,2,2,2,0,14,100,1863,1863,v001,agent:DataEngineer
2026-08-10,22,10:30,voice,Meridian,2,2,2,0,11,100,1808,1808,v001,agent:DataEngineer
2026-08-10,22,11:00,voice,Meridian,2,2,2,0,10,100,1885,1885,v001,agent:DataEngineer
2026-08-10,22,11:30,voice,Meridian,2,2,2,0,12,100,1905,1905,v001,agent:DataEngineer
2026-08-10,22,12:00,voice,Meridian,2,2,2,0,10,100,1900,1900,v001,agent:DataEngineer
2026-08-10,22,12:30,voice,Meridian,1,1,1,0,12,100,1846,1846,v001,agent:DataEngineer
2026-08-10,22,13:00,voice,Meridian,2,1,1,1,219,50,2029,2029,v001,agent:DataEngineer
2026-08-10,22,13:30,voice,Meridian,1,1,1,0,12,100,1908,1908,v001,agent:DataEngineer
2026-08-10,22,14:00,voice,Meridian,2,2,2,0,14,100,1913,1913,v001,agent:DataEngineer
2026-08-10,22,14:30,voice,Meridian,1,1,1,0,13,100,1812,1812,v001,agent:DataEngineer
2026-08-10,22,15:00,voice,Meridian,1,1,1,0,12,100,2004,2004,v001,agent:DataEngineer
2026-08-10,22,15:30,voice,Meridian,1,1,1,0,11,100,1837,1837,v001,agent:DataEngineer
2026-08-10,22,16:00,voice,Meridian,1,1,1,0,12,100,1961,1961,v001,agent:DataEngineer
2026-08-10,22,16:30,voice,Meridian,1,1,1,0,12,100,1992,1992,v001,agent:DataEngineer
2026-08-10,22,17:00,voice,Meridian,1,1,1,0,12,100,1774,1774,v001,agent:DataEngineer
2026-08-10,22,17:30,voice,Meridian,1,1,1,0,11,100,1731,1731,v001,agent:DataEngineer
2026-08-10,22,18:00,voice,Meridian,1,1,1,0,12,100,1921,1921,v001,agent:DataEngineer
2026-08-10,22,18:30,voice,Meridian,1,1,1,0,11,100,1972,1972,v001,agent:DataEngineer
2026-08-10,22,19:00,voice,Meridian,0,0,0,0,0,0,0,0,v001,agent:DataEngineer
2026-08-10,22,19:30,voice,Meridian,0,0,0,0,0,0,0,0,v001,agent:DataEngineer
2026-08-10,22,20:00,voice,Meridian,0,0,0,0,0,0,0,0,v001,agent:DataEngineer
2026-08-10,22,20:30,voice,Meridian,0,0,0,0,0,0,0,0,v001,agent:DataEngineer
2026-08-10,22,21:00,voice,Meridian,0,0,0,0,0,0,0,0,v001,agent:DataEngineer
2026-08-10,22,21:30,voice,Meridian,0,0,0,0,0,0,0,0,v001,agent:DataEngineer
2026-08-10,22,22:00,voice,Meridian,0,0,0,0,0,0,0,0,v001,agent:DataEngineer
2026-08-10,22,22:30,voice,Meridian,0,0,0,0,0,0,0,0,v001,agent:DataEngineer
2026-08-10,22,23:00,voice,Meridian,0,0,0,0,0,0,0,0,v001,agent:DataEngineer
2026-08-10,22,23:30,voice,Meridian,0,0,0,0,0,0,0,0,v001,agent:DataEngineer
2026-08-10,22,00:00,chat,Meridian,0,0,0,0,0,0,0,0,v001,agent:DataEngineer
2026-08-10,22,00:30,chat,Meridian,0,0,0,0,0,0,0,0,v001,agent:DataEngineer
2026-08-10,22,01:00,chat,Meridian,0,0,0,0,0,0,0,0,v001,agent:DataEngineer
2026-08-10,22,01:30,chat,Meridian,1,1,1,0,41,100,1104,552,v001,agent:DataEngineer
2026-08-10,22,02:00,chat,Meridian,1,1,1,0,51,100,1199,600,v001,agent:DataEngineer
2026-08-10,22,02:30,chat,Meridian,0,0,0,0,0,0,0,0,v001,agent:DataEngineer
2026-08-10,22,03:00,chat,Meridian,0,0,0,0,0,0,0,0,v001,agent:DataEngineer
2026-08-10,22,03:30,chat,Meridian,0,0,0,0,0,0,0,0,v001,agent:DataEngineer
2026-08-10,22,04:00,chat,Meridian,0,0,0,0,0,0,0,0,v001,agent:DataEngineer
2026-08-10,22,04:30,chat,Meridian,0,0,0,0,0,0,0,0,v001,agent:DataEngineer
2026-08-10,22,05:00,chat,Meridian,0,0,0,0,0,0,0,0,v001,agent:DataEngineer
2026-08-10,22,05:30,chat,Meridian,1,1,1,0,39,100,959,480,v001,agent:DataEngineer
2026-08-10,22,06:00,chat,Meridian,0,0,0,0,0,0,0,0,v001,agent:DataEngineer
2026-08-10,22,06:30,chat,Meridian,0,0,0,0,0,0,0,0,v001,agent:DataEngineer
2026-08-10,22,07:00,chat,Meridian,1,1,1,0,50,100,1226,613,v001,agent:DataEngineer
2026-08-10,22,07:30,chat,Meridian,1,1,1,0,46,100,1139,570,v001,agent:DataEngineer
2026-08-10,22,08:00,chat,Meridian,1,1,1,0,39,100,1117,559,v001,agent:DataEngineer
2026-08-10,22,08:30,chat,Meridian,1,1,1,0,43,100,1212,606,v001,agent:DataEngineer
2026-08-10,22,09:00,chat,Meridian,2,2,2,0,46,100,1273,637,v001,agent:DataEngineer
2026-08-10,22,09:30,chat,Meridian,3,2,2,1,188,66.7,1174,587,v001,agent:DataEngineer
2026-08-10,22,10:00,chat,Meridian,4,4,4,0,46,100,1104,552,v001,agent:DataEngineer
2026-08-10,22,10:30,chat,Meridian,4,3,3,1,120,75,1129,564,v001,agent:DataEngineer
2026-08-10,22,11:00,chat,Meridian,4,4,4,0,48,100,1195,598,v001,agent:DataEngineer
2026-08-10,22,11:30,chat,Meridian,2,2,2,0,41,100,1180,590,v001,agent:DataEngineer
2026-08-10,22,12:00,chat,Meridian,3,3,3,0,54,100,1107,553,v001,agent:DataEngineer
2026-08-10,22,12:30,chat,Meridian,2,2,2,0,50,100,1185,593,v001,agent:DataEngineer
2026-08-10,22,13:00,chat,Meridian,2,2,2,0,47,100,1156,578,v001,agent:DataEngineer
2026-08-10,22,13:30,chat,Meridian,2,2,2,0,40,100,1260,630,v001,agent:DataEngineer
2026-08-10,22,14:00,chat,Meridian,3,3,3,0,46,100,1063,532,v001,agent:DataEngineer
2026-08-10,22,14:30,chat,Meridian,3,3,3,0,42,100,1095,548,v001,agent:DataEngineer
2026-08-10,22,15:00,chat,Meridian,3,3,3,0,38,100,1152,576,v001,agent:DataEngineer
2026-08-10,22,15:30,chat,Meridian,3,3,3,0,43,100,1282,641,v001,agent:DataEngineer
2026-08-10,22,16:00,chat,Meridian,3,3,3,0,51,100,1192,596,v001,agent:DataEngineer
2026-08-10,22,16:30,chat,Meridian,2,2,2,0,40,100,1117,559,v001,agent:DataEngineer
2026-08-10,22,17:00,chat,Meridian,1,1,1,0,39,100,1182,591,v001,agent:DataEngineer
2026-08-10,22,17:30,chat,Meridian,1,1,1,0,46,100,1114,557,v001,agent:DataEngineer
2026-08-10,22,18:00,chat,Meridian,1,1,1,0,49,100,1206,603,v001,agent:DataEngineer
2026-08-10,22,18:30,chat,Meridian,1,1,1,0,43,100,1123,562,v001,agent:DataEngineer
2026-08-10,22,19:00,chat,Meridian,1,1,1,0,40,100,1092,546,v001,agent:DataEngineer
2026-08-10,22,19:30,chat,Meridian,1,1,1,0,58,100,1083,541,v001,agent:DataEngineer
2026-08-10,22,20:00,chat,Meridian,1,1,1,0,41,100,1122,561,v001,agent:DataEngineer
2026-08-10,22,20:30,chat,Meridian,0,0,0,0,0,0,0,0,v001,agent:DataEngineer
2026-08-10,22,21:00,chat,Meridian,0,0,0,0,0,0,0,0,v001,agent:DataEngineer
2026-08-10,22,21:30,chat,Meridian,0,0,0,0,0,0,0,0,v001,agent:DataEngineer
2026-08-10,22,22:00,chat,Meridian,0,0,0,0,0,0,0,0,v001,agent:DataEngineer
2026-08-10,22,22:30,chat,Meridian,0,0,0,0,0,0,0,0,v001,agent:DataEngineer
2026-08-10,22,23:00,chat,Meridian,1,1,1,0,47,100,1081,540,v001,agent:DataEngineer
2026-08-10,22,23:30,chat,Meridian,0,0,0,0,0,0,0,0,v001,agent:DataEngineer
2026-08-11,23,00:00,voice,Meridian,0,0,0,0,0,0,0,0,v001,agent:DataEngineer
2026-08-11,23,00:30,voice,Meridian,0,0,0,0,0,0,0,0,v001,agent:DataEngineer
2026-08-11,23,01:00,voice,Meridian,0,0,0,0,0,0,0,0,v001,agent:DataEngineer
2026-08-11,23,01:30,voice,Meridian,0,0,0,0,0,0,0,0,v001,agent:DataEngineer
2026-08-11,23,02:00,voice,Meridian,0,0,0,0,0,0,0,0,v001,agent:DataEngineer
2026-08-11,23,02:30,voice,Meridian,0,0,0,0,0,0,0,0,v001,agent:DataEngineer
2026-08-11,23,03:00,voice,Meridian,0,0,0,0,0,0,0,0,v001,agent:DataEngineer
2026-08-11,23,03:30,voice,Meridian,0,0,0,0,0,0,0,0,v001,agent:DataEngineer
2026-08-11,23,04:00,voice,Meridian,0,0,0,0,0,0,0,0,v001,agent:DataEngineer
2026-08-11,23,04:30,voice,Meridian,0,0,0,0,0,0,0,0,v001,agent:DataEngineer
2026-08-11,23,05:00,voice,Meridian,0,0,0,0,0,0,0,0,v001,agent:DataEngineer
2026-08-11,23,05:30,voice,Meridian,0,0,0,0,0,0,0,0,v001,agent:DataEngineer
2026-08-11,23,06:00,voice,Meridian,0,0,0,0,0,0,0,0,v001,agent:DataEngineer
2026-08-11,23,06:30,voice,Meridian,0,0,0,0,0,0,0,0,v001,agent:DataEngineer
2026-08-11,23,07:00,voice,Meridian,1,1,1,0,12,100,1945,1945,v001,agent:DataEngineer
2026-08-11,23,07:30,voice,Meridian,1,1,1,0,11,100,2082,2082,v001,agent:DataEngineer
2026-08-11,23,08:00,voice,Meridian,1,1,1,0,14,100,2139,2139,v001,agent:DataEngineer
2026-08-11,23,08:30,voice,Meridian,1,1,1,0,12,100,2194,2194,v001,agent:DataEngineer
2026-08-11,23,09:00,voice,Meridian,1,1,1,0,14,100,1801,1801,v001,agent:DataEngineer
2026-08-11,23,09:30,voice,Meridian,1,1,1,0,12,100,1972,1972,v001,agent:DataEngineer
2026-08-11,23,10:00,voice,Meridian,2,1,1,1,279,50,2097,2097,v001,agent:DataEngineer
2026-08-11,23,10:30,voice,Meridian,2,2,2,0,12,100,2034,2034,v001,agent:DataEngineer
2026-08-11,23,11:00,voice,Meridian,2,2,2,0,12,100,2026,2026,v001,agent:DataEngineer
2026-08-11,23,11:30,voice,Meridian,2,2,2,0,17,100,1979,1979,v001,agent:DataEngineer
2026-08-11,23,12:00,voice,Meridian,2,2,2,0,11,100,1969,1969,v001,agent:DataEngineer
2026-08-11,23,12:30,voice,Meridian,1,1,1,0,10,100,2098,2098,v001,agent:DataEngineer
2026-08-11,23,13:00,voice,Meridian,2,2,2,0,10,100,2134,2134,v001,agent:DataEngineer
2026-08-11,23,13:30,voice,Meridian,1,1,1,0,11,100,1944,1944,v001,agent:DataEngineer
2026-08-11,23,14:00,voice,Meridian,2,2,2,0,12,100,2253,2253,v001,agent:DataEngineer
2026-08-11,23,14:30,voice,Meridian,2,2,2,0,12,100,1886,1886,v001,agent:DataEngineer
2026-08-11,23,15:00,voice,Meridian,2,2,2,0,12,100,1916,1916,v001,agent:DataEngineer
2026-08-11,23,15:30,voice,Meridian,2,2,2,0,12,100,2289,2289,v001,agent:DataEngineer
2026-08-11,23,16:00,voice,Meridian,2,2,2,0,12,100,2033,2033,v001,agent:DataEngineer
2026-08-11,23,16:30,voice,Meridian,1,1,1,0,12,100,2100,2100,v001,agent:DataEngineer
2026-08-11,23,17:00,voice,Meridian,1,1,1,0,13,100,1927,1927,v001,agent:DataEngineer
2026-08-11,23,17:30,voice,Meridian,1,1,1,0,13,100,2038,2038,v001,agent:DataEngineer
2026-08-11,23,18:00,voice,Meridian,1,1,1,0,12,100,1795,1795,v001,agent:DataEngineer
2026-08-11,23,18:30,voice,Meridian,0,0,0,0,0,0,0,0,v001,agent:DataEngineer
2026-08-11,23,19:00,voice,Meridian,0,0,0,0,0,0,0,0,v001,agent:DataEngineer
2026-08-11,23,19:30,voice,Meridian,0,0,0,0,0,0,0,0,v001,agent:DataEngineer
2026-08-11,23,20:00,voice,Meridian,0,0,0,0,0,0,0,0,v001,agent:DataEngineer
2026-08-11,23,20:30,voice,Meridian,0,0,0,0,0,0,0,0,v001,agent:DataEngineer
2026-08-11,23,21:00,voice,Meridian,0,0,0,0,0,0,0,0,v001,agent:DataEngineer
2026-08-11,23,21:30,voice,Meridian,0,0,0,0,0,0,0,0,v001,agent:DataEngineer
2026-08-11,23,22:00,voice,Meridian,0,0,0,0,0,0,0,0,v001,agent:DataEngineer
2026-08-11,23,22:30,voice,Meridian,0,0,0,0,0,0,0,0,v001,agent:DataEngineer
2026-08-11,23,23:00,voice,Meridian,0,0,0,0,0,0,0,0,v001,agent:DataEngineer
2026-08-11,23,23:30,voice,Meridian,0,0,0,0,0,0,0,0,v001,agent:DataEngineer
2026-08-11,23,00:00,chat,Meridian,0,0,0,0,0,0,0,0,v001,agent:DataEngineer
2026-08-11,23,00:30,chat,Meridian,0,0,0,0,0,0,0,0,v001,agent:DataEngineer
2026-08-11,23,01:00,chat,Meridian,0,0,0,0,0,0,0,0,v001,agent:DataEngineer
2026-08-11,23,01:30,chat,Meridian,0,0,0,0,0,0,0,0,v001,agent:DataEngineer
2026-08-11,23,02:00,chat,Meridian,0,0,0,0,0,0,0,0,v001,agent:DataEngineer
2026-08-11,23,02:30,chat,Meridian,0,0,0,0,0,0,0,0,v001,agent:DataEngineer
2026-08-11,23,03:00,chat,Meridian,0,0,0,0,0,0,0,0,v001,agent:DataEngineer
2026-08-11,23,03:30,chat,Meridian,0,0,0,0,0,0,0,0,v001,agent:DataEngineer
2026-08-11,23,04:00,chat,Meridian,0,0,0,0,0,0,0,0,v001,agent:DataEngineer
2026-08-11,23,04:30,chat,Meridian,1,1,1,0,50,100,977,489,v001,agent:DataEngineer
2026-08-11,23,05:00,chat,Meridian,1,1,1,0,48,100,991,496,v001,agent:DataEngineer
2026-08-11,23,05:30,chat,Meridian,0,0,0,0,0,0,0,0,v001,agent:DataEngineer
2026-08-11,23,06:00,chat,Meridian,0,0,0,0,0,0,0,0,v001,agent:DataEngineer
2026-08-11,23,06:30,chat,Meridian,1,1,1,0,42,100,963,482,v001,agent:DataEngineer
2026-08-11,23,07:00,chat,Meridian,1,1,1,0,47,100,1091,546,v001,agent:DataEngineer
2026-08-11,23,07:30,chat,Meridian,1,1,1,0,51,100,1098,549,v001,agent:DataEngineer
2026-08-11,23,08:00,chat,Meridian,1,1,1,0,46,100,1216,608,v001,agent:DataEngineer
2026-08-11,23,08:30,chat,Meridian,2,2,2,0,40,100,1072,536,v001,agent:DataEngineer
2026-08-11,23,09:00,chat,Meridian,2,2,2,0,39,100,1034,517,v001,agent:DataEngineer
2026-08-11,23,09:30,chat,Meridian,3,3,3,0,39,100,1106,553,v001,agent:DataEngineer
2026-08-11,23,10:00,chat,Meridian,4,4,4,0,43,100,1273,636,v001,agent:DataEngineer
2026-08-11,23,10:30,chat,Meridian,4,4,3,0,137,75,1085,543,v001,agent:DataEngineer
2026-08-11,23,11:00,chat,Meridian,4,3,3,1,151,75,1292,646,v001,agent:DataEngineer
2026-08-11,23,11:30,chat,Meridian,4,3,3,1,146,75,1024,512,v001,agent:DataEngineer
2026-08-11,23,12:00,chat,Meridian,4,4,4,0,51,100,1095,547,v001,agent:DataEngineer
2026-08-11,23,12:30,chat,Meridian,3,3,3,0,41,100,1059,530,v001,agent:DataEngineer
2026-08-11,23,13:00,chat,Meridian,2,2,2,0,46,100,1060,530,v001,agent:DataEngineer
2026-08-11,23,13:30,chat,Meridian,3,2,2,1,271,66.7,1108,554,v001,agent:DataEngineer
2026-08-11,23,14:00,chat,Meridian,3,3,3,0,49,100,1032,516,v001,agent:DataEngineer
2026-08-11,23,14:30,chat,Meridian,3,3,2,0,225,66.7,1073,537,v001,agent:DataEngineer
2026-08-11,23,15:00,chat,Meridian,3,3,3,0,51,100,1157,579,v001,agent:DataEngineer
2026-08-11,23,15:30,chat,Meridian,3,3,3,0,40,100,1148,574,v001,agent:DataEngineer
2026-08-11,23,16:00,chat,Meridian,3,3,3,0,44,100,1123,562,v001,agent:DataEngineer
2026-08-11,23,16:30,chat,Meridian,2,2,2,0,35,100,1185,592,v001,agent:DataEngineer
2026-08-11,23,17:00,chat,Meridian,1,1,1,0,41,100,1189,595,v001,agent:DataEngineer
2026-08-11,23,17:30,chat,Meridian,1,1,1,0,45,100,1074,537,v001,agent:DataEngineer
2026-08-11,23,18:00,chat,Meridian,1,1,1,0,47,100,1112,556,v001,agent:DataEngineer
2026-08-11,23,18:30,chat,Meridian,1,1,1,0,41,100,1054,527,v001,agent:DataEngineer
2026-08-11,23,19:00,chat,Meridian,1,1,1,0,47,100,1071,536,v001,agent:DataEngineer
2026-08-11,23,19:30,chat,Meridian,1,1,1,0,48,100,1065,533,v001,agent:DataEngineer
2026-08-11,23,20:00,chat,Meridian,0,0,0,0,0,0,0,0,v001,agent:DataEngineer
2026-08-11,23,20:30,chat,Meridian,1,1,1,0,41,100,1010,505,v001,agent:DataEngineer
2026-08-11,23,21:00,chat,Meridian,1,1,1,0,46,100,1103,552,v001,agent:DataEngineer
2026-08-11,23,21:30,chat,Meridian,0,0,0,0,0,0,0,0,v001,agent:DataEngineer
2026-08-11,23,22:00,chat,Meridian,0,0,0,0,0,0,0,0,v001,agent:DataEngineer
2026-08-11,23,22:30,chat,Meridian,0,0,0,0,0,0,0,0,v001,agent:DataEngineer
2026-08-11,23,23:00,chat,Meridian,1,1,1,0,46,100,1179,590,v001,agent:DataEngineer
2026-08-11,23,23:30,chat,Meridian,1,1,1,0,45,100,1018,509,v001,agent:DataEngineer
2026-08-12,24,00:00,voice,Meridian,0,0,0,0,0,0,0,0,v001,agent:DataEngineer
2026-08-12,24,00:30,voice,Meridian,0,0,0,0,0,0,0,0,v001,agent:DataEngineer
2026-08-12,24,01:00,voice,Meridian,0,0,0,0,0,0,0,0,v001,agent:DataEngineer
2026-08-12,24,01:30,voice,Meridian,0,0,0,0,0,0,0,0,v001,agent:DataEngineer
2026-08-12,24,02:00,voice,Meridian,0,0,0,0,0,0,0,0,v001,agent:DataEngineer
2026-08-12,24,02:30,voice,Meridian,0,0,0,0,0,0,0,0,v001,agent:DataEngineer
2026-08-12,24,03:00,voice,Meridian,0,0,0,0,0,0,0,0,v001,agent:DataEngineer
2026-08-12,24,03:30,voice,Meridian,0,0,0,0,0,0,0,0,v001,agent:DataEngineer
2026-08-12,24,04:00,voice,Meridian,0,0,0,0,0,0,0,0,v001,agent:DataEngineer
2026-08-12,24,04:30,voice,Meridian,0,0,0,0,0,0,0,0,v001,agent:DataEngineer
2026-08-12,24,05:00,voice,Meridian,0,0,0,0,0,0,0,0,v001,agent:DataEngineer
2026-08-12,24,05:30,voice,Meridian,0,0,0,0,0,0,0,0,v001,agent:DataEngineer
2026-08-12,24,06:00,voice,Meridian,0,0,0,0,0,0,0,0,v001,agent:DataEngineer
2026-08-12,24,06:30,voice,Meridian,0,0,0,0,0,0,0,0,v001,agent:DataEngineer
2026-08-12,24,07:00,voice,Meridian,0,0,0,0,0,0,0,0,v001,agent:DataEngineer
2026-08-12,24,07:30,voice,Meridian,1,1,1,0,12,100,2045,2045,v001,agent:DataEngineer
2026-08-12,24,08:00,voice,Meridian,1,1,1,0,12,100,2004,2004,v001,agent:DataEngineer
2026-08-12,24,08:30,voice,Meridian,1,1,1,0,12,100,2247,2247,v001,agent:DataEngineer
2026-08-12,24,09:00,voice,Meridian,1,1,1,0,11,100,1819,1819,v001,agent:DataEngineer
2026-08-12,24,09:30,voice,Meridian,1,1,1,0,12,100,2074,2074,v001,agent:DataEngineer
2026-08-12,24,10:00,voice,Meridian,1,1,1,0,12,100,2129,2129,v001,agent:DataEngineer
2026-08-12,24,10:30,voice,Meridian,2,2,2,0,13,100,2282,2282,v001,agent:DataEngineer
2026-08-12,24,11:00,voice,Meridian,2,2,2,0,11,100,1946,1946,v001,agent:DataEngineer
2026-08-12,24,11:30,voice,Meridian,2,2,2,0,12,100,2061,2061,v001,agent:DataEngineer
2026-08-12,24,12:00,voice,Meridian,2,2,2,0,10,100,2075,2075,v001,agent:DataEngineer
2026-08-12,24,12:30,voice,Meridian,2,1,1,1,257,50,2119,2119,v001,agent:DataEngineer
2026-08-12,24,13:00,voice,Meridian,1,1,1,0,13,100,2108,2108,v001,agent:DataEngineer
2026-08-12,24,13:30,voice,Meridian,1,1,1,0,11,100,2206,2206,v001,agent:DataEngineer
2026-08-12,24,14:00,voice,Meridian,2,2,2,0,12,100,2166,2166,v001,agent:DataEngineer
2026-08-12,24,14:30,voice,Meridian,1,1,1,0,13,100,2230,2230,v001,agent:DataEngineer
2026-08-12,24,15:00,voice,Meridian,1,1,1,0,12,100,1961,1961,v001,agent:DataEngineer
2026-08-12,24,15:30,voice,Meridian,1,1,1,0,14,100,1914,1914,v001,agent:DataEngineer
2026-08-12,24,16:00,voice,Meridian,1,1,1,0,12,100,2043,2043,v001,agent:DataEngineer
2026-08-12,24,16:30,voice,Meridian,1,1,1,0,12,100,2009,2009,v001,agent:DataEngineer
2026-08-12,24,17:00,voice,Meridian,1,1,1,0,11,100,1966,1966,v001,agent:DataEngineer
2026-08-12,24,17:30,voice,Meridian,1,1,1,0,10,100,2108,2108,v001,agent:DataEngineer
2026-08-12,24,18:00,voice,Meridian,1,1,1,0,11,100,1985,1985,v001,agent:DataEngineer
2026-08-12,24,18:30,voice,Meridian,1,1,1,0,15,100,2043,2043,v001,agent:DataEngineer
2026-08-12,24,19:00,voice,Meridian,0,0,0,0,0,0,0,0,v001,agent:DataEngineer
2026-08-12,24,19:30,voice,Meridian,0,0,0,0,0,0,0,0,v001,agent:DataEngineer
2026-08-12,24,20:00,voice,Meridian,0,0,0,0,0,0,0,0,v001,agent:DataEngineer
2026-08-12,24,20:30,voice,Meridian,0,0,0,0,0,0,0,0,v001,agent:DataEngineer
2026-08-12,24,21:00,voice,Meridian,0,0,0,0,0,0,0,0,v001,agent:DataEngineer
2026-08-12,24,21:30,voice,Meridian,0,0,0,0,0,0,0,0,v001,agent:DataEngineer
2026-08-12,24,22:00,voice,Meridian,0,0,0,0,0,0,0,0,v001,agent:DataEngineer
2026-08-12,24,22:30,voice,Meridian,0,0,0,0,0,0,0,0,v001,agent:DataEngineer
2026-08-12,24,23:00,voice,Meridian,0,0,0,0,0,0,0,0,v001,agent:DataEngineer
2026-08-12,24,23:30,voice,Meridian,0,0,0,0,0,0,0,0,v001,agent:DataEngineer
2026-08-12,24,00:00,chat,Meridian,0,0,0,0,0,0,0,0,v001,agent:DataEngineer
2026-08-12,24,00:30,chat,Meridian,0,0,0,0,0,0,0,0,v001,agent:DataEngineer
2026-08-12,24,01:00,chat,Meridian,0,0,0,0,0,0,0,0,v001,agent:DataEngineer
2026-08-12,24,01:30,chat,Meridian,0,0,0,0,0,0,0,0,v001,agent:DataEngineer
2026-08-12,24,02:00,chat,Meridian,0,0,0,0,0,0,0,0,v001,agent:DataEngineer
2026-08-12,24,02:30,chat,Meridian,0,0,0,0,0,0,0,0,v001,agent:DataEngineer
2026-08-12,24,03:00,chat,Meridian,0,0,0,0,0,0,0,0,v001,agent:DataEngineer
2026-08-12,24,03:30,chat,Meridian,0,0,0,0,0,0,0,0,v001,agent:DataEngineer
2026-08-12,24,04:00,chat,Meridian,0,0,0,0,0,0,0,0,v001,agent:DataEngineer
2026-08-12,24,04:30,chat,Meridian,0,0,0,0,0,0,0,0,v001,agent:DataEngineer
2026-08-12,24,05:00,chat,Meridian,0,0,0,0,0,0,0,0,v001,agent:DataEngineer
2026-08-12,24,05:30,chat,Meridian,0,0,0,0,0,0,0,0,v001,agent:DataEngineer
2026-08-12,24,06:00,chat,Meridian,0,0,0,0,0,0,0,0,v001,agent:DataEngineer
2026-08-12,24,06:30,chat,Meridian,1,1,1,0,42,100,1266,633,v001,agent:DataEngineer
2026-08-12,24,07:00,chat,Meridian,1,1,1,0,33,100,1057,529,v001,agent:DataEngineer
2026-08-12,24,07:30,chat,Meridian,1,1,1,0,38,100,1022,511,v001,agent:DataEngineer
2026-08-12,24,08:00,chat,Meridian,1,1,1,0,54,100,1105,553,v001,agent:DataEngineer
2026-08-12,24,08:30,chat,Meridian,2,2,2,0,45,100,1074,537,v001,agent:DataEngineer
2026-08-12,24,09:00,chat,Meridian,2,2,2,0,49,100,1134,567,v001,agent:DataEngineer
2026-08-12,24,09:30,chat,Meridian,3,2,2,1,236,66.7,1102,551,v001,agent:DataEngineer
2026-08-12,24,10:00,chat,Meridian,3,3,3,0,53,100,1220,610,v001,agent:DataEngineer
2026-08-12,24,10:30,chat,Meridian,3,3,3,0,49,100,1144,572,v001,agent:DataEngineer
2026-08-12,24,11:00,chat,Meridian,4,3,3,1,153,75,1034,517,v001,agent:DataEngineer
2026-08-12,24,11:30,chat,Meridian,3,3,3,0,47,100,1174,587,v001,agent:DataEngineer
2026-08-12,24,12:00,chat,Meridian,2,2,2,0,45,100,1070,535,v001,agent:DataEngineer
2026-08-12,24,12:30,chat,Meridian,2,2,2,0,49,100,1166,583,v001,agent:DataEngineer
2026-08-12,24,13:00,chat,Meridian,2,2,2,0,45,100,1069,535,v001,agent:DataEngineer
2026-08-12,24,13:30,chat,Meridian,2,2,2,0,46,100,1146,573,v001,agent:DataEngineer
2026-08-12,24,14:00,chat,Meridian,3,3,3,0,46,100,1157,578,v001,agent:DataEngineer
2026-08-12,24,14:30,chat,Meridian,3,3,3,0,48,100,1091,546,v001,agent:DataEngineer
2026-08-12,24,15:00,chat,Meridian,3,3,3,0,50,100,1073,537,v001,agent:DataEngineer
2026-08-12,24,15:30,chat,Meridian,3,3,3,0,47,100,1199,600,v001,agent:DataEngineer
2026-08-12,24,16:00,chat,Meridian,2,2,2,0,41,100,1203,602,v001,agent:DataEngineer
2026-08-12,24,16:30,chat,Meridian,2,2,2,0,44,100,961,480,v001,agent:DataEngineer
2026-08-12,24,17:00,chat,Meridian,1,1,1,0,46,100,1163,581,v001,agent:DataEngineer
2026-08-12,24,17:30,chat,Meridian,2,2,2,0,51,100,1091,545,v001,agent:DataEngineer
2026-08-12,24,18:00,chat,Meridian,1,1,1,0,46,100,1135,568,v001,agent:DataEngineer
2026-08-12,24,18:30,chat,Meridian,1,1,1,0,46,100,1091,545,v001,agent:DataEngineer
2026-08-12,24,19:00,chat,Meridian,1,1,1,0,52,100,1155,578,v001,agent:DataEngineer
2026-08-12,24,19:30,chat,Meridian,1,1,1,0,46,100,1138,569,v001,agent:DataEngineer
2026-08-12,24,20:00,chat,Meridian,0,0,0,0,0,0,0,0,v001,agent:DataEngineer
2026-08-12,24,20:30,chat,Meridian,0,0,0,0,0,0,0,0,v001,agent:DataEngineer
2026-08-12,24,21:00,chat,Meridian,1,1,1,0,35,100,985,492,v001,agent:DataEngineer
2026-08-12,24,21:30,chat,Meridian,1,1,1,0,47,100,982,491,v001,agent:DataEngineer
2026-08-12,24,22:00,chat,Meridian,0,0,0,0,0,0,0,0,v001,agent:DataEngineer
2026-08-12,24,22:30,chat,Meridian,1,1,1,0,48,100,992,496,v001,agent:DataEngineer
2026-08-12,24,23:00,chat,Meridian,1,1,1,0,46,100,1120,560,v001,agent:DataEngineer
2026-08-12,24,23:30,chat,Meridian,0,0,0,0,0,0,0,0,v001,agent:DataEngineer
2026-08-13,25,00:00,voice,Meridian,0,0,0,0,0,0,0,0,v001,agent:DataEngineer
2026-08-13,25,00:30,voice,Meridian,0,0,0,0,0,0,0,0,v001,agent:DataEngineer
2026-08-13,25,01:00,voice,Meridian,0,0,0,0,0,0,0,0,v001,agent:DataEngineer
2026-08-13,25,01:30,voice,Meridian,0,0,0,0,0,0,0,0,v001,agent:DataEngineer
2026-08-13,25,02:00,voice,Meridian,0,0,0,0,0,0,0,0,v001,agent:DataEngineer
2026-08-13,25,02:30,voice,Meridian,0,0,0,0,0,0,0,0,v001,agent:DataEngineer
2026-08-13,25,03:00,voice,Meridian,0,0,0,0,0,0,0,0,v001,agent:DataEngineer
2026-08-13,25,03:30,voice,Meridian,0,0,0,0,0,0,0,0,v001,agent:DataEngineer
2026-08-13,25,04:00,voice,Meridian,0,0,0,0,0,0,0,0,v001,agent:DataEngineer
2026-08-13,25,04:30,voice,Meridian,0,0,0,0,0,0,0,0,v001,agent:DataEngineer
2026-08-13,25,05:00,voice,Meridian,0,0,0,0,0,0,0,0,v001,agent:DataEngineer
2026-08-13,25,05:30,voice,Meridian,0,0,0,0,0,0,0,0,v001,agent:DataEngineer
2026-08-13,25,06:00,voice,Meridian,0,0,0,0,0,0,0,0,v001,agent:DataEngineer
2026-08-13,25,06:30,voice,Meridian,0,0,0,0,0,0,0,0,v001,agent:DataEngineer
2026-08-13,25,07:00,voice,Meridian,0,0,0,0,0,0,0,0,v001,agent:DataEngineer
2026-08-13,25,07:30,voice,Meridian,1,1,1,0,10,100,2052,2052,v001,agent:DataEngineer
2026-08-13,25,08:00,voice,Meridian,1,1,1,0,13,100,2358,2358,v001,agent:DataEngineer
2026-08-13,25,08:30,voice,Meridian,1,1,1,0,12,100,2108,2108,v001,agent:DataEngineer
2026-08-13,25,09:00,voice,Meridian,1,1,1,0,11,100,2001,2001,v001,agent:DataEngineer
2026-08-13,25,09:30,voice,Meridian,1,1,1,0,12,100,2263,2263,v001,agent:DataEngineer
2026-08-13,25,10:00,voice,Meridian,2,1,1,1,251,50,1947,1947,v001,agent:DataEngineer
2026-08-13,25,10:30,voice,Meridian,2,2,2,0,13,100,2051,2051,v001,agent:DataEngineer
2026-08-13,25,11:00,voice,Meridian,2,2,2,0,11,100,1978,1978,v001,agent:DataEngineer
2026-08-13,25,11:30,voice,Meridian,2,2,2,0,10,100,2256,2256,v001,agent:DataEngineer
2026-08-13,25,12:00,voice,Meridian,2,2,2,0,11,100,2210,2210,v001,agent:DataEngineer
2026-08-13,25,12:30,voice,Meridian,2,2,2,0,13,100,2055,2055,v001,agent:DataEngineer
2026-08-13,25,13:00,voice,Meridian,1,1,1,0,11,100,2173,2173,v001,agent:DataEngineer
2026-08-13,25,13:30,voice,Meridian,1,1,1,0,12,100,2281,2281,v001,agent:DataEngineer
2026-08-13,25,14:00,voice,Meridian,1,1,1,0,10,100,1974,1974,v001,agent:DataEngineer
2026-08-13,25,14:30,voice,Meridian,1,1,1,0,11,100,2266,2266,v001,agent:DataEngineer
2026-08-13,25,15:00,voice,Meridian,2,2,2,0,13,100,2254,2254,v001,agent:DataEngineer
2026-08-13,25,15:30,voice,Meridian,2,2,2,0,12,100,2061,2061,v001,agent:DataEngineer
2026-08-13,25,16:00,voice,Meridian,2,2,2,0,13,100,1948,1948,v001,agent:DataEngineer
2026-08-13,25,16:30,voice,Meridian,2,2,2,0,11,100,2203,2203,v001,agent:DataEngineer
2026-08-13,25,17:00,voice,Meridian,1,1,1,0,11,100,2106,2106,v001,agent:DataEngineer
2026-08-13,25,17:30,voice,Meridian,1,1,1,0,11,100,2270,2270,v001,agent:DataEngineer
2026-08-13,25,18:00,voice,Meridian,1,1,1,0,12,100,2150,2150,v001,agent:DataEngineer
2026-08-13,25,18:30,voice,Meridian,0,0,0,0,0,0,0,0,v001,agent:DataEngineer
2026-08-13,25,19:00,voice,Meridian,0,0,0,0,0,0,0,0,v001,agent:DataEngineer
2026-08-13,25,19:30,voice,Meridian,0,0,0,0,0,0,0,0,v001,agent:DataEngineer
2026-08-13,25,20:00,voice,Meridian,0,0,0,0,0,0,0,0,v001,agent:DataEngineer
2026-08-13,25,20:30,voice,Meridian,0,0,0,0,0,0,0,0,v001,agent:DataEngineer
2026-08-13,25,21:00,voice,Meridian,0,0,0,0,0,0,0,0,v001,agent:DataEngineer
2026-08-13,25,21:30,voice,Meridian,0,0,0,0,0,0,0,0,v001,agent:DataEngineer
2026-08-13,25,22:00,voice,Meridian,0,0,0,0,0,0,0,0,v001,agent:DataEngineer
2026-08-13,25,22:30,voice,Meridian,0,0,0,0,0,0,0,0,v001,agent:DataEngineer
2026-08-13,25,23:00,voice,Meridian,0,0,0,0,0,0,0,0,v001,agent:DataEngineer
2026-08-13,25,23:30,voice,Meridian,0,0,0,0,0,0,0,0,v001,agent:DataEngineer
2026-08-13,25,00:00,chat,Meridian,0,0,0,0,0,0,0,0,v001,agent:DataEngineer
2026-08-13,25,00:30,chat,Meridian,0,0,0,0,0,0,0,0,v001,agent:DataEngineer
2026-08-13,25,01:00,chat,Meridian,1,1,1,0,44,100,1183,592,v001,agent:DataEngineer
2026-08-13,25,01:30,chat,Meridian,0,0,0,0,0,0,0,0,v001,agent:DataEngineer
2026-08-13,25,02:00,chat,Meridian,1,1,1,0,37,100,1097,549,v001,agent:DataEngineer
2026-08-13,25,02:30,chat,Meridian,0,0,0,0,0,0,0,0,v001,agent:DataEngineer
2026-08-13,25,03:00,chat,Meridian,0,0,0,0,0,0,0,0,v001,agent:DataEngineer
2026-08-13,25,03:30,chat,Meridian,0,0,0,0,0,0,0,0,v001,agent:DataEngineer
2026-08-13,25,04:00,chat,Meridian,0,0,0,0,0,0,0,0,v001,agent:DataEngineer
2026-08-13,25,04:30,chat,Meridian,0,0,0,0,0,0,0,0,v001,agent:DataEngineer
2026-08-13,25,05:00,chat,Meridian,1,1,1,0,49,100,1079,539,v001,agent:DataEngineer
2026-08-13,25,05:30,chat,Meridian,0,0,0,0,0,0,0,0,v001,agent:DataEngineer
2026-08-13,25,06:00,chat,Meridian,0,0,0,0,0,0,0,0,v001,agent:DataEngineer
2026-08-13,25,06:30,chat,Meridian,1,1,1,0,47,100,1202,601,v001,agent:DataEngineer
2026-08-13,25,07:00,chat,Meridian,1,1,1,0,41,100,1179,590,v001,agent:DataEngineer
2026-08-13,25,07:30,chat,Meridian,1,1,1,0,56,100,1122,561,v001,agent:DataEngineer
2026-08-13,25,08:00,chat,Meridian,2,2,2,0,46,100,1083,542,v001,agent:DataEngineer
2026-08-13,25,08:30,chat,Meridian,1,1,1,0,44,100,1113,556,v001,agent:DataEngineer
2026-08-13,25,09:00,chat,Meridian,2,2,2,0,50,100,1147,573,v001,agent:DataEngineer
2026-08-13,25,09:30,chat,Meridian,2,2,2,0,42,100,1081,540,v001,agent:DataEngineer
2026-08-13,25,10:00,chat,Meridian,3,2,2,1,229,66.7,1123,561,v001,agent:DataEngineer
2026-08-13,25,10:30,chat,Meridian,4,4,4,0,42,100,1092,546,v001,agent:DataEngineer
2026-08-13,25,11:00,chat,Meridian,3,3,3,0,47,100,1116,558,v001,agent:DataEngineer
2026-08-13,25,11:30,chat,Meridian,4,4,4,0,37,100,1191,595,v001,agent:DataEngineer
2026-08-13,25,12:00,chat,Meridian,3,3,3,0,51,100,1209,605,v001,agent:DataEngineer
2026-08-13,25,12:30,chat,Meridian,2,2,2,0,41,100,1095,547,v001,agent:DataEngineer
2026-08-13,25,13:00,chat,Meridian,4,3,3,1,130,75,1032,516,v001,agent:DataEngineer
2026-08-13,25,13:30,chat,Meridian,3,3,3,0,47,100,1189,594,v001,agent:DataEngineer
2026-08-13,25,14:00,chat,Meridian,3,3,3,0,41,100,1068,534,v001,agent:DataEngineer
2026-08-13,25,14:30,chat,Meridian,3,3,3,0,42,100,996,498,v001,agent:DataEngineer
2026-08-13,25,15:00,chat,Meridian,2,2,2,0,46,100,1200,600,v001,agent:DataEngineer
2026-08-13,25,15:30,chat,Meridian,3,3,3,0,40,100,1161,581,v001,agent:DataEngineer
2026-08-13,25,16:00,chat,Meridian,3,3,3,0,43,100,1209,605,v001,agent:DataEngineer
2026-08-13,25,16:30,chat,Meridian,3,3,3,0,45,100,1125,562,v001,agent:DataEngineer
2026-08-13,25,17:00,chat,Meridian,2,2,2,0,49,100,1165,583,v001,agent:DataEngineer
2026-08-13,25,17:30,chat,Meridian,2,2,2,0,50,100,1135,567,v001,agent:DataEngineer
2026-08-13,25,18:00,chat,Meridian,1,1,1,0,47,100,1191,596,v001,agent:DataEngineer
2026-08-13,25,18:30,chat,Meridian,1,1,1,0,54,100,1043,522,v001,agent:DataEngineer
2026-08-13,25,19:00,chat,Meridian,1,1,1,0,48,100,1129,565,v001,agent:DataEngineer
2026-08-13,25,19:30,chat,Meridian,1,1,1,0,40,100,993,497,v001,agent:DataEngineer
2026-08-13,25,20:00,chat,Meridian,0,0,0,0,0,0,0,0,v001,agent:DataEngineer
2026-08-13,25,20:30,chat,Meridian,0,0,0,0,0,0,0,0,v001,agent:DataEngineer
2026-08-13,25,21:00,chat,Meridian,0,0,0,0,0,0,0,0,v001,agent:DataEngineer
2026-08-13,25,21:30,chat,Meridian,0,0,0,0,0,0,0,0,v001,agent:DataEngineer
2026-08-13,25,22:00,chat,Meridian,0,0,0,0,0,0,0,0,v001,agent:DataEngineer
2026-08-13,25,22:30,chat,Meridian,0,0,0,0,0,0,0,0,v001,agent:DataEngineer
2026-08-13,25,23:00,chat,Meridian,0,0,0,0,0,0,0,0,v001,agent:DataEngineer
2026-08-13,25,23:30,chat,Meridian,0,0,0,0,0,0,0,0,v001,agent:DataEngineer
2026-08-14,26,00:00,voice,Meridian,0,0,0,0,0,0,0,0,v001,agent:DataEngineer
2026-08-14,26,00:30,voice,Meridian,0,0,0,0,0,0,0,0,v001,agent:DataEngineer
2026-08-14,26,01:00,voice,Meridian,0,0,0,0,0,0,0,0,v001,agent:DataEngineer
2026-08-14,26,01:30,voice,Meridian,0,0,0,0,0,0,0,0,v001,agent:DataEngineer
2026-08-14,26,02:00,voice,Meridian,0,0,0,0,0,0,0,0,v001,agent:DataEngineer
2026-08-14,26,02:30,voice,Meridian,0,0,0,0,0,0,0,0,v001,agent:DataEngineer
2026-08-14,26,03:00,voice,Meridian,0,0,0,0,0,0,0,0,v001,agent:DataEngineer
2026-08-14,26,03:30,voice,Meridian,0,0,0,0,0,0,0,0,v001,agent:DataEngineer
2026-08-14,26,04:00,voice,Meridian,0,0,0,0,0,0,0,0,v001,agent:DataEngineer
2026-08-14,26,04:30,voice,Meridian,0,0,0,0,0,0,0,0,v001,agent:DataEngineer
2026-08-14,26,05:00,voice,Meridian,0,0,0,0,0,0,0,0,v001,agent:DataEngineer
2026-08-14,26,05:30,voice,Meridian,0,0,0,0,0,0,0,0,v001,agent:DataEngineer
2026-08-14,26,06:00,voice,Meridian,0,0,0,0,0,0,0,0,v001,agent:DataEngineer
2026-08-14,26,06:30,voice,Meridian,0,0,0,0,0,0,0,0,v001,agent:DataEngineer
2026-08-14,26,07:00,voice,Meridian,0,0,0,0,0,0,0,0,v001,agent:DataEngineer
2026-08-14,26,07:30,voice,Meridian,1,1,1,0,11,100,1817,1817,v001,agent:DataEngineer
2026-08-14,26,08:00,voice,Meridian,1,1,1,0,13,100,1750,1750,v001,agent:DataEngineer
2026-08-14,26,08:30,voice,Meridian,1,1,1,0,11,100,1877,1877,v001,agent:DataEngineer
2026-08-14,26,09:00,voice,Meridian,1,1,1,0,13,100,1712,1712,v001,agent:DataEngineer
2026-08-14,26,09:30,voice,Meridian,1,1,1,0,10,100,1809,1809,v001,agent:DataEngineer
2026-08-14,26,10:00,voice,Meridian,1,1,1,0,13,100,1757,1757,v001,agent:DataEngineer
2026-08-14,26,10:30,voice,Meridian,2,1,1,1,237,50,1798,1798,v001,agent:DataEngineer
2026-08-14,26,11:00,voice,Meridian,1,1,1,0,12,100,1742,1742,v001,agent:DataEngineer
2026-08-14,26,11:30,voice,Meridian,2,2,2,0,12,100,1616,1616,v001,agent:DataEngineer
2026-08-14,26,12:00,voice,Meridian,1,1,1,0,12,100,1793,1793,v001,agent:DataEngineer
2026-08-14,26,12:30,voice,Meridian,1,1,1,0,11,100,1793,1793,v001,agent:DataEngineer
2026-08-14,26,13:00,voice,Meridian,1,1,1,0,12,100,1662,1662,v001,agent:DataEngineer
2026-08-14,26,13:30,voice,Meridian,1,1,1,0,12,100,1772,1772,v001,agent:DataEngineer
2026-08-14,26,14:00,voice,Meridian,1,1,1,0,11,100,1822,1822,v001,agent:DataEngineer
2026-08-14,26,14:30,voice,Meridian,1,1,1,0,11,100,1793,1793,v001,agent:DataEngineer
2026-08-14,26,15:00,voice,Meridian,1,1,1,0,12,100,1769,1769,v001,agent:DataEngineer
2026-08-14,26,15:30,voice,Meridian,2,2,2,0,12,100,1966,1966,v001,agent:DataEngineer
2026-08-14,26,16:00,voice,Meridian,1,1,1,0,14,100,1721,1721,v001,agent:DataEngineer
2026-08-14,26,16:30,voice,Meridian,1,1,1,0,13,100,1773,1773,v001,agent:DataEngineer
2026-08-14,26,17:00,voice,Meridian,1,1,1,0,12,100,1846,1846,v001,agent:DataEngineer
2026-08-14,26,17:30,voice,Meridian,1,1,1,0,12,100,1801,1801,v001,agent:DataEngineer
2026-08-14,26,18:00,voice,Meridian,1,1,1,0,13,100,1887,1887,v001,agent:DataEngineer
2026-08-14,26,18:30,voice,Meridian,1,1,1,0,11,100,1890,1890,v001,agent:DataEngineer
2026-08-14,26,19:00,voice,Meridian,0,0,0,0,0,0,0,0,v001,agent:DataEngineer
2026-08-14,26,19:30,voice,Meridian,0,0,0,0,0,0,0,0,v001,agent:DataEngineer
2026-08-14,26,20:00,voice,Meridian,0,0,0,0,0,0,0,0,v001,agent:DataEngineer
2026-08-14,26,20:30,voice,Meridian,0,0,0,0,0,0,0,0,v001,agent:DataEngineer
2026-08-14,26,21:00,voice,Meridian,0,0,0,0,0,0,0,0,v001,agent:DataEngineer
2026-08-14,26,21:30,voice,Meridian,0,0,0,0,0,0,0,0,v001,agent:DataEngineer
2026-08-14,26,22:00,voice,Meridian,0,0,0,0,0,0,0,0,v001,agent:DataEngineer
2026-08-14,26,22:30,voice,Meridian,0,0,0,0,0,0,0,0,v001,agent:DataEngineer
2026-08-14,26,23:00,voice,Meridian,0,0,0,0,0,0,0,0,v001,agent:DataEngineer
2026-08-14,26,23:30,voice,Meridian,0,0,0,0,0,0,0,0,v001,agent:DataEngineer
2026-08-14,26,00:00,chat,Meridian,0,0,0,0,0,0,0,0,v001,agent:DataEngineer
2026-08-14,26,00:30,chat,Meridian,0,0,0,0,0,0,0,0,v001,agent:DataEngineer
2026-08-14,26,01:00,chat,Meridian,0,0,0,0,0,0,0,0,v001,agent:DataEngineer
2026-08-14,26,01:30,chat,Meridian,0,0,0,0,0,0,0,0,v001,agent:DataEngineer
2026-08-14,26,02:00,chat,Meridian,0,0,0,0,0,0,0,0,v001,agent:DataEngineer
2026-08-14,26,02:30,chat,Meridian,0,0,0,0,0,0,0,0,v001,agent:DataEngineer
2026-08-14,26,03:00,chat,Meridian,0,0,0,0,0,0,0,0,v001,agent:DataEngineer
2026-08-14,26,03:30,chat,Meridian,1,1,1,0,44,100,1020,510,v001,agent:DataEngineer
2026-08-14,26,04:00,chat,Meridian,0,0,0,0,0,0,0,0,v001,agent:DataEngineer
2026-08-14,26,04:30,chat,Meridian,0,0,0,0,0,0,0,0,v001,agent:DataEngineer
2026-08-14,26,05:00,chat,Meridian,0,0,0,0,0,0,0,0,v001,agent:DataEngineer
2026-08-14,26,05:30,chat,Meridian,0,0,0,0,0,0,0,0,v001,agent:DataEngineer
2026-08-14,26,06:00,chat,Meridian,0,0,0,0,0,0,0,0,v001,agent:DataEngineer
2026-08-14,26,06:30,chat,Meridian,0,0,0,0,0,0,0,0,v001,agent:DataEngineer
2026-08-14,26,07:00,chat,Meridian,1,1,1,0,46,100,1002,501,v001,agent:DataEngineer
2026-08-14,26,07:30,chat,Meridian,1,1,1,0,53,100,1037,519,v001,agent:DataEngineer
2026-08-14,26,08:00,chat,Meridian,1,1,1,0,42,100,1042,521,v001,agent:DataEngineer
2026-08-14,26,08:30,chat,Meridian,2,2,2,0,47,100,1178,589,v001,agent:DataEngineer
2026-08-14,26,09:00,chat,Meridian,2,2,2,0,40,100,1013,507,v001,agent:DataEngineer
2026-08-14,26,09:30,chat,Meridian,3,3,3,0,47,100,1012,506,v001,agent:DataEngineer
2026-08-14,26,10:00,chat,Meridian,2,2,2,0,35,100,1069,535,v001,agent:DataEngineer
2026-08-14,26,10:30,chat,Meridian,3,3,3,0,38,100,1141,571,v001,agent:DataEngineer
2026-08-14,26,11:00,chat,Meridian,3,2,2,1,206,66.7,942,471,v001,agent:DataEngineer
2026-08-14,26,11:30,chat,Meridian,3,2,2,1,202,66.7,1088,544,v001,agent:DataEngineer
2026-08-14,26,12:00,chat,Meridian,2,2,2,0,44,100,1076,538,v001,agent:DataEngineer
2026-08-14,26,12:30,chat,Meridian,2,2,2,0,47,100,953,476,v001,agent:DataEngineer
2026-08-14,26,13:00,chat,Meridian,2,2,2,0,47,100,1121,561,v001,agent:DataEngineer
2026-08-14,26,13:30,chat,Meridian,2,2,2,0,42,100,975,488,v001,agent:DataEngineer
2026-08-14,26,14:00,chat,Meridian,2,2,2,0,41,100,1013,507,v001,agent:DataEngineer
2026-08-14,26,14:30,chat,Meridian,3,3,3,0,47,100,1045,522,v001,agent:DataEngineer
2026-08-14,26,15:00,chat,Meridian,3,3,3,0,45,100,1125,563,v001,agent:DataEngineer
2026-08-14,26,15:30,chat,Meridian,3,3,3,0,45,100,1040,520,v001,agent:DataEngineer
2026-08-14,26,16:00,chat,Meridian,2,2,2,0,39,100,1084,542,v001,agent:DataEngineer
2026-08-14,26,16:30,chat,Meridian,2,2,2,0,47,100,1044,522,v001,agent:DataEngineer
2026-08-14,26,17:00,chat,Meridian,2,2,2,0,43,100,926,463,v001,agent:DataEngineer
2026-08-14,26,17:30,chat,Meridian,1,1,1,0,38,100,995,498,v001,agent:DataEngineer
2026-08-14,26,18:00,chat,Meridian,1,1,1,0,48,100,1012,506,v001,agent:DataEngineer
2026-08-14,26,18:30,chat,Meridian,1,1,1,0,46,100,1001,501,v001,agent:DataEngineer
2026-08-14,26,19:00,chat,Meridian,1,1,1,0,51,100,1054,527,v001,agent:DataEngineer
2026-08-14,26,19:30,chat,Meridian,1,1,1,0,47,100,949,474,v001,agent:DataEngineer
2026-08-14,26,20:00,chat,Meridian,1,1,1,0,36,100,1050,525,v001,agent:DataEngineer
2026-08-14,26,20:30,chat,Meridian,0,0,0,0,0,0,0,0,v001,agent:DataEngineer
2026-08-14,26,21:00,chat,Meridian,0,0,0,0,0,0,0,0,v001,agent:DataEngineer
2026-08-14,26,21:30,chat,Meridian,0,0,0,0,0,0,0,0,v001,agent:DataEngineer
2026-08-14,26,22:00,chat,Meridian,0,0,0,0,0,0,0,0,v001,agent:DataEngineer
2026-08-14,26,22:30,chat,Meridian,0,0,0,0,0,0,0,0,v001,agent:DataEngineer
2026-08-14,26,23:00,chat,Meridian,0,0,0,0,0,0,0,0,v001,agent:DataEngineer
2026-08-14,26,23:30,chat,Meridian,0,0,0,0,0,0,0,0,v001,agent:DataEngineer
2026-08-15,27,00:00,voice,Meridian,0,0,0,0,0,0,0,0,v001,agent:DataEngineer
2026-08-15,27,00:30,voice,Meridian,0,0,0,0,0,0,0,0,v001,agent:DataEngineer
2026-08-15,27,01:00,voice,Meridian,0,0,0,0,0,0,0,0,v001,agent:DataEngineer
2026-08-15,27,01:30,voice,Meridian,0,0,0,0,0,0,0,0,v001,agent:DataEngineer
2026-08-15,27,02:00,voice,Meridian,0,0,0,0,0,0,0,0,v001,agent:DataEngineer
2026-08-15,27,02:30,voice,Meridian,0,0,0,0,0,0,0,0,v001,agent:DataEngineer
2026-08-15,27,03:00,voice,Meridian,0,0,0,0,0,0,0,0,v001,agent:DataEngineer
2026-08-15,27,03:30,voice,Meridian,0,0,0,0,0,0,0,0,v001,agent:DataEngineer
2026-08-15,27,04:00,voice,Meridian,0,0,0,0,0,0,0,0,v001,agent:DataEngineer
2026-08-15,27,04:30,voice,Meridian,0,0,0,0,0,0,0,0,v001,agent:DataEngineer
2026-08-15,27,05:00,voice,Meridian,0,0,0,0,0,0,0,0,v001,agent:DataEngineer
2026-08-15,27,05:30,voice,Meridian,0,0,0,0,0,0,0,0,v001,agent:DataEngineer
2026-08-15,27,06:00,voice,Meridian,0,0,0,0,0,0,0,0,v001,agent:DataEngineer
2026-08-15,27,06:30,voice,Meridian,0,0,0,0,0,0,0,0,v001,agent:DataEngineer
2026-08-15,27,07:00,voice,Meridian,0,0,0,0,0,0,0,0,v001,agent:DataEngineer
2026-08-15,27,07:30,voice,Meridian,0,0,0,0,0,0,0,0,v001,agent:DataEngineer
2026-08-15,27,08:00,voice,Meridian,0,0,0,0,0,0,0,0,v001,agent:DataEngineer
2026-08-15,27,08:30,voice,Meridian,0,0,0,0,0,0,0,0,v001,agent:DataEngineer
2026-08-15,27,09:00,voice,Meridian,1,1,1,0,12,100,1797,1797,v001,agent:DataEngineer
2026-08-15,27,09:30,voice,Meridian,1,1,1,0,13,100,1718,1718,v001,agent:DataEngineer
2026-08-15,27,10:00,voice,Meridian,1,1,1,0,11,100,1847,1847,v001,agent:DataEngineer
2026-08-15,27,10:30,voice,Meridian,1,1,1,0,12,100,1968,1968,v001,agent:DataEngineer
2026-08-15,27,11:00,voice,Meridian,1,1,1,0,9,100,1781,1781,v001,agent:DataEngineer
2026-08-15,27,11:30,voice,Meridian,1,1,1,0,11,100,1824,1824,v001,agent:DataEngineer
2026-08-15,27,12:00,voice,Meridian,1,1,1,0,11,100,1990,1990,v001,agent:DataEngineer
2026-08-15,27,12:30,voice,Meridian,1,1,1,0,13,100,1854,1854,v001,agent:DataEngineer
2026-08-15,27,13:00,voice,Meridian,0,0,0,0,0,0,0,0,v001,agent:DataEngineer
2026-08-15,27,13:30,voice,Meridian,1,1,1,0,13,100,1597,1597,v001,agent:DataEngineer
2026-08-15,27,14:00,voice,Meridian,1,1,0,0,992,0,1671,1671,v001,agent:DataEngineer
2026-08-15,27,14:30,voice,Meridian,1,1,1,0,14,100,1775,1775,v001,agent:DataEngineer
2026-08-15,27,15:00,voice,Meridian,0,0,0,0,0,0,0,0,v001,agent:DataEngineer
2026-08-15,27,15:30,voice,Meridian,1,1,1,0,12,100,1874,1874,v001,agent:DataEngineer
2026-08-15,27,16:00,voice,Meridian,1,1,1,0,12,100,1750,1750,v001,agent:DataEngineer
2026-08-15,27,16:30,voice,Meridian,1,1,1,0,13,100,1814,1814,v001,agent:DataEngineer
2026-08-15,27,17:00,voice,Meridian,0,0,0,0,0,0,0,0,v001,agent:DataEngineer
2026-08-15,27,17:30,voice,Meridian,0,0,0,0,0,0,0,0,v001,agent:DataEngineer
2026-08-15,27,18:00,voice,Meridian,0,0,0,0,0,0,0,0,v001,agent:DataEngineer
2026-08-15,27,18:30,voice,Meridian,0,0,0,0,0,0,0,0,v001,agent:DataEngineer
2026-08-15,27,19:00,voice,Meridian,0,0,0,0,0,0,0,0,v001,agent:DataEngineer
2026-08-15,27,19:30,voice,Meridian,0,0,0,0,0,0,0,0,v001,agent:DataEngineer
2026-08-15,27,20:00,voice,Meridian,0,0,0,0,0,0,0,0,v001,agent:DataEngineer
2026-08-15,27,20:30,voice,Meridian,0,0,0,0,0,0,0,0,v001,agent:DataEngineer
2026-08-15,27,21:00,voice,Meridian,0,0,0,0,0,0,0,0,v001,agent:DataEngineer
2026-08-15,27,21:30,voice,Meridian,0,0,0,0,0,0,0,0,v001,agent:DataEngineer
2026-08-15,27,22:00,voice,Meridian,0,0,0,0,0,0,0,0,v001,agent:DataEngineer
2026-08-15,27,22:30,voice,Meridian,0,0,0,0,0,0,0,0,v001,agent:DataEngineer
2026-08-15,27,23:00,voice,Meridian,0,0,0,0,0,0,0,0,v001,agent:DataEngineer
2026-08-15,27,23:30,voice,Meridian,0,0,0,0,0,0,0,0,v001,agent:DataEngineer
2026-08-15,27,00:00,chat,Meridian,0,0,0,0,0,0,0,0,v001,agent:DataEngineer
2026-08-15,27,00:30,chat,Meridian,0,0,0,0,0,0,0,0,v001,agent:DataEngineer
2026-08-15,27,01:00,chat,Meridian,0,0,0,0,0,0,0,0,v001,agent:DataEngineer
2026-08-15,27,01:30,chat,Meridian,0,0,0,0,0,0,0,0,v001,agent:DataEngineer
2026-08-15,27,02:00,chat,Meridian,0,0,0,0,0,0,0,0,v001,agent:DataEngineer
2026-08-15,27,02:30,chat,Meridian,0,0,0,0,0,0,0,0,v001,agent:DataEngineer
2026-08-15,27,03:00,chat,Meridian,0,0,0,0,0,0,0,0,v001,agent:DataEngineer
2026-08-15,27,03:30,chat,Meridian,0,0,0,0,0,0,0,0,v001,agent:DataEngineer
2026-08-15,27,04:00,chat,Meridian,0,0,0,0,0,0,0,0,v001,agent:DataEngineer
2026-08-15,27,04:30,chat,Meridian,0,0,0,0,0,0,0,0,v001,agent:DataEngineer
2026-08-15,27,05:00,chat,Meridian,0,0,0,0,0,0,0,0,v001,agent:DataEngineer
2026-08-15,27,05:30,chat,Meridian,0,0,0,0,0,0,0,0,v001,agent:DataEngineer
2026-08-15,27,06:00,chat,Meridian,0,0,0,0,0,0,0,0,v001,agent:DataEngineer
2026-08-15,27,06:30,chat,Meridian,0,0,0,0,0,0,0,0,v001,agent:DataEngineer
2026-08-15,27,07:00,chat,Meridian,1,1,1,0,47,100,1069,534,v001,agent:DataEngineer
2026-08-15,27,07:30,chat,Meridian,1,1,1,0,47,100,1136,568,v001,agent:DataEngineer
2026-08-15,27,08:00,chat,Meridian,1,1,1,0,47,100,1095,547,v001,agent:DataEngineer
2026-08-15,27,08:30,chat,Meridian,1,1,1,0,44,100,1099,550,v001,agent:DataEngineer
2026-08-15,27,09:00,chat,Meridian,1,1,1,0,42,100,1057,529,v001,agent:DataEngineer
2026-08-15,27,09:30,chat,Meridian,1,1,1,0,51,100,1037,519,v001,agent:DataEngineer
2026-08-15,27,10:00,chat,Meridian,2,2,2,0,48,100,977,488,v001,agent:DataEngineer
2026-08-15,27,10:30,chat,Meridian,2,2,2,0,42,100,1179,589,v001,agent:DataEngineer
2026-08-15,27,11:00,chat,Meridian,2,1,1,1,407,50,995,498,v001,agent:DataEngineer
2026-08-15,27,11:30,chat,Meridian,1,1,1,0,43,100,975,487,v001,agent:DataEngineer
2026-08-15,27,12:00,chat,Meridian,1,1,1,0,54,100,1063,532,v001,agent:DataEngineer
2026-08-15,27,12:30,chat,Meridian,1,1,1,0,42,100,1002,501,v001,agent:DataEngineer
2026-08-15,27,13:00,chat,Meridian,1,1,1,0,41,100,1048,524,v001,agent:DataEngineer
2026-08-15,27,13:30,chat,Meridian,1,1,1,0,53,100,1190,595,v001,agent:DataEngineer
2026-08-15,27,14:00,chat,Meridian,1,1,1,0,46,100,1220,610,v001,agent:DataEngineer
2026-08-15,27,14:30,chat,Meridian,2,2,2,0,51,100,1087,543,v001,agent:DataEngineer
2026-08-15,27,15:00,chat,Meridian,1,1,0,0,1773,0,1140,570,v001,agent:DataEngineer
2026-08-15,27,15:30,chat,Meridian,1,1,1,0,48,100,922,461,v001,agent:DataEngineer
2026-08-15,27,16:00,chat,Meridian,1,1,1,0,46,100,1089,545,v001,agent:DataEngineer
2026-08-15,27,16:30,chat,Meridian,1,1,1,0,53,100,1001,501,v001,agent:DataEngineer
2026-08-15,27,17:00,chat,Meridian,1,1,1,0,40,100,1051,526,v001,agent:DataEngineer
2026-08-15,27,17:30,chat,Meridian,1,1,1,0,52,100,1074,537,v001,agent:DataEngineer
2026-08-15,27,18:00,chat,Meridian,1,1,1,0,39,100,1050,525,v001,agent:DataEngineer
2026-08-15,27,18:30,chat,Meridian,1,1,1,0,40,100,1086,543,v001,agent:DataEngineer
2026-08-15,27,19:00,chat,Meridian,0,0,0,0,0,0,0,0,v001,agent:DataEngineer
2026-08-15,27,19:30,chat,Meridian,0,0,0,0,0,0,0,0,v001,agent:DataEngineer
2026-08-15,27,20:00,chat,Meridian,0,0,0,0,0,0,0,0,v001,agent:DataEngineer
2026-08-15,27,20:30,chat,Meridian,0,0,0,0,0,0,0,0,v001,agent:DataEngineer
2026-08-15,27,21:00,chat,Meridian,0,0,0,0,0,0,0,0,v001,agent:DataEngineer
2026-08-15,27,21:30,chat,Meridian,0,0,0,0,0,0,0,0,v001,agent:DataEngineer
2026-08-15,27,22:00,chat,Meridian,0,0,0,0,0,0,0,0,v001,agent:DataEngineer
2026-08-15,27,22:30,chat,Meridian,0,0,0,0,0,0,0,0,v001,agent:DataEngineer
2026-08-15,27,23:00,chat,Meridian,0,0,0,0,0,0,0,0,v001,agent:DataEngineer
2026-08-15,27,23:30,chat,Meridian,0,0,0,0,0,0,0,0,v001,agent:DataEngineer
2026-08-16,28,00:00,voice,Meridian,0,0,0,0,0,0,0,0,v001,agent:DataEngineer
2026-08-16,28,00:30,voice,Meridian,0,0,0,0,0,0,0,0,v001,agent:DataEngineer
2026-08-16,28,01:00,voice,Meridian,0,0,0,0,0,0,0,0,v001,agent:DataEngineer
2026-08-16,28,01:30,voice,Meridian,0,0,0,0,0,0,0,0,v001,agent:DataEngineer
2026-08-16,28,02:00,voice,Meridian,0,0,0,0,0,0,0,0,v001,agent:DataEngineer
2026-08-16,28,02:30,voice,Meridian,0,0,0,0,0,0,0,0,v001,agent:DataEngineer
2026-08-16,28,03:00,voice,Meridian,0,0,0,0,0,0,0,0,v001,agent:DataEngineer
2026-08-16,28,03:30,voice,Meridian,0,0,0,0,0,0,0,0,v001,agent:DataEngineer
2026-08-16,28,04:00,voice,Meridian,0,0,0,0,0,0,0,0,v001,agent:DataEngineer
2026-08-16,28,04:30,voice,Meridian,0,0,0,0,0,0,0,0,v001,agent:DataEngineer
2026-08-16,28,05:00,voice,Meridian,0,0,0,0,0,0,0,0,v001,agent:DataEngineer
2026-08-16,28,05:30,voice,Meridian,0,0,0,0,0,0,0,0,v001,agent:DataEngineer
2026-08-16,28,06:00,voice,Meridian,0,0,0,0,0,0,0,0,v001,agent:DataEngineer
2026-08-16,28,06:30,voice,Meridian,0,0,0,0,0,0,0,0,v001,agent:DataEngineer
2026-08-16,28,07:00,voice,Meridian,0,0,0,0,0,0,0,0,v001,agent:DataEngineer
2026-08-16,28,07:30,voice,Meridian,0,0,0,0,0,0,0,0,v001,agent:DataEngineer
2026-08-16,28,08:00,voice,Meridian,0,0,0,0,0,0,0,0,v001,agent:DataEngineer
2026-08-16,28,08:30,voice,Meridian,0,0,0,0,0,0,0,0,v001,agent:DataEngineer
2026-08-16,28,09:00,voice,Meridian,1,1,1,0,11,100,2078,2078,v001,agent:DataEngineer
2026-08-16,28,09:30,voice,Meridian,1,1,1,0,11,100,1991,1991,v001,agent:DataEngineer
2026-08-16,28,10:00,voice,Meridian,1,1,1,0,11,100,2014,2014,v001,agent:DataEngineer
2026-08-16,28,10:30,voice,Meridian,1,1,1,0,11,100,2100,2100,v001,agent:DataEngineer
2026-08-16,28,11:00,voice,Meridian,1,1,1,0,11,100,1949,1949,v001,agent:DataEngineer
2026-08-16,28,11:30,voice,Meridian,1,1,1,0,12,100,2037,2037,v001,agent:DataEngineer
2026-08-16,28,12:00,voice,Meridian,1,1,1,0,14,100,2064,2064,v001,agent:DataEngineer
2026-08-16,28,12:30,voice,Meridian,1,1,1,0,11,100,2013,2013,v001,agent:DataEngineer
2026-08-16,28,13:00,voice,Meridian,1,1,1,0,15,100,1886,1886,v001,agent:DataEngineer
2026-08-16,28,13:30,voice,Meridian,1,1,1,0,13,100,2093,2093,v001,agent:DataEngineer
2026-08-16,28,14:00,voice,Meridian,1,1,1,0,12,100,2015,2015,v001,agent:DataEngineer
2026-08-16,28,14:30,voice,Meridian,1,1,1,0,11,100,2009,2009,v001,agent:DataEngineer
2026-08-16,28,15:00,voice,Meridian,1,1,1,0,10,100,1818,1818,v001,agent:DataEngineer
2026-08-16,28,15:30,voice,Meridian,1,1,1,0,12,100,1784,1784,v001,agent:DataEngineer
2026-08-16,28,16:00,voice,Meridian,0,0,0,0,0,0,0,0,v001,agent:DataEngineer
2026-08-16,28,16:30,voice,Meridian,1,1,1,0,12,100,2088,2088,v001,agent:DataEngineer
2026-08-16,28,17:00,voice,Meridian,0,0,0,0,0,0,0,0,v001,agent:DataEngineer
2026-08-16,28,17:30,voice,Meridian,0,0,0,0,0,0,0,0,v001,agent:DataEngineer
2026-08-16,28,18:00,voice,Meridian,0,0,0,0,0,0,0,0,v001,agent:DataEngineer
2026-08-16,28,18:30,voice,Meridian,0,0,0,0,0,0,0,0,v001,agent:DataEngineer
2026-08-16,28,19:00,voice,Meridian,0,0,0,0,0,0,0,0,v001,agent:DataEngineer
2026-08-16,28,19:30,voice,Meridian,0,0,0,0,0,0,0,0,v001,agent:DataEngineer
2026-08-16,28,20:00,voice,Meridian,0,0,0,0,0,0,0,0,v001,agent:DataEngineer
2026-08-16,28,20:30,voice,Meridian,0,0,0,0,0,0,0,0,v001,agent:DataEngineer
2026-08-16,28,21:00,voice,Meridian,0,0,0,0,0,0,0,0,v001,agent:DataEngineer
2026-08-16,28,21:30,voice,Meridian,0,0,0,0,0,0,0,0,v001,agent:DataEngineer
2026-08-16,28,22:00,voice,Meridian,0,0,0,0,0,0,0,0,v001,agent:DataEngineer
2026-08-16,28,22:30,voice,Meridian,0,0,0,0,0,0,0,0,v001,agent:DataEngineer
2026-08-16,28,23:00,voice,Meridian,0,0,0,0,0,0,0,0,v001,agent:DataEngineer
2026-08-16,28,23:30,voice,Meridian,0,0,0,0,0,0,0,0,v001,agent:DataEngineer
2026-08-16,28,00:00,chat,Meridian,0,0,0,0,0,0,0,0,v001,agent:DataEngineer
2026-08-16,28,00:30,chat,Meridian,0,0,0,0,0,0,0,0,v001,agent:DataEngineer
2026-08-16,28,01:00,chat,Meridian,0,0,0,0,0,0,0,0,v001,agent:DataEngineer
2026-08-16,28,01:30,chat,Meridian,0,0,0,0,0,0,0,0,v001,agent:DataEngineer
2026-08-16,28,02:00,chat,Meridian,0,0,0,0,0,0,0,0,v001,agent:DataEngineer
2026-08-16,28,02:30,chat,Meridian,0,0,0,0,0,0,0,0,v001,agent:DataEngineer
2026-08-16,28,03:00,chat,Meridian,0,0,0,0,0,0,0,0,v001,agent:DataEngineer
2026-08-16,28,03:30,chat,Meridian,0,0,0,0,0,0,0,0,v001,agent:DataEngineer
2026-08-16,28,04:00,chat,Meridian,0,0,0,0,0,0,0,0,v001,agent:DataEngineer
2026-08-16,28,04:30,chat,Meridian,0,0,0,0,0,0,0,0,v001,agent:DataEngineer
2026-08-16,28,05:00,chat,Meridian,0,0,0,0,0,0,0,0,v001,agent:DataEngineer
2026-08-16,28,05:30,chat,Meridian,0,0,0,0,0,0,0,0,v001,agent:DataEngineer
2026-08-16,28,06:00,chat,Meridian,0,0,0,0,0,0,0,0,v001,agent:DataEngineer
2026-08-16,28,06:30,chat,Meridian,0,0,0,0,0,0,0,0,v001,agent:DataEngineer
2026-08-16,28,07:00,chat,Meridian,0,0,0,0,0,0,0,0,v001,agent:DataEngineer
2026-08-16,28,07:30,chat,Meridian,1,1,1,0,45,100,1131,566,v001,agent:DataEngineer
2026-08-16,28,08:00,chat,Meridian,1,1,1,0,40,100,1138,569,v001,agent:DataEngineer
2026-08-16,28,08:30,chat,Meridian,1,1,1,0,38,100,1114,557,v001,agent:DataEngineer
2026-08-16,28,09:00,chat,Meridian,1,1,1,0,45,100,1033,516,v001,agent:DataEngineer
2026-08-16,28,09:30,chat,Meridian,2,2,2,0,46,100,1157,578,v001,agent:DataEngineer
2026-08-16,28,10:00,chat,Meridian,1,1,1,0,51,100,1190,595,v001,agent:DataEngineer
2026-08-16,28,10:30,chat,Meridian,2,2,2,0,49,100,995,497,v001,agent:DataEngineer
2026-08-16,28,11:00,chat,Meridian,2,2,2,0,52,100,995,498,v001,agent:DataEngineer
2026-08-16,28,11:30,chat,Meridian,2,2,2,0,41,100,1201,600,v001,agent:DataEngineer
2026-08-16,28,12:00,chat,Meridian,1,1,1,0,45,100,1127,564,v001,agent:DataEngineer
2026-08-16,28,12:30,chat,Meridian,1,1,1,0,41,100,1147,574,v001,agent:DataEngineer
2026-08-16,28,13:00,chat,Meridian,1,1,1,0,45,100,1151,576,v001,agent:DataEngineer
2026-08-16,28,13:30,chat,Meridian,2,2,2,0,49,100,1175,587,v001,agent:DataEngineer
2026-08-16,28,14:00,chat,Meridian,1,1,1,0,38,100,1144,572,v001,agent:DataEngineer
2026-08-16,28,14:30,chat,Meridian,1,1,1,0,51,100,1041,520,v001,agent:DataEngineer
2026-08-16,28,15:00,chat,Meridian,2,2,2,0,48,100,1152,576,v001,agent:DataEngineer
2026-08-16,28,15:30,chat,Meridian,2,1,1,1,440,50,1138,569,v001,agent:DataEngineer
2026-08-16,28,16:00,chat,Meridian,1,1,1,0,43,100,1180,590,v001,agent:DataEngineer
2026-08-16,28,16:30,chat,Meridian,1,1,1,0,40,100,1101,550,v001,agent:DataEngineer
2026-08-16,28,17:00,chat,Meridian,1,1,1,0,41,100,1057,528,v001,agent:DataEngineer
2026-08-16,28,17:30,chat,Meridian,1,1,1,0,45,100,1146,573,v001,agent:DataEngineer
2026-08-16,28,18:00,chat,Meridian,1,1,1,0,43,100,1022,511,v001,agent:DataEngineer
2026-08-16,28,18:30,chat,Meridian,1,1,1,0,51,100,1013,507,v001,agent:DataEngineer
2026-08-16,28,19:00,chat,Meridian,1,1,1,0,42,100,1163,582,v001,agent:DataEngineer
2026-08-16,28,19:30,chat,Meridian,0,0,0,0,0,0,0,0,v001,agent:DataEngineer
2026-08-16,28,20:00,chat,Meridian,0,0,0,0,0,0,0,0,v001,agent:DataEngineer
2026-08-16,28,20:30,chat,Meridian,0,0,0,0,0,0,0,0,v001,agent:DataEngineer
2026-08-16,28,21:00,chat,Meridian,0,0,0,0,0,0,0,0,v001,agent:DataEngineer
2026-08-16,28,21:30,chat,Meridian,0,0,0,0,0,0,0,0,v001,agent:DataEngineer
2026-08-16,28,22:00,chat,Meridian,0,0,0,0,0,0,0,0,v001,agent:DataEngineer
2026-08-16,28,22:30,chat,Meridian,0,0,0,0,0,0,0,0,v001,agent:DataEngineer
2026-08-16,28,23:00,chat,Meridian,0,0,0,0,0,0,0,0,v001,agent:DataEngineer
2026-08-16,28,23:30,chat,Meridian,0,0,0,0,0,0,0,0,v001,agent:DataEngineer
2026-08-17,29,00:00,voice,Meridian,0,0,0,0,0,0,0,0,v001,agent:DataEngineer
2026-08-17,29,00:30,voice,Meridian,0,0,0,0,0,0,0,0,v001,agent:DataEngineer
2026-08-17,29,01:00,voice,Meridian,0,0,0,0,0,0,0,0,v001,agent:DataEngineer
2026-08-17,29,01:30,voice,Meridian,0,0,0,0,0,0,0,0,v001,agent:DataEngineer
2026-08-17,29,02:00,voice,Meridian,0,0,0,0,0,0,0,0,v001,agent:DataEngineer
2026-08-17,29,02:30,voice,Meridian,0,0,0,0,0,0,0,0,v001,agent:DataEngineer
2026-08-17,29,03:00,voice,Meridian,0,0,0,0,0,0,0,0,v001,agent:DataEngineer
2026-08-17,29,03:30,voice,Meridian,0,0,0,0,0,0,0,0,v001,agent:DataEngineer
2026-08-17,29,04:00,voice,Meridian,0,0,0,0,0,0,0,0,v001,agent:DataEngineer
2026-08-17,29,04:30,voice,Meridian,0,0,0,0,0,0,0,0,v001,agent:DataEngineer
2026-08-17,29,05:00,voice,Meridian,0,0,0,0,0,0,0,0,v001,agent:DataEngineer
2026-08-17,29,05:30,voice,Meridian,0,0,0,0,0,0,0,0,v001,agent:DataEngineer
2026-08-17,29,06:00,voice,Meridian,0,0,0,0,0,0,0,0,v001,agent:DataEngineer
2026-08-17,29,06:30,voice,Meridian,0,0,0,0,0,0,0,0,v001,agent:DataEngineer
2026-08-17,29,07:00,voice,Meridian,0,0,0,0,0,0,0,0,v001,agent:DataEngineer
2026-08-17,29,07:30,voice,Meridian,1,1,1,0,13,100,2149,2149,v001,agent:DataEngineer
2026-08-17,29,08:00,voice,Meridian,1,1,1,0,11,100,2231,2231,v001,agent:DataEngineer
2026-08-17,29,08:30,voice,Meridian,1,1,1,0,12,100,2046,2046,v001,agent:DataEngineer
2026-08-17,29,09:00,voice,Meridian,1,1,1,0,11,100,2001,2001,v001,agent:DataEngineer
2026-08-17,29,09:30,voice,Meridian,2,2,2,0,13,100,2085,2085,v001,agent:DataEngineer
2026-08-17,29,10:00,voice,Meridian,2,2,2,0,11,100,1971,1971,v001,agent:DataEngineer
2026-08-17,29,10:30,voice,Meridian,2,1,1,1,237,50,2027,2027,v001,agent:DataEngineer
2026-08-17,29,11:00,voice,Meridian,2,2,2,0,13,100,1939,1939,v001,agent:DataEngineer
2026-08-17,29,11:30,voice,Meridian,2,2,2,0,12,100,1981,1981,v001,agent:DataEngineer
2026-08-17,29,12:00,voice,Meridian,2,2,2,0,12,100,1937,1937,v001,agent:DataEngineer
2026-08-17,29,12:30,voice,Meridian,2,2,2,0,15,100,1851,1851,v001,agent:DataEngineer
2026-08-17,29,13:00,voice,Meridian,2,2,2,0,13,100,2205,2205,v001,agent:DataEngineer
2026-08-17,29,13:30,voice,Meridian,1,1,1,0,11,100,2080,2080,v001,agent:DataEngineer
2026-08-17,29,14:00,voice,Meridian,1,1,1,0,10,100,1975,1975,v001,agent:DataEngineer
2026-08-17,29,14:30,voice,Meridian,2,2,2,0,11,100,1853,1853,v001,agent:DataEngineer
2026-08-17,29,15:00,voice,Meridian,2,2,2,0,12,100,2038,2038,v001,agent:DataEngineer
2026-08-17,29,15:30,voice,Meridian,1,1,1,0,12,100,2195,2195,v001,agent:DataEngineer
2026-08-17,29,16:00,voice,Meridian,1,1,1,0,11,100,1841,1841,v001,agent:DataEngineer
2026-08-17,29,16:30,voice,Meridian,1,1,1,0,12,100,2071,2071,v001,agent:DataEngineer
2026-08-17,29,17:00,voice,Meridian,1,1,1,0,14,100,2205,2205,v001,agent:DataEngineer
2026-08-17,29,17:30,voice,Meridian,1,1,1,0,11,100,1928,1928,v001,agent:DataEngineer
2026-08-17,29,18:00,voice,Meridian,1,1,1,0,14,100,2113,2113,v001,agent:DataEngineer
2026-08-17,29,18:30,voice,Meridian,1,1,1,0,10,100,2234,2234,v001,agent:DataEngineer
2026-08-17,29,19:00,voice,Meridian,0,0,0,0,0,0,0,0,v001,agent:DataEngineer
2026-08-17,29,19:30,voice,Meridian,0,0,0,0,0,0,0,0,v001,agent:DataEngineer
2026-08-17,29,20:00,voice,Meridian,0,0,0,0,0,0,0,0,v001,agent:DataEngineer
2026-08-17,29,20:30,voice,Meridian,0,0,0,0,0,0,0,0,v001,agent:DataEngineer
2026-08-17,29,21:00,voice,Meridian,0,0,0,0,0,0,0,0,v001,agent:DataEngineer
2026-08-17,29,21:30,voice,Meridian,0,0,0,0,0,0,0,0,v001,agent:DataEngineer
2026-08-17,29,22:00,voice,Meridian,0,0,0,0,0,0,0,0,v001,agent:DataEngineer
2026-08-17,29,22:30,voice,Meridian,0,0,0,0,0,0,0,0,v001,agent:DataEngineer
2026-08-17,29,23:00,voice,Meridian,0,0,0,0,0,0,0,0,v001,agent:DataEngineer
2026-08-17,29,23:30,voice,Meridian,0,0,0,0,0,0,0,0,v001,agent:DataEngineer
2026-08-17,29,00:00,chat,Meridian,0,0,0,0,0,0,0,0,v001,agent:DataEngineer
2026-08-17,29,00:30,chat,Meridian,0,0,0,0,0,0,0,0,v001,agent:DataEngineer
2026-08-17,29,01:00,chat,Meridian,0,0,0,0,0,0,0,0,v001,agent:DataEngineer
2026-08-17,29,01:30,chat,Meridian,0,0,0,0,0,0,0,0,v001,agent:DataEngineer
2026-08-17,29,02:00,chat,Meridian,0,0,0,0,0,0,0,0,v001,agent:DataEngineer
2026-08-17,29,02:30,chat,Meridian,0,0,0,0,0,0,0,0,v001,agent:DataEngineer
2026-08-17,29,03:00,chat,Meridian,0,0,0,0,0,0,0,0,v001,agent:DataEngineer
2026-08-17,29,03:30,chat,Meridian,0,0,0,0,0,0,0,0,v001,agent:DataEngineer
2026-08-17,29,04:00,chat,Meridian,0,0,0,0,0,0,0,0,v001,agent:DataEngineer
2026-08-17,29,04:30,chat,Meridian,1,1,1,0,49,100,1000,500,v001,agent:DataEngineer
2026-08-17,29,05:00,chat,Meridian,0,0,0,0,0,0,0,0,v001,agent:DataEngineer
2026-08-17,29,05:30,chat,Meridian,0,0,0,0,0,0,0,0,v001,agent:DataEngineer
2026-08-17,29,06:00,chat,Meridian,1,1,1,0,37,100,1066,533,v001,agent:DataEngineer
2026-08-17,29,06:30,chat,Meridian,1,1,1,0,39,100,1027,514,v001,agent:DataEngineer
2026-08-17,29,07:00,chat,Meridian,1,1,1,0,41,100,1131,566,v001,agent:DataEngineer
2026-08-17,29,07:30,chat,Meridian,1,1,1,0,45,100,1007,504,v001,agent:DataEngineer
2026-08-17,29,08:00,chat,Meridian,1,1,1,0,51,100,1077,539,v001,agent:DataEngineer
2026-08-17,29,08:30,chat,Meridian,2,2,2,0,42,100,941,470,v001,agent:DataEngineer
2026-08-17,29,09:00,chat,Meridian,3,3,3,0,45,100,1045,523,v001,agent:DataEngineer
2026-08-17,29,09:30,chat,Meridian,3,3,3,0,41,100,1108,554,v001,agent:DataEngineer
2026-08-17,29,10:00,chat,Meridian,3,2,2,1,224,66.7,1166,583,v001,agent:DataEngineer
2026-08-17,29,10:30,chat,Meridian,4,4,4,0,51,100,994,497,v001,agent:DataEngineer
2026-08-17,29,11:00,chat,Meridian,4,3,3,1,140,75,1152,576,v001,agent:DataEngineer
2026-08-17,29,11:30,chat,Meridian,6,5,5,1,82,83.3,1024,512,v001,agent:DataEngineer
2026-08-17,29,12:00,chat,Meridian,3,3,2,0,237,66.7,1036,518,v001,agent:DataEngineer
2026-08-17,29,12:30,chat,Meridian,3,3,2,0,187,66.7,1043,522,v001,agent:DataEngineer
2026-08-17,29,13:00,chat,Meridian,3,3,3,0,42,100,1031,516,v001,agent:DataEngineer
2026-08-17,29,13:30,chat,Meridian,3,3,3,0,39,100,1120,560,v001,agent:DataEngineer
2026-08-17,29,14:00,chat,Meridian,3,3,3,0,41,100,1101,551,v001,agent:DataEngineer
2026-08-17,29,14:30,chat,Meridian,3,3,3,0,42,100,997,499,v001,agent:DataEngineer
2026-08-17,29,15:00,chat,Meridian,3,3,2,0,240,66.7,1014,507,v001,agent:DataEngineer
2026-08-17,29,15:30,chat,Meridian,3,3,3,0,50,100,1039,519,v001,agent:DataEngineer
2026-08-17,29,16:00,chat,Meridian,2,2,2,0,50,100,1108,554,v001,agent:DataEngineer
2026-08-17,29,16:30,chat,Meridian,2,2,2,0,51,100,1036,518,v001,agent:DataEngineer
2026-08-17,29,17:00,chat,Meridian,2,2,2,0,40,100,1145,572,v001,agent:DataEngineer
2026-08-17,29,17:30,chat,Meridian,1,1,1,0,44,100,1124,562,v001,agent:DataEngineer
2026-08-17,29,18:00,chat,Meridian,1,1,1,0,37,100,1088,544,v001,agent:DataEngineer
2026-08-17,29,18:30,chat,Meridian,1,1,1,0,48,100,1052,526,v001,agent:DataEngineer
2026-08-17,29,19:00,chat,Meridian,1,1,1,0,40,100,1127,563,v001,agent:DataEngineer
2026-08-17,29,19:30,chat,Meridian,1,1,1,0,36,100,1002,501,v001,agent:DataEngineer
2026-08-17,29,20:00,chat,Meridian,0,0,0,0,0,0,0,0,v001,agent:DataEngineer
2026-08-17,29,20:30,chat,Meridian,0,0,0,0,0,0,0,0,v001,agent:DataEngineer
2026-08-17,29,21:00,chat,Meridian,0,0,0,0,0,0,0,0,v001,agent:DataEngineer
2026-08-17,29,21:30,chat,Meridian,0,0,0,0,0,0,0,0,v001,agent:DataEngineer
2026-08-17,29,22:00,chat,Meridian,0,0,0,0,0,0,0,0,v001,agent:DataEngineer
2026-08-17,29,22:30,chat,Meridian,1,1,1,0,48,100,1132,566,v001,agent:DataEngineer
2026-08-17,29,23:00,chat,Meridian,0,0,0,0,0,0,0,0,v001,agent:DataEngineer
2026-08-17,29,23:30,chat,Meridian,0,0,0,0,0,0,0,0,v001,agent:DataEngineer
2026-08-18,30,00:00,voice,Meridian,0,0,0,0,0,0,0,0,v001,agent:DataEngineer
2026-08-18,30,00:30,voice,Meridian,0,0,0,0,0,0,0,0,v001,agent:DataEngineer
2026-08-18,30,01:00,voice,Meridian,0,0,0,0,0,0,0,0,v001,agent:DataEngineer
2026-08-18,30,01:30,voice,Meridian,0,0,0,0,0,0,0,0,v001,agent:DataEngineer
2026-08-18,30,02:00,voice,Meridian,0,0,0,0,0,0,0,0,v001,agent:DataEngineer
2026-08-18,30,02:30,voice,Meridian,0,0,0,0,0,0,0,0,v001,agent:DataEngineer
2026-08-18,30,03:00,voice,Meridian,0,0,0,0,0,0,0,0,v001,agent:DataEngineer
2026-08-18,30,03:30,voice,Meridian,0,0,0,0,0,0,0,0,v001,agent:DataEngineer
2026-08-18,30,04:00,voice,Meridian,0,0,0,0,0,0,0,0,v001,agent:DataEngineer
2026-08-18,30,04:30,voice,Meridian,0,0,0,0,0,0,0,0,v001,agent:DataEngineer
2026-08-18,30,05:00,voice,Meridian,0,0,0,0,0,0,0,0,v001,agent:DataEngineer
2026-08-18,30,05:30,voice,Meridian,0,0,0,0,0,0,0,0,v001,agent:DataEngineer
2026-08-18,30,06:00,voice,Meridian,0,0,0,0,0,0,0,0,v001,agent:DataEngineer
2026-08-18,30,06:30,voice,Meridian,0,0,0,0,0,0,0,0,v001,agent:DataEngineer
2026-08-18,30,07:00,voice,Meridian,0,0,0,0,0,0,0,0,v001,agent:DataEngineer
2026-08-18,30,07:30,voice,Meridian,1,1,1,0,11,100,1978,1978,v001,agent:DataEngineer
2026-08-18,30,08:00,voice,Meridian,1,1,1,0,12,100,1955,1955,v001,agent:DataEngineer
2026-08-18,30,08:30,voice,Meridian,1,1,1,0,10,100,2073,2073,v001,agent:DataEngineer
2026-08-18,30,09:00,voice,Meridian,1,1,1,0,13,100,1899,1899,v001,agent:DataEngineer
2026-08-18,30,09:30,voice,Meridian,2,2,2,0,12,100,2207,2207,v001,agent:DataEngineer
2026-08-18,30,10:00,voice,Meridian,2,1,1,1,231,50,1968,1968,v001,agent:DataEngineer
2026-08-18,30,10:30,voice,Meridian,2,2,2,0,12,100,2224,2224,v001,agent:DataEngineer
2026-08-18,30,11:00,voice,Meridian,2,2,2,0,12,100,1742,1742,v001,agent:DataEngineer
2026-08-18,30,11:30,voice,Meridian,2,2,2,0,12,100,1848,1848,v001,agent:DataEngineer
2026-08-18,30,12:00,voice,Meridian,1,1,1,0,12,100,1826,1826,v001,agent:DataEngineer
2026-08-18,30,12:30,voice,Meridian,2,2,2,0,13,100,1897,1897,v001,agent:DataEngineer
2026-08-18,30,13:00,voice,Meridian,1,1,1,0,10,100,1845,1845,v001,agent:DataEngineer
2026-08-18,30,13:30,voice,Meridian,1,1,1,0,11,100,2027,2027,v001,agent:DataEngineer
2026-08-18,30,14:00,voice,Meridian,1,1,1,0,11,100,2044,2044,v001,agent:DataEngineer
2026-08-18,30,14:30,voice,Meridian,2,2,2,0,13,100,1844,1844,v001,agent:DataEngineer
2026-08-18,30,15:00,voice,Meridian,2,2,2,0,12,100,2098,2098,v001,agent:DataEngineer
2026-08-18,30,15:30,voice,Meridian,2,2,2,0,10,100,1902,1902,v001,agent:DataEngineer
2026-08-18,30,16:00,voice,Meridian,1,1,1,0,10,100,1824,1824,v001,agent:DataEngineer
2026-08-18,30,16:30,voice,Meridian,1,1,1,0,13,100,1837,1837,v001,agent:DataEngineer
2026-08-18,30,17:00,voice,Meridian,1,1,1,0,10,100,1999,1999,v001,agent:DataEngineer
2026-08-18,30,17:30,voice,Meridian,1,1,1,0,12,100,1940,1940,v001,agent:DataEngineer
2026-08-18,30,18:00,voice,Meridian,1,1,1,0,12,100,1978,1978,v001,agent:DataEngineer
2026-08-18,30,18:30,voice,Meridian,1,1,1,0,13,100,1845,1845,v001,agent:DataEngineer
2026-08-18,30,19:00,voice,Meridian,0,0,0,0,0,0,0,0,v001,agent:DataEngineer
2026-08-18,30,19:30,voice,Meridian,0,0,0,0,0,0,0,0,v001,agent:DataEngineer
2026-08-18,30,20:00,voice,Meridian,0,0,0,0,0,0,0,0,v001,agent:DataEngineer
2026-08-18,30,20:30,voice,Meridian,0,0,0,0,0,0,0,0,v001,agent:DataEngineer
2026-08-18,30,21:00,voice,Meridian,0,0,0,0,0,0,0,0,v001,agent:DataEngineer
2026-08-18,30,21:30,voice,Meridian,0,0,0,0,0,0,0,0,v001,agent:DataEngineer
2026-08-18,30,22:00,voice,Meridian,0,0,0,0,0,0,0,0,v001,agent:DataEngineer
2026-08-18,30,22:30,voice,Meridian,0,0,0,0,0,0,0,0,v001,agent:DataEngineer
2026-08-18,30,23:00,voice,Meridian,0,0,0,0,0,0,0,0,v001,agent:DataEngineer
2026-08-18,30,23:30,voice,Meridian,0,0,0,0,0,0,0,0,v001,agent:DataEngineer
2026-08-18,30,00:00,chat,Meridian,1,1,1,0,49,100,1209,604,v001,agent:DataEngineer
2026-08-18,30,00:30,chat,Meridian,1,1,1,0,39,100,1090,545,v001,agent:DataEngineer
2026-08-18,30,01:00,chat,Meridian,0,0,0,0,0,0,0,0,v001,agent:DataEngineer
2026-08-18,30,01:30,chat,Meridian,0,0,0,0,0,0,0,0,v001,agent:DataEngineer
2026-08-18,30,02:00,chat,Meridian,1,1,1,0,43,100,1243,622,v001,agent:DataEngineer
2026-08-18,30,02:30,chat,Meridian,1,1,1,0,49,100,1201,600,v001,agent:DataEngineer
2026-08-18,30,03:00,chat,Meridian,0,0,0,0,0,0,0,0,v001,agent:DataEngineer
2026-08-18,30,03:30,chat,Meridian,0,0,0,0,0,0,0,0,v001,agent:DataEngineer
2026-08-18,30,04:00,chat,Meridian,1,1,1,0,50,100,1177,588,v001,agent:DataEngineer
2026-08-18,30,04:30,chat,Meridian,0,0,0,0,0,0,0,0,v001,agent:DataEngineer
2026-08-18,30,05:00,chat,Meridian,0,0,0,0,0,0,0,0,v001,agent:DataEngineer
2026-08-18,30,05:30,chat,Meridian,0,0,0,0,0,0,0,0,v001,agent:DataEngineer
2026-08-18,30,06:00,chat,Meridian,0,0,0,0,0,0,0,0,v001,agent:DataEngineer
2026-08-18,30,06:30,chat,Meridian,1,1,1,0,45,100,1214,607,v001,agent:DataEngineer
2026-08-18,30,07:00,chat,Meridian,1,1,1,0,47,100,1126,563,v001,agent:DataEngineer
2026-08-18,30,07:30,chat,Meridian,1,1,1,0,49,100,1227,614,v001,agent:DataEngineer
2026-08-18,30,08:00,chat,Meridian,1,1,1,0,49,100,1231,615,v001,agent:DataEngineer
2026-08-18,30,08:30,chat,Meridian,1,1,1,0,38,100,1174,587,v001,agent:DataEngineer
2026-08-18,30,09:00,chat,Meridian,2,2,2,0,44,100,1217,609,v001,agent:DataEngineer
2026-08-18,30,09:30,chat,Meridian,2,2,2,0,46,100,1138,569,v001,agent:DataEngineer
2026-08-18,30,10:00,chat,Meridian,4,4,3,0,164,75,1183,592,v001,agent:DataEngineer
2026-08-18,30,10:30,chat,Meridian,4,4,3,0,111,75,1115,557,v001,agent:DataEngineer
2026-08-18,30,11:00,chat,Meridian,4,3,3,1,124,75,1141,571,v001,agent:DataEngineer
2026-08-18,30,11:30,chat,Meridian,4,4,4,0,43,100,1285,643,v001,agent:DataEngineer
2026-08-18,30,12:00,chat,Meridian,3,3,3,0,44,100,1161,581,v001,agent:DataEngineer
2026-08-18,30,12:30,chat,Meridian,2,2,2,0,44,100,1240,620,v001,agent:DataEngineer
2026-08-18,30,13:00,chat,Meridian,2,2,2,0,48,100,1215,608,v001,agent:DataEngineer
2026-08-18,30,13:30,chat,Meridian,3,2,2,1,212,66.7,1033,517,v001,agent:DataEngineer
2026-08-18,30,14:00,chat,Meridian,2,2,2,0,47,100,1154,577,v001,agent:DataEngineer
2026-08-18,30,14:30,chat,Meridian,3,3,3,0,47,100,1055,528,v001,agent:DataEngineer
2026-08-18,30,15:00,chat,Meridian,3,3,3,0,40,100,1194,597,v001,agent:DataEngineer
2026-08-18,30,15:30,chat,Meridian,3,3,3,0,44,100,1183,592,v001,agent:DataEngineer
2026-08-18,30,16:00,chat,Meridian,2,2,2,0,41,100,1158,579,v001,agent:DataEngineer
2026-08-18,30,16:30,chat,Meridian,2,2,2,0,42,100,1037,519,v001,agent:DataEngineer
2026-08-18,30,17:00,chat,Meridian,2,2,2,0,39,100,1192,596,v001,agent:DataEngineer
2026-08-18,30,17:30,chat,Meridian,1,1,1,0,38,100,1052,526,v001,agent:DataEngineer
2026-08-18,30,18:00,chat,Meridian,1,1,1,0,50,100,1118,559,v001,agent:DataEngineer
2026-08-18,30,18:30,chat,Meridian,1,1,1,0,42,100,1192,596,v001,agent:DataEngineer
2026-08-18,30,19:00,chat,Meridian,1,1,1,0,46,100,1227,613,v001,agent:DataEngineer
2026-08-18,30,19:30,chat,Meridian,0,0,0,0,0,0,0,0,v001,agent:DataEngineer
2026-08-18,30,20:00,chat,Meridian,1,1,1,0,55,100,1100,550,v001,agent:DataEngineer
2026-08-18,30,20:30,chat,Meridian,0,0,0,0,0,0,0,0,v001,agent:DataEngineer
2026-08-18,30,21:00,chat,Meridian,0,0,0,0,0,0,0,0,v001,agent:DataEngineer
2026-08-18,30,21:30,chat,Meridian,1,1,1,0,41,100,1101,551,v001,agent:DataEngineer
2026-08-18,30,22:00,chat,Meridian,0,0,0,0,0,0,0,0,v001,agent:DataEngineer
2026-08-18,30,22:30,chat,Meridian,0,0,0,0,0,0,0,0,v001,agent:DataEngineer
2026-08-18,30,23:00,chat,Meridian,0,0,0,0,0,0,0,0,v001,agent:DataEngineer
2026-08-18,30,23:30,chat,Meridian,0,0,0,0,0,0,0,0,v001,agent:DataEngineer
2026-08-19,31,00:00,voice,Meridian,0,0,0,0,0,0,0,0,v001,agent:DataEngineer
2026-08-19,31,00:30,voice,Meridian,0,0,0,0,0,0,0,0,v001,agent:DataEngineer
2026-08-19,31,01:00,voice,Meridian,0,0,0,0,0,0,0,0,v001,agent:DataEngineer
2026-08-19,31,01:30,voice,Meridian,0,0,0,0,0,0,0,0,v001,agent:DataEngineer
2026-08-19,31,02:00,voice,Meridian,0,0,0,0,0,0,0,0,v001,agent:DataEngineer
2026-08-19,31,02:30,voice,Meridian,0,0,0,0,0,0,0,0,v001,agent:DataEngineer
2026-08-19,31,03:00,voice,Meridian,0,0,0,0,0,0,0,0,v001,agent:DataEngineer
2026-08-19,31,03:30,voice,Meridian,0,0,0,0,0,0,0,0,v001,agent:DataEngineer
2026-08-19,31,04:00,voice,Meridian,0,0,0,0,0,0,0,0,v001,agent:DataEngineer
2026-08-19,31,04:30,voice,Meridian,0,0,0,0,0,0,0,0,v001,agent:DataEngineer
2026-08-19,31,05:00,voice,Meridian,0,0,0,0,0,0,0,0,v001,agent:DataEngineer
2026-08-19,31,05:30,voice,Meridian,0,0,0,0,0,0,0,0,v001,agent:DataEngineer
2026-08-19,31,06:00,voice,Meridian,0,0,0,0,0,0,0,0,v001,agent:DataEngineer
2026-08-19,31,06:30,voice,Meridian,0,0,0,0,0,0,0,0,v001,agent:DataEngineer
2026-08-19,31,07:00,voice,Meridian,0,0,0,0,0,0,0,0,v001,agent:DataEngineer
2026-08-19,31,07:30,voice,Meridian,1,1,1,0,12,100,2159,2159,v001,agent:DataEngineer
2026-08-19,31,08:00,voice,Meridian,1,1,1,0,12,100,2003,2003,v001,agent:DataEngineer
2026-08-19,31,08:30,voice,Meridian,1,1,1,0,12,100,2068,2068,v001,agent:DataEngineer
2026-08-19,31,09:00,voice,Meridian,1,1,1,0,12,100,2059,2059,v001,agent:DataEngineer
2026-08-19,31,09:30,voice,Meridian,1,1,1,0,13,100,2051,2051,v001,agent:DataEngineer
2026-08-19,31,10:00,voice,Meridian,2,2,2,0,14,100,2057,2057,v001,agent:DataEngineer
2026-08-19,31,10:30,voice,Meridian,2,2,2,0,12,100,1916,1916,v001,agent:DataEngineer
2026-08-19,31,11:00,voice,Meridian,2,2,1,0,214,50,2083,2083,v001,agent:DataEngineer
2026-08-19,31,11:30,voice,Meridian,2,2,2,0,14,100,2065,2065,v001,agent:DataEngineer
2026-08-19,31,12:00,voice,Meridian,2,2,2,0,12,100,2033,2033,v001,agent:DataEngineer
2026-08-19,31,12:30,voice,Meridian,2,2,1,0,194,50,2223,2223,v001,agent:DataEngineer
2026-08-19,31,13:00,voice,Meridian,2,2,2,0,12,100,2196,2196,v001,agent:DataEngineer
2026-08-19,31,13:30,voice,Meridian,1,1,1,0,11,100,2032,2032,v001,agent:DataEngineer
2026-08-19,31,14:00,voice,Meridian,2,2,2,0,12,100,2042,2042,v001,agent:DataEngineer
2026-08-19,31,14:30,voice,Meridian,2,2,2,0,12,100,1919,1919,v001,agent:DataEngineer
2026-08-19,31,15:00,voice,Meridian,2,2,2,0,11,100,1971,1971,v001,agent:DataEngineer
2026-08-19,31,15:30,voice,Meridian,2,1,1,1,231,50,1891,1891,v001,agent:DataEngineer
2026-08-19,31,16:00,voice,Meridian,2,2,2,0,12,100,1792,1792,v001,agent:DataEngineer
2026-08-19,31,16:30,voice,Meridian,1,1,1,0,14,100,2205,2205,v001,agent:DataEngineer
2026-08-19,31,17:00,voice,Meridian,1,1,1,0,11,100,1986,1986,v001,agent:DataEngineer
2026-08-19,31,17:30,voice,Meridian,1,1,1,0,14,100,1949,1949,v001,agent:DataEngineer
2026-08-19,31,18:00,voice,Meridian,1,1,1,0,11,100,1949,1949,v001,agent:DataEngineer
2026-08-19,31,18:30,voice,Meridian,0,0,0,0,0,0,0,0,v001,agent:DataEngineer
2026-08-19,31,19:00,voice,Meridian,0,0,0,0,0,0,0,0,v001,agent:DataEngineer
2026-08-19,31,19:30,voice,Meridian,0,0,0,0,0,0,0,0,v001,agent:DataEngineer
2026-08-19,31,20:00,voice,Meridian,0,0,0,0,0,0,0,0,v001,agent:DataEngineer
2026-08-19,31,20:30,voice,Meridian,0,0,0,0,0,0,0,0,v001,agent:DataEngineer
2026-08-19,31,21:00,voice,Meridian,0,0,0,0,0,0,0,0,v001,agent:DataEngineer
2026-08-19,31,21:30,voice,Meridian,0,0,0,0,0,0,0,0,v001,agent:DataEngineer
2026-08-19,31,22:00,voice,Meridian,0,0,0,0,0,0,0,0,v001,agent:DataEngineer
2026-08-19,31,22:30,voice,Meridian,0,0,0,0,0,0,0,0,v001,agent:DataEngineer
2026-08-19,31,23:00,voice,Meridian,0,0,0,0,0,0,0,0,v001,agent:DataEngineer
2026-08-19,31,23:30,voice,Meridian,0,0,0,0,0,0,0,0,v001,agent:DataEngineer
2026-08-19,31,00:00,chat,Meridian,1,1,1,0,38,100,1087,543,v001,agent:DataEngineer
2026-08-19,31,00:30,chat,Meridian,1,1,1,0,39,100,1154,577,v001,agent:DataEngineer
2026-08-19,31,01:00,chat,Meridian,0,0,0,0,0,0,0,0,v001,agent:DataEngineer
2026-08-19,31,01:30,chat,Meridian,0,0,0,0,0,0,0,0,v001,agent:DataEngineer
2026-08-19,31,02:00,chat,Meridian,0,0,0,0,0,0,0,0,v001,agent:DataEngineer
2026-08-19,31,02:30,chat,Meridian,0,0,0,0,0,0,0,0,v001,agent:DataEngineer
2026-08-19,31,03:00,chat,Meridian,1,1,1,0,55,100,962,481,v001,agent:DataEngineer
2026-08-19,31,03:30,chat,Meridian,0,0,0,0,0,0,0,0,v001,agent:DataEngineer
2026-08-19,31,04:00,chat,Meridian,0,0,0,0,0,0,0,0,v001,agent:DataEngineer
2026-08-19,31,04:30,chat,Meridian,0,0,0,0,0,0,0,0,v001,agent:DataEngineer
2026-08-19,31,05:00,chat,Meridian,1,1,1,0,42,100,1167,584,v001,agent:DataEngineer
2026-08-19,31,05:30,chat,Meridian,0,0,0,0,0,0,0,0,v001,agent:DataEngineer
2026-08-19,31,06:00,chat,Meridian,1,1,1,0,41,100,1242,621,v001,agent:DataEngineer
2026-08-19,31,06:30,chat,Meridian,1,1,1,0,45,100,1203,601,v001,agent:DataEngineer
2026-08-19,31,07:00,chat,Meridian,1,1,1,0,45,100,1026,513,v001,agent:DataEngineer
2026-08-19,31,07:30,chat,Meridian,1,1,1,0,45,100,1216,608,v001,agent:DataEngineer
2026-08-19,31,08:00,chat,Meridian,1,1,1,0,41,100,1073,537,v001,agent:DataEngineer
2026-08-19,31,08:30,chat,Meridian,2,2,2,0,41,100,1149,574,v001,agent:DataEngineer
2026-08-19,31,09:00,chat,Meridian,3,3,3,0,36,100,1155,578,v001,agent:DataEngineer
2026-08-19,31,09:30,chat,Meridian,3,3,3,0,37,100,1229,615,v001,agent:DataEngineer
2026-08-19,31,10:00,chat,Meridian,3,3,3,0,49,100,990,495,v001,agent:DataEngineer
2026-08-19,31,10:30,chat,Meridian,4,3,3,1,125,75,1179,589,v001,agent:DataEngineer
2026-08-19,31,11:00,chat,Meridian,4,3,2,1,399,50,1131,566,v001,agent:DataEngineer
2026-08-19,31,11:30,chat,Meridian,3,3,3,0,46,100,1105,553,v001,agent:DataEngineer
2026-08-19,31,12:00,chat,Meridian,4,4,4,0,54,100,1283,642,v001,agent:DataEngineer
2026-08-19,31,12:30,chat,Meridian,2,2,2,0,38,100,1137,569,v001,agent:DataEngineer
2026-08-19,31,13:00,chat,Meridian,2,2,2,0,45,100,950,475,v001,agent:DataEngineer
2026-08-19,31,13:30,chat,Meridian,3,3,3,0,45,100,1120,560,v001,agent:DataEngineer
2026-08-19,31,14:00,chat,Meridian,3,3,3,0,44,100,1083,541,v001,agent:DataEngineer
2026-08-19,31,14:30,chat,Meridian,3,3,3,0,43,100,1139,569,v001,agent:DataEngineer
2026-08-19,31,15:00,chat,Meridian,3,3,3,0,40,100,1016,508,v001,agent:DataEngineer
2026-08-19,31,15:30,chat,Meridian,3,3,3,0,43,100,1130,565,v001,agent:DataEngineer
2026-08-19,31,16:00,chat,Meridian,3,3,3,0,44,100,1048,524,v001,agent:DataEngineer
2026-08-19,31,16:30,chat,Meridian,2,2,2,0,48,100,1071,536,v001,agent:DataEngineer
2026-08-19,31,17:00,chat,Meridian,3,3,3,0,47,100,1137,568,v001,agent:DataEngineer
2026-08-19,31,17:30,chat,Meridian,1,1,1,0,46,100,1132,566,v001,agent:DataEngineer
2026-08-19,31,18:00,chat,Meridian,1,1,1,0,46,100,1097,548,v001,agent:DataEngineer
2026-08-19,31,18:30,chat,Meridian,1,1,1,0,47,100,1152,576,v001,agent:DataEngineer
2026-08-19,31,19:00,chat,Meridian,1,1,1,0,41,100,1017,509,v001,agent:DataEngineer
2026-08-19,31,19:30,chat,Meridian,1,1,1,0,42,100,1042,521,v001,agent:DataEngineer
2026-08-19,31,20:00,chat,Meridian,0,0,0,0,0,0,0,0,v001,agent:DataEngineer
2026-08-19,31,20:30,chat,Meridian,1,1,1,0,46,100,1113,557,v001,agent:DataEngineer
2026-08-19,31,21:00,chat,Meridian,1,1,1,0,47,100,1053,526,v001,agent:DataEngineer
2026-08-19,31,21:30,chat,Meridian,0,0,0,0,0,0,0,0,v001,agent:DataEngineer
2026-08-19,31,22:00,chat,Meridian,0,0,0,0,0,0,0,0,v001,agent:DataEngineer
2026-08-19,31,22:30,chat,Meridian,0,0,0,0,0,0,0,0,v001,agent:DataEngineer
2026-08-19,31,23:00,chat,Meridian,0,0,0,0,0,0,0,0,v001,agent:DataEngineer
2026-08-19,31,23:30,chat,Meridian,0,0,0,0,0,0,0,0,v001,agent:DataEngineer
2026-08-20,32,00:00,voice,Meridian,0,0,0,0,0,0,0,0,v001,agent:DataEngineer
2026-08-20,32,00:30,voice,Meridian,0,0,0,0,0,0,0,0,v001,agent:DataEngineer
2026-08-20,32,01:00,voice,Meridian,0,0,0,0,0,0,0,0,v001,agent:DataEngineer
2026-08-20,32,01:30,voice,Meridian,0,0,0,0,0,0,0,0,v001,agent:DataEngineer
2026-08-20,32,02:00,voice,Meridian,0,0,0,0,0,0,0,0,v001,agent:DataEngineer
2026-08-20,32,02:30,voice,Meridian,0,0,0,0,0,0,0,0,v001,agent:DataEngineer
2026-08-20,32,03:00,voice,Meridian,0,0,0,0,0,0,0,0,v001,agent:DataEngineer
2026-08-20,32,03:30,voice,Meridian,0,0,0,0,0,0,0,0,v001,agent:DataEngineer
2026-08-20,32,04:00,voice,Meridian,0,0,0,0,0,0,0,0,v001,agent:DataEngineer
2026-08-20,32,04:30,voice,Meridian,0,0,0,0,0,0,0,0,v001,agent:DataEngineer
2026-08-20,32,05:00,voice,Meridian,0,0,0,0,0,0,0,0,v001,agent:DataEngineer
2026-08-20,32,05:30,voice,Meridian,0,0,0,0,0,0,0,0,v001,agent:DataEngineer
2026-08-20,32,06:00,voice,Meridian,0,0,0,0,0,0,0,0,v001,agent:DataEngineer
2026-08-20,32,06:30,voice,Meridian,0,0,0,0,0,0,0,0,v001,agent:DataEngineer
2026-08-20,32,07:00,voice,Meridian,0,0,0,0,0,0,0,0,v001,agent:DataEngineer
2026-08-20,32,07:30,voice,Meridian,0,0,0,0,0,0,0,0,v001,agent:DataEngineer
2026-08-20,32,08:00,voice,Meridian,1,1,1,0,10,100,1730,1730,v001,agent:DataEngineer
2026-08-20,32,08:30,voice,Meridian,1,1,1,0,10,100,1977,1977,v001,agent:DataEngineer
2026-08-20,32,09:00,voice,Meridian,1,1,1,0,12,100,1962,1962,v001,agent:DataEngineer
2026-08-20,32,09:30,voice,Meridian,1,1,1,0,15,100,1928,1928,v001,agent:DataEngineer
2026-08-20,32,10:00,voice,Meridian,2,2,2,0,12,100,1897,1897,v001,agent:DataEngineer
2026-08-20,32,10:30,voice,Meridian,2,2,2,0,14,100,1796,1796,v001,agent:DataEngineer
2026-08-20,32,11:00,voice,Meridian,2,2,1,0,249,50,1784,1784,v001,agent:DataEngineer
2026-08-20,32,11:30,voice,Meridian,2,2,2,0,10,100,1937,1937,v001,agent:DataEngineer
2026-08-20,32,12:00,voice,Meridian,1,1,1,0,12,100,2040,2040,v001,agent:DataEngineer
2026-08-20,32,12:30,voice,Meridian,1,1,1,0,13,100,1967,1967,v001,agent:DataEngineer
2026-08-20,32,13:00,voice,Meridian,2,2,2,0,10,100,1934,1934,v001,agent:DataEngineer
2026-08-20,32,13:30,voice,Meridian,2,2,2,0,11,100,1970,1970,v001,agent:DataEngineer
2026-08-20,32,14:00,voice,Meridian,1,1,1,0,14,100,2086,2086,v001,agent:DataEngineer
2026-08-20,32,14:30,voice,Meridian,1,1,1,0,13,100,1767,1767,v001,agent:DataEngineer
2026-08-20,32,15:00,voice,Meridian,2,1,1,1,179,50,2062,2062,v001,agent:DataEngineer
2026-08-20,32,15:30,voice,Meridian,1,1,1,0,12,100,2009,2009,v001,agent:DataEngineer
2026-08-20,32,16:00,voice,Meridian,1,1,1,0,13,100,1955,1955,v001,agent:DataEngineer
2026-08-20,32,16:30,voice,Meridian,1,1,1,0,13,100,1820,1820,v001,agent:DataEngineer
2026-08-20,32,17:00,voice,Meridian,1,1,1,0,12,100,1975,1975,v001,agent:DataEngineer
2026-08-20,32,17:30,voice,Meridian,1,1,1,0,10,100,2317,2317,v001,agent:DataEngineer
2026-08-20,32,18:00,voice,Meridian,1,1,1,0,12,100,1898,1898,v001,agent:DataEngineer
2026-08-20,32,18:30,voice,Meridian,0,0,0,0,0,0,0,0,v001,agent:DataEngineer
2026-08-20,32,19:00,voice,Meridian,0,0,0,0,0,0,0,0,v001,agent:DataEngineer
2026-08-20,32,19:30,voice,Meridian,0,0,0,0,0,0,0,0,v001,agent:DataEngineer
2026-08-20,32,20:00,voice,Meridian,0,0,0,0,0,0,0,0,v001,agent:DataEngineer
2026-08-20,32,20:30,voice,Meridian,0,0,0,0,0,0,0,0,v001,agent:DataEngineer
2026-08-20,32,21:00,voice,Meridian,0,0,0,0,0,0,0,0,v001,agent:DataEngineer
2026-08-20,32,21:30,voice,Meridian,0,0,0,0,0,0,0,0,v001,agent:DataEngineer
2026-08-20,32,22:00,voice,Meridian,0,0,0,0,0,0,0,0,v001,agent:DataEngineer
2026-08-20,32,22:30,voice,Meridian,0,0,0,0,0,0,0,0,v001,agent:DataEngineer
2026-08-20,32,23:00,voice,Meridian,0,0,0,0,0,0,0,0,v001,agent:DataEngineer
2026-08-20,32,23:30,voice,Meridian,0,0,0,0,0,0,0,0,v001,agent:DataEngineer
2026-08-20,32,00:00,chat,Meridian,0,0,0,0,0,0,0,0,v001,agent:DataEngineer
2026-08-20,32,00:30,chat,Meridian,0,0,0,0,0,0,0,0,v001,agent:DataEngineer
2026-08-20,32,01:00,chat,Meridian,0,0,0,0,0,0,0,0,v001,agent:DataEngineer
2026-08-20,32,01:30,chat,Meridian,0,0,0,0,0,0,0,0,v001,agent:DataEngineer
2026-08-20,32,02:00,chat,Meridian,0,0,0,0,0,0,0,0,v001,agent:DataEngineer
2026-08-20,32,02:30,chat,Meridian,0,0,0,0,0,0,0,0,v001,agent:DataEngineer
2026-08-20,32,03:00,chat,Meridian,0,0,0,0,0,0,0,0,v001,agent:DataEngineer
2026-08-20,32,03:30,chat,Meridian,0,0,0,0,0,0,0,0,v001,agent:DataEngineer
2026-08-20,32,04:00,chat,Meridian,0,0,0,0,0,0,0,0,v001,agent:DataEngineer
2026-08-20,32,04:30,chat,Meridian,0,0,0,0,0,0,0,0,v001,agent:DataEngineer
2026-08-20,32,05:00,chat,Meridian,0,0,0,0,0,0,0,0,v001,agent:DataEngineer
2026-08-20,32,05:30,chat,Meridian,0,0,0,0,0,0,0,0,v001,agent:DataEngineer
2026-08-20,32,06:00,chat,Meridian,1,1,1,0,47,100,1117,558,v001,agent:DataEngineer
2026-08-20,32,06:30,chat,Meridian,1,1,1,0,42,100,1109,555,v001,agent:DataEngineer
2026-08-20,32,07:00,chat,Meridian,0,0,0,0,0,0,0,0,v001,agent:DataEngineer
2026-08-20,32,07:30,chat,Meridian,1,1,1,0,46,100,1135,568,v001,agent:DataEngineer
2026-08-20,32,08:00,chat,Meridian,1,1,1,0,43,100,994,497,v001,agent:DataEngineer
2026-08-20,32,08:30,chat,Meridian,2,2,2,0,39,100,1149,574,v001,agent:DataEngineer
2026-08-20,32,09:00,chat,Meridian,3,3,3,0,49,100,1075,538,v001,agent:DataEngineer
2026-08-20,32,09:30,chat,Meridian,3,3,3,0,40,100,1034,517,v001,agent:DataEngineer
2026-08-20,32,10:00,chat,Meridian,3,3,3,0,46,100,1159,579,v001,agent:DataEngineer
2026-08-20,32,10:30,chat,Meridian,3,3,3,0,44,100,1264,632,v001,agent:DataEngineer
2026-08-20,32,11:00,chat,Meridian,2,2,2,0,44,100,1115,558,v001,agent:DataEngineer
2026-08-20,32,11:30,chat,Meridian,3,3,3,0,49,100,1168,584,v001,agent:DataEngineer
2026-08-20,32,12:00,chat,Meridian,3,2,2,1,235,66.7,1166,583,v001,agent:DataEngineer
2026-08-20,32,12:30,chat,Meridian,3,3,3,0,38,100,1083,541,v001,agent:DataEngineer
2026-08-20,32,13:00,chat,Meridian,2,2,2,0,40,100,1119,559,v001,agent:DataEngineer
2026-08-20,32,13:30,chat,Meridian,3,2,2,1,206,66.7,1077,539,v001,agent:DataEngineer
2026-08-20,32,14:00,chat,Meridian,2,2,2,0,39,100,1099,550,v001,agent:DataEngineer
2026-08-20,32,14:30,chat,Meridian,3,3,3,0,46,100,1093,546,v001,agent:DataEngineer
2026-08-20,32,15:00,chat,Meridian,3,3,3,0,50,100,1151,575,v001,agent:DataEngineer
2026-08-20,32,15:30,chat,Meridian,3,3,3,0,44,100,1205,603,v001,agent:DataEngineer
2026-08-20,32,16:00,chat,Meridian,2,2,2,0,52,100,992,496,v001,agent:DataEngineer
2026-08-20,32,16:30,chat,Meridian,2,2,2,0,45,100,1055,527,v001,agent:DataEngineer
2026-08-20,32,17:00,chat,Meridian,2,2,2,0,40,100,1171,585,v001,agent:DataEngineer
2026-08-20,32,17:30,chat,Meridian,1,1,1,0,54,100,1107,554,v001,agent:DataEngineer
2026-08-20,32,18:00,chat,Meridian,1,1,1,0,45,100,1205,603,v001,agent:DataEngineer
2026-08-20,32,18:30,chat,Meridian,1,1,1,0,46,100,1082,541,v001,agent:DataEngineer
2026-08-20,32,19:00,chat,Meridian,1,1,1,0,42,100,1300,650,v001,agent:DataEngineer
2026-08-20,32,19:30,chat,Meridian,0,0,0,0,0,0,0,0,v001,agent:DataEngineer
2026-08-20,32,20:00,chat,Meridian,0,0,0,0,0,0,0,0,v001,agent:DataEngineer
2026-08-20,32,20:30,chat,Meridian,0,0,0,0,0,0,0,0,v001,agent:DataEngineer
2026-08-20,32,21:00,chat,Meridian,0,0,0,0,0,0,0,0,v001,agent:DataEngineer
2026-08-20,32,21:30,chat,Meridian,0,0,0,0,0,0,0,0,v001,agent:DataEngineer
2026-08-20,32,22:00,chat,Meridian,1,1,1,0,54,100,1148,574,v001,agent:DataEngineer
2026-08-20,32,22:30,chat,Meridian,0,0,0,0,0,0,0,0,v001,agent:DataEngineer
2026-08-20,32,23:00,chat,Meridian,0,0,0,0,0,0,0,0,v001,agent:DataEngineer
2026-08-20,32,23:30,chat,Meridian,1,1,1,0,43,100,1103,552,v001,agent:DataEngineer
2026-08-21,33,00:00,voice,Meridian,0,0,0,0,0,0,0,0,v001,agent:DataEngineer
2026-08-21,33,00:30,voice,Meridian,0,0,0,0,0,0,0,0,v001,agent:DataEngineer
2026-08-21,33,01:00,voice,Meridian,0,0,0,0,0,0,0,0,v001,agent:DataEngineer
2026-08-21,33,01:30,voice,Meridian,0,0,0,0,0,0,0,0,v001,agent:DataEngineer
2026-08-21,33,02:00,voice,Meridian,0,0,0,0,0,0,0,0,v001,agent:DataEngineer
2026-08-21,33,02:30,voice,Meridian,0,0,0,0,0,0,0,0,v001,agent:DataEngineer
2026-08-21,33,03:00,voice,Meridian,0,0,0,0,0,0,0,0,v001,agent:DataEngineer
2026-08-21,33,03:30,voice,Meridian,0,0,0,0,0,0,0,0,v001,agent:DataEngineer
2026-08-21,33,04:00,voice,Meridian,0,0,0,0,0,0,0,0,v001,agent:DataEngineer
2026-08-21,33,04:30,voice,Meridian,0,0,0,0,0,0,0,0,v001,agent:DataEngineer
2026-08-21,33,05:00,voice,Meridian,0,0,0,0,0,0,0,0,v001,agent:DataEngineer
2026-08-21,33,05:30,voice,Meridian,0,0,0,0,0,0,0,0,v001,agent:DataEngineer
2026-08-21,33,06:00,voice,Meridian,0,0,0,0,0,0,0,0,v001,agent:DataEngineer
2026-08-21,33,06:30,voice,Meridian,0,0,0,0,0,0,0,0,v001,agent:DataEngineer
2026-08-21,33,07:00,voice,Meridian,0,0,0,0,0,0,0,0,v001,agent:DataEngineer
2026-08-21,33,07:30,voice,Meridian,1,1,1,0,14,100,1858,1858,v001,agent:DataEngineer
2026-08-21,33,08:00,voice,Meridian,1,1,1,0,9,100,1595,1595,v001,agent:DataEngineer
2026-08-21,33,08:30,voice,Meridian,1,1,1,0,12,100,1924,1924,v001,agent:DataEngineer
2026-08-21,33,09:00,voice,Meridian,1,1,1,0,14,100,1910,1910,v001,agent:DataEngineer
2026-08-21,33,09:30,voice,Meridian,1,1,1,0,14,100,1764,1764,v001,agent:DataEngineer
2026-08-21,33,10:00,voice,Meridian,2,1,1,1,280,50,1801,1801,v001,agent:DataEngineer
2026-08-21,33,10:30,voice,Meridian,2,2,2,0,12,100,1832,1832,v001,agent:DataEngineer
2026-08-21,33,11:00,voice,Meridian,2,2,2,0,13,100,1870,1870,v001,agent:DataEngineer
2026-08-21,33,11:30,voice,Meridian,2,2,2,0,12,100,2032,2032,v001,agent:DataEngineer
2026-08-21,33,12:00,voice,Meridian,2,2,2,0,14,100,2002,2002,v001,agent:DataEngineer
2026-08-21,33,12:30,voice,Meridian,1,1,1,0,13,100,1879,1879,v001,agent:DataEngineer
2026-08-21,33,13:00,voice,Meridian,1,1,1,0,13,100,1909,1909,v001,agent:DataEngineer
2026-08-21,33,13:30,voice,Meridian,1,1,1,0,12,100,1970,1970,v001,agent:DataEngineer
2026-08-21,33,14:00,voice,Meridian,1,1,1,0,12,100,2117,2117,v001,agent:DataEngineer
2026-08-21,33,14:30,voice,Meridian,1,1,1,0,12,100,1718,1718,v001,agent:DataEngineer
2026-08-21,33,15:00,voice,Meridian,1,1,1,0,13,100,1884,1884,v001,agent:DataEngineer
2026-08-21,33,15:30,voice,Meridian,1,1,1,0,13,100,1897,1897,v001,agent:DataEngineer
2026-08-21,33,16:00,voice,Meridian,1,1,1,0,13,100,1700,1700,v001,agent:DataEngineer
2026-08-21,33,16:30,voice,Meridian,1,1,1,0,14,100,1911,1911,v001,agent:DataEngineer
2026-08-21,33,17:00,voice,Meridian,1,1,1,0,12,100,1962,1962,v001,agent:DataEngineer
2026-08-21,33,17:30,voice,Meridian,1,1,1,0,12,100,1973,1973,v001,agent:DataEngineer
2026-08-21,33,18:00,voice,Meridian,1,1,1,0,10,100,1780,1780,v001,agent:DataEngineer
2026-08-21,33,18:30,voice,Meridian,0,0,0,0,0,0,0,0,v001,agent:DataEngineer
2026-08-21,33,19:00,voice,Meridian,0,0,0,0,0,0,0,0,v001,agent:DataEngineer
2026-08-21,33,19:30,voice,Meridian,0,0,0,0,0,0,0,0,v001,agent:DataEngineer
2026-08-21,33,20:00,voice,Meridian,0,0,0,0,0,0,0,0,v001,agent:DataEngineer
2026-08-21,33,20:30,voice,Meridian,0,0,0,0,0,0,0,0,v001,agent:DataEngineer
2026-08-21,33,21:00,voice,Meridian,0,0,0,0,0,0,0,0,v001,agent:DataEngineer
2026-08-21,33,21:30,voice,Meridian,0,0,0,0,0,0,0,0,v001,agent:DataEngineer
2026-08-21,33,22:00,voice,Meridian,0,0,0,0,0,0,0,0,v001,agent:DataEngineer
2026-08-21,33,22:30,voice,Meridian,0,0,0,0,0,0,0,0,v001,agent:DataEngineer
2026-08-21,33,23:00,voice,Meridian,0,0,0,0,0,0,0,0,v001,agent:DataEngineer
2026-08-21,33,23:30,voice,Meridian,0,0,0,0,0,0,0,0,v001,agent:DataEngineer
2026-08-21,33,00:00,chat,Meridian,1,1,1,0,42,100,1194,597,v001,agent:DataEngineer
2026-08-21,33,00:30,chat,Meridian,1,1,1,0,46,100,1052,526,v001,agent:DataEngineer
2026-08-21,33,01:00,chat,Meridian,0,0,0,0,0,0,0,0,v001,agent:DataEngineer
2026-08-21,33,01:30,chat,Meridian,0,0,0,0,0,0,0,0,v001,agent:DataEngineer
2026-08-21,33,02:00,chat,Meridian,0,0,0,0,0,0,0,0,v001,agent:DataEngineer
2026-08-21,33,02:30,chat,Meridian,0,0,0,0,0,0,0,0,v001,agent:DataEngineer
2026-08-21,33,03:00,chat,Meridian,0,0,0,0,0,0,0,0,v001,agent:DataEngineer
2026-08-21,33,03:30,chat,Meridian,0,0,0,0,0,0,0,0,v001,agent:DataEngineer
2026-08-21,33,04:00,chat,Meridian,0,0,0,0,0,0,0,0,v001,agent:DataEngineer
2026-08-21,33,04:30,chat,Meridian,0,0,0,0,0,0,0,0,v001,agent:DataEngineer
2026-08-21,33,05:00,chat,Meridian,0,0,0,0,0,0,0,0,v001,agent:DataEngineer
2026-08-21,33,05:30,chat,Meridian,0,0,0,0,0,0,0,0,v001,agent:DataEngineer
2026-08-21,33,06:00,chat,Meridian,0,0,0,0,0,0,0,0,v001,agent:DataEngineer
2026-08-21,33,06:30,chat,Meridian,0,0,0,0,0,0,0,0,v001,agent:DataEngineer
2026-08-21,33,07:00,chat,Meridian,1,1,1,0,39,100,1061,530,v001,agent:DataEngineer
2026-08-21,33,07:30,chat,Meridian,1,1,1,0,46,100,1249,624,v001,agent:DataEngineer
2026-08-21,33,08:00,chat,Meridian,1,1,1,0,46,100,1144,572,v001,agent:DataEngineer
2026-08-21,33,08:30,chat,Meridian,2,2,2,0,56,100,1098,549,v001,agent:DataEngineer
2026-08-21,33,09:00,chat,Meridian,2,2,2,0,52,100,1024,512,v001,agent:DataEngineer
2026-08-21,33,09:30,chat,Meridian,3,2,2,1,213,66.7,1166,583,v001,agent:DataEngineer
2026-08-21,33,10:00,chat,Meridian,2,2,2,0,46,100,1028,514,v001,agent:DataEngineer
2026-08-21,33,10:30,chat,Meridian,3,3,3,0,43,100,941,471,v001,agent:DataEngineer
2026-08-21,33,11:00,chat,Meridian,3,3,3,0,50,100,1097,548,v001,agent:DataEngineer
2026-08-21,33,11:30,chat,Meridian,4,3,3,1,125,75,1022,511,v001,agent:DataEngineer
2026-08-21,33,12:00,chat,Meridian,3,3,3,0,42,100,1050,525,v001,agent:DataEngineer
2026-08-21,33,12:30,chat,Meridian,3,3,3,0,48,100,1124,562,v001,agent:DataEngineer
2026-08-21,33,13:00,chat,Meridian,2,2,2,0,44,100,1205,603,v001,agent:DataEngineer
2026-08-21,33,13:30,chat,Meridian,2,2,2,0,38,100,1089,545,v001,agent:DataEngineer
2026-08-21,33,14:00,chat,Meridian,3,3,3,0,46,100,1108,554,v001,agent:DataEngineer
2026-08-21,33,14:30,chat,Meridian,3,3,2,0,189,66.7,1066,533,v001,agent:DataEngineer
2026-08-21,33,15:00,chat,Meridian,2,2,2,0,43,100,1215,607,v001,agent:DataEngineer
2026-08-21,33,15:30,chat,Meridian,2,2,2,0,46,100,1125,562,v001,agent:DataEngineer
2026-08-21,33,16:00,chat,Meridian,2,2,2,0,43,100,1061,530,v001,agent:DataEngineer
2026-08-21,33,16:30,chat,Meridian,2,2,2,0,43,100,1133,566,v001,agent:DataEngineer
2026-08-21,33,17:00,chat,Meridian,2,2,2,0,43,100,1133,566,v001,agent:DataEngineer
2026-08-21,33,17:30,chat,Meridian,1,1,1,0,39,100,1170,585,v001,agent:DataEngineer
2026-08-21,33,18:00,chat,Meridian,1,1,1,0,43,100,1097,549,v001,agent:DataEngineer
2026-08-21,33,18:30,chat,Meridian,1,1,1,0,40,100,1185,592,v001,agent:DataEngineer
2026-08-21,33,19:00,chat,Meridian,1,1,1,0,46,100,994,497,v001,agent:DataEngineer
2026-08-21,33,19:30,chat,Meridian,0,0,0,0,0,0,0,0,v001,agent:DataEngineer
2026-08-21,33,20:00,chat,Meridian,0,0,0,0,0,0,0,0,v001,agent:DataEngineer
2026-08-21,33,20:30,chat,Meridian,0,0,0,0,0,0,0,0,v001,agent:DataEngineer
2026-08-21,33,21:00,chat,Meridian,0,0,0,0,0,0,0,0,v001,agent:DataEngineer
2026-08-21,33,21:30,chat,Meridian,0,0,0,0,0,0,0,0,v001,agent:DataEngineer
2026-08-21,33,22:00,chat,Meridian,0,0,0,0,0,0,0,0,v001,agent:DataEngineer
2026-08-21,33,22:30,chat,Meridian,0,0,0,0,0,0,0,0,v001,agent:DataEngineer
2026-08-21,33,23:00,chat,Meridian,0,0,0,0,0,0,0,0,v001,agent:DataEngineer
2026-08-21,33,23:30,chat,Meridian,0,0,0,0,0,0,0,0,v001,agent:DataEngineer
2026-08-22,34,00:00,voice,Meridian,0,0,0,0,0,0,0,0,v001,agent:DataEngineer
2026-08-22,34,00:30,voice,Meridian,0,0,0,0,0,0,0,0,v001,agent:DataEngineer
2026-08-22,34,01:00,voice,Meridian,0,0,0,0,0,0,0,0,v001,agent:DataEngineer
2026-08-22,34,01:30,voice,Meridian,0,0,0,0,0,0,0,0,v001,agent:DataEngineer
2026-08-22,34,02:00,voice,Meridian,0,0,0,0,0,0,0,0,v001,agent:DataEngineer
2026-08-22,34,02:30,voice,Meridian,0,0,0,0,0,0,0,0,v001,agent:DataEngineer
2026-08-22,34,03:00,voice,Meridian,0,0,0,0,0,0,0,0,v001,agent:DataEngineer
2026-08-22,34,03:30,voice,Meridian,0,0,0,0,0,0,0,0,v001,agent:DataEngineer
2026-08-22,34,04:00,voice,Meridian,0,0,0,0,0,0,0,0,v001,agent:DataEngineer
2026-08-22,34,04:30,voice,Meridian,0,0,0,0,0,0,0,0,v001,agent:DataEngineer
2026-08-22,34,05:00,voice,Meridian,0,0,0,0,0,0,0,0,v001,agent:DataEngineer
2026-08-22,34,05:30,voice,Meridian,0,0,0,0,0,0,0,0,v001,agent:DataEngineer
2026-08-22,34,06:00,voice,Meridian,0,0,0,0,0,0,0,0,v001,agent:DataEngineer
2026-08-22,34,06:30,voice,Meridian,0,0,0,0,0,0,0,0,v001,agent:DataEngineer
2026-08-22,34,07:00,voice,Meridian,0,0,0,0,0,0,0,0,v001,agent:DataEngineer
2026-08-22,34,07:30,voice,Meridian,0,0,0,0,0,0,0,0,v001,agent:DataEngineer
2026-08-22,34,08:00,voice,Meridian,0,0,0,0,0,0,0,0,v001,agent:DataEngineer
2026-08-22,34,08:30,voice,Meridian,0,0,0,0,0,0,0,0,v001,agent:DataEngineer
2026-08-22,34,09:00,voice,Meridian,1,1,1,0,10,100,1892,1892,v001,agent:DataEngineer
2026-08-22,34,09:30,voice,Meridian,1,1,1,0,12,100,2010,2010,v001,agent:DataEngineer
2026-08-22,34,10:00,voice,Meridian,1,1,1,0,14,100,2101,2101,v001,agent:DataEngineer
2026-08-22,34,10:30,voice,Meridian,1,1,1,0,12,100,1986,1986,v001,agent:DataEngineer
2026-08-22,34,11:00,voice,Meridian,1,1,1,0,12,100,2064,2064,v001,agent:DataEngineer
2026-08-22,34,11:30,voice,Meridian,1,1,1,0,11,100,2268,2268,v001,agent:DataEngineer
2026-08-22,34,12:00,voice,Meridian,1,1,1,0,13,100,1975,1975,v001,agent:DataEngineer
2026-08-22,34,12:30,voice,Meridian,1,1,0,0,1195,0,2295,2295,v001,agent:DataEngineer
2026-08-22,34,13:00,voice,Meridian,1,1,1,0,12,100,2029,2029,v001,agent:DataEngineer
2026-08-22,34,13:30,voice,Meridian,1,1,1,0,11,100,2059,2059,v001,agent:DataEngineer
2026-08-22,34,14:00,voice,Meridian,0,0,0,0,0,0,0,0,v001,agent:DataEngineer
2026-08-22,34,14:30,voice,Meridian,1,1,1,0,12,100,1841,1841,v001,agent:DataEngineer
2026-08-22,34,15:00,voice,Meridian,1,1,1,0,13,100,2182,2182,v001,agent:DataEngineer
2026-08-22,34,15:30,voice,Meridian,1,1,1,0,12,100,2374,2374,v001,agent:DataEngineer
2026-08-22,34,16:00,voice,Meridian,1,1,1,0,12,100,1962,1962,v001,agent:DataEngineer
2026-08-22,34,16:30,voice,Meridian,0,0,0,0,0,0,0,0,v001,agent:DataEngineer
2026-08-22,34,17:00,voice,Meridian,1,1,1,0,12,100,2144,2144,v001,agent:DataEngineer
2026-08-22,34,17:30,voice,Meridian,0,0,0,0,0,0,0,0,v001,agent:DataEngineer
2026-08-22,34,18:00,voice,Meridian,0,0,0,0,0,0,0,0,v001,agent:DataEngineer
2026-08-22,34,18:30,voice,Meridian,0,0,0,0,0,0,0,0,v001,agent:DataEngineer
2026-08-22,34,19:00,voice,Meridian,0,0,0,0,0,0,0,0,v001,agent:DataEngineer
2026-08-22,34,19:30,voice,Meridian,0,0,0,0,0,0,0,0,v001,agent:DataEngineer
2026-08-22,34,20:00,voice,Meridian,0,0,0,0,0,0,0,0,v001,agent:DataEngineer
2026-08-22,34,20:30,voice,Meridian,0,0,0,0,0,0,0,0,v001,agent:DataEngineer
2026-08-22,34,21:00,voice,Meridian,0,0,0,0,0,0,0,0,v001,agent:DataEngineer
2026-08-22,34,21:30,voice,Meridian,0,0,0,0,0,0,0,0,v001,agent:DataEngineer
2026-08-22,34,22:00,voice,Meridian,0,0,0,0,0,0,0,0,v001,agent:DataEngineer
2026-08-22,34,22:30,voice,Meridian,0,0,0,0,0,0,0,0,v001,agent:DataEngineer
2026-08-22,34,23:00,voice,Meridian,0,0,0,0,0,0,0,0,v001,agent:DataEngineer
2026-08-22,34,23:30,voice,Meridian,0,0,0,0,0,0,0,0,v001,agent:DataEngineer
2026-08-22,34,00:00,chat,Meridian,0,0,0,0,0,0,0,0,v001,agent:DataEngineer
2026-08-22,34,00:30,chat,Meridian,0,0,0,0,0,0,0,0,v001,agent:DataEngineer
2026-08-22,34,01:00,chat,Meridian,0,0,0,0,0,0,0,0,v001,agent:DataEngineer
2026-08-22,34,01:30,chat,Meridian,0,0,0,0,0,0,0,0,v001,agent:DataEngineer
2026-08-22,34,02:00,chat,Meridian,0,0,0,0,0,0,0,0,v001,agent:DataEngineer
2026-08-22,34,02:30,chat,Meridian,0,0,0,0,0,0,0,0,v001,agent:DataEngineer
2026-08-22,34,03:00,chat,Meridian,0,0,0,0,0,0,0,0,v001,agent:DataEngineer
2026-08-22,34,03:30,chat,Meridian,0,0,0,0,0,0,0,0,v001,agent:DataEngineer
2026-08-22,34,04:00,chat,Meridian,0,0,0,0,0,0,0,0,v001,agent:DataEngineer
2026-08-22,34,04:30,chat,Meridian,0,0,0,0,0,0,0,0,v001,agent:DataEngineer
2026-08-22,34,05:00,chat,Meridian,0,0,0,0,0,0,0,0,v001,agent:DataEngineer
2026-08-22,34,05:30,chat,Meridian,0,0,0,0,0,0,0,0,v001,agent:DataEngineer
2026-08-22,34,06:00,chat,Meridian,0,0,0,0,0,0,0,0,v001,agent:DataEngineer
2026-08-22,34,06:30,chat,Meridian,0,0,0,0,0,0,0,0,v001,agent:DataEngineer
2026-08-22,34,07:00,chat,Meridian,0,0,0,0,0,0,0,0,v001,agent:DataEngineer
2026-08-22,34,07:30,chat,Meridian,1,1,1,0,41,100,1036,518,v001,agent:DataEngineer
2026-08-22,34,08:00,chat,Meridian,1,1,1,0,49,100,1148,574,v001,agent:DataEngineer
2026-08-22,34,08:30,chat,Meridian,1,1,1,0,47,100,1015,508,v001,agent:DataEngineer
2026-08-22,34,09:00,chat,Meridian,1,1,1,0,45,100,1041,521,v001,agent:DataEngineer
2026-08-22,34,09:30,chat,Meridian,1,1,1,0,49,100,1020,510,v001,agent:DataEngineer
2026-08-22,34,10:00,chat,Meridian,1,1,1,0,52,100,1091,546,v001,agent:DataEngineer
2026-08-22,34,10:30,chat,Meridian,2,2,2,0,45,100,979,490,v001,agent:DataEngineer
2026-08-22,34,11:00,chat,Meridian,2,2,2,0,41,100,1139,570,v001,agent:DataEngineer
2026-08-22,34,11:30,chat,Meridian,2,2,2,0,37,100,949,474,v001,agent:DataEngineer
2026-08-22,34,12:00,chat,Meridian,1,1,1,0,48,100,1125,562,v001,agent:DataEngineer
2026-08-22,34,12:30,chat,Meridian,1,1,1,0,49,100,1028,514,v001,agent:DataEngineer
2026-08-22,34,13:00,chat,Meridian,2,2,2,0,53,100,1066,533,v001,agent:DataEngineer
2026-08-22,34,13:30,chat,Meridian,1,1,1,0,42,100,1049,524,v001,agent:DataEngineer
2026-08-22,34,14:00,chat,Meridian,1,1,1,0,48,100,1022,511,v001,agent:DataEngineer
2026-08-22,34,14:30,chat,Meridian,2,2,2,0,49,100,1063,531,v001,agent:DataEngineer
2026-08-22,34,15:00,chat,Meridian,2,1,1,1,563,50,1133,566,v001,agent:DataEngineer
2026-08-22,34,15:30,chat,Meridian,1,1,1,0,48,100,956,478,v001,agent:DataEngineer
2026-08-22,34,16:00,chat,Meridian,1,1,1,0,38,100,1028,514,v001,agent:DataEngineer
2026-08-22,34,16:30,chat,Meridian,1,1,1,0,44,100,1045,523,v001,agent:DataEngineer
2026-08-22,34,17:00,chat,Meridian,1,1,1,0,54,100,1025,512,v001,agent:DataEngineer
2026-08-22,34,17:30,chat,Meridian,1,1,1,0,47,100,996,498,v001,agent:DataEngineer
2026-08-22,34,18:00,chat,Meridian,1,1,1,0,41,100,1107,553,v001,agent:DataEngineer
2026-08-22,34,18:30,chat,Meridian,0,0,0,0,0,0,0,0,v001,agent:DataEngineer
2026-08-22,34,19:00,chat,Meridian,1,1,1,0,45,100,1009,505,v001,agent:DataEngineer
2026-08-22,34,19:30,chat,Meridian,0,0,0,0,0,0,0,0,v001,agent:DataEngineer
2026-08-22,34,20:00,chat,Meridian,1,1,1,0,42,100,1089,545,v001,agent:DataEngineer
2026-08-22,34,20:30,chat,Meridian,0,0,0,0,0,0,0,0,v001,agent:DataEngineer
2026-08-22,34,21:00,chat,Meridian,0,0,0,0,0,0,0,0,v001,agent:DataEngineer
2026-08-22,34,21:30,chat,Meridian,0,0,0,0,0,0,0,0,v001,agent:DataEngineer
2026-08-22,34,22:00,chat,Meridian,0,0,0,0,0,0,0,0,v001,agent:DataEngineer
2026-08-22,34,22:30,chat,Meridian,0,0,0,0,0,0,0,0,v001,agent:DataEngineer
2026-08-22,34,23:00,chat,Meridian,0,0,0,0,0,0,0,0,v001,agent:DataEngineer
2026-08-22,34,23:30,chat,Meridian,0,0,0,0,0,0,0,0,v001,agent:DataEngineer
2026-08-23,35,00:00,voice,Meridian,0,0,0,0,0,0,0,0,v001,agent:DataEngineer
2026-08-23,35,00:30,voice,Meridian,0,0,0,0,0,0,0,0,v001,agent:DataEngineer
2026-08-23,35,01:00,voice,Meridian,0,0,0,0,0,0,0,0,v001,agent:DataEngineer
2026-08-23,35,01:30,voice,Meridian,0,0,0,0,0,0,0,0,v001,agent:DataEngineer
2026-08-23,35,02:00,voice,Meridian,0,0,0,0,0,0,0,0,v001,agent:DataEngineer
2026-08-23,35,02:30,voice,Meridian,0,0,0,0,0,0,0,0,v001,agent:DataEngineer
2026-08-23,35,03:00,voice,Meridian,0,0,0,0,0,0,0,0,v001,agent:DataEngineer
2026-08-23,35,03:30,voice,Meridian,0,0,0,0,0,0,0,0,v001,agent:DataEngineer
2026-08-23,35,04:00,voice,Meridian,0,0,0,0,0,0,0,0,v001,agent:DataEngineer
2026-08-23,35,04:30,voice,Meridian,0,0,0,0,0,0,0,0,v001,agent:DataEngineer
2026-08-23,35,05:00,voice,Meridian,0,0,0,0,0,0,0,0,v001,agent:DataEngineer
2026-08-23,35,05:30,voice,Meridian,0,0,0,0,0,0,0,0,v001,agent:DataEngineer
2026-08-23,35,06:00,voice,Meridian,0,0,0,0,0,0,0,0,v001,agent:DataEngineer
2026-08-23,35,06:30,voice,Meridian,0,0,0,0,0,0,0,0,v001,agent:DataEngineer
2026-08-23,35,07:00,voice,Meridian,0,0,0,0,0,0,0,0,v001,agent:DataEngineer
2026-08-23,35,07:30,voice,Meridian,0,0,0,0,0,0,0,0,v001,agent:DataEngineer
2026-08-23,35,08:00,voice,Meridian,0,0,0,0,0,0,0,0,v001,agent:DataEngineer
2026-08-23,35,08:30,voice,Meridian,0,0,0,0,0,0,0,0,v001,agent:DataEngineer
2026-08-23,35,09:00,voice,Meridian,0,0,0,0,0,0,0,0,v001,agent:DataEngineer
2026-08-23,35,09:30,voice,Meridian,1,1,1,0,15,100,1924,1924,v001,agent:DataEngineer
2026-08-23,35,10:00,voice,Meridian,1,1,1,0,11,100,2035,2035,v001,agent:DataEngineer
2026-08-23,35,10:30,voice,Meridian,1,1,1,0,13,100,2018,2018,v001,agent:DataEngineer
2026-08-23,35,11:00,voice,Meridian,1,1,1,0,11,100,1914,1914,v001,agent:DataEngineer
2026-08-23,35,11:30,voice,Meridian,1,1,1,0,14,100,1989,1989,v001,agent:DataEngineer
2026-08-23,35,12:00,voice,Meridian,1,1,1,0,12,100,1967,1967,v001,agent:DataEngineer
2026-08-23,35,12:30,voice,Meridian,1,1,1,0,11,100,1866,1866,v001,agent:DataEngineer
2026-08-23,35,13:00,voice,Meridian,1,1,1,0,10,100,1709,1709,v001,agent:DataEngineer
2026-08-23,35,13:30,voice,Meridian,1,1,1,0,12,100,1991,1991,v001,agent:DataEngineer
2026-08-23,35,14:00,voice,Meridian,1,1,1,0,11,100,2210,2210,v001,agent:DataEngineer
2026-08-23,35,14:30,voice,Meridian,1,1,1,0,14,100,1867,1867,v001,agent:DataEngineer
2026-08-23,35,15:00,voice,Meridian,1,1,1,0,11,100,2099,2099,v001,agent:DataEngineer
2026-08-23,35,15:30,voice,Meridian,1,1,1,0,11,100,1979,1979,v001,agent:DataEngineer
2026-08-23,35,16:00,voice,Meridian,1,1,1,0,13,100,2008,2008,v001,agent:DataEngineer
2026-08-23,35,16:30,voice,Meridian,0,0,0,0,0,0,0,0,v001,agent:DataEngineer
2026-08-23,35,17:00,voice,Meridian,0,0,0,0,0,0,0,0,v001,agent:DataEngineer
2026-08-23,35,17:30,voice,Meridian,0,0,0,0,0,0,0,0,v001,agent:DataEngineer
2026-08-23,35,18:00,voice,Meridian,0,0,0,0,0,0,0,0,v001,agent:DataEngineer
2026-08-23,35,18:30,voice,Meridian,0,0,0,0,0,0,0,0,v001,agent:DataEngineer
2026-08-23,35,19:00,voice,Meridian,0,0,0,0,0,0,0,0,v001,agent:DataEngineer
2026-08-23,35,19:30,voice,Meridian,0,0,0,0,0,0,0,0,v001,agent:DataEngineer
2026-08-23,35,20:00,voice,Meridian,0,0,0,0,0,0,0,0,v001,agent:DataEngineer
2026-08-23,35,20:30,voice,Meridian,0,0,0,0,0,0,0,0,v001,agent:DataEngineer
2026-08-23,35,21:00,voice,Meridian,0,0,0,0,0,0,0,0,v001,agent:DataEngineer
2026-08-23,35,21:30,voice,Meridian,0,0,0,0,0,0,0,0,v001,agent:DataEngineer
2026-08-23,35,22:00,voice,Meridian,0,0,0,0,0,0,0,0,v001,agent:DataEngineer
2026-08-23,35,22:30,voice,Meridian,0,0,0,0,0,0,0,0,v001,agent:DataEngineer
2026-08-23,35,23:00,voice,Meridian,0,0,0,0,0,0,0,0,v001,agent:DataEngineer
2026-08-23,35,23:30,voice,Meridian,0,0,0,0,0,0,0,0,v001,agent:DataEngineer
2026-08-23,35,00:00,chat,Meridian,0,0,0,0,0,0,0,0,v001,agent:DataEngineer
2026-08-23,35,00:30,chat,Meridian,0,0,0,0,0,0,0,0,v001,agent:DataEngineer
2026-08-23,35,01:00,chat,Meridian,0,0,0,0,0,0,0,0,v001,agent:DataEngineer
2026-08-23,35,01:30,chat,Meridian,0,0,0,0,0,0,0,0,v001,agent:DataEngineer
2026-08-23,35,02:00,chat,Meridian,0,0,0,0,0,0,0,0,v001,agent:DataEngineer
2026-08-23,35,02:30,chat,Meridian,0,0,0,0,0,0,0,0,v001,agent:DataEngineer
2026-08-23,35,03:00,chat,Meridian,0,0,0,0,0,0,0,0,v001,agent:DataEngineer
2026-08-23,35,03:30,chat,Meridian,0,0,0,0,0,0,0,0,v001,agent:DataEngineer
2026-08-23,35,04:00,chat,Meridian,0,0,0,0,0,0,0,0,v001,agent:DataEngineer
2026-08-23,35,04:30,chat,Meridian,0,0,0,0,0,0,0,0,v001,agent:DataEngineer
2026-08-23,35,05:00,chat,Meridian,0,0,0,0,0,0,0,0,v001,agent:DataEngineer
2026-08-23,35,05:30,chat,Meridian,0,0,0,0,0,0,0,0,v001,agent:DataEngineer
2026-08-23,35,06:00,chat,Meridian,0,0,0,0,0,0,0,0,v001,agent:DataEngineer
2026-08-23,35,06:30,chat,Meridian,0,0,0,0,0,0,0,0,v001,agent:DataEngineer
2026-08-23,35,07:00,chat,Meridian,1,1,1,0,48,100,968,484,v001,agent:DataEngineer
2026-08-23,35,07:30,chat,Meridian,1,1,1,0,48,100,1141,570,v001,agent:DataEngineer
2026-08-23,35,08:00,chat,Meridian,1,1,1,0,46,100,1077,538,v001,agent:DataEngineer
2026-08-23,35,08:30,chat,Meridian,1,1,1,0,45,100,1079,539,v001,agent:DataEngineer
2026-08-23,35,09:00,chat,Meridian,1,1,1,0,47,100,992,496,v001,agent:DataEngineer
2026-08-23,35,09:30,chat,Meridian,2,1,1,1,365,50,949,474,v001,agent:DataEngineer
2026-08-23,35,10:00,chat,Meridian,2,2,2,0,42,100,1172,586,v001,agent:DataEngineer
2026-08-23,35,10:30,chat,Meridian,2,2,2,0,49,100,942,471,v001,agent:DataEngineer
2026-08-23,35,11:00,chat,Meridian,2,2,1,0,396,50,1013,506,v001,agent:DataEngineer
2026-08-23,35,11:30,chat,Meridian,2,2,2,0,45,100,1078,539,v001,agent:DataEngineer
2026-08-23,35,12:00,chat,Meridian,2,2,2,0,45,100,1171,586,v001,agent:DataEngineer
2026-08-23,35,12:30,chat,Meridian,1,1,1,0,49,100,970,485,v001,agent:DataEngineer
2026-08-23,35,13:00,chat,Meridian,1,1,1,0,45,100,1051,525,v001,agent:DataEngineer
2026-08-23,35,13:30,chat,Meridian,1,1,1,0,43,100,1106,553,v001,agent:DataEngineer
2026-08-23,35,14:00,chat,Meridian,1,1,1,0,44,100,1042,521,v001,agent:DataEngineer
2026-08-23,35,14:30,chat,Meridian,1,1,1,0,43,100,1102,551,v001,agent:DataEngineer
2026-08-23,35,15:00,chat,Meridian,1,1,1,0,44,100,1028,514,v001,agent:DataEngineer
2026-08-23,35,15:30,chat,Meridian,1,1,1,0,43,100,1048,524,v001,agent:DataEngineer
2026-08-23,35,16:00,chat,Meridian,1,1,1,0,45,100,1226,613,v001,agent:DataEngineer
2026-08-23,35,16:30,chat,Meridian,1,1,1,0,48,100,1077,539,v001,agent:DataEngineer
2026-08-23,35,17:00,chat,Meridian,1,1,1,0,38,100,1073,537,v001,agent:DataEngineer
2026-08-23,35,17:30,chat,Meridian,1,1,1,0,47,100,1078,539,v001,agent:DataEngineer
2026-08-23,35,18:00,chat,Meridian,1,1,1,0,44,100,1042,521,v001,agent:DataEngineer
2026-08-23,35,18:30,chat,Meridian,0,0,0,0,0,0,0,0,v001,agent:DataEngineer
2026-08-23,35,19:00,chat,Meridian,0,0,0,0,0,0,0,0,v001,agent:DataEngineer
2026-08-23,35,19:30,chat,Meridian,0,0,0,0,0,0,0,0,v001,agent:DataEngineer
2026-08-23,35,20:00,chat,Meridian,0,0,0,0,0,0,0,0,v001,agent:DataEngineer
2026-08-23,35,20:30,chat,Meridian,0,0,0,0,0,0,0,0,v001,agent:DataEngineer
2026-08-23,35,21:00,chat,Meridian,0,0,0,0,0,0,0,0,v001,agent:DataEngineer
2026-08-23,35,21:30,chat,Meridian,0,0,0,0,0,0,0,0,v001,agent:DataEngineer
2026-08-23,35,22:00,chat,Meridian,0,0,0,0,0,0,0,0,v001,agent:DataEngineer
2026-08-23,35,22:30,chat,Meridian,0,0,0,0,0,0,0,0,v001,agent:DataEngineer
2026-08-23,35,23:00,chat,Meridian,0,0,0,0,0,0,0,0,v001,agent:DataEngineer
2026-08-23,35,23:30,chat,Meridian,0,0,0,0,0,0,0,0,v001,agent:DataEngineer
2026-08-24,36,00:00,voice,Meridian,0,0,0,0,0,0,0,0,v001,agent:DataEngineer
2026-08-24,36,00:30,voice,Meridian,0,0,0,0,0,0,0,0,v001,agent:DataEngineer
2026-08-24,36,01:00,voice,Meridian,0,0,0,0,0,0,0,0,v001,agent:DataEngineer
2026-08-24,36,01:30,voice,Meridian,0,0,0,0,0,0,0,0,v001,agent:DataEngineer
2026-08-24,36,02:00,voice,Meridian,0,0,0,0,0,0,0,0,v001,agent:DataEngineer
2026-08-24,36,02:30,voice,Meridian,0,0,0,0,0,0,0,0,v001,agent:DataEngineer
2026-08-24,36,03:00,voice,Meridian,0,0,0,0,0,0,0,0,v001,agent:DataEngineer
2026-08-24,36,03:30,voice,Meridian,0,0,0,0,0,0,0,0,v001,agent:DataEngineer
2026-08-24,36,04:00,voice,Meridian,0,0,0,0,0,0,0,0,v001,agent:DataEngineer
2026-08-24,36,04:30,voice,Meridian,0,0,0,0,0,0,0,0,v001,agent:DataEngineer
2026-08-24,36,05:00,voice,Meridian,0,0,0,0,0,0,0,0,v001,agent:DataEngineer
2026-08-24,36,05:30,voice,Meridian,0,0,0,0,0,0,0,0,v001,agent:DataEngineer
2026-08-24,36,06:00,voice,Meridian,0,0,0,0,0,0,0,0,v001,agent:DataEngineer
2026-08-24,36,06:30,voice,Meridian,0,0,0,0,0,0,0,0,v001,agent:DataEngineer
2026-08-24,36,07:00,voice,Meridian,1,1,1,0,13,100,1854,1854,v001,agent:DataEngineer
2026-08-24,36,07:30,voice,Meridian,1,1,1,0,12,100,1918,1918,v001,agent:DataEngineer
2026-08-24,36,08:00,voice,Meridian,1,1,1,0,14,100,1799,1799,v001,agent:DataEngineer
2026-08-24,36,08:30,voice,Meridian,1,1,1,0,12,100,1904,1904,v001,agent:DataEngineer
2026-08-24,36,09:00,voice,Meridian,1,1,1,0,11,100,1985,1985,v001,agent:DataEngineer
2026-08-24,36,09:30,voice,Meridian,2,2,2,0,13,100,1921,1921,v001,agent:DataEngineer
2026-08-24,36,10:00,voice,Meridian,2,2,2,0,12,100,1738,1738,v001,agent:DataEngineer
2026-08-24,36,10:30,voice,Meridian,2,2,2,0,10,100,1942,1942,v001,agent:DataEngineer
2026-08-24,36,11:00,voice,Meridian,2,2,2,0,11,100,1927,1927,v001,agent:DataEngineer
2026-08-24,36,11:30,voice,Meridian,2,2,2,0,13,100,1760,1760,v001,agent:DataEngineer
2026-08-24,36,12:00,voice,Meridian,2,2,2,0,13,100,2022,2022,v001,agent:DataEngineer
2026-08-24,36,12:30,voice,Meridian,2,2,2,0,15,100,1833,1833,v001,agent:DataEngineer
2026-08-24,36,13:00,voice,Meridian,1,1,1,0,12,100,1848,1848,v001,agent:DataEngineer
2026-08-24,36,13:30,voice,Meridian,2,2,2,0,12,100,1937,1937,v001,agent:DataEngineer
2026-08-24,36,14:00,voice,Meridian,2,2,2,0,12,100,1933,1933,v001,agent:DataEngineer
2026-08-24,36,14:30,voice,Meridian,2,2,2,0,11,100,1953,1953,v001,agent:DataEngineer
2026-08-24,36,15:00,voice,Meridian,2,2,2,0,11,100,1986,1986,v001,agent:DataEngineer
2026-08-24,36,15:30,voice,Meridian,2,1,1,1,206,50,1956,1956,v001,agent:DataEngineer
2026-08-24,36,16:00,voice,Meridian,2,2,2,0,11,100,1995,1995,v001,agent:DataEngineer
2026-08-24,36,16:30,voice,Meridian,1,1,1,0,12,100,1974,1974,v001,agent:DataEngineer
2026-08-24,36,17:00,voice,Meridian,1,1,1,0,12,100,1888,1888,v001,agent:DataEngineer
2026-08-24,36,17:30,voice,Meridian,1,1,1,0,12,100,2008,2008,v001,agent:DataEngineer
2026-08-24,36,18:00,voice,Meridian,1,1,1,0,11,100,1803,1803,v001,agent:DataEngineer
2026-08-24,36,18:30,voice,Meridian,1,1,1,0,11,100,2097,2097,v001,agent:DataEngineer
2026-08-24,36,19:00,voice,Meridian,1,1,1,0,12,100,1928,1928,v001,agent:DataEngineer
2026-08-24,36,19:30,voice,Meridian,0,0,0,0,0,0,0,0,v001,agent:DataEngineer
2026-08-24,36,20:00,voice,Meridian,0,0,0,0,0,0,0,0,v001,agent:DataEngineer
2026-08-24,36,20:30,voice,Meridian,0,0,0,0,0,0,0,0,v001,agent:DataEngineer
2026-08-24,36,21:00,voice,Meridian,0,0,0,0,0,0,0,0,v001,agent:DataEngineer
2026-08-24,36,21:30,voice,Meridian,0,0,0,0,0,0,0,0,v001,agent:DataEngineer
2026-08-24,36,22:00,voice,Meridian,0,0,0,0,0,0,0,0,v001,agent:DataEngineer
2026-08-24,36,22:30,voice,Meridian,0,0,0,0,0,0,0,0,v001,agent:DataEngineer
2026-08-24,36,23:00,voice,Meridian,0,0,0,0,0,0,0,0,v001,agent:DataEngineer
2026-08-24,36,23:30,voice,Meridian,0,0,0,0,0,0,0,0,v001,agent:DataEngineer
2026-08-24,36,00:00,chat,Meridian,1,1,1,0,49,100,1008,499,v001,agent:DataEngineer
2026-08-24,36,00:30,chat,Meridian,0,0,0,0,0,0,0,0,v001,agent:DataEngineer
2026-08-24,36,01:00,chat,Meridian,0,0,0,0,0,0,0,0,v001,agent:DataEngineer
2026-08-24,36,01:30,chat,Meridian,0,0,0,0,0,0,0,0,v001,agent:DataEngineer
2026-08-24,36,02:00,chat,Meridian,0,0,0,0,0,0,0,0,v001,agent:DataEngineer
2026-08-24,36,02:30,chat,Meridian,1,1,1,0,38,100,1085,537,v001,agent:DataEngineer
2026-08-24,36,03:00,chat,Meridian,0,0,0,0,0,0,0,0,v001,agent:DataEngineer
2026-08-24,36,03:30,chat,Meridian,0,0,0,0,0,0,0,0,v001,agent:DataEngineer
2026-08-24,36,04:00,chat,Meridian,0,0,0,0,0,0,0,0,v001,agent:DataEngineer
2026-08-24,36,04:30,chat,Meridian,1,1,1,0,42,100,1045,517,v001,agent:DataEngineer
2026-08-24,36,05:00,chat,Meridian,0,0,0,0,0,0,0,0,v001,agent:DataEngineer
2026-08-24,36,05:30,chat,Meridian,0,0,0,0,0,0,0,0,v001,agent:DataEngineer
2026-08-24,36,06:00,chat,Meridian,0,0,0,0,0,0,0,0,v001,agent:DataEngineer
2026-08-24,36,06:30,chat,Meridian,1,1,1,0,40,100,1044,517,v001,agent:DataEngineer
2026-08-24,36,07:00,chat,Meridian,1,1,1,0,37,100,1025,507,v001,agent:DataEngineer
2026-08-24,36,07:30,chat,Meridian,1,1,1,0,42,100,1014,502,v001,agent:DataEngineer
2026-08-24,36,08:00,chat,Meridian,2,2,2,0,56,100,1097,543,v001,agent:DataEngineer
2026-08-24,36,08:30,chat,Meridian,2,2,2,0,46,100,1014,502,v001,agent:DataEngineer
2026-08-24,36,09:00,chat,Meridian,2,2,2,0,47,100,1093,541,v001,agent:DataEngineer
2026-08-24,36,09:30,chat,Meridian,4,4,4,0,48,100,1103,546,v001,agent:DataEngineer
2026-08-24,36,10:00,chat,Meridian,4,4,4,0,47,100,1055,522,v001,agent:DataEngineer
2026-08-24,36,10:30,chat,Meridian,5,4,3,1,274,60,865,428,v001,agent:DataEngineer
2026-08-24,36,11:00,chat,Meridian,5,4,4,1,109,80,1037,513,v001,agent:DataEngineer
2026-08-24,36,11:30,chat,Meridian,3,3,2,0,202,66.7,1121,555,v001,agent:DataEngineer
2026-08-24,36,12:00,chat,Meridian,3,3,3,0,48,100,874,433,v001,agent:DataEngineer
2026-08-24,36,12:30,chat,Meridian,3,3,3,0,48,100,1046,518,v001,agent:DataEngineer
2026-08-24,36,13:00,chat,Meridian,4,4,4,0,40,100,998,494,v001,agent:DataEngineer
2026-08-24,36,13:30,chat,Meridian,4,4,4,0,56,100,1092,540,v001,agent:DataEngineer
2026-08-24,36,14:00,chat,Meridian,3,3,3,0,39,100,1031,510,v001,agent:DataEngineer
2026-08-24,36,14:30,chat,Meridian,4,3,2,1,391,50,981,486,v001,agent:DataEngineer
2026-08-24,36,15:00,chat,Meridian,4,4,4,0,41,100,1016,503,v001,agent:DataEngineer
2026-08-24,36,15:30,chat,Meridian,3,3,3,0,42,100,1160,574,v001,agent:DataEngineer
2026-08-24,36,16:00,chat,Meridian,3,3,3,0,53,100,1066,528,v001,agent:DataEngineer
2026-08-24,36,16:30,chat,Meridian,2,2,2,0,45,100,1031,510,v001,agent:DataEngineer
2026-08-24,36,17:00,chat,Meridian,2,2,2,0,47,100,982,486,v001,agent:DataEngineer
2026-08-24,36,17:30,chat,Meridian,2,2,2,0,37,100,1082,536,v001,agent:DataEngineer
2026-08-24,36,18:00,chat,Meridian,1,1,1,0,41,100,1044,517,v001,agent:DataEngineer
2026-08-24,36,18:30,chat,Meridian,1,1,1,0,44,100,1101,545,v001,agent:DataEngineer
2026-08-24,36,19:00,chat,Meridian,1,1,1,0,50,100,1062,526,v001,agent:DataEngineer
2026-08-24,36,19:30,chat,Meridian,1,1,1,0,42,100,1148,568,v001,agent:DataEngineer
2026-08-24,36,20:00,chat,Meridian,1,1,1,0,40,100,1069,529,v001,agent:DataEngineer
2026-08-24,36,20:30,chat,Meridian,0,0,0,0,0,0,0,0,v001,agent:DataEngineer
2026-08-24,36,21:00,chat,Meridian,1,1,1,0,41,100,1054,522,v001,agent:DataEngineer
2026-08-24,36,21:30,chat,Meridian,0,0,0,0,0,0,0,0,v001,agent:DataEngineer
2026-08-24,36,22:00,chat,Meridian,0,0,0,0,0,0,0,0,v001,agent:DataEngineer
2026-08-24,36,22:30,chat,Meridian,0,0,0,0,0,0,0,0,v001,agent:DataEngineer
2026-08-24,36,23:00,chat,Meridian,0,0,0,0,0,0,0,0,v001,agent:DataEngineer
2026-08-24,36,23:30,chat,Meridian,0,0,0,0,0,0,0,0,v001,agent:DataEngineer
2026-08-25,37,00:00,voice,Meridian,0,0,0,0,0,0,0,0,v001,agent:DataEngineer
2026-08-25,37,00:30,voice,Meridian,0,0,0,0,0,0,0,0,v001,agent:DataEngineer
2026-08-25,37,01:00,voice,Meridian,0,0,0,0,0,0,0,0,v001,agent:DataEngineer
2026-08-25,37,01:30,voice,Meridian,1,1,1,0,13,100,1820,1820,v001,agent:DataEngineer
2026-08-25,37,02:00,voice,Meridian,0,0,0,0,0,0,0,0,v001,agent:DataEngineer
2026-08-25,37,02:30,voice,Meridian,1,1,1,0,10,100,1806,1806,v001,agent:DataEngineer
2026-08-25,37,03:00,voice,Meridian,0,0,0,0,0,0,0,0,v001,agent:DataEngineer
2026-08-25,37,03:30,voice,Meridian,0,0,0,0,0,0,0,0,v001,agent:DataEngineer
2026-08-25,37,04:00,voice,Meridian,0,0,0,0,0,0,0,0,v001,agent:DataEngineer
2026-08-25,37,04:30,voice,Meridian,1,1,1,0,14,100,1816,1816,v001,agent:DataEngineer
2026-08-25,37,05:00,voice,Meridian,0,0,0,0,0,0,0,0,v001,agent:DataEngineer
2026-08-25,37,05:30,voice,Meridian,0,0,0,0,0,0,0,0,v001,agent:DataEngineer
2026-08-25,37,06:00,voice,Meridian,0,0,0,0,0,0,0,0,v001,agent:DataEngineer
2026-08-25,37,06:30,voice,Meridian,1,1,1,0,13,100,1760,1760,v001,agent:DataEngineer
2026-08-25,37,07:00,voice,Meridian,1,1,1,0,11,100,1875,1875,v001,agent:DataEngineer
2026-08-25,37,07:30,voice,Meridian,1,1,1,0,14,100,1987,1987,v001,agent:DataEngineer
2026-08-25,37,08:00,voice,Meridian,1,1,1,0,13,100,1869,1869,v001,agent:DataEngineer
2026-08-25,37,08:30,voice,Meridian,2,2,2,0,11,100,1921,1921,v001,agent:DataEngineer
2026-08-25,37,09:00,voice,Meridian,2,2,2,0,9,100,1828,1828,v001,agent:DataEngineer
2026-08-25,37,09:30,voice,Meridian,3,3,3,0,11,100,1917,1917,v001,agent:DataEngineer
2026-08-25,37,10:00,voice,Meridian,3,3,2,0,120,66.7,1919,1919,v001,agent:DataEngineer
2026-08-25,37,10:30,voice,Meridian,4,3,3,1,65,75,1861,1861,v001,agent:DataEngineer
2026-08-25,37,11:00,voice,Meridian,3,3,3,0,11,100,1913,1913,v001,agent:DataEngineer
2026-08-25,37,11:30,voice,Meridian,3,3,3,0,11,100,1850,1850,v001,agent:DataEngineer
2026-08-25,37,12:00,voice,Meridian,3,2,1,1,414,33.3,1817,1817,v001,agent:DataEngineer
2026-08-25,37,12:30,voice,Meridian,2,2,2,0,10,100,1850,1850,v001,agent:DataEngineer
2026-08-25,37,13:00,voice,Meridian,2,2,2,0,12,100,1981,1981,v001,agent:DataEngineer
2026-08-25,37,13:30,voice,Meridian,2,2,2,0,11,100,1954,1954,v001,agent:DataEngineer
2026-08-25,37,14:00,voice,Meridian,3,3,2,0,114,66.7,1912,1912,v001,agent:DataEngineer
2026-08-25,37,14:30,voice,Meridian,2,2,2,0,12,100,2013,2013,v001,agent:DataEngineer
2026-08-25,37,15:00,voice,Meridian,3,3,3,0,13,100,1848,1848,v001,agent:DataEngineer
2026-08-25,37,15:30,voice,Meridian,3,3,3,0,12,100,1921,1921,v001,agent:DataEngineer
2026-08-25,37,16:00,voice,Meridian,2,2,2,0,13,100,1655,1655,v001,agent:DataEngineer
2026-08-25,37,16:30,voice,Meridian,2,2,2,0,13,100,1967,1967,v001,agent:DataEngineer
2026-08-25,37,17:00,voice,Meridian,1,1,1,0,13,100,1955,1955,v001,agent:DataEngineer
2026-08-25,37,17:30,voice,Meridian,2,2,2,0,11,100,2015,2015,v001,agent:DataEngineer
2026-08-25,37,18:00,voice,Meridian,1,1,1,0,12,100,1864,1864,v001,agent:DataEngineer
2026-08-25,37,18:30,voice,Meridian,1,1,1,0,13,100,1806,1806,v001,agent:DataEngineer
2026-08-25,37,19:00,voice,Meridian,1,1,1,0,11,100,1980,1980,v001,agent:DataEngineer
2026-08-25,37,19:30,voice,Meridian,1,1,1,0,12,100,1989,1989,v001,agent:DataEngineer
2026-08-25,37,20:00,voice,Meridian,0,0,0,0,0,0,0,0,v001,agent:DataEngineer
2026-08-25,37,20:30,voice,Meridian,0,0,0,0,0,0,0,0,v001,agent:DataEngineer
2026-08-25,37,21:00,voice,Meridian,0,0,0,0,0,0,0,0,v001,agent:DataEngineer
2026-08-25,37,21:30,voice,Meridian,0,0,0,0,0,0,0,0,v001,agent:DataEngineer
2026-08-25,37,22:00,voice,Meridian,0,0,0,0,0,0,0,0,v001,agent:DataEngineer
2026-08-25,37,22:30,voice,Meridian,0,0,0,0,0,0,0,0,v001,agent:DataEngineer
2026-08-25,37,23:00,voice,Meridian,0,0,0,0,0,0,0,0,v001,agent:DataEngineer
2026-08-25,37,23:30,voice,Meridian,0,0,0,0,0,0,0,0,v001,agent:DataEngineer
2026-08-25,37,00:00,chat,Meridian,1,1,1,0,44,100,1159,482,v001,agent:DataEngineer
2026-08-25,37,00:30,chat,Meridian,1,1,1,0,42,100,1342,558,v001,agent:DataEngineer
2026-08-25,37,01:00,chat,Meridian,1,1,1,0,44,100,1497,622,v001,agent:DataEngineer
2026-08-25,37,01:30,chat,Meridian,1,1,1,0,53,100,1380,574,v001,agent:DataEngineer
2026-08-25,37,02:00,chat,Meridian,1,1,1,0,50,100,1238,515,v001,agent:DataEngineer
2026-08-25,37,02:30,chat,Meridian,0,0,0,0,0,0,0,0,v001,agent:DataEngineer
2026-08-25,37,03:00,chat,Meridian,0,0,0,0,0,0,0,0,v001,agent:DataEngineer
2026-08-25,37,03:30,chat,Meridian,1,1,1,0,37,100,1352,562,v001,agent:DataEngineer
2026-08-25,37,04:00,chat,Meridian,1,1,1,0,43,100,1218,506,v001,agent:DataEngineer
2026-08-25,37,04:30,chat,Meridian,1,1,1,0,38,100,1377,572,v001,agent:DataEngineer
2026-08-25,37,05:00,chat,Meridian,0,0,0,0,0,0,0,0,v001,agent:DataEngineer
2026-08-25,37,05:30,chat,Meridian,1,1,1,0,39,100,1470,611,v001,agent:DataEngineer
2026-08-25,37,06:00,chat,Meridian,1,1,1,0,41,100,1257,522,v001,agent:DataEngineer
2026-08-25,37,06:30,chat,Meridian,1,1,1,0,40,100,1311,545,v001,agent:DataEngineer
2026-08-25,37,07:00,chat,Meridian,1,1,1,0,46,100,1341,557,v001,agent:DataEngineer
2026-08-25,37,07:30,chat,Meridian,1,1,1,0,43,100,1268,527,v001,agent:DataEngineer
2026-08-25,37,08:00,chat,Meridian,2,2,2,0,49,100,1209,502,v001,agent:DataEngineer
2026-08-25,37,08:30,chat,Meridian,3,3,3,0,44,100,1390,578,v001,agent:DataEngineer
2026-08-25,37,09:00,chat,Meridian,5,5,5,0,45,100,1419,590,v001,agent:DataEngineer
2026-08-25,37,09:30,chat,Meridian,4,4,3,0,152,75,1387,576,v001,agent:DataEngineer
2026-08-25,37,10:00,chat,Meridian,6,5,3,1,360,50,1276,530,v001,agent:DataEngineer
2026-08-25,37,10:30,chat,Meridian,6,5,4,1,155,66.7,1426,593,v001,agent:DataEngineer
2026-08-25,37,11:00,chat,Meridian,7,6,4,1,274,57.1,1476,613,v001,agent:DataEngineer
2026-08-25,37,11:30,chat,Meridian,7,6,6,1,83,85.7,1270,528,v001,agent:DataEngineer
2026-08-25,37,12:00,chat,Meridian,6,5,1,1,1162,16.7,1358,564,v001,agent:DataEngineer
2026-08-25,37,12:30,chat,Meridian,4,4,4,0,45,100,1186,493,v001,agent:DataEngineer
2026-08-25,37,13:00,chat,Meridian,4,4,4,0,47,100,1388,577,v001,agent:DataEngineer
2026-08-25,37,13:30,chat,Meridian,6,5,5,1,85,83.3,1396,580,v001,agent:DataEngineer
2026-08-25,37,14:00,chat,Meridian,4,4,3,0,147,75,1310,544,v001,agent:DataEngineer
2026-08-25,37,14:30,chat,Meridian,4,3,2,1,519,50,1382,574,v001,agent:DataEngineer
2026-08-25,37,15:00,chat,Meridian,5,5,5,0,43,100,1199,498,v001,agent:DataEngineer
2026-08-25,37,15:30,chat,Meridian,5,5,5,0,45,100,1302,541,v001,agent:DataEngineer
2026-08-25,37,16:00,chat,Meridian,5,5,5,0,53,100,1453,604,v001,agent:DataEngineer
2026-08-25,37,16:30,chat,Meridian,4,4,4,0,50,100,1235,513,v001,agent:DataEngineer
2026-08-25,37,17:00,chat,Meridian,3,3,3,0,49,100,1326,551,v001,agent:DataEngineer
2026-08-25,37,17:30,chat,Meridian,3,3,3,0,47,100,1214,505,v001,agent:DataEngineer
2026-08-25,37,18:00,chat,Meridian,2,2,2,0,44,100,1278,531,v001,agent:DataEngineer
2026-08-25,37,18:30,chat,Meridian,2,2,2,0,45,100,1449,602,v001,agent:DataEngineer
2026-08-25,37,19:00,chat,Meridian,1,1,1,0,52,100,1410,586,v001,agent:DataEngineer
2026-08-25,37,19:30,chat,Meridian,1,1,1,0,41,100,1372,570,v001,agent:DataEngineer
2026-08-25,37,20:00,chat,Meridian,1,1,1,0,47,100,1347,560,v001,agent:DataEngineer
2026-08-25,37,20:30,chat,Meridian,1,1,1,0,46,100,1422,591,v001,agent:DataEngineer
2026-08-25,37,21:00,chat,Meridian,1,1,1,0,44,100,1407,585,v001,agent:DataEngineer
2026-08-25,37,21:30,chat,Meridian,0,0,0,0,0,0,0,0,v001,agent:DataEngineer
2026-08-25,37,22:00,chat,Meridian,1,1,1,0,49,100,1292,537,v001,agent:DataEngineer
2026-08-25,37,22:30,chat,Meridian,1,1,1,0,51,100,1290,536,v001,agent:DataEngineer
2026-08-25,37,23:00,chat,Meridian,1,1,1,0,49,100,1306,543,v001,agent:DataEngineer
2026-08-25,37,23:30,chat,Meridian,0,0,0,0,0,0,0,0,v001,agent:DataEngineer
2026-08-26,38,00:00,voice,Meridian,0,0,0,0,0,0,0,0,v001,agent:DataEngineer
2026-08-26,38,00:30,voice,Meridian,0,0,0,0,0,0,0,0,v001,agent:DataEngineer
2026-08-26,38,01:00,voice,Meridian,0,0,0,0,0,0,0,0,v001,agent:DataEngineer
2026-08-26,38,01:30,voice,Meridian,0,0,0,0,0,0,0,0,v001,agent:DataEngineer
2026-08-26,38,02:00,voice,Meridian,0,0,0,0,0,0,0,0,v001,agent:DataEngineer
2026-08-26,38,02:30,voice,Meridian,0,0,0,0,0,0,0,0,v001,agent:DataEngineer
2026-08-26,38,03:00,voice,Meridian,1,1,1,0,12,100,1745,1745,v001,agent:DataEngineer
2026-08-26,38,03:30,voice,Meridian,0,0,0,0,0,0,0,0,v001,agent:DataEngineer
2026-08-26,38,04:00,voice,Meridian,0,0,0,0,0,0,0,0,v001,agent:DataEngineer
2026-08-26,38,04:30,voice,Meridian,0,0,0,0,0,0,0,0,v001,agent:DataEngineer
2026-08-26,38,05:00,voice,Meridian,0,0,0,0,0,0,0,0,v001,agent:DataEngineer
2026-08-26,38,05:30,voice,Meridian,0,0,0,0,0,0,0,0,v001,agent:DataEngineer
2026-08-26,38,06:00,voice,Meridian,0,0,0,0,0,0,0,0,v001,agent:DataEngineer
2026-08-26,38,06:30,voice,Meridian,1,1,1,0,13,100,1991,1991,v001,agent:DataEngineer
2026-08-26,38,07:00,voice,Meridian,1,1,1,0,13,100,2125,2125,v001,agent:DataEngineer
2026-08-26,38,07:30,voice,Meridian,1,1,1,0,12,100,2050,2050,v001,agent:DataEngineer
2026-08-26,38,08:00,voice,Meridian,1,1,1,0,12,100,1940,1940,v001,agent:DataEngineer
2026-08-26,38,08:30,voice,Meridian,2,2,2,0,10,100,1786,1786,v001,agent:DataEngineer
2026-08-26,38,09:00,voice,Meridian,2,2,2,0,11,100,2096,2096,v001,agent:DataEngineer
2026-08-26,38,09:30,voice,Meridian,2,2,2,0,13,100,1870,1870,v001,agent:DataEngineer
2026-08-26,38,10:00,voice,Meridian,3,3,3,0,12,100,1855,1855,v001,agent:DataEngineer
2026-08-26,38,10:30,voice,Meridian,4,3,3,1,86,75,1890,1890,v001,agent:DataEngineer
2026-08-26,38,11:00,voice,Meridian,3,2,1,1,415,33.3,1823,1823,v001,agent:DataEngineer
2026-08-26,38,11:30,voice,Meridian,3,3,3,0,10,100,1855,1855,v001,agent:DataEngineer
2026-08-26,38,12:00,voice,Meridian,3,3,2,0,124,66.7,1885,1885,v001,agent:DataEngineer
2026-08-26,38,12:30,voice,Meridian,3,3,1,0,349,33.3,1872,1872,v001,agent:DataEngineer
2026-08-26,38,13:00,voice,Meridian,3,3,3,0,11,100,1905,1905,v001,agent:DataEngineer
2026-08-26,38,13:30,voice,Meridian,3,3,3,0,11,100,2004,2004,v001,agent:DataEngineer
2026-08-26,38,14:00,voice,Meridian,3,3,3,0,11,100,2022,2022,v001,agent:DataEngineer
2026-08-26,38,14:30,voice,Meridian,3,3,3,0,12,100,1840,1840,v001,agent:DataEngineer
2026-08-26,38,15:00,voice,Meridian,4,4,4,0,11,100,1897,1897,v001,agent:DataEngineer
2026-08-26,38,15:30,voice,Meridian,3,3,3,0,12,100,1912,1912,v001,agent:DataEngineer
2026-08-26,38,16:00,voice,Meridian,2,2,1,0,219,50,1879,1879,v001,agent:DataEngineer
2026-08-26,38,16:30,voice,Meridian,3,3,3,0,13,100,1984,1984,v001,agent:DataEngineer
2026-08-26,38,17:00,voice,Meridian,2,2,2,0,11,100,1724,1724,v001,agent:DataEngineer
2026-08-26,38,17:30,voice,Meridian,1,1,1,0,10,100,1990,1990,v001,agent:DataEngineer
2026-08-26,38,18:00,voice,Meridian,1,1,1,0,10,100,1757,1757,v001,agent:DataEngineer
2026-08-26,38,18:30,voice,Meridian,1,1,1,0,12,100,1948,1948,v001,agent:DataEngineer
2026-08-26,38,19:00,voice,Meridian,1,1,1,0,14,100,1936,1936,v001,agent:DataEngineer
2026-08-26,38,19:30,voice,Meridian,0,0,0,0,0,0,0,0,v001,agent:DataEngineer
2026-08-26,38,20:00,voice,Meridian,0,0,0,0,0,0,0,0,v001,agent:DataEngineer
2026-08-26,38,20:30,voice,Meridian,1,1,1,0,13,100,1944,1944,v001,agent:DataEngineer
2026-08-26,38,21:00,voice,Meridian,0,0,0,0,0,0,0,0,v001,agent:DataEngineer
2026-08-26,38,21:30,voice,Meridian,0,0,0,0,0,0,0,0,v001,agent:DataEngineer
2026-08-26,38,22:00,voice,Meridian,0,0,0,0,0,0,0,0,v001,agent:DataEngineer
2026-08-26,38,22:30,voice,Meridian,1,1,1,0,12,100,1642,1642,v001,agent:DataEngineer
2026-08-26,38,23:00,voice,Meridian,0,0,0,0,0,0,0,0,v001,agent:DataEngineer
2026-08-26,38,23:30,voice,Meridian,1,1,1,0,13,100,1991,1991,v001,agent:DataEngineer
2026-08-26,38,00:00,chat,Meridian,1,1,1,0,40,100,1434,568,v001,agent:DataEngineer
2026-08-26,38,00:30,chat,Meridian,1,1,1,0,45,100,1418,562,v001,agent:DataEngineer
2026-08-26,38,01:00,chat,Meridian,1,1,1,0,44,100,1299,515,v001,agent:DataEngineer
2026-08-26,38,01:30,chat,Meridian,0,0,0,0,0,0,0,0,v001,agent:DataEngineer
2026-08-26,38,02:00,chat,Meridian,0,0,0,0,0,0,0,0,v001,agent:DataEngineer
2026-08-26,38,02:30,chat,Meridian,1,1,1,0,41,100,1535,608,v001,agent:DataEngineer
2026-08-26,38,03:00,chat,Meridian,0,0,0,0,0,0,0,0,v001,agent:DataEngineer
2026-08-26,38,03:30,chat,Meridian,1,1,1,0,49,100,1468,582,v001,agent:DataEngineer
2026-08-26,38,04:00,chat,Meridian,0,0,0,0,0,0,0,0,v001,agent:DataEngineer
2026-08-26,38,04:30,chat,Meridian,1,1,1,0,42,100,1579,626,v001,agent:DataEngineer
2026-08-26,38,05:00,chat,Meridian,1,1,1,0,46,100,1419,562,v001,agent:DataEngineer
2026-08-26,38,05:30,chat,Meridian,1,1,1,0,49,100,1355,537,v001,agent:DataEngineer
2026-08-26,38,06:00,chat,Meridian,1,1,1,0,44,100,1519,602,v001,agent:DataEngineer
2026-08-26,38,06:30,chat,Meridian,1,1,1,0,47,100,1402,555,v001,agent:DataEngineer
2026-08-26,38,07:00,chat,Meridian,1,1,1,0,47,100,1606,636,v001,agent:DataEngineer
2026-08-26,38,07:30,chat,Meridian,1,1,1,0,46,100,1440,570,v001,agent:DataEngineer
2026-08-26,38,08:00,chat,Meridian,2,2,2,0,36,100,1435,569,v001,agent:DataEngineer
2026-08-26,38,08:30,chat,Meridian,4,4,4,0,43,100,1513,599,v001,agent:DataEngineer
2026-08-26,38,09:00,chat,Meridian,5,4,3,1,304,60,1489,590,v001,agent:DataEngineer
2026-08-26,38,09:30,chat,Meridian,4,3,2,1,396,50,1405,557,v001,agent:DataEngineer
2026-08-26,38,10:00,chat,Meridian,6,6,5,0,72,83.3,1611,638,v001,agent:DataEngineer
2026-08-26,38,10:30,chat,Meridian,7,6,5,1,154,71.4,1415,561,v001,agent:DataEngineer
2026-08-26,38,11:00,chat,Meridian,9,8,4,1,436,44.4,1421,563,v001,agent:DataEngineer
2026-08-26,38,11:30,chat,Meridian,8,7,3,1,613,37.5,1463,580,v001,agent:DataEngineer
2026-08-26,38,12:00,chat,Meridian,5,5,5,0,46,100,1405,557,v001,agent:DataEngineer
2026-08-26,38,12:30,chat,Meridian,5,4,2,1,631,40,1316,521,v001,agent:DataEngineer
2026-08-26,38,13:00,chat,Meridian,5,4,2,1,539,40,1480,586,v001,agent:DataEngineer
2026-08-26,38,13:30,chat,Meridian,6,5,4,1,232,66.7,1503,595,v001,agent:DataEngineer
2026-08-26,38,14:00,chat,Meridian,5,4,3,1,286,60,1330,527,v001,agent:DataEngineer
2026-08-26,38,14:30,chat,Meridian,6,5,3,1,451,50,1737,688,v001,agent:DataEngineer
2026-08-26,38,15:00,chat,Meridian,6,5,3,1,420,50,1401,555,v001,agent:DataEngineer
2026-08-26,38,15:30,chat,Meridian,4,4,3,0,146,75,1427,565,v001,agent:DataEngineer
2026-08-26,38,16:00,chat,Meridian,5,4,2,1,498,40,1547,613,v001,agent:DataEngineer
2026-08-26,38,16:30,chat,Meridian,4,4,3,0,146,75,1320,523,v001,agent:DataEngineer
2026-08-26,38,17:00,chat,Meridian,3,3,2,0,199,66.7,1450,574,v001,agent:DataEngineer
2026-08-26,38,17:30,chat,Meridian,3,3,3,0,49,100,1469,582,v001,agent:DataEngineer
2026-08-26,38,18:00,chat,Meridian,2,2,2,0,39,100,1522,603,v001,agent:DataEngineer
2026-08-26,38,18:30,chat,Meridian,2,2,2,0,52,100,1647,653,v001,agent:DataEngineer
2026-08-26,38,19:00,chat,Meridian,1,1,1,0,37,100,1408,558,v001,agent:DataEngineer
2026-08-26,38,19:30,chat,Meridian,1,1,1,0,44,100,1472,583,v001,agent:DataEngineer
2026-08-26,38,20:00,chat,Meridian,1,1,1,0,45,100,1577,625,v001,agent:DataEngineer
2026-08-26,38,20:30,chat,Meridian,1,1,1,0,46,100,1465,581,v001,agent:DataEngineer
2026-08-26,38,21:00,chat,Meridian,1,1,1,0,34,100,1468,582,v001,agent:DataEngineer
2026-08-26,38,21:30,chat,Meridian,1,1,1,0,48,100,1421,563,v001,agent:DataEngineer
2026-08-26,38,22:00,chat,Meridian,0,0,0,0,0,0,0,0,v001,agent:DataEngineer
2026-08-26,38,22:30,chat,Meridian,1,1,1,0,45,100,1439,570,v001,agent:DataEngineer
2026-08-26,38,23:00,chat,Meridian,1,1,1,0,40,100,1471,583,v001,agent:DataEngineer
2026-08-26,38,23:30,chat,Meridian,1,1,1,0,41,100,1537,609,v001,agent:DataEngineer
2026-08-27,39,00:00,voice,Meridian,0,0,0,0,0,0,0,0,v001,agent:DataEngineer
2026-08-27,39,00:30,voice,Meridian,0,0,0,0,0,0,0,0,v001,agent:DataEngineer
2026-08-27,39,01:00,voice,Meridian,0,0,0,0,0,0,0,0,v001,agent:DataEngineer
2026-08-27,39,01:30,voice,Meridian,0,0,0,0,0,0,0,0,v001,agent:DataEngineer
2026-08-27,39,02:00,voice,Meridian,0,0,0,0,0,0,0,0,v001,agent:DataEngineer
2026-08-27,39,02:30,voice,Meridian,0,0,0,0,0,0,0,0,v001,agent:DataEngineer
2026-08-27,39,03:00,voice,Meridian,0,0,0,0,0,0,0,0,v001,agent:DataEngineer
2026-08-27,39,03:30,voice,Meridian,0,0,0,0,0,0,0,0,v001,agent:DataEngineer
2026-08-27,39,04:00,voice,Meridian,0,0,0,0,0,0,0,0,v001,agent:DataEngineer
2026-08-27,39,04:30,voice,Meridian,0,0,0,0,0,0,0,0,v001,agent:DataEngineer
2026-08-27,39,05:00,voice,Meridian,1,1,1,0,13,100,1800,1800,v001,agent:DataEngineer
2026-08-27,39,05:30,voice,Meridian,0,0,0,0,0,0,0,0,v001,agent:DataEngineer
2026-08-27,39,06:00,voice,Meridian,0,0,0,0,0,0,0,0,v001,agent:DataEngineer
2026-08-27,39,06:30,voice,Meridian,1,1,1,0,11,100,1666,1666,v001,agent:DataEngineer
2026-08-27,39,07:00,voice,Meridian,1,1,1,0,13,100,1819,1819,v001,agent:DataEngineer
2026-08-27,39,07:30,voice,Meridian,1,1,1,0,12,100,1921,1921,v001,agent:DataEngineer
2026-08-27,39,08:00,voice,Meridian,2,2,2,0,13,100,1904,1904,v001,agent:DataEngineer
2026-08-27,39,08:30,voice,Meridian,1,1,1,0,12,100,1952,1952,v001,agent:DataEngineer
2026-08-27,39,09:00,voice,Meridian,2,2,2,0,12,100,1822,1822,v001,agent:DataEngineer
2026-08-27,39,09:30,voice,Meridian,3,3,3,0,12,100,1899,1899,v001,agent:DataEngineer
2026-08-27,39,10:00,voice,Meridian,3,2,2,1,98,66.7,1967,1967,v001,agent:DataEngineer
2026-08-27,39,10:30,voice,Meridian,3,3,3,0,12,100,1916,1916,v001,agent:DataEngineer
2026-08-27,39,11:00,voice,Meridian,3,3,3,0,10,100,1908,1908,v001,agent:DataEngineer
2026-08-27,39,11:30,voice,Meridian,3,2,2,1,119,66.7,1876,1876,v001,agent:DataEngineer
2026-08-27,39,12:00,voice,Meridian,3,3,3,0,13,100,1881,1881,v001,agent:DataEngineer
2026-08-27,39,12:30,voice,Meridian,2,2,2,0,10,100,1917,1917,v001,agent:DataEngineer
2026-08-27,39,13:00,voice,Meridian,2,2,2,0,13,100,1993,1993,v001,agent:DataEngineer
2026-08-27,39,13:30,voice,Meridian,2,2,2,0,13,100,1880,1880,v001,agent:DataEngineer
2026-08-27,39,14:00,voice,Meridian,3,3,3,0,11,100,1769,1769,v001,agent:DataEngineer
2026-08-27,39,14:30,voice,Meridian,2,2,1,0,283,50,1794,1794,v001,agent:DataEngineer
2026-08-27,39,15:00,voice,Meridian,2,2,2,0,12,100,2022,2022,v001,agent:DataEngineer
2026-08-27,39,15:30,voice,Meridian,3,3,3,0,12,100,1749,1749,v001,agent:DataEngineer
2026-08-27,39,16:00,voice,Meridian,4,4,4,0,13,100,1961,1961,v001,agent:DataEngineer
2026-08-27,39,16:30,voice,Meridian,2,2,2,0,10,100,1902,1902,v001,agent:DataEngineer
2026-08-27,39,17:00,voice,Meridian,1,1,1,0,13,100,1849,1849,v001,agent:DataEngineer
2026-08-27,39,17:30,voice,Meridian,2,2,2,0,12,100,1746,1746,v001,agent:DataEngineer
2026-08-27,39,18:00,voice,Meridian,1,1,1,0,14,100,1743,1743,v001,agent:DataEngineer
2026-08-27,39,18:30,voice,Meridian,1,1,1,0,10,100,1976,1976,v001,agent:DataEngineer
2026-08-27,39,19:00,voice,Meridian,1,1,1,0,13,100,1992,1992,v001,agent:DataEngineer
2026-08-27,39,19:30,voice,Meridian,1,1,1,0,10,100,1816,1816,v001,agent:DataEngineer
2026-08-27,39,20:00,voice,Meridian,1,1,1,0,11,100,1967,1967,v001,agent:DataEngineer
2026-08-27,39,20:30,voice,Meridian,0,0,0,0,0,0,0,0,v001,agent:DataEngineer
2026-08-27,39,21:00,voice,Meridian,0,0,0,0,0,0,0,0,v001,agent:DataEngineer
2026-08-27,39,21:30,voice,Meridian,0,0,0,0,0,0,0,0,v001,agent:DataEngineer
2026-08-27,39,22:00,voice,Meridian,0,0,0,0,0,0,0,0,v001,agent:DataEngineer
2026-08-27,39,22:30,voice,Meridian,0,0,0,0,0,0,0,0,v001,agent:DataEngineer
2026-08-27,39,23:00,voice,Meridian,0,0,0,0,0,0,0,0,v001,agent:DataEngineer
2026-08-27,39,23:30,voice,Meridian,0,0,0,0,0,0,0,0,v001,agent:DataEngineer
2026-08-27,39,00:00,chat,Meridian,1,1,1,0,43,100,1420,605,v001,agent:DataEngineer
2026-08-27,39,00:30,chat,Meridian,1,1,1,0,38,100,1357,578,v001,agent:DataEngineer
2026-08-27,39,01:00,chat,Meridian,1,1,1,0,39,100,1307,557,v001,agent:DataEngineer
2026-08-27,39,01:30,chat,Meridian,0,0,0,0,0,0,0,0,v001,agent:DataEngineer
2026-08-27,39,02:00,chat,Meridian,0,0,0,0,0,0,0,0,v001,agent:DataEngineer
2026-08-27,39,02:30,chat,Meridian,0,0,0,0,0,0,0,0,v001,agent:DataEngineer
2026-08-27,39,03:00,chat,Meridian,1,1,1,0,38,100,1315,560,v001,agent:DataEngineer
2026-08-27,39,03:30,chat,Meridian,1,1,1,0,46,100,1343,572,v001,agent:DataEngineer
2026-08-27,39,04:00,chat,Meridian,0,0,0,0,0,0,0,0,v001,agent:DataEngineer
2026-08-27,39,04:30,chat,Meridian,0,0,0,0,0,0,0,0,v001,agent:DataEngineer
2026-08-27,39,05:00,chat,Meridian,1,1,1,0,43,100,1398,595,v001,agent:DataEngineer
2026-08-27,39,05:30,chat,Meridian,1,1,1,0,42,100,1292,550,v001,agent:DataEngineer
2026-08-27,39,06:00,chat,Meridian,1,1,1,0,43,100,1215,518,v001,agent:DataEngineer
2026-08-27,39,06:30,chat,Meridian,1,1,1,0,50,100,1346,573,v001,agent:DataEngineer
2026-08-27,39,07:00,chat,Meridian,1,1,1,0,42,100,1366,582,v001,agent:DataEngineer
2026-08-27,39,07:30,chat,Meridian,1,1,1,0,51,100,1226,522,v001,agent:DataEngineer
2026-08-27,39,08:00,chat,Meridian,2,2,2,0,53,100,1301,554,v001,agent:DataEngineer
2026-08-27,39,08:30,chat,Meridian,3,3,3,0,42,100,1239,528,v001,agent:DataEngineer
2026-08-27,39,09:00,chat,Meridian,3,3,3,0,50,100,1396,595,v001,agent:DataEngineer
2026-08-27,39,09:30,chat,Meridian,5,5,5,0,43,100,1300,554,v001,agent:DataEngineer
2026-08-27,39,10:00,chat,Meridian,6,6,6,0,45,100,1379,588,v001,agent:DataEngineer
2026-08-27,39,10:30,chat,Meridian,6,5,4,1,242,66.7,1226,522,v001,agent:DataEngineer
2026-08-27,39,11:00,chat,Meridian,5,4,2,1,600,40,1303,555,v001,agent:DataEngineer
2026-08-27,39,11:30,chat,Meridian,6,5,5,1,81,83.3,1347,574,v001,agent:DataEngineer
2026-08-27,39,12:00,chat,Meridian,6,6,6,0,42,100,1245,530,v001,agent:DataEngineer
2026-08-27,39,12:30,chat,Meridian,5,4,3,1,353,60,1447,617,v001,agent:DataEngineer
2026-08-27,39,13:00,chat,Meridian,5,4,2,1,613,40,1432,610,v001,agent:DataEngineer
2026-08-27,39,13:30,chat,Meridian,4,4,4,0,46,100,1488,634,v001,agent:DataEngineer
2026-08-27,39,14:00,chat,Meridian,5,5,5,0,40,100,1378,587,v001,agent:DataEngineer
2026-08-27,39,14:30,chat,Meridian,4,4,3,0,175,75,1373,585,v001,agent:DataEngineer
2026-08-27,39,15:00,chat,Meridian,6,6,6,0,43,100,1297,553,v001,agent:DataEngineer
2026-08-27,39,15:30,chat,Meridian,5,5,4,0,100,80,1264,538,v001,agent:DataEngineer
2026-08-27,39,16:00,chat,Meridian,3,3,2,0,216,66.7,1250,532,v001,agent:DataEngineer
2026-08-27,39,16:30,chat,Meridian,3,3,3,0,42,100,1274,543,v001,agent:DataEngineer
2026-08-27,39,17:00,chat,Meridian,3,3,3,0,44,100,1338,570,v001,agent:DataEngineer
2026-08-27,39,17:30,chat,Meridian,2,2,2,0,44,100,1452,618,v001,agent:DataEngineer
2026-08-27,39,18:00,chat,Meridian,1,1,1,0,42,100,1358,579,v001,agent:DataEngineer
2026-08-27,39,18:30,chat,Meridian,1,1,1,0,39,100,1287,548,v001,agent:DataEngineer
2026-08-27,39,19:00,chat,Meridian,1,1,1,0,44,100,1271,541,v001,agent:DataEngineer
2026-08-27,39,19:30,chat,Meridian,1,1,1,0,39,100,1280,545,v001,agent:DataEngineer
2026-08-27,39,20:00,chat,Meridian,1,1,1,0,43,100,1279,545,v001,agent:DataEngineer
2026-08-27,39,20:30,chat,Meridian,1,1,1,0,43,100,1339,571,v001,agent:DataEngineer
2026-08-27,39,21:00,chat,Meridian,1,1,1,0,44,100,1417,604,v001,agent:DataEngineer
2026-08-27,39,21:30,chat,Meridian,1,1,1,0,54,100,1353,577,v001,agent:DataEngineer
2026-08-27,39,22:00,chat,Meridian,1,1,1,0,50,100,1625,692,v001,agent:DataEngineer
2026-08-27,39,22:30,chat,Meridian,1,1,1,0,42,100,1381,588,v001,agent:DataEngineer
2026-08-27,39,23:00,chat,Meridian,1,1,1,0,46,100,1222,521,v001,agent:DataEngineer
2026-08-27,39,23:30,chat,Meridian,1,1,1,0,39,100,1543,657,v001,agent:DataEngineer
2026-08-28,40,00:00,voice,Meridian,0,0,0,0,0,0,0,0,v001,agent:DataEngineer
2026-08-28,40,00:30,voice,Meridian,0,0,0,0,0,0,0,0,v001,agent:DataEngineer
2026-08-28,40,01:00,voice,Meridian,1,1,1,0,13,100,2166,2166,v001,agent:DataEngineer
2026-08-28,40,01:30,voice,Meridian,1,1,1,0,12,100,2058,2058,v001,agent:DataEngineer
2026-08-28,40,02:00,voice,Meridian,0,0,0,0,0,0,0,0,v001,agent:DataEngineer
2026-08-28,40,02:30,voice,Meridian,0,0,0,0,0,0,0,0,v001,agent:DataEngineer
2026-08-28,40,03:00,voice,Meridian,0,0,0,0,0,0,0,0,v001,agent:DataEngineer
2026-08-28,40,03:30,voice,Meridian,0,0,0,0,0,0,0,0,v001,agent:DataEngineer
2026-08-28,40,04:00,voice,Meridian,0,0,0,0,0,0,0,0,v001,agent:DataEngineer
2026-08-28,40,04:30,voice,Meridian,0,0,0,0,0,0,0,0,v001,agent:DataEngineer
2026-08-28,40,05:00,voice,Meridian,1,1,1,0,12,100,1932,1932,v001,agent:DataEngineer
2026-08-28,40,05:30,voice,Meridian,0,0,0,0,0,0,0,0,v001,agent:DataEngineer
2026-08-28,40,06:00,voice,Meridian,1,1,1,0,12,100,1850,1850,v001,agent:DataEngineer
2026-08-28,40,06:30,voice,Meridian,1,1,1,0,14,100,2305,2305,v001,agent:DataEngineer
2026-08-28,40,07:00,voice,Meridian,1,1,1,0,12,100,2265,2265,v001,agent:DataEngineer
2026-08-28,40,07:30,voice,Meridian,1,1,1,0,12,100,2010,2010,v001,agent:DataEngineer
2026-08-28,40,08:00,voice,Meridian,1,1,1,0,12,100,2011,2011,v001,agent:DataEngineer
2026-08-28,40,08:30,voice,Meridian,1,1,1,0,12,100,2020,2020,v001,agent:DataEngineer
2026-08-28,40,09:00,voice,Meridian,2,2,2,0,13,100,1966,1966,v001,agent:DataEngineer
2026-08-28,40,09:30,voice,Meridian,2,2,2,0,11,100,1806,1806,v001,agent:DataEngineer
2026-08-28,40,10:00,voice,Meridian,3,2,2,1,118,66.7,1875,1875,v001,agent:DataEngineer
2026-08-28,40,10:30,voice,Meridian,3,3,2,0,132,66.7,2013,2013,v001,agent:DataEngineer
2026-08-28,40,11:00,voice,Meridian,4,4,4,0,12,100,1978,1978,v001,agent:DataEngineer
2026-08-28,40,11:30,voice,Meridian,3,3,3,0,13,100,1990,1990,v001,agent:DataEngineer
2026-08-28,40,12:00,voice,Meridian,3,3,3,0,13,100,2114,2114,v001,agent:DataEngineer
2026-08-28,40,12:30,voice,Meridian,2,2,2,0,12,100,1976,1976,v001,agent:DataEngineer
2026-08-28,40,13:00,voice,Meridian,2,2,2,0,12,100,1924,1924,v001,agent:DataEngineer
2026-08-28,40,13:30,voice,Meridian,2,2,2,0,14,100,1881,1881,v001,agent:DataEngineer
2026-08-28,40,14:00,voice,Meridian,2,2,2,0,11,100,1916,1916,v001,agent:DataEngineer
2026-08-28,40,14:30,voice,Meridian,2,2,2,0,14,100,2207,2207,v001,agent:DataEngineer
2026-08-28,40,15:00,voice,Meridian,3,3,3,0,10,100,1923,1923,v001,agent:DataEngineer
2026-08-28,40,15:30,voice,Meridian,2,2,2,0,13,100,2223,2223,v001,agent:DataEngineer
2026-08-28,40,16:00,voice,Meridian,2,2,2,0,12,100,2175,2175,v001,agent:DataEngineer
2026-08-28,40,16:30,voice,Meridian,2,2,2,0,14,100,2027,2027,v001,agent:DataEngineer
2026-08-28,40,17:00,voice,Meridian,1,1,1,0,12,100,1870,1870,v001,agent:DataEngineer
2026-08-28,40,17:30,voice,Meridian,1,1,1,0,11,100,1943,1943,v001,agent:DataEngineer
2026-08-28,40,18:00,voice,Meridian,1,1,1,0,11,100,2066,2066,v001,agent:DataEngineer
2026-08-28,40,18:30,voice,Meridian,1,1,1,0,13,100,1823,1823,v001,agent:DataEngineer
2026-08-28,40,19:00,voice,Meridian,1,1,1,0,13,100,1970,1970,v001,agent:DataEngineer
2026-08-28,40,19:30,voice,Meridian,0,0,0,0,0,0,0,0,v001,agent:DataEngineer
2026-08-28,40,20:00,voice,Meridian,0,0,0,0,0,0,0,0,v001,agent:DataEngineer
2026-08-28,40,20:30,voice,Meridian,0,0,0,0,0,0,0,0,v001,agent:DataEngineer
2026-08-28,40,21:00,voice,Meridian,0,0,0,0,0,0,0,0,v001,agent:DataEngineer
2026-08-28,40,21:30,voice,Meridian,0,0,0,0,0,0,0,0,v001,agent:DataEngineer
2026-08-28,40,22:00,voice,Meridian,0,0,0,0,0,0,0,0,v001,agent:DataEngineer
2026-08-28,40,22:30,voice,Meridian,0,0,0,0,0,0,0,0,v001,agent:DataEngineer
2026-08-28,40,23:00,voice,Meridian,0,0,0,0,0,0,0,0,v001,agent:DataEngineer
2026-08-28,40,23:30,voice,Meridian,0,0,0,0,0,0,0,0,v001,agent:DataEngineer
2026-08-28,40,00:00,chat,Meridian,1,1,1,0,37,100,1277,584,v001,agent:DataEngineer
2026-08-28,40,00:30,chat,Meridian,1,1,1,0,45,100,1205,551,v001,agent:DataEngineer
2026-08-28,40,01:00,chat,Meridian,1,1,1,0,52,100,1283,587,v001,agent:DataEngineer
2026-08-28,40,01:30,chat,Meridian,0,0,0,0,0,0,0,0,v001,agent:DataEngineer
2026-08-28,40,02:00,chat,Meridian,1,1,1,0,44,100,1317,602,v001,agent:DataEngineer
2026-08-28,40,02:30,chat,Meridian,0,0,0,0,0,0,0,0,v001,agent:DataEngineer
2026-08-28,40,03:00,chat,Meridian,0,0,0,0,0,0,0,0,v001,agent:DataEngineer
2026-08-28,40,03:30,chat,Meridian,1,1,1,0,43,100,1129,517,v001,agent:DataEngineer
2026-08-28,40,04:00,chat,Meridian,0,0,0,0,0,0,0,0,v001,agent:DataEngineer
2026-08-28,40,04:30,chat,Meridian,1,1,1,0,43,100,1304,596,v001,agent:DataEngineer
2026-08-28,40,05:00,chat,Meridian,1,1,1,0,42,100,1313,601,v001,agent:DataEngineer
2026-08-28,40,05:30,chat,Meridian,0,0,0,0,0,0,0,0,v001,agent:DataEngineer
2026-08-28,40,06:00,chat,Meridian,1,1,1,0,49,100,1244,569,v001,agent:DataEngineer
2026-08-28,40,06:30,chat,Meridian,1,1,1,0,42,100,1289,589,v001,agent:DataEngineer
2026-08-28,40,07:00,chat,Meridian,1,1,1,0,40,100,1221,558,v001,agent:DataEngineer
2026-08-28,40,07:30,chat,Meridian,1,1,1,0,43,100,1381,632,v001,agent:DataEngineer
2026-08-28,40,08:00,chat,Meridian,1,1,1,0,46,100,1310,599,v001,agent:DataEngineer
2026-08-28,40,08:30,chat,Meridian,2,2,2,0,44,100,1153,528,v001,agent:DataEngineer
2026-08-28,40,09:00,chat,Meridian,3,3,3,0,42,100,1230,562,v001,agent:DataEngineer
2026-08-28,40,09:30,chat,Meridian,4,4,4,0,45,100,1140,522,v001,agent:DataEngineer
2026-08-28,40,10:00,chat,Meridian,5,5,4,0,109,80,1186,542,v001,agent:DataEngineer
2026-08-28,40,10:30,chat,Meridian,4,4,3,0,127,75,1164,532,v001,agent:DataEngineer
2026-08-28,40,11:00,chat,Meridian,6,5,4,1,224,66.7,1089,498,v001,agent:DataEngineer
2026-08-28,40,11:30,chat,Meridian,5,5,5,0,50,100,1215,556,v001,agent:DataEngineer
2026-08-28,40,12:00,chat,Meridian,6,5,5,1,87,83.3,1169,535,v001,agent:DataEngineer
2026-08-28,40,12:30,chat,Meridian,4,4,3,0,136,75,1260,576,v001,agent:DataEngineer
2026-08-28,40,13:00,chat,Meridian,4,4,4,0,48,100,1225,560,v001,agent:DataEngineer
2026-08-28,40,13:30,chat,Meridian,5,5,4,0,86,80,1171,536,v001,agent:DataEngineer
2026-08-28,40,14:00,chat,Meridian,4,4,3,0,134,75,1236,565,v001,agent:DataEngineer
2026-08-28,40,14:30,chat,Meridian,4,4,4,0,39,100,1338,612,v001,agent:DataEngineer
2026-08-28,40,15:00,chat,Meridian,5,5,5,0,38,100,1191,545,v001,agent:DataEngineer
2026-08-28,40,15:30,chat,Meridian,5,4,3,1,270,60,1224,560,v001,agent:DataEngineer
2026-08-28,40,16:00,chat,Meridian,5,4,4,1,99,80,1210,554,v001,agent:DataEngineer
2026-08-28,40,16:30,chat,Meridian,4,4,4,0,48,100,1226,561,v001,agent:DataEngineer
2026-08-28,40,17:00,chat,Meridian,3,3,3,0,43,100,1133,518,v001,agent:DataEngineer
2026-08-28,40,17:30,chat,Meridian,2,2,2,0,46,100,1300,595,v001,agent:DataEngineer
2026-08-28,40,18:00,chat,Meridian,2,2,2,0,42,100,1192,545,v001,agent:DataEngineer
2026-08-28,40,18:30,chat,Meridian,1,1,1,0,43,100,1170,535,v001,agent:DataEngineer
2026-08-28,40,19:00,chat,Meridian,1,1,1,0,40,100,1212,555,v001,agent:DataEngineer
2026-08-28,40,19:30,chat,Meridian,1,1,1,0,39,100,1080,494,v001,agent:DataEngineer
2026-08-28,40,20:00,chat,Meridian,1,1,1,0,44,100,1271,581,v001,agent:DataEngineer
2026-08-28,40,20:30,chat,Meridian,0,0,0,0,0,0,0,0,v001,agent:DataEngineer
2026-08-28,40,21:00,chat,Meridian,0,0,0,0,0,0,0,0,v001,agent:DataEngineer
2026-08-28,40,21:30,chat,Meridian,1,1,1,0,42,100,1191,545,v001,agent:DataEngineer
2026-08-28,40,22:00,chat,Meridian,1,1,1,0,48,100,1217,556,v001,agent:DataEngineer
2026-08-28,40,22:30,chat,Meridian,1,1,1,0,50,100,1024,468,v001,agent:DataEngineer
2026-08-28,40,23:00,chat,Meridian,0,0,0,0,0,0,0,0,v001,agent:DataEngineer
2026-08-28,40,23:30,chat,Meridian,1,1,1,0,47,100,1238,566,v001,agent:DataEngineer
2026-08-29,41,00:00,voice,Meridian,0,0,0,0,0,0,0,0,v001,agent:DataEngineer
2026-08-29,41,00:30,voice,Meridian,0,0,0,0,0,0,0,0,v001,agent:DataEngineer
2026-08-29,41,01:00,voice,Meridian,0,0,0,0,0,0,0,0,v001,agent:DataEngineer
2026-08-29,41,01:30,voice,Meridian,0,0,0,0,0,0,0,0,v001,agent:DataEngineer
2026-08-29,41,02:00,voice,Meridian,0,0,0,0,0,0,0,0,v001,agent:DataEngineer
2026-08-29,41,02:30,voice,Meridian,0,0,0,0,0,0,0,0,v001,agent:DataEngineer
2026-08-29,41,03:00,voice,Meridian,0,0,0,0,0,0,0,0,v001,agent:DataEngineer
2026-08-29,41,03:30,voice,Meridian,0,0,0,0,0,0,0,0,v001,agent:DataEngineer
2026-08-29,41,04:00,voice,Meridian,0,0,0,0,0,0,0,0,v001,agent:DataEngineer
2026-08-29,41,04:30,voice,Meridian,0,0,0,0,0,0,0,0,v001,agent:DataEngineer
2026-08-29,41,05:00,voice,Meridian,0,0,0,0,0,0,0,0,v001,agent:DataEngineer
2026-08-29,41,05:30,voice,Meridian,0,0,0,0,0,0,0,0,v001,agent:DataEngineer
2026-08-29,41,06:00,voice,Meridian,0,0,0,0,0,0,0,0,v001,agent:DataEngineer
2026-08-29,41,06:30,voice,Meridian,0,0,0,0,0,0,0,0,v001,agent:DataEngineer
2026-08-29,41,07:00,voice,Meridian,0,0,0,0,0,0,0,0,v001,agent:DataEngineer
2026-08-29,41,07:30,voice,Meridian,1,1,1,0,12,100,2092,2092,v001,agent:DataEngineer
2026-08-29,41,08:00,voice,Meridian,1,1,1,0,12,100,1950,1950,v001,agent:DataEngineer
2026-08-29,41,08:30,voice,Meridian,1,1,1,0,12,100,2030,2030,v001,agent:DataEngineer
2026-08-29,41,09:00,voice,Meridian,1,1,1,0,11,100,2111,2111,v001,agent:DataEngineer
2026-08-29,41,09:30,voice,Meridian,1,1,1,0,12,100,2097,2097,v001,agent:DataEngineer
2026-08-29,41,10:00,voice,Meridian,2,2,2,0,13,100,2221,2221,v001,agent:DataEngineer
2026-08-29,41,10:30,voice,Meridian,2,1,1,1,225,50,2190,2190,v001,agent:DataEngineer
2026-08-29,41,11:00,voice,Meridian,1,1,1,0,12,100,1792,1792,v001,agent:DataEngineer
2026-08-29,41,11:30,voice,Meridian,2,2,2,0,12,100,1837,1837,v001,agent:DataEngineer
2026-08-29,41,12:00,voice,Meridian,1,1,1,0,13,100,2111,2111,v001,agent:DataEngineer
2026-08-29,41,12:30,voice,Meridian,1,1,1,0,12,100,1959,1959,v001,agent:DataEngineer
2026-08-29,41,13:00,voice,Meridian,1,1,1,0,12,100,2021,2021,v001,agent:DataEngineer
2026-08-29,41,13:30,voice,Meridian,2,2,2,0,12,100,2109,2109,v001,agent:DataEngineer
2026-08-29,41,14:00,voice,Meridian,2,2,2,0,12,100,1996,1996,v001,agent:DataEngineer
2026-08-29,41,14:30,voice,Meridian,1,1,1,0,10,100,2061,2061,v001,agent:DataEngineer
2026-08-29,41,15:00,voice,Meridian,1,1,1,0,13,100,2021,2021,v001,agent:DataEngineer
2026-08-29,41,15:30,voice,Meridian,2,2,2,0,10,100,2048,2048,v001,agent:DataEngineer
2026-08-29,41,16:00,voice,Meridian,1,1,1,0,13,100,1964,1964,v001,agent:DataEngineer
2026-08-29,41,16:30,voice,Meridian,1,1,1,0,12,100,2142,2142,v001,agent:DataEngineer
2026-08-29,41,17:00,voice,Meridian,1,1,1,0,13,100,2065,2065,v001,agent:DataEngineer
2026-08-29,41,17:30,voice,Meridian,1,1,1,0,14,100,2118,2118,v001,agent:DataEngineer
2026-08-29,41,18:00,voice,Meridian,1,1,1,0,11,100,2174,2174,v001,agent:DataEngineer
2026-08-29,41,18:30,voice,Meridian,1,1,1,0,13,100,2215,2215,v001,agent:DataEngineer
2026-08-29,41,19:00,voice,Meridian,0,0,0,0,0,0,0,0,v001,agent:DataEngineer
2026-08-29,41,19:30,voice,Meridian,0,0,0,0,0,0,0,0,v001,agent:DataEngineer
2026-08-29,41,20:00,voice,Meridian,0,0,0,0,0,0,0,0,v001,agent:DataEngineer
2026-08-29,41,20:30,voice,Meridian,0,0,0,0,0,0,0,0,v001,agent:DataEngineer
2026-08-29,41,21:00,voice,Meridian,0,0,0,0,0,0,0,0,v001,agent:DataEngineer
2026-08-29,41,21:30,voice,Meridian,0,0,0,0,0,0,0,0,v001,agent:DataEngineer
2026-08-29,41,22:00,voice,Meridian,0,0,0,0,0,0,0,0,v001,agent:DataEngineer
2026-08-29,41,22:30,voice,Meridian,0,0,0,0,0,0,0,0,v001,agent:DataEngineer
2026-08-29,41,23:00,voice,Meridian,0,0,0,0,0,0,0,0,v001,agent:DataEngineer
2026-08-29,41,23:30,voice,Meridian,0,0,0,0,0,0,0,0,v001,agent:DataEngineer
2026-08-29,41,00:00,chat,Meridian,0,0,0,0,0,0,0,0,v001,agent:DataEngineer
2026-08-29,41,00:30,chat,Meridian,0,0,0,0,0,0,0,0,v001,agent:DataEngineer
2026-08-29,41,01:00,chat,Meridian,0,0,0,0,0,0,0,0,v001,agent:DataEngineer
2026-08-29,41,01:30,chat,Meridian,0,0,0,0,0,0,0,0,v001,agent:DataEngineer
2026-08-29,41,02:00,chat,Meridian,0,0,0,0,0,0,0,0,v001,agent:DataEngineer
2026-08-29,41,02:30,chat,Meridian,0,0,0,0,0,0,0,0,v001,agent:DataEngineer
2026-08-29,41,03:00,chat,Meridian,1,1,1,0,40,100,1173,587,v001,agent:DataEngineer
2026-08-29,41,03:30,chat,Meridian,0,0,0,0,0,0,0,0,v001,agent:DataEngineer
2026-08-29,41,04:00,chat,Meridian,0,0,0,0,0,0,0,0,v001,agent:DataEngineer
2026-08-29,41,04:30,chat,Meridian,0,0,0,0,0,0,0,0,v001,agent:DataEngineer
2026-08-29,41,05:00,chat,Meridian,0,0,0,0,0,0,0,0,v001,agent:DataEngineer
2026-08-29,41,05:30,chat,Meridian,0,0,0,0,0,0,0,0,v001,agent:DataEngineer
2026-08-29,41,06:00,chat,Meridian,0,0,0,0,0,0,0,0,v001,agent:DataEngineer
2026-08-29,41,06:30,chat,Meridian,1,1,1,0,40,100,1185,592,v001,agent:DataEngineer
2026-08-29,41,07:00,chat,Meridian,1,1,1,0,44,100,1167,584,v001,agent:DataEngineer
2026-08-29,41,07:30,chat,Meridian,1,1,1,0,47,100,1098,549,v001,agent:DataEngineer
2026-08-29,41,08:00,chat,Meridian,1,1,1,0,39,100,1149,574,v001,agent:DataEngineer
2026-08-29,41,08:30,chat,Meridian,2,2,2,0,43,100,1012,506,v001,agent:DataEngineer
2026-08-29,41,09:00,chat,Meridian,2,2,2,0,42,100,1195,598,v001,agent:DataEngineer
2026-08-29,41,09:30,chat,Meridian,3,3,3,0,46,100,1184,592,v001,agent:DataEngineer
2026-08-29,41,10:00,chat,Meridian,2,2,2,0,52,100,1213,607,v001,agent:DataEngineer
2026-08-29,41,10:30,chat,Meridian,3,3,3,0,42,100,1023,512,v001,agent:DataEngineer
2026-08-29,41,11:00,chat,Meridian,3,3,3,0,43,100,1095,548,v001,agent:DataEngineer
2026-08-29,41,11:30,chat,Meridian,3,2,2,1,259,66.7,1048,524,v001,agent:DataEngineer
2026-08-29,41,12:00,chat,Meridian,4,4,4,0,35,100,1357,679,v001,agent:DataEngineer
2026-08-29,41,12:30,chat,Meridian,3,2,2,1,172,66.7,1175,587,v001,agent:DataEngineer
2026-08-29,41,13:00,chat,Meridian,2,2,2,0,53,100,1025,513,v001,agent:DataEngineer
2026-08-29,41,13:30,chat,Meridian,2,2,2,0,42,100,1092,546,v001,agent:DataEngineer
2026-08-29,41,14:00,chat,Meridian,3,3,3,0,45,100,1059,530,v001,agent:DataEngineer
2026-08-29,41,14:30,chat,Meridian,3,3,3,0,42,100,1098,549,v001,agent:DataEngineer
2026-08-29,41,15:00,chat,Meridian,2,2,2,0,39,100,1083,541,v001,agent:DataEngineer
2026-08-29,41,15:30,chat,Meridian,2,2,2,0,48,100,1051,525,v001,agent:DataEngineer
2026-08-29,41,16:00,chat,Meridian,3,3,3,0,53,100,993,496,v001,agent:DataEngineer
2026-08-29,41,16:30,chat,Meridian,1,1,1,0,44,100,1189,594,v001,agent:DataEngineer
2026-08-29,41,17:00,chat,Meridian,2,2,2,0,44,100,1058,529,v001,agent:DataEngineer
2026-08-29,41,17:30,chat,Meridian,1,1,1,0,44,100,1078,539,v001,agent:DataEngineer
2026-08-29,41,18:00,chat,Meridian,1,1,1,0,43,100,1140,570,v001,agent:DataEngineer
2026-08-29,41,18:30,chat,Meridian,1,1,1,0,50,100,1174,587,v001,agent:DataEngineer
2026-08-29,41,19:00,chat,Meridian,1,1,1,0,52,100,1027,514,v001,agent:DataEngineer
2026-08-29,41,19:30,chat,Meridian,1,1,1,0,43,100,1288,644,v001,agent:DataEngineer
2026-08-29,41,20:00,chat,Meridian,0,0,0,0,0,0,0,0,v001,agent:DataEngineer
2026-08-29,41,20:30,chat,Meridian,0,0,0,0,0,0,0,0,v001,agent:DataEngineer
2026-08-29,41,21:00,chat,Meridian,0,0,0,0,0,0,0,0,v001,agent:DataEngineer
2026-08-29,41,21:30,chat,Meridian,0,0,0,0,0,0,0,0,v001,agent:DataEngineer
2026-08-29,41,22:00,chat,Meridian,0,0,0,0,0,0,0,0,v001,agent:DataEngineer
2026-08-29,41,22:30,chat,Meridian,0,0,0,0,0,0,0,0,v001,agent:DataEngineer
2026-08-29,41,23:00,chat,Meridian,0,0,0,0,0,0,0,0,v001,agent:DataEngineer
2026-08-29,41,23:30,chat,Meridian,0,0,0,0,0,0,0,0,v001,agent:DataEngineer
2026-08-30,42,00:00,voice,Meridian,0,0,0,0,0,0,0,0,v001,agent:DataEngineer
2026-08-30,42,00:30,voice,Meridian,0,0,0,0,0,0,0,0,v001,agent:DataEngineer
2026-08-30,42,01:00,voice,Meridian,0,0,0,0,0,0,0,0,v001,agent:DataEngineer
2026-08-30,42,01:30,voice,Meridian,0,0,0,0,0,0,0,0,v001,agent:DataEngineer
2026-08-30,42,02:00,voice,Meridian,0,0,0,0,0,0,0,0,v001,agent:DataEngineer
2026-08-30,42,02:30,voice,Meridian,0,0,0,0,0,0,0,0,v001,agent:DataEngineer
2026-08-30,42,03:00,voice,Meridian,0,0,0,0,0,0,0,0,v001,agent:DataEngineer
2026-08-30,42,03:30,voice,Meridian,0,0,0,0,0,0,0,0,v001,agent:DataEngineer
2026-08-30,42,04:00,voice,Meridian,0,0,0,0,0,0,0,0,v001,agent:DataEngineer
2026-08-30,42,04:30,voice,Meridian,0,0,0,0,0,0,0,0,v001,agent:DataEngineer
2026-08-30,42,05:00,voice,Meridian,0,0,0,0,0,0,0,0,v001,agent:DataEngineer
2026-08-30,42,05:30,voice,Meridian,0,0,0,0,0,0,0,0,v001,agent:DataEngineer
2026-08-30,42,06:00,voice,Meridian,0,0,0,0,0,0,0,0,v001,agent:DataEngineer
2026-08-30,42,06:30,voice,Meridian,0,0,0,0,0,0,0,0,v001,agent:DataEngineer
2026-08-30,42,07:00,voice,Meridian,0,0,0,0,0,0,0,0,v001,agent:DataEngineer
2026-08-30,42,07:30,voice,Meridian,1,1,1,0,11,100,1971,1971,v001,agent:DataEngineer
2026-08-30,42,08:00,voice,Meridian,1,1,1,0,13,100,1694,1694,v001,agent:DataEngineer
2026-08-30,42,08:30,voice,Meridian,1,1,1,0,12,100,1894,1894,v001,agent:DataEngineer
2026-08-30,42,09:00,voice,Meridian,1,1,1,0,15,100,1737,1737,v001,agent:DataEngineer
2026-08-30,42,09:30,voice,Meridian,2,2,2,0,12,100,2014,2014,v001,agent:DataEngineer
2026-08-30,42,10:00,voice,Meridian,2,2,2,0,9,100,1978,1978,v001,agent:DataEngineer
2026-08-30,42,10:30,voice,Meridian,2,2,2,0,12,100,1875,1875,v001,agent:DataEngineer
2026-08-30,42,11:00,voice,Meridian,2,2,2,0,13,100,1730,1730,v001,agent:DataEngineer
2026-08-30,42,11:30,voice,Meridian,2,2,2,0,12,100,1709,1709,v001,agent:DataEngineer
2026-08-30,42,12:00,voice,Meridian,2,2,2,0,12,100,1840,1840,v001,agent:DataEngineer
2026-08-30,42,12:30,voice,Meridian,2,2,2,0,13,100,1830,1830,v001,agent:DataEngineer
2026-08-30,42,13:00,voice,Meridian,1,1,1,0,10,100,1955,1955,v001,agent:DataEngineer
2026-08-30,42,13:30,voice,Meridian,2,2,2,0,13,100,1935,1935,v001,agent:DataEngineer
2026-08-30,42,14:00,voice,Meridian,2,1,1,1,228,50,1879,1879,v001,agent:DataEngineer
2026-08-30,42,14:30,voice,Meridian,1,1,1,0,11,100,1844,1844,v001,agent:DataEngineer
2026-08-30,42,15:00,voice,Meridian,2,2,2,0,12,100,1649,1649,v001,agent:DataEngineer
2026-08-30,42,15:30,voice,Meridian,2,2,2,0,15,100,2324,2324,v001,agent:DataEngineer
2026-08-30,42,16:00,voice,Meridian,1,1,1,0,14,100,2023,2023,v001,agent:DataEngineer
2026-08-30,42,16:30,voice,Meridian,1,1,1,0,12,100,2206,2206,v001,agent:DataEngineer
2026-08-30,42,17:00,voice,Meridian,1,1,1,0,11,100,1746,1746,v001,agent:DataEngineer
2026-08-30,42,17:30,voice,Meridian,1,1,1,0,11,100,1973,1973,v001,agent:DataEngineer
2026-08-30,42,18:00,voice,Meridian,1,1,1,0,11,100,1869,1869,v001,agent:DataEngineer
2026-08-30,42,18:30,voice,Meridian,1,1,1,0,13,100,2178,2178,v001,agent:DataEngineer
2026-08-30,42,19:00,voice,Meridian,0,0,0,0,0,0,0,0,v001,agent:DataEngineer
2026-08-30,42,19:30,voice,Meridian,0,0,0,0,0,0,0,0,v001,agent:DataEngineer
2026-08-30,42,20:00,voice,Meridian,0,0,0,0,0,0,0,0,v001,agent:DataEngineer
2026-08-30,42,20:30,voice,Meridian,0,0,0,0,0,0,0,0,v001,agent:DataEngineer
2026-08-30,42,21:00,voice,Meridian,0,0,0,0,0,0,0,0,v001,agent:DataEngineer
2026-08-30,42,21:30,voice,Meridian,0,0,0,0,0,0,0,0,v001,agent:DataEngineer
2026-08-30,42,22:00,voice,Meridian,0,0,0,0,0,0,0,0,v001,agent:DataEngineer
2026-08-30,42,22:30,voice,Meridian,0,0,0,0,0,0,0,0,v001,agent:DataEngineer
2026-08-30,42,23:00,voice,Meridian,0,0,0,0,0,0,0,0,v001,agent:DataEngineer
2026-08-30,42,23:30,voice,Meridian,0,0,0,0,0,0,0,0,v001,agent:DataEngineer
2026-08-30,42,00:00,chat,Meridian,0,0,0,0,0,0,0,0,v001,agent:DataEngineer
2026-08-30,42,00:30,chat,Meridian,0,0,0,0,0,0,0,0,v001,agent:DataEngineer
2026-08-30,42,01:00,chat,Meridian,1,1,1,0,56,100,1279,640,v001,agent:DataEngineer
2026-08-30,42,01:30,chat,Meridian,0,0,0,0,0,0,0,0,v001,agent:DataEngineer
2026-08-30,42,02:00,chat,Meridian,0,0,0,0,0,0,0,0,v001,agent:DataEngineer
2026-08-30,42,02:30,chat,Meridian,0,0,0,0,0,0,0,0,v001,agent:DataEngineer
2026-08-30,42,03:00,chat,Meridian,0,0,0,0,0,0,0,0,v001,agent:DataEngineer
2026-08-30,42,03:30,chat,Meridian,0,0,0,0,0,0,0,0,v001,agent:DataEngineer
2026-08-30,42,04:00,chat,Meridian,0,0,0,0,0,0,0,0,v001,agent:DataEngineer
2026-08-30,42,04:30,chat,Meridian,1,1,1,0,46,100,1148,574,v001,agent:DataEngineer
2026-08-30,42,05:00,chat,Meridian,0,0,0,0,0,0,0,0,v001,agent:DataEngineer
2026-08-30,42,05:30,chat,Meridian,1,1,1,0,43,100,1074,537,v001,agent:DataEngineer
2026-08-30,42,06:00,chat,Meridian,0,0,0,0,0,0,0,0,v001,agent:DataEngineer
2026-08-30,42,06:30,chat,Meridian,1,1,1,0,50,100,1163,582,v001,agent:DataEngineer
2026-08-30,42,07:00,chat,Meridian,1,1,1,0,44,100,1206,603,v001,agent:DataEngineer
2026-08-30,42,07:30,chat,Meridian,1,1,1,0,46,100,1065,533,v001,agent:DataEngineer
2026-08-30,42,08:00,chat,Meridian,1,1,1,0,44,100,1102,551,v001,agent:DataEngineer
2026-08-30,42,08:30,chat,Meridian,2,2,2,0,50,100,1000,500,v001,agent:DataEngineer
2026-08-30,42,09:00,chat,Meridian,2,2,2,0,46,100,1103,552,v001,agent:DataEngineer
2026-08-30,42,09:30,chat,Meridian,3,3,3,0,40,100,1085,543,v001,agent:DataEngineer
2026-08-30,42,10:00,chat,Meridian,4,4,4,0,50,100,1181,590,v001,agent:DataEngineer
2026-08-30,42,10:30,chat,Meridian,5,4,4,1,103,80,1189,594,v001,agent:DataEngineer
2026-08-30,42,11:00,chat,Meridian,3,3,3,0,47,100,1116,558,v001,agent:DataEngineer
2026-08-30,42,11:30,chat,Meridian,3,3,3,0,46,100,1124,562,v001,agent:DataEngineer
2026-08-30,42,12:00,chat,Meridian,3,3,3,0,46,100,1080,540,v001,agent:DataEngineer
2026-08-30,42,12:30,chat,Meridian,3,3,3,0,49,100,1077,539,v001,agent:DataEngineer
2026-08-30,42,13:00,chat,Meridian,3,3,3,0,50,100,1088,544,v001,agent:DataEngineer
2026-08-30,42,13:30,chat,Meridian,2,2,2,0,42,100,1090,545,v001,agent:DataEngineer
2026-08-30,42,14:00,chat,Meridian,3,3,3,0,37,100,1213,606,v001,agent:DataEngineer
2026-08-30,42,14:30,chat,Meridian,3,3,3,0,50,100,1258,629,v001,agent:DataEngineer
2026-08-30,42,15:00,chat,Meridian,3,2,2,1,209,66.7,1190,595,v001,agent:DataEngineer
2026-08-30,42,15:30,chat,Meridian,3,3,3,0,44,100,1052,526,v001,agent:DataEngineer
2026-08-30,42,16:00,chat,Meridian,2,2,2,0,41,100,1141,570,v001,agent:DataEngineer
2026-08-30,42,16:30,chat,Meridian,2,2,2,0,48,100,1141,571,v001,agent:DataEngineer
2026-08-30,42,17:00,chat,Meridian,2,2,2,0,45,100,1045,522,v001,agent:DataEngineer
2026-08-30,42,17:30,chat,Meridian,1,1,1,0,43,100,1017,508,v001,agent:DataEngineer
2026-08-30,42,18:00,chat,Meridian,1,1,1,0,39,100,1105,552,v001,agent:DataEngineer
2026-08-30,42,18:30,chat,Meridian,1,1,1,0,41,100,1241,621,v001,agent:DataEngineer
2026-08-30,42,19:00,chat,Meridian,1,1,1,0,43,100,1056,528,v001,agent:DataEngineer
2026-08-30,42,19:30,chat,Meridian,1,1,1,0,51,100,1170,585,v001,agent:DataEngineer
2026-08-30,42,20:00,chat,Meridian,1,1,1,0,44,100,1180,590,v001,agent:DataEngineer
2026-08-30,42,20:30,chat,Meridian,1,1,1,0,45,100,1189,595,v001,agent:DataEngineer
2026-08-30,42,21:00,chat,Meridian,0,0,0,0,0,0,0,0,v001,agent:DataEngineer
2026-08-30,42,21:30,chat,Meridian,1,1,1,0,42,100,1190,595,v001,agent:DataEngineer
2026-08-30,42,22:00,chat,Meridian,0,0,0,0,0,0,0,0,v001,agent:DataEngineer
2026-08-30,42,22:30,chat,Meridian,0,0,0,0,0,0,0,0,v001,agent:DataEngineer
2026-08-30,42,23:00,chat,Meridian,0,0,0,0,0,0,0,0,v001,agent:DataEngineer
2026-08-30,42,23:30,chat,Meridian,0,0,0,0,0,0,0,0,v001,agent:DataEngineer
2026-08-31,43,00:00,voice,Meridian,0,0,0,0,0,0,0,0,v001,agent:DataEngineer
2026-08-31,43,00:30,voice,Meridian,0,0,0,0,0,0,0,0,v001,agent:DataEngineer
2026-08-31,43,01:00,voice,Meridian,1,1,1,0,11,100,1712,1712,v001,agent:DataEngineer
2026-08-31,43,01:30,voice,Meridian,0,0,0,0,0,0,0,0,v001,agent:DataEngineer
2026-08-31,43,02:00,voice,Meridian,0,0,0,0,0,0,0,0,v001,agent:DataEngineer
2026-08-31,43,02:30,voice,Meridian,0,0,0,0,0,0,0,0,v001,agent:DataEngineer
2026-08-31,43,03:00,voice,Meridian,0,0,0,0,0,0,0,0,v001,agent:DataEngineer
2026-08-31,43,03:30,voice,Meridian,0,0,0,0,0,0,0,0,v001,agent:DataEngineer
2026-08-31,43,04:00,voice,Meridian,0,0,0,0,0,0,0,0,v001,agent:DataEngineer
2026-08-31,43,04:30,voice,Meridian,1,1,1,0,14,100,1695,1695,v001,agent:DataEngineer
2026-08-31,43,05:00,voice,Meridian,1,1,1,0,11,100,1809,1809,v001,agent:DataEngineer
2026-08-31,43,05:30,voice,Meridian,0,0,0,0,0,0,0,0,v001,agent:DataEngineer
2026-08-31,43,06:00,voice,Meridian,0,0,0,0,0,0,0,0,v001,agent:DataEngineer
2026-08-31,43,06:30,voice,Meridian,1,1,1,0,14,100,1778,1778,v001,agent:DataEngineer
2026-08-31,43,07:00,voice,Meridian,1,1,1,0,11,100,1788,1788,v001,agent:DataEngineer
2026-08-31,43,07:30,voice,Meridian,1,1,1,0,12,100,2043,2043,v001,agent:DataEngineer
2026-08-31,43,08:00,voice,Meridian,1,1,1,0,11,100,1749,1749,v001,agent:DataEngineer
2026-08-31,43,08:30,voice,Meridian,2,2,2,0,11,100,1870,1870,v001,agent:DataEngineer
2026-08-31,43,09:00,voice,Meridian,3,3,3,0,12,100,1824,1824,v001,agent:DataEngineer
2026-08-31,43,09:30,voice,Meridian,3,2,1,1,438,33.3,1721,1721,v001,agent:DataEngineer
2026-08-31,43,10:00,voice,Meridian,3,2,1,1,450,33.3,1868,1868,v001,agent:DataEngineer
2026-08-31,43,10:30,voice,Meridian,4,3,3,1,78,75,1711,1711,v001,agent:DataEngineer
2026-08-31,43,11:00,voice,Meridian,5,4,1,1,597,20,1732,1732,v001,agent:DataEngineer
2026-08-31,43,11:30,voice,Meridian,3,3,2,0,109,66.7,1971,1971,v001,agent:DataEngineer
2026-08-31,43,12:00,voice,Meridian,3,3,3,0,13,100,1666,1666,v001,agent:DataEngineer
2026-08-31,43,12:30,voice,Meridian,3,3,3,0,12,100,1886,1886,v001,agent:DataEngineer
2026-08-31,43,13:00,voice,Meridian,3,3,2,0,120,66.7,1957,1957,v001,agent:DataEngineer
2026-08-31,43,13:30,voice,Meridian,3,2,1,1,421,33.3,1897,1897,v001,agent:DataEngineer
2026-08-31,43,14:00,voice,Meridian,3,3,3,0,12,100,2097,2097,v001,agent:DataEngineer
2026-08-31,43,14:30,voice,Meridian,4,3,2,1,204,50,2013,2013,v001,agent:DataEngineer
2026-08-31,43,15:00,voice,Meridian,4,4,4,0,10,100,1815,1815,v001,agent:DataEngineer
2026-08-31,43,15:30,voice,Meridian,2,2,1,0,240,50,1724,1724,v001,agent:DataEngineer
2026-08-31,43,16:00,voice,Meridian,2,2,1,0,229,50,1826,1826,v001,agent:DataEngineer
2026-08-31,43,16:30,voice,Meridian,2,2,1,0,292,50,1685,1685,v001,agent:DataEngineer
2026-08-31,43,17:00,voice,Meridian,2,2,1,0,229,50,2067,2067,v001,agent:DataEngineer
2026-08-31,43,17:30,voice,Meridian,2,2,2,0,11,100,2006,2006,v001,agent:DataEngineer
2026-08-31,43,18:00,voice,Meridian,1,1,1,0,13,100,1699,1699,v001,agent:DataEngineer
2026-08-31,43,18:30,voice,Meridian,1,1,1,0,11,100,1928,1928,v001,agent:DataEngineer
2026-08-31,43,19:00,voice,Meridian,1,1,1,0,13,100,1692,1692,v001,agent:DataEngineer
2026-08-31,43,19:30,voice,Meridian,1,1,1,0,13,100,1799,1799,v001,agent:DataEngineer
2026-08-31,43,20:00,voice,Meridian,0,0,0,0,0,0,0,0,v001,agent:DataEngineer
2026-08-31,43,20:30,voice,Meridian,1,1,1,0,12,100,1874,1874,v001,agent:DataEngineer
2026-08-31,43,21:00,voice,Meridian,1,1,1,0,12,100,1826,1826,v001,agent:DataEngineer
2026-08-31,43,21:30,voice,Meridian,0,0,0,0,0,0,0,0,v001,agent:DataEngineer
2026-08-31,43,22:00,voice,Meridian,0,0,0,0,0,0,0,0,v001,agent:DataEngineer
2026-08-31,43,22:30,voice,Meridian,0,0,0,0,0,0,0,0,v001,agent:DataEngineer
2026-08-31,43,23:00,voice,Meridian,1,1,1,0,11,100,1879,1879,v001,agent:DataEngineer
2026-08-31,43,23:30,voice,Meridian,0,0,0,0,0,0,0,0,v001,agent:DataEngineer
2026-08-31,43,00:00,chat,Meridian,1,1,1,0,47,100,1634,590,v001,agent:DataEngineer
2026-08-31,43,00:30,chat,Meridian,1,1,1,0,38,100,1566,566,v001,agent:DataEngineer
2026-08-31,43,01:00,chat,Meridian,1,1,1,0,40,100,1528,552,v001,agent:DataEngineer
2026-08-31,43,01:30,chat,Meridian,1,1,1,0,40,100,1501,543,v001,agent:DataEngineer
2026-08-31,43,02:00,chat,Meridian,1,1,1,0,44,100,1558,563,v001,agent:DataEngineer
2026-08-31,43,02:30,chat,Meridian,1,1,1,0,43,100,1588,574,v001,agent:DataEngineer
2026-08-31,43,03:00,chat,Meridian,1,1,1,0,54,100,1723,623,v001,agent:DataEngineer
2026-08-31,43,03:30,chat,Meridian,1,1,1,0,38,100,1612,583,v001,agent:DataEngineer
2026-08-31,43,04:00,chat,Meridian,1,1,1,0,51,100,1481,535,v001,agent:DataEngineer
2026-08-31,43,04:30,chat,Meridian,1,1,1,0,43,100,1671,604,v001,agent:DataEngineer
2026-08-31,43,05:00,chat,Meridian,1,1,1,0,49,100,1512,546,v001,agent:DataEngineer
2026-08-31,43,05:30,chat,Meridian,1,1,1,0,51,100,1665,601,v001,agent:DataEngineer
2026-08-31,43,06:00,chat,Meridian,1,1,1,0,42,100,1514,547,v001,agent:DataEngineer
2026-08-31,43,06:30,chat,Meridian,1,1,1,0,39,100,1505,544,v001,agent:DataEngineer
2026-08-31,43,07:00,chat,Meridian,1,1,1,0,47,100,1648,595,v001,agent:DataEngineer
2026-08-31,43,07:30,chat,Meridian,2,2,2,0,47,100,1566,566,v001,agent:DataEngineer
2026-08-31,43,08:00,chat,Meridian,2,2,2,0,42,100,1527,552,v001,agent:DataEngineer
2026-08-31,43,08:30,chat,Meridian,4,3,2,1,426,50,1600,578,v001,agent:DataEngineer
2026-08-31,43,09:00,chat,Meridian,5,4,1,1,941,20,1604,580,v001,agent:DataEngineer
2026-08-31,43,09:30,chat,Meridian,8,6,2,2,906,25,1525,551,v001,agent:DataEngineer
2026-08-31,43,10:00,chat,Meridian,6,4,1,2,1127,16.7,1629,589,v001,agent:DataEngineer
2026-08-31,43,10:30,chat,Meridian,6,4,1,2,1167,16.7,1592,575,v001,agent:DataEngineer
2026-08-31,43,11:00,chat,Meridian,5,4,1,1,1049,20,1570,567,v001,agent:DataEngineer
2026-08-31,43,11:30,chat,Meridian,6,4,1,2,1223,16.7,1612,582,v001,agent:DataEngineer
2026-08-31,43,12:00,chat,Meridian,6,5,2,1,634,33.3,1745,630,v001,agent:DataEngineer
2026-08-31,43,12:30,chat,Meridian,5,4,1,1,936,20,1358,491,v001,agent:DataEngineer
2026-08-31,43,13:00,chat,Meridian,6,4,1,2,1183,16.7,1632,590,v001,agent:DataEngineer
2026-08-31,43,13:30,chat,Meridian,6,4,2,2,750,33.3,1641,593,v001,agent:DataEngineer
2026-08-31,43,14:00,chat,Meridian,6,4,2,2,722,33.3,1742,629,v001,agent:DataEngineer
2026-08-31,43,14:30,chat,Meridian,7,5,3,2,599,42.9,1390,502,v001,agent:DataEngineer
2026-08-31,43,15:00,chat,Meridian,9,7,2,2,969,22.2,1613,583,v001,agent:DataEngineer
2026-08-31,43,15:30,chat,Meridian,6,5,3,1,385,50,1594,576,v001,agent:DataEngineer
2026-08-31,43,16:00,chat,Meridian,5,4,1,1,1084,20,1618,585,v001,agent:DataEngineer
2026-08-31,43,16:30,chat,Meridian,5,4,1,1,1115,20,1549,560,v001,agent:DataEngineer
2026-08-31,43,17:00,chat,Meridian,4,3,2,1,528,50,1597,577,v001,agent:DataEngineer
2026-08-31,43,17:30,chat,Meridian,2,2,2,0,50,100,1566,566,v001,agent:DataEngineer
2026-08-31,43,18:00,chat,Meridian,2,2,2,0,45,100,1891,683,v001,agent:DataEngineer
2026-08-31,43,18:30,chat,Meridian,2,2,2,0,46,100,1614,583,v001,agent:DataEngineer
2026-08-31,43,19:00,chat,Meridian,1,1,1,0,37,100,1541,557,v001,agent:DataEngineer
2026-08-31,43,19:30,chat,Meridian,1,1,1,0,51,100,1582,572,v001,agent:DataEngineer
2026-08-31,43,20:00,chat,Meridian,1,1,1,0,44,100,1648,595,v001,agent:DataEngineer
2026-08-31,43,20:30,chat,Meridian,1,1,1,0,46,100,1503,543,v001,agent:DataEngineer
2026-08-31,43,21:00,chat,Meridian,1,1,1,0,48,100,1441,521,v001,agent:DataEngineer
2026-08-31,43,21:30,chat,Meridian,1,1,1,0,35,100,1495,540,v001,agent:DataEngineer
2026-08-31,43,22:00,chat,Meridian,1,1,1,0,51,100,1635,591,v001,agent:DataEngineer
2026-08-31,43,22:30,chat,Meridian,1,1,1,0,49,100,1581,571,v001,agent:DataEngineer
2026-08-31,43,23:00,chat,Meridian,1,1,1,0,50,100,1554,562,v001,agent:DataEngineer
2026-08-31,43,23:30,chat,Meridian,1,1,1,0,45,100,1590,575,v001,agent:DataEngineer
