date,day,interval_start,channel,platform,offered,handled,handled_in_sl,abandoned,asa_s,sl_pct,aht_elapsed_s,aht_agent_work_s,version,actor
2026-09-01,44,00:00,voice,Meridian,0,0,0,0,0,0,0,0,v001,agent:DataEngineer
2026-09-01,44,00:30,voice,Meridian,0,0,0,0,0,0,0,0,v001,agent:DataEngineer
2026-09-01,44,01:00,voice,Meridian,1,1,1,0,12,100,1947,1947,v001,agent:DataEngineer
2026-09-01,44,01:30,voice,Meridian,0,0,0,0,0,0,0,0,v001,agent:DataEngineer
2026-09-01,44,02:00,voice,Meridian,0,0,0,0,0,0,0,0,v001,agent:DataEngineer
2026-09-01,44,02:30,voice,Meridian,1,1,1,0,13,100,1817,1817,v001,agent:DataEngineer
2026-09-01,44,03:00,voice,Meridian,0,0,0,0,0,0,0,0,v001,agent:DataEngineer
2026-09-01,44,03:30,voice,Meridian,1,1,1,0,14,100,2145,2145,v001,agent:DataEngineer
2026-09-01,44,04:00,voice,Meridian,0,0,0,0,0,0,0,0,v001,agent:DataEngineer
2026-09-01,44,04:30,voice,Meridian,0,0,0,0,0,0,0,0,v001,agent:DataEngineer
2026-09-01,44,05:00,voice,Meridian,1,1,1,0,12,100,2115,2115,v001,agent:DataEngineer
2026-09-01,44,05:30,voice,Meridian,1,1,1,0,12,100,1992,1992,v001,agent:DataEngineer
2026-09-01,44,06:00,voice,Meridian,1,1,1,0,14,100,1879,1879,v001,agent:DataEngineer
2026-09-01,44,06:30,voice,Meridian,1,1,1,0,11,100,2080,2080,v001,agent:DataEngineer
2026-09-01,44,07:00,voice,Meridian,1,1,1,0,10,100,2138,2138,v001,agent:DataEngineer
2026-09-01,44,07:30,voice,Meridian,1,1,1,0,11,100,1846,1846,v001,agent:DataEngineer
2026-09-01,44,08:00,voice,Meridian,1,1,1,0,14,100,1908,1908,v001,agent:DataEngineer
2026-09-01,44,08:30,voice,Meridian,2,2,2,0,10,100,1934,1934,v001,agent:DataEngineer
2026-09-01,44,09:00,voice,Meridian,3,3,3,0,12,100,1727,1727,v001,agent:DataEngineer
2026-09-01,44,09:30,voice,Meridian,4,3,3,1,64,75,2043,2043,v001,agent:DataEngineer
2026-09-01,44,10:00,voice,Meridian,4,3,1,1,556,25,1888,1888,v001,agent:DataEngineer
2026-09-01,44,10:30,voice,Meridian,5,4,3,1,157,60,2025,2025,v001,agent:DataEngineer
2026-09-01,44,11:00,voice,Meridian,5,4,3,1,137,60,2107,2107,v001,agent:DataEngineer
2026-09-01,44,11:30,voice,Meridian,5,4,3,1,158,60,1921,1921,v001,agent:DataEngineer
2026-09-01,44,12:00,voice,Meridian,3,3,1,0,365,33.3,1936,1936,v001,agent:DataEngineer
2026-09-01,44,12:30,voice,Meridian,3,3,1,0,374,33.3,1984,1984,v001,agent:DataEngineer
2026-09-01,44,13:00,voice,Meridian,3,3,3,0,12,100,1948,1948,v001,agent:DataEngineer
2026-09-01,44,13:30,voice,Meridian,3,3,1,0,363,33.3,1848,1848,v001,agent:DataEngineer
2026-09-01,44,14:00,voice,Meridian,3,3,3,0,12,100,1683,1683,v001,agent:DataEngineer
2026-09-01,44,14:30,voice,Meridian,3,3,3,0,14,100,1948,1948,v001,agent:DataEngineer
2026-09-01,44,15:00,voice,Meridian,4,3,3,1,74,75,1941,1941,v001,agent:DataEngineer
2026-09-01,44,15:30,voice,Meridian,3,3,1,0,379,33.3,1832,1832,v001,agent:DataEngineer
2026-09-01,44,16:00,voice,Meridian,3,3,3,0,11,100,1942,1942,v001,agent:DataEngineer
2026-09-01,44,16:30,voice,Meridian,3,3,3,0,13,100,2112,2112,v001,agent:DataEngineer
2026-09-01,44,17:00,voice,Meridian,2,2,1,0,256,50,2033,2033,v001,agent:DataEngineer
2026-09-01,44,17:30,voice,Meridian,1,1,1,0,11,100,2059,2059,v001,agent:DataEngineer
2026-09-01,44,18:00,voice,Meridian,1,1,1,0,12,100,1833,1833,v001,agent:DataEngineer
2026-09-01,44,18:30,voice,Meridian,1,1,1,0,13,100,2052,2052,v001,agent:DataEngineer
2026-09-01,44,19:00,voice,Meridian,1,1,1,0,9,100,1991,1991,v001,agent:DataEngineer
2026-09-01,44,19:30,voice,Meridian,1,1,1,0,10,100,1874,1874,v001,agent:DataEngineer
2026-09-01,44,20:00,voice,Meridian,1,1,1,0,13,100,2129,2129,v001,agent:DataEngineer
2026-09-01,44,20:30,voice,Meridian,0,0,0,0,0,0,0,0,v001,agent:DataEngineer
2026-09-01,44,21:00,voice,Meridian,1,1,1,0,13,100,1917,1917,v001,agent:DataEngineer
2026-09-01,44,21:30,voice,Meridian,0,0,0,0,0,0,0,0,v001,agent:DataEngineer
2026-09-01,44,22:00,voice,Meridian,0,0,0,0,0,0,0,0,v001,agent:DataEngineer
2026-09-01,44,22:30,voice,Meridian,0,0,0,0,0,0,0,0,v001,agent:DataEngineer
2026-09-01,44,23:00,voice,Meridian,0,0,0,0,0,0,0,0,v001,agent:DataEngineer
2026-09-01,44,23:30,voice,Meridian,0,0,0,0,0,0,0,0,v001,agent:DataEngineer
2026-09-01,44,00:00,chat,Meridian,1,1,1,0,59,100,1510,548,v001,agent:DataEngineer
2026-09-01,44,00:30,chat,Meridian,1,1,1,0,51,100,1465,532,v001,agent:DataEngineer
2026-09-01,44,01:00,chat,Meridian,1,1,1,0,41,100,1786,648,v001,agent:DataEngineer
2026-09-01,44,01:30,chat,Meridian,0,0,0,0,0,0,0,0,v001,agent:DataEngineer
2026-09-01,44,02:00,chat,Meridian,1,1,1,0,47,100,1557,566,v001,agent:DataEngineer
2026-09-01,44,02:30,chat,Meridian,1,1,1,0,54,100,1636,594,v001,agent:DataEngineer
2026-09-01,44,03:00,chat,Meridian,0,0,0,0,0,0,0,0,v001,agent:DataEngineer
2026-09-01,44,03:30,chat,Meridian,1,1,1,0,49,100,1577,573,v001,agent:DataEngineer
2026-09-01,44,04:00,chat,Meridian,0,0,0,0,0,0,0,0,v001,agent:DataEngineer
2026-09-01,44,04:30,chat,Meridian,1,1,1,0,55,100,1540,559,v001,agent:DataEngineer
2026-09-01,44,05:00,chat,Meridian,1,1,1,0,47,100,1376,500,v001,agent:DataEngineer
2026-09-01,44,05:30,chat,Meridian,1,1,1,0,47,100,1566,569,v001,agent:DataEngineer
2026-09-01,44,06:00,chat,Meridian,1,1,1,0,42,100,1354,492,v001,agent:DataEngineer
2026-09-01,44,06:30,chat,Meridian,1,1,1,0,38,100,1513,549,v001,agent:DataEngineer
2026-09-01,44,07:00,chat,Meridian,1,1,1,0,42,100,1542,560,v001,agent:DataEngineer
2026-09-01,44,07:30,chat,Meridian,2,2,2,0,45,100,1545,561,v001,agent:DataEngineer
2026-09-01,44,08:00,chat,Meridian,3,3,3,0,41,100,1576,572,v001,agent:DataEngineer
2026-09-01,44,08:30,chat,Meridian,4,3,1,1,750,25,1421,516,v001,agent:DataEngineer
2026-09-01,44,09:00,chat,Meridian,5,4,2,1,554,40,1534,557,v001,agent:DataEngineer
2026-09-01,44,09:30,chat,Meridian,7,5,3,2,583,42.9,1506,547,v001,agent:DataEngineer
2026-09-01,44,10:00,chat,Meridian,8,6,4,2,420,50,1636,594,v001,agent:DataEngineer
2026-09-01,44,10:30,chat,Meridian,8,6,2,2,895,25,1428,518,v001,agent:DataEngineer
2026-09-01,44,11:00,chat,Meridian,7,5,2,2,796,28.6,1441,523,v001,agent:DataEngineer
2026-09-01,44,11:30,chat,Meridian,9,7,3,2,662,33.3,1587,576,v001,agent:DataEngineer
2026-09-01,44,12:00,chat,Meridian,8,6,2,2,1039,25,1568,569,v001,agent:DataEngineer
2026-09-01,44,12:30,chat,Meridian,5,4,2,1,507,40,1378,500,v001,agent:DataEngineer
2026-09-01,44,13:00,chat,Meridian,7,5,1,2,997,14.3,1386,503,v001,agent:DataEngineer
2026-09-01,44,13:30,chat,Meridian,6,5,1,1,1014,16.7,1483,539,v001,agent:DataEngineer
2026-09-01,44,14:00,chat,Meridian,5,4,2,1,596,40,1519,552,v001,agent:DataEngineer
2026-09-01,44,14:30,chat,Meridian,5,4,1,1,947,20,1580,574,v001,agent:DataEngineer
2026-09-01,44,15:00,chat,Meridian,6,5,3,1,478,50,1484,539,v001,agent:DataEngineer
2026-09-01,44,15:30,chat,Meridian,7,5,3,2,500,42.9,1551,563,v001,agent:DataEngineer
2026-09-01,44,16:00,chat,Meridian,5,4,1,1,1172,20,1522,553,v001,agent:DataEngineer
2026-09-01,44,16:30,chat,Meridian,6,5,1,1,1118,16.7,1546,561,v001,agent:DataEngineer
2026-09-01,44,17:00,chat,Meridian,4,3,3,1,147,75,1638,595,v001,agent:DataEngineer
2026-09-01,44,17:30,chat,Meridian,2,2,2,0,47,100,1662,604,v001,agent:DataEngineer
2026-09-01,44,18:00,chat,Meridian,2,2,2,0,46,100,1489,541,v001,agent:DataEngineer
2026-09-01,44,18:30,chat,Meridian,1,1,1,0,37,100,1452,527,v001,agent:DataEngineer
2026-09-01,44,19:00,chat,Meridian,1,1,1,0,41,100,1542,560,v001,agent:DataEngineer
2026-09-01,44,19:30,chat,Meridian,1,1,1,0,45,100,1563,567,v001,agent:DataEngineer
2026-09-01,44,20:00,chat,Meridian,1,1,1,0,43,100,1356,492,v001,agent:DataEngineer
2026-09-01,44,20:30,chat,Meridian,1,1,1,0,38,100,1577,573,v001,agent:DataEngineer
2026-09-01,44,21:00,chat,Meridian,1,1,1,0,44,100,1510,548,v001,agent:DataEngineer
2026-09-01,44,21:30,chat,Meridian,1,1,1,0,37,100,1405,510,v001,agent:DataEngineer
2026-09-01,44,22:00,chat,Meridian,1,1,1,0,46,100,1421,516,v001,agent:DataEngineer
2026-09-01,44,22:30,chat,Meridian,1,1,1,0,42,100,1437,522,v001,agent:DataEngineer
2026-09-01,44,23:00,chat,Meridian,1,1,1,0,41,100,1543,560,v001,agent:DataEngineer
2026-09-01,44,23:30,chat,Meridian,1,1,1,0,44,100,1517,551,v001,agent:DataEngineer
2026-09-02,45,00:00,voice,Meridian,1,1,1,0,11,100,1957,1957,v001,agent:DataEngineer
2026-09-02,45,00:30,voice,Meridian,0,0,0,0,0,0,0,0,v001,agent:DataEngineer
2026-09-02,45,01:00,voice,Meridian,0,0,0,0,0,0,0,0,v001,agent:DataEngineer
2026-09-02,45,01:30,voice,Meridian,1,1,1,0,12,100,1905,1905,v001,agent:DataEngineer
2026-09-02,45,02:00,voice,Meridian,0,0,0,0,0,0,0,0,v001,agent:DataEngineer
2026-09-02,45,02:30,voice,Meridian,0,0,0,0,0,0,0,0,v001,agent:DataEngineer
2026-09-02,45,03:00,voice,Meridian,0,0,0,0,0,0,0,0,v001,agent:DataEngineer
2026-09-02,45,03:30,voice,Meridian,1,1,1,0,11,100,1806,1806,v001,agent:DataEngineer
2026-09-02,45,04:00,voice,Meridian,1,1,1,0,11,100,1927,1927,v001,agent:DataEngineer
2026-09-02,45,04:30,voice,Meridian,1,1,1,0,10,100,1817,1817,v001,agent:DataEngineer
2026-09-02,45,05:00,voice,Meridian,0,0,0,0,0,0,0,0,v001,agent:DataEngineer
2026-09-02,45,05:30,voice,Meridian,1,1,1,0,14,100,1908,1908,v001,agent:DataEngineer
2026-09-02,45,06:00,voice,Meridian,1,1,1,0,11,100,1942,1942,v001,agent:DataEngineer
2026-09-02,45,06:30,voice,Meridian,1,1,1,0,9,100,1824,1824,v001,agent:DataEngineer
2026-09-02,45,07:00,voice,Meridian,1,1,1,0,13,100,1865,1865,v001,agent:DataEngineer
2026-09-02,45,07:30,voice,Meridian,1,1,1,0,11,100,1793,1793,v001,agent:DataEngineer
2026-09-02,45,08:00,voice,Meridian,2,2,2,0,12,100,1806,1806,v001,agent:DataEngineer
2026-09-02,45,08:30,voice,Meridian,3,2,0,1,939,0,1694,1694,v001,agent:DataEngineer
2026-09-02,45,09:00,voice,Meridian,3,2,1,1,418,33.3,1812,1812,v001,agent:DataEngineer
2026-09-02,45,09:30,voice,Meridian,4,3,1,1,567,25,1795,1795,v001,agent:DataEngineer
2026-09-02,45,10:00,voice,Meridian,6,4,1,2,604,16.7,1956,1956,v001,agent:DataEngineer
2026-09-02,45,10:30,voice,Meridian,5,3,0,2,829,0,1791,1791,v001,agent:DataEngineer
2026-09-02,45,11:00,voice,Meridian,6,4,1,2,526,16.7,1854,1854,v001,agent:DataEngineer
2026-09-02,45,11:30,voice,Meridian,4,2,0,2,1004,0,1747,1747,v001,agent:DataEngineer
2026-09-02,45,12:00,voice,Meridian,4,3,1,1,571,25,1890,1890,v001,agent:DataEngineer
2026-09-02,45,12:30,voice,Meridian,4,3,1,1,677,25,1748,1748,v001,agent:DataEngineer
2026-09-02,45,13:00,voice,Meridian,3,2,1,1,394,33.3,1933,1933,v001,agent:DataEngineer
2026-09-02,45,13:30,voice,Meridian,3,2,0,1,863,0,1675,1675,v001,agent:DataEngineer
2026-09-02,45,14:00,voice,Meridian,4,3,1,1,459,25,1878,1878,v001,agent:DataEngineer
2026-09-02,45,14:30,voice,Meridian,4,3,1,1,563,25,1719,1719,v001,agent:DataEngineer
2026-09-02,45,15:00,voice,Meridian,4,3,1,1,444,25,1780,1780,v001,agent:DataEngineer
2026-09-02,45,15:30,voice,Meridian,4,3,1,1,516,25,1787,1787,v001,agent:DataEngineer
2026-09-02,45,16:00,voice,Meridian,4,3,1,1,485,25,1708,1708,v001,agent:DataEngineer
2026-09-02,45,16:30,voice,Meridian,3,2,1,1,394,33.3,1796,1796,v001,agent:DataEngineer
2026-09-02,45,17:00,voice,Meridian,2,1,1,1,206,50,1949,1949,v001,agent:DataEngineer
2026-09-02,45,17:30,voice,Meridian,1,1,1,0,13,100,1911,1911,v001,agent:DataEngineer
2026-09-02,45,18:00,voice,Meridian,1,1,1,0,13,100,1734,1734,v001,agent:DataEngineer
2026-09-02,45,18:30,voice,Meridian,1,1,1,0,10,100,2026,2026,v001,agent:DataEngineer
2026-09-02,45,19:00,voice,Meridian,1,1,1,0,11,100,1822,1822,v001,agent:DataEngineer
2026-09-02,45,19:30,voice,Meridian,1,1,1,0,11,100,1756,1756,v001,agent:DataEngineer
2026-09-02,45,20:00,voice,Meridian,0,0,0,0,0,0,0,0,v001,agent:DataEngineer
2026-09-02,45,20:30,voice,Meridian,0,0,0,0,0,0,0,0,v001,agent:DataEngineer
2026-09-02,45,21:00,voice,Meridian,0,0,0,0,0,0,0,0,v001,agent:DataEngineer
2026-09-02,45,21:30,voice,Meridian,0,0,0,0,0,0,0,0,v001,agent:DataEngineer
2026-09-02,45,22:00,voice,Meridian,1,1,1,0,14,100,1836,1836,v001,agent:DataEngineer
2026-09-02,45,22:30,voice,Meridian,0,0,0,0,0,0,0,0,v001,agent:DataEngineer
2026-09-02,45,23:00,voice,Meridian,0,0,0,0,0,0,0,0,v001,agent:DataEngineer
2026-09-02,45,23:30,voice,Meridian,1,1,1,0,11,100,1879,1879,v001,agent:DataEngineer
2026-09-02,45,00:00,chat,Meridian,1,1,1,0,43,100,1669,541,v001,agent:DataEngineer
2026-09-02,45,00:30,chat,Meridian,1,1,1,0,54,100,1691,548,v001,agent:DataEngineer
2026-09-02,45,01:00,chat,Meridian,1,1,1,0,33,100,1735,562,v001,agent:DataEngineer
2026-09-02,45,01:30,chat,Meridian,1,1,1,0,48,100,1768,573,v001,agent:DataEngineer
2026-09-02,45,02:00,chat,Meridian,1,1,1,0,39,100,1791,580,v001,agent:DataEngineer
2026-09-02,45,02:30,chat,Meridian,1,1,1,0,46,100,1619,525,v001,agent:DataEngineer
2026-09-02,45,03:00,chat,Meridian,1,1,1,0,45,100,1597,517,v001,agent:DataEngineer
2026-09-02,45,03:30,chat,Meridian,1,1,1,0,44,100,1760,570,v001,agent:DataEngineer
2026-09-02,45,04:00,chat,Meridian,1,1,1,0,44,100,1798,583,v001,agent:DataEngineer
2026-09-02,45,04:30,chat,Meridian,1,1,1,0,45,100,1857,602,v001,agent:DataEngineer
2026-09-02,45,05:00,chat,Meridian,1,1,1,0,42,100,1813,588,v001,agent:DataEngineer
2026-09-02,45,05:30,chat,Meridian,1,1,1,0,48,100,1756,569,v001,agent:DataEngineer
2026-09-02,45,06:00,chat,Meridian,1,1,1,0,45,100,1815,588,v001,agent:DataEngineer
2026-09-02,45,06:30,chat,Meridian,1,1,1,0,44,100,1806,585,v001,agent:DataEngineer
2026-09-02,45,07:00,chat,Meridian,1,1,1,0,49,100,1745,565,v001,agent:DataEngineer
2026-09-02,45,07:30,chat,Meridian,2,2,0,0,1498,0,1717,557,v001,agent:DataEngineer
2026-09-02,45,08:00,chat,Meridian,3,2,1,1,821,33.3,1866,605,v001,agent:DataEngineer
2026-09-02,45,08:30,chat,Meridian,4,3,1,1,910,25,1762,571,v001,agent:DataEngineer
2026-09-02,45,09:00,chat,Meridian,6,4,0,2,1519,0,1583,513,v001,agent:DataEngineer
2026-09-02,45,09:30,chat,Meridian,7,4,0,3,1364,0,1776,576,v001,agent:DataEngineer
2026-09-02,45,10:00,chat,Meridian,8,5,1,3,1064,12.5,1683,545,v001,agent:DataEngineer
2026-09-02,45,10:30,chat,Meridian,9,5,0,4,1716,0,1708,553,v001,agent:DataEngineer
2026-09-02,45,11:00,chat,Meridian,8,5,0,3,1743,0,1627,527,v001,agent:DataEngineer
2026-09-02,45,11:30,chat,Meridian,8,5,1,3,1249,12.5,1783,578,v001,agent:DataEngineer
2026-09-02,45,12:00,chat,Meridian,7,4,0,3,1580,0,1928,625,v001,agent:DataEngineer
2026-09-02,45,12:30,chat,Meridian,6,4,0,2,1485,0,1798,583,v001,agent:DataEngineer
2026-09-02,45,13:00,chat,Meridian,7,4,0,3,1483,0,1787,579,v001,agent:DataEngineer
2026-09-02,45,13:30,chat,Meridian,5,3,0,2,1637,0,1756,569,v001,agent:DataEngineer
2026-09-02,45,14:00,chat,Meridian,7,4,0,3,1642,0,1611,522,v001,agent:DataEngineer
2026-09-02,45,14:30,chat,Meridian,7,4,0,3,1536,0,1716,556,v001,agent:DataEngineer
2026-09-02,45,15:00,chat,Meridian,7,4,0,3,1412,0,1957,634,v001,agent:DataEngineer
2026-09-02,45,15:30,chat,Meridian,6,4,1,2,1025,16.7,1591,516,v001,agent:DataEngineer
2026-09-02,45,16:00,chat,Meridian,7,4,0,3,1423,0,1822,590,v001,agent:DataEngineer
2026-09-02,45,16:30,chat,Meridian,5,3,0,2,1447,0,1927,625,v001,agent:DataEngineer
2026-09-02,45,17:00,chat,Meridian,4,3,1,1,772,25,1660,538,v001,agent:DataEngineer
2026-09-02,45,17:30,chat,Meridian,3,2,0,1,1369,0,1779,576,v001,agent:DataEngineer
2026-09-02,45,18:00,chat,Meridian,2,2,1,0,448,50,1800,583,v001,agent:DataEngineer
2026-09-02,45,18:30,chat,Meridian,2,2,1,0,418,50,1766,572,v001,agent:DataEngineer
2026-09-02,45,19:00,chat,Meridian,1,1,1,0,49,100,1857,602,v001,agent:DataEngineer
2026-09-02,45,19:30,chat,Meridian,1,1,1,0,43,100,1729,560,v001,agent:DataEngineer
2026-09-02,45,20:00,chat,Meridian,1,1,1,0,46,100,1759,570,v001,agent:DataEngineer
2026-09-02,45,20:30,chat,Meridian,1,1,1,0,35,100,1874,607,v001,agent:DataEngineer
2026-09-02,45,21:00,chat,Meridian,1,1,1,0,45,100,1832,594,v001,agent:DataEngineer
2026-09-02,45,21:30,chat,Meridian,1,1,1,0,43,100,1688,547,v001,agent:DataEngineer
2026-09-02,45,22:00,chat,Meridian,1,1,1,0,48,100,1761,571,v001,agent:DataEngineer
2026-09-02,45,22:30,chat,Meridian,1,1,1,0,36,100,1922,623,v001,agent:DataEngineer
2026-09-02,45,23:00,chat,Meridian,1,1,1,0,45,100,1819,589,v001,agent:DataEngineer
2026-09-02,45,23:30,chat,Meridian,1,1,1,0,42,100,1804,585,v001,agent:DataEngineer
2026-09-03,46,00:00,voice,Meridian,1,1,1,0,12,100,2058,2058,v001,agent:DataEngineer
2026-09-03,46,00:30,voice,Meridian,0,0,0,0,0,0,0,0,v001,agent:DataEngineer
2026-09-03,46,01:00,voice,Meridian,0,0,0,0,0,0,0,0,v001,agent:DataEngineer
2026-09-03,46,01:30,voice,Meridian,0,0,0,0,0,0,0,0,v001,agent:DataEngineer
2026-09-03,46,02:00,voice,Meridian,0,0,0,0,0,0,0,0,v001,agent:DataEngineer
2026-09-03,46,02:30,voice,Meridian,0,0,0,0,0,0,0,0,v001,agent:DataEngineer
2026-09-03,46,03:00,voice,Meridian,1,1,1,0,10,100,1891,1891,v001,agent:DataEngineer
2026-09-03,46,03:30,voice,Meridian,0,0,0,0,0,0,0,0,v001,agent:DataEngineer
2026-09-03,46,04:00,voice,Meridian,0,0,0,0,0,0,0,0,v001,agent:DataEngineer
2026-09-03,46,04:30,voice,Meridian,1,1,1,0,13,100,1849,1849,v001,agent:DataEngineer
2026-09-03,46,05:00,voice,Meridian,0,0,0,0,0,0,0,0,v001,agent:DataEngineer
2026-09-03,46,05:30,voice,Meridian,0,0,0,0,0,0,0,0,v001,agent:DataEngineer
2026-09-03,46,06:00,voice,Meridian,0,0,0,0,0,0,0,0,v001,agent:DataEngineer
2026-09-03,46,06:30,voice,Meridian,1,1,1,0,11,100,1942,1942,v001,agent:DataEngineer
2026-09-03,46,07:00,voice,Meridian,1,1,1,0,12,100,2093,2093,v001,agent:DataEngineer
2026-09-03,46,07:30,voice,Meridian,1,1,1,0,11,100,1784,1784,v001,agent:DataEngineer
2026-09-03,46,08:00,voice,Meridian,2,2,2,0,13,100,1898,1898,v001,agent:DataEngineer
2026-09-03,46,08:30,voice,Meridian,3,3,3,0,10,100,1952,1952,v001,agent:DataEngineer
2026-09-03,46,09:00,voice,Meridian,3,2,1,1,349,33.3,2039,2039,v001,agent:DataEngineer
2026-09-03,46,09:30,voice,Meridian,4,3,1,1,662,25,2015,2015,v001,agent:DataEngineer
2026-09-03,46,10:00,voice,Meridian,4,3,1,1,547,25,1838,1838,v001,agent:DataEngineer
2026-09-03,46,10:30,voice,Meridian,6,5,3,1,251,50,1956,1956,v001,agent:DataEngineer
2026-09-03,46,11:00,voice,Meridian,5,4,3,1,138,60,1824,1824,v001,agent:DataEngineer
2026-09-03,46,11:30,voice,Meridian,4,3,1,1,468,25,1769,1769,v001,agent:DataEngineer
2026-09-03,46,12:00,voice,Meridian,4,4,4,0,11,100,1839,1839,v001,agent:DataEngineer
2026-09-03,46,12:30,voice,Meridian,3,3,2,0,107,66.7,1897,1897,v001,agent:DataEngineer
2026-09-03,46,13:00,voice,Meridian,3,2,1,1,476,33.3,2116,2116,v001,agent:DataEngineer
2026-09-03,46,13:30,voice,Meridian,4,3,2,1,238,50,2092,2092,v001,agent:DataEngineer
2026-09-03,46,14:00,voice,Meridian,5,4,1,1,499,20,2136,2136,v001,agent:DataEngineer
2026-09-03,46,14:30,voice,Meridian,4,3,1,1,541,25,1970,1970,v001,agent:DataEngineer
2026-09-03,46,15:00,voice,Meridian,4,4,4,0,11,100,1966,1966,v001,agent:DataEngineer
2026-09-03,46,15:30,voice,Meridian,4,3,1,1,578,25,2136,2136,v001,agent:DataEngineer
2026-09-03,46,16:00,voice,Meridian,2,2,1,0,222,50,2017,2017,v001,agent:DataEngineer
2026-09-03,46,16:30,voice,Meridian,3,3,2,0,124,66.7,1940,1940,v001,agent:DataEngineer
2026-09-03,46,17:00,voice,Meridian,3,3,3,0,12,100,1817,1817,v001,agent:DataEngineer
2026-09-03,46,17:30,voice,Meridian,2,2,2,0,11,100,2045,2045,v001,agent:DataEngineer
2026-09-03,46,18:00,voice,Meridian,1,1,1,0,12,100,1922,1922,v001,agent:DataEngineer
2026-09-03,46,18:30,voice,Meridian,1,1,1,0,13,100,1934,1934,v001,agent:DataEngineer
2026-09-03,46,19:00,voice,Meridian,1,1,1,0,12,100,2173,2173,v001,agent:DataEngineer
2026-09-03,46,19:30,voice,Meridian,1,1,1,0,14,100,1754,1754,v001,agent:DataEngineer
2026-09-03,46,20:00,voice,Meridian,1,1,1,0,13,100,1919,1919,v001,agent:DataEngineer
2026-09-03,46,20:30,voice,Meridian,0,0,0,0,0,0,0,0,v001,agent:DataEngineer
2026-09-03,46,21:00,voice,Meridian,0,0,0,0,0,0,0,0,v001,agent:DataEngineer
2026-09-03,46,21:30,voice,Meridian,1,1,1,0,13,100,2245,2245,v001,agent:DataEngineer
2026-09-03,46,22:00,voice,Meridian,1,1,1,0,13,100,1928,1928,v001,agent:DataEngineer
2026-09-03,46,22:30,voice,Meridian,0,0,0,0,0,0,0,0,v001,agent:DataEngineer
2026-09-03,46,23:00,voice,Meridian,0,0,0,0,0,0,0,0,v001,agent:DataEngineer
2026-09-03,46,23:30,voice,Meridian,0,0,0,0,0,0,0,0,v001,agent:DataEngineer
2026-09-03,46,00:00,chat,Meridian,1,1,1,0,44,100,1446,503,v001,agent:DataEngineer
2026-09-03,46,00:30,chat,Meridian,1,1,1,0,40,100,1366,475,v001,agent:DataEngineer
2026-09-03,46,01:00,chat,Meridian,0,0,0,0,0,0,0,0,v001,agent:DataEngineer
2026-09-03,46,01:30,chat,Meridian,1,1,1,0,51,100,1476,513,v001,agent:DataEngineer
2026-09-03,46,02:00,chat,Meridian,1,1,1,0,48,100,1379,480,v001,agent:DataEngineer
2026-09-03,46,02:30,chat,Meridian,1,1,1,0,50,100,1439,501,v001,agent:DataEngineer
2026-09-03,46,03:00,chat,Meridian,1,1,1,0,44,100,1369,476,v001,agent:DataEngineer
2026-09-03,46,03:30,chat,Meridian,0,0,0,0,0,0,0,0,v001,agent:DataEngineer
2026-09-03,46,04:00,chat,Meridian,1,1,1,0,51,100,1509,525,v001,agent:DataEngineer
2026-09-03,46,04:30,chat,Meridian,0,0,0,0,0,0,0,0,v001,agent:DataEngineer
2026-09-03,46,05:00,chat,Meridian,1,1,1,0,47,100,1482,515,v001,agent:DataEngineer
2026-09-03,46,05:30,chat,Meridian,1,1,1,0,42,100,1521,529,v001,agent:DataEngineer
2026-09-03,46,06:00,chat,Meridian,1,1,1,0,41,100,1617,563,v001,agent:DataEngineer
2026-09-03,46,06:30,chat,Meridian,1,1,1,0,41,100,1481,515,v001,agent:DataEngineer
2026-09-03,46,07:00,chat,Meridian,1,1,1,0,42,100,1514,527,v001,agent:DataEngineer
2026-09-03,46,07:30,chat,Meridian,2,2,2,0,38,100,1514,527,v001,agent:DataEngineer
2026-09-03,46,08:00,chat,Meridian,2,2,1,0,464,50,1577,549,v001,agent:DataEngineer
2026-09-03,46,08:30,chat,Meridian,4,4,2,0,399,50,1477,514,v001,agent:DataEngineer
2026-09-03,46,09:00,chat,Meridian,5,4,1,1,973,20,1584,551,v001,agent:DataEngineer
2026-09-03,46,09:30,chat,Meridian,7,5,2,2,763,28.6,1435,499,v001,agent:DataEngineer
2026-09-03,46,10:00,chat,Meridian,6,5,2,1,658,33.3,1475,513,v001,agent:DataEngineer
2026-09-03,46,10:30,chat,Meridian,7,5,1,2,1049,14.3,1390,483,v001,agent:DataEngineer
2026-09-03,46,11:00,chat,Meridian,8,5,1,3,1288,12.5,1403,488,v001,agent:DataEngineer
2026-09-03,46,11:30,chat,Meridian,8,5,1,3,1208,12.5,1465,509,v001,agent:DataEngineer
2026-09-03,46,12:00,chat,Meridian,6,4,0,2,2001,0,1508,524,v001,agent:DataEngineer
2026-09-03,46,12:30,chat,Meridian,7,5,2,2,856,28.6,1432,498,v001,agent:DataEngineer
2026-09-03,46,13:00,chat,Meridian,5,4,1,1,961,20,1441,501,v001,agent:DataEngineer
2026-09-03,46,13:30,chat,Meridian,6,4,1,2,922,16.7,1543,537,v001,agent:DataEngineer
2026-09-03,46,14:00,chat,Meridian,5,4,1,1,949,20,1464,509,v001,agent:DataEngineer
2026-09-03,46,14:30,chat,Meridian,6,4,1,2,971,16.7,1515,527,v001,agent:DataEngineer
2026-09-03,46,15:00,chat,Meridian,5,3,1,2,833,20,1470,511,v001,agent:DataEngineer
2026-09-03,46,15:30,chat,Meridian,5,4,2,1,568,40,1626,566,v001,agent:DataEngineer
2026-09-03,46,16:00,chat,Meridian,5,3,1,2,1218,20,1600,556,v001,agent:DataEngineer
2026-09-03,46,16:30,chat,Meridian,5,3,1,2,958,20,1500,522,v001,agent:DataEngineer
2026-09-03,46,17:00,chat,Meridian,4,3,2,1,400,50,1547,538,v001,agent:DataEngineer
2026-09-03,46,17:30,chat,Meridian,3,2,1,1,843,33.3,1480,515,v001,agent:DataEngineer
2026-09-03,46,18:00,chat,Meridian,2,2,2,0,40,100,1461,508,v001,agent:DataEngineer
2026-09-03,46,18:30,chat,Meridian,1,1,1,0,47,100,1750,609,v001,agent:DataEngineer
2026-09-03,46,19:00,chat,Meridian,1,1,1,0,41,100,1453,505,v001,agent:DataEngineer
2026-09-03,46,19:30,chat,Meridian,1,1,1,0,42,100,1453,505,v001,agent:DataEngineer
2026-09-03,46,20:00,chat,Meridian,1,1,1,0,51,100,1505,524,v001,agent:DataEngineer
2026-09-03,46,20:30,chat,Meridian,1,1,1,0,39,100,1519,528,v001,agent:DataEngineer
2026-09-03,46,21:00,chat,Meridian,0,0,0,0,0,0,0,0,v001,agent:DataEngineer
2026-09-03,46,21:30,chat,Meridian,0,0,0,0,0,0,0,0,v001,agent:DataEngineer
2026-09-03,46,22:00,chat,Meridian,1,1,1,0,51,100,1443,502,v001,agent:DataEngineer
2026-09-03,46,22:30,chat,Meridian,1,1,1,0,47,100,1379,479,v001,agent:DataEngineer
2026-09-03,46,23:00,chat,Meridian,1,1,1,0,34,100,1722,599,v001,agent:DataEngineer
2026-09-03,46,23:30,chat,Meridian,1,1,1,0,52,100,1434,499,v001,agent:DataEngineer
2026-09-04,47,00:00,voice,Meridian,0,0,0,0,0,0,0,0,v001,agent:DataEngineer
2026-09-04,47,00:30,voice,Meridian,0,0,0,0,0,0,0,0,v001,agent:DataEngineer
2026-09-04,47,01:00,voice,Meridian,1,1,1,0,11,100,2140,2140,v001,agent:DataEngineer
2026-09-04,47,01:30,voice,Meridian,0,0,0,0,0,0,0,0,v001,agent:DataEngineer
2026-09-04,47,02:00,voice,Meridian,1,1,1,0,13,100,1866,1866,v001,agent:DataEngineer
2026-09-04,47,02:30,voice,Meridian,0,0,0,0,0,0,0,0,v001,agent:DataEngineer
2026-09-04,47,03:00,voice,Meridian,0,0,0,0,0,0,0,0,v001,agent:DataEngineer
2026-09-04,47,03:30,voice,Meridian,0,0,0,0,0,0,0,0,v001,agent:DataEngineer
2026-09-04,47,04:00,voice,Meridian,0,0,0,0,0,0,0,0,v001,agent:DataEngineer
2026-09-04,47,04:30,voice,Meridian,1,1,1,0,12,100,2101,2101,v001,agent:DataEngineer
2026-09-04,47,05:00,voice,Meridian,1,1,1,0,13,100,1952,1952,v001,agent:DataEngineer
2026-09-04,47,05:30,voice,Meridian,0,0,0,0,0,0,0,0,v001,agent:DataEngineer
2026-09-04,47,06:00,voice,Meridian,0,0,0,0,0,0,0,0,v001,agent:DataEngineer
2026-09-04,47,06:30,voice,Meridian,1,1,1,0,13,100,1983,1983,v001,agent:DataEngineer
2026-09-04,47,07:00,voice,Meridian,1,1,1,0,13,100,2074,2074,v001,agent:DataEngineer
2026-09-04,47,07:30,voice,Meridian,1,1,1,0,11,100,1748,1748,v001,agent:DataEngineer
2026-09-04,47,08:00,voice,Meridian,2,2,2,0,11,100,1852,1852,v001,agent:DataEngineer
2026-09-04,47,08:30,voice,Meridian,3,3,2,0,123,66.7,1949,1949,v001,agent:DataEngineer
2026-09-04,47,09:00,voice,Meridian,3,3,1,0,396,33.3,1936,1936,v001,agent:DataEngineer
2026-09-04,47,09:30,voice,Meridian,4,3,2,1,212,50,2027,2027,v001,agent:DataEngineer
2026-09-04,47,10:00,voice,Meridian,6,5,2,1,535,33.3,1766,1766,v001,agent:DataEngineer
2026-09-04,47,10:30,voice,Meridian,5,4,2,1,318,40,1834,1834,v001,agent:DataEngineer
2026-09-04,47,11:00,voice,Meridian,4,3,1,1,492,25,2018,2018,v001,agent:DataEngineer
2026-09-04,47,11:30,voice,Meridian,4,3,1,1,472,25,1917,1917,v001,agent:DataEngineer
2026-09-04,47,12:00,voice,Meridian,4,3,2,1,226,50,1789,1789,v001,agent:DataEngineer
2026-09-04,47,12:30,voice,Meridian,3,3,1,0,446,33.3,1807,1807,v001,agent:DataEngineer
2026-09-04,47,13:00,voice,Meridian,3,2,1,1,470,33.3,2035,2035,v001,agent:DataEngineer
2026-09-04,47,13:30,voice,Meridian,4,4,4,0,13,100,1955,1955,v001,agent:DataEngineer
2026-09-04,47,14:00,voice,Meridian,4,3,1,1,514,25,1894,1894,v001,agent:DataEngineer
2026-09-04,47,14:30,voice,Meridian,4,3,1,1,457,25,1827,1827,v001,agent:DataEngineer
2026-09-04,47,15:00,voice,Meridian,4,3,2,1,190,50,1868,1868,v001,agent:DataEngineer
2026-09-04,47,15:30,voice,Meridian,4,3,3,1,77,75,1869,1869,v001,agent:DataEngineer
2026-09-04,47,16:00,voice,Meridian,3,2,1,1,471,33.3,1932,1932,v001,agent:DataEngineer
2026-09-04,47,16:30,voice,Meridian,3,3,2,0,125,66.7,2046,2046,v001,agent:DataEngineer
2026-09-04,47,17:00,voice,Meridian,2,2,2,0,11,100,2113,2113,v001,agent:DataEngineer
2026-09-04,47,17:30,voice,Meridian,2,2,2,0,13,100,2148,2148,v001,agent:DataEngineer
2026-09-04,47,18:00,voice,Meridian,1,1,1,0,12,100,1879,1879,v001,agent:DataEngineer
2026-09-04,47,18:30,voice,Meridian,1,1,1,0,13,100,1918,1918,v001,agent:DataEngineer
2026-09-04,47,19:00,voice,Meridian,1,1,1,0,13,100,1990,1990,v001,agent:DataEngineer
2026-09-04,47,19:30,voice,Meridian,0,0,0,0,0,0,0,0,v001,agent:DataEngineer
2026-09-04,47,20:00,voice,Meridian,1,1,1,0,12,100,2115,2115,v001,agent:DataEngineer
2026-09-04,47,20:30,voice,Meridian,1,1,1,0,13,100,2070,2070,v001,agent:DataEngineer
2026-09-04,47,21:00,voice,Meridian,1,1,1,0,11,100,1916,1916,v001,agent:DataEngineer
2026-09-04,47,21:30,voice,Meridian,1,1,1,0,12,100,2082,2082,v001,agent:DataEngineer
2026-09-04,47,22:00,voice,Meridian,1,1,1,0,12,100,1820,1820,v001,agent:DataEngineer
2026-09-04,47,22:30,voice,Meridian,0,0,0,0,0,0,0,0,v001,agent:DataEngineer
2026-09-04,47,23:00,voice,Meridian,1,1,1,0,10,100,1780,1780,v001,agent:DataEngineer
2026-09-04,47,23:30,voice,Meridian,0,0,0,0,0,0,0,0,v001,agent:DataEngineer
2026-09-04,47,00:00,chat,Meridian,1,1,1,0,45,100,1546,537,v001,agent:DataEngineer
2026-09-04,47,00:30,chat,Meridian,1,1,1,0,51,100,1431,497,v001,agent:DataEngineer
2026-09-04,47,01:00,chat,Meridian,1,1,1,0,45,100,1555,540,v001,agent:DataEngineer
2026-09-04,47,01:30,chat,Meridian,0,0,0,0,0,0,0,0,v001,agent:DataEngineer
2026-09-04,47,02:00,chat,Meridian,1,1,1,0,36,100,1386,481,v001,agent:DataEngineer
2026-09-04,47,02:30,chat,Meridian,1,1,1,0,38,100,1539,534,v001,agent:DataEngineer
2026-09-04,47,03:00,chat,Meridian,1,1,1,0,43,100,1493,518,v001,agent:DataEngineer
2026-09-04,47,03:30,chat,Meridian,1,1,1,0,40,100,1484,515,v001,agent:DataEngineer
2026-09-04,47,04:00,chat,Meridian,1,1,1,0,43,100,1434,498,v001,agent:DataEngineer
2026-09-04,47,04:30,chat,Meridian,0,0,0,0,0,0,0,0,v001,agent:DataEngineer
2026-09-04,47,05:00,chat,Meridian,1,1,1,0,46,100,1559,541,v001,agent:DataEngineer
2026-09-04,47,05:30,chat,Meridian,1,1,1,0,40,100,1691,587,v001,agent:DataEngineer
2026-09-04,47,06:00,chat,Meridian,1,1,1,0,41,100,1686,585,v001,agent:DataEngineer
2026-09-04,47,06:30,chat,Meridian,1,1,1,0,39,100,1433,498,v001,agent:DataEngineer
2026-09-04,47,07:00,chat,Meridian,1,1,1,0,56,100,1561,542,v001,agent:DataEngineer
2026-09-04,47,07:30,chat,Meridian,2,2,1,0,391,50,1637,568,v001,agent:DataEngineer
2026-09-04,47,08:00,chat,Meridian,2,2,1,0,400,50,1465,509,v001,agent:DataEngineer
2026-09-04,47,08:30,chat,Meridian,3,2,1,1,926,33.3,1543,536,v001,agent:DataEngineer
2026-09-04,47,09:00,chat,Meridian,4,3,1,1,952,25,1225,425,v001,agent:DataEngineer
2026-09-04,47,09:30,chat,Meridian,6,4,1,2,1092,16.7,1600,555,v001,agent:DataEngineer
2026-09-04,47,10:00,chat,Meridian,8,5,1,3,1197,12.5,1563,543,v001,agent:DataEngineer
2026-09-04,47,10:30,chat,Meridian,8,6,1,2,1160,12.5,1333,463,v001,agent:DataEngineer
2026-09-04,47,11:00,chat,Meridian,6,4,1,2,1125,16.7,1499,520,v001,agent:DataEngineer
2026-09-04,47,11:30,chat,Meridian,6,4,1,2,1095,16.7,1456,505,v001,agent:DataEngineer
2026-09-04,47,12:00,chat,Meridian,6,4,1,2,938,16.7,1423,494,v001,agent:DataEngineer
2026-09-04,47,12:30,chat,Meridian,4,3,1,1,933,25,1501,521,v001,agent:DataEngineer
2026-09-04,47,13:00,chat,Meridian,6,4,0,2,1511,0,1569,545,v001,agent:DataEngineer
2026-09-04,47,13:30,chat,Meridian,5,3,1,2,996,20,1607,558,v001,agent:DataEngineer
2026-09-04,47,14:00,chat,Meridian,5,3,1,2,1047,20,1409,489,v001,agent:DataEngineer
2026-09-04,47,14:30,chat,Meridian,5,4,1,1,1020,20,1533,532,v001,agent:DataEngineer
2026-09-04,47,15:00,chat,Meridian,5,3,0,2,1565,0,1406,488,v001,agent:DataEngineer
2026-09-04,47,15:30,chat,Meridian,6,4,1,2,1232,16.7,1599,555,v001,agent:DataEngineer
2026-09-04,47,16:00,chat,Meridian,6,4,1,2,795,16.7,1517,527,v001,agent:DataEngineer
2026-09-04,47,16:30,chat,Meridian,4,3,1,1,1025,25,1521,528,v001,agent:DataEngineer
2026-09-04,47,17:00,chat,Meridian,4,3,1,1,962,25,1544,536,v001,agent:DataEngineer
2026-09-04,47,17:30,chat,Meridian,3,2,1,1,692,33.3,1370,475,v001,agent:DataEngineer
2026-09-04,47,18:00,chat,Meridian,2,2,2,0,49,100,1730,600,v001,agent:DataEngineer
2026-09-04,47,18:30,chat,Meridian,1,1,1,0,41,100,1583,550,v001,agent:DataEngineer
2026-09-04,47,19:00,chat,Meridian,1,1,1,0,44,100,1427,495,v001,agent:DataEngineer
2026-09-04,47,19:30,chat,Meridian,1,1,1,0,56,100,1521,528,v001,agent:DataEngineer
2026-09-04,47,20:00,chat,Meridian,1,1,1,0,40,100,1560,542,v001,agent:DataEngineer
2026-09-04,47,20:30,chat,Meridian,1,1,1,0,37,100,1578,548,v001,agent:DataEngineer
2026-09-04,47,21:00,chat,Meridian,1,1,1,0,41,100,1355,470,v001,agent:DataEngineer
2026-09-04,47,21:30,chat,Meridian,1,1,1,0,50,100,1508,523,v001,agent:DataEngineer
2026-09-04,47,22:00,chat,Meridian,1,1,1,0,45,100,1772,615,v001,agent:DataEngineer
2026-09-04,47,22:30,chat,Meridian,1,1,1,0,48,100,1548,537,v001,agent:DataEngineer
2026-09-04,47,23:00,chat,Meridian,0,0,0,0,0,0,0,0,v001,agent:DataEngineer
2026-09-04,47,23:30,chat,Meridian,1,1,1,0,51,100,1566,544,v001,agent:DataEngineer
2026-09-05,48,00:00,voice,Meridian,1,1,1,0,10,100,1857,1857,v001,agent:DataEngineer
2026-09-05,48,00:30,voice,Meridian,0,0,0,0,0,0,0,0,v001,agent:DataEngineer
2026-09-05,48,01:00,voice,Meridian,0,0,0,0,0,0,0,0,v001,agent:DataEngineer
2026-09-05,48,01:30,voice,Meridian,0,0,0,0,0,0,0,0,v001,agent:DataEngineer
2026-09-05,48,02:00,voice,Meridian,0,0,0,0,0,0,0,0,v001,agent:DataEngineer
2026-09-05,48,02:30,voice,Meridian,0,0,0,0,0,0,0,0,v001,agent:DataEngineer
2026-09-05,48,03:00,voice,Meridian,0,0,0,0,0,0,0,0,v001,agent:DataEngineer
2026-09-05,48,03:30,voice,Meridian,0,0,0,0,0,0,0,0,v001,agent:DataEngineer
2026-09-05,48,04:00,voice,Meridian,0,0,0,0,0,0,0,0,v001,agent:DataEngineer
2026-09-05,48,04:30,voice,Meridian,0,0,0,0,0,0,0,0,v001,agent:DataEngineer
2026-09-05,48,05:00,voice,Meridian,0,0,0,0,0,0,0,0,v001,agent:DataEngineer
2026-09-05,48,05:30,voice,Meridian,0,0,0,0,0,0,0,0,v001,agent:DataEngineer
2026-09-05,48,06:00,voice,Meridian,0,0,0,0,0,0,0,0,v001,agent:DataEngineer
2026-09-05,48,06:30,voice,Meridian,1,1,1,0,12,100,2007,2007,v001,agent:DataEngineer
2026-09-05,48,07:00,voice,Meridian,1,1,1,0,13,100,2074,2074,v001,agent:DataEngineer
2026-09-05,48,07:30,voice,Meridian,1,1,1,0,13,100,2368,2368,v001,agent:DataEngineer
2026-09-05,48,08:00,voice,Meridian,1,1,1,0,13,100,1910,1910,v001,agent:DataEngineer
2026-09-05,48,08:30,voice,Meridian,1,1,1,0,12,100,2333,2333,v001,agent:DataEngineer
2026-09-05,48,09:00,voice,Meridian,2,2,2,0,12,100,2191,2191,v001,agent:DataEngineer
2026-09-05,48,09:30,voice,Meridian,2,2,2,0,13,100,2205,2205,v001,agent:DataEngineer
2026-09-05,48,10:00,voice,Meridian,2,2,2,0,12,100,2056,2056,v001,agent:DataEngineer
2026-09-05,48,10:30,voice,Meridian,3,3,3,0,11,100,2152,2152,v001,agent:DataEngineer
2026-09-05,48,11:00,voice,Meridian,3,3,2,0,111,66.7,2323,2323,v001,agent:DataEngineer
2026-09-05,48,11:30,voice,Meridian,2,2,2,0,10,100,2387,2387,v001,agent:DataEngineer
2026-09-05,48,12:00,voice,Meridian,2,2,2,0,13,100,2016,2016,v001,agent:DataEngineer
2026-09-05,48,12:30,voice,Meridian,2,2,2,0,11,100,2060,2060,v001,agent:DataEngineer
2026-09-05,48,13:00,voice,Meridian,2,2,2,0,10,100,2224,2224,v001,agent:DataEngineer
2026-09-05,48,13:30,voice,Meridian,2,2,2,0,12,100,1837,1837,v001,agent:DataEngineer
2026-09-05,48,14:00,voice,Meridian,2,2,2,0,11,100,2045,2045,v001,agent:DataEngineer
2026-09-05,48,14:30,voice,Meridian,3,2,2,1,97,66.7,1929,1929,v001,agent:DataEngineer
2026-09-05,48,15:00,voice,Meridian,2,2,2,0,12,100,1854,1854,v001,agent:DataEngineer
2026-09-05,48,15:30,voice,Meridian,2,2,2,0,10,100,2067,2067,v001,agent:DataEngineer
2026-09-05,48,16:00,voice,Meridian,2,2,2,0,12,100,2073,2073,v001,agent:DataEngineer
2026-09-05,48,16:30,voice,Meridian,2,2,2,0,13,100,2158,2158,v001,agent:DataEngineer
2026-09-05,48,17:00,voice,Meridian,1,1,1,0,15,100,2113,2113,v001,agent:DataEngineer
2026-09-05,48,17:30,voice,Meridian,1,1,1,0,14,100,2203,2203,v001,agent:DataEngineer
2026-09-05,48,18:00,voice,Meridian,1,1,1,0,11,100,1896,1896,v001,agent:DataEngineer
2026-09-05,48,18:30,voice,Meridian,1,1,1,0,13,100,2141,2141,v001,agent:DataEngineer
2026-09-05,48,19:00,voice,Meridian,1,1,1,0,12,100,2432,2432,v001,agent:DataEngineer
2026-09-05,48,19:30,voice,Meridian,1,1,1,0,12,100,2281,2281,v001,agent:DataEngineer
2026-09-05,48,20:00,voice,Meridian,0,0,0,0,0,0,0,0,v001,agent:DataEngineer
2026-09-05,48,20:30,voice,Meridian,1,1,1,0,13,100,2268,2268,v001,agent:DataEngineer
2026-09-05,48,21:00,voice,Meridian,0,0,0,0,0,0,0,0,v001,agent:DataEngineer
2026-09-05,48,21:30,voice,Meridian,0,0,0,0,0,0,0,0,v001,agent:DataEngineer
2026-09-05,48,22:00,voice,Meridian,0,0,0,0,0,0,0,0,v001,agent:DataEngineer
2026-09-05,48,22:30,voice,Meridian,0,0,0,0,0,0,0,0,v001,agent:DataEngineer
2026-09-05,48,23:00,voice,Meridian,0,0,0,0,0,0,0,0,v001,agent:DataEngineer
2026-09-05,48,23:30,voice,Meridian,0,0,0,0,0,0,0,0,v001,agent:DataEngineer
2026-09-05,48,00:00,chat,Meridian,0,0,0,0,0,0,0,0,v001,agent:DataEngineer
2026-09-05,48,00:30,chat,Meridian,0,0,0,0,0,0,0,0,v001,agent:DataEngineer
2026-09-05,48,01:00,chat,Meridian,0,0,0,0,0,0,0,0,v001,agent:DataEngineer
2026-09-05,48,01:30,chat,Meridian,0,0,0,0,0,0,0,0,v001,agent:DataEngineer
2026-09-05,48,02:00,chat,Meridian,0,0,0,0,0,0,0,0,v001,agent:DataEngineer
2026-09-05,48,02:30,chat,Meridian,0,0,0,0,0,0,0,0,v001,agent:DataEngineer
2026-09-05,48,03:00,chat,Meridian,0,0,0,0,0,0,0,0,v001,agent:DataEngineer
2026-09-05,48,03:30,chat,Meridian,0,0,0,0,0,0,0,0,v001,agent:DataEngineer
2026-09-05,48,04:00,chat,Meridian,0,0,0,0,0,0,0,0,v001,agent:DataEngineer
2026-09-05,48,04:30,chat,Meridian,0,0,0,0,0,0,0,0,v001,agent:DataEngineer
2026-09-05,48,05:00,chat,Meridian,0,0,0,0,0,0,0,0,v001,agent:DataEngineer
2026-09-05,48,05:30,chat,Meridian,0,0,0,0,0,0,0,0,v001,agent:DataEngineer
2026-09-05,48,06:00,chat,Meridian,1,1,1,0,47,100,1171,545,v001,agent:DataEngineer
2026-09-05,48,06:30,chat,Meridian,1,1,1,0,41,100,1154,537,v001,agent:DataEngineer
2026-09-05,48,07:00,chat,Meridian,1,1,1,0,46,100,1289,600,v001,agent:DataEngineer
2026-09-05,48,07:30,chat,Meridian,1,1,1,0,43,100,1264,588,v001,agent:DataEngineer
2026-09-05,48,08:00,chat,Meridian,1,1,1,0,41,100,1215,565,v001,agent:DataEngineer
2026-09-05,48,08:30,chat,Meridian,2,2,2,0,39,100,1298,604,v001,agent:DataEngineer
2026-09-05,48,09:00,chat,Meridian,2,2,2,0,47,100,1164,542,v001,agent:DataEngineer
2026-09-05,48,09:30,chat,Meridian,4,4,3,0,143,75,1197,557,v001,agent:DataEngineer
2026-09-05,48,10:00,chat,Meridian,4,4,4,0,46,100,1169,544,v001,agent:DataEngineer
2026-09-05,48,10:30,chat,Meridian,4,3,3,1,143,75,1263,587,v001,agent:DataEngineer
2026-09-05,48,11:00,chat,Meridian,3,3,3,0,46,100,1129,525,v001,agent:DataEngineer
2026-09-05,48,11:30,chat,Meridian,4,3,3,1,154,75,1249,581,v001,agent:DataEngineer
2026-09-05,48,12:00,chat,Meridian,3,3,3,0,40,100,1107,515,v001,agent:DataEngineer
2026-09-05,48,12:30,chat,Meridian,3,3,3,0,39,100,1179,548,v001,agent:DataEngineer
2026-09-05,48,13:00,chat,Meridian,3,3,3,0,44,100,1154,537,v001,agent:DataEngineer
2026-09-05,48,13:30,chat,Meridian,3,3,3,0,36,100,1291,600,v001,agent:DataEngineer
2026-09-05,48,14:00,chat,Meridian,3,3,2,0,167,66.7,1297,603,v001,agent:DataEngineer
2026-09-05,48,14:30,chat,Meridian,3,3,3,0,38,100,1184,551,v001,agent:DataEngineer
2026-09-05,48,15:00,chat,Meridian,3,3,3,0,43,100,1246,580,v001,agent:DataEngineer
2026-09-05,48,15:30,chat,Meridian,3,3,3,0,48,100,1297,603,v001,agent:DataEngineer
2026-09-05,48,16:00,chat,Meridian,3,3,3,0,45,100,1275,593,v001,agent:DataEngineer
2026-09-05,48,16:30,chat,Meridian,3,3,3,0,41,100,1214,565,v001,agent:DataEngineer
2026-09-05,48,17:00,chat,Meridian,2,2,2,0,52,100,1325,616,v001,agent:DataEngineer
2026-09-05,48,17:30,chat,Meridian,1,1,1,0,44,100,1135,528,v001,agent:DataEngineer
2026-09-05,48,18:00,chat,Meridian,1,1,1,0,50,100,1135,528,v001,agent:DataEngineer
2026-09-05,48,18:30,chat,Meridian,1,1,1,0,46,100,1278,595,v001,agent:DataEngineer
2026-09-05,48,19:00,chat,Meridian,1,1,1,0,49,100,1321,614,v001,agent:DataEngineer
2026-09-05,48,19:30,chat,Meridian,1,1,1,0,40,100,1223,569,v001,agent:DataEngineer
2026-09-05,48,20:00,chat,Meridian,0,0,0,0,0,0,0,0,v001,agent:DataEngineer
2026-09-05,48,20:30,chat,Meridian,0,0,0,0,0,0,0,0,v001,agent:DataEngineer
2026-09-05,48,21:00,chat,Meridian,0,0,0,0,0,0,0,0,v001,agent:DataEngineer
2026-09-05,48,21:30,chat,Meridian,0,0,0,0,0,0,0,0,v001,agent:DataEngineer
2026-09-05,48,22:00,chat,Meridian,1,1,1,0,47,100,1275,593,v001,agent:DataEngineer
2026-09-05,48,22:30,chat,Meridian,0,0,0,0,0,0,0,0,v001,agent:DataEngineer
2026-09-05,48,23:00,chat,Meridian,1,1,1,0,51,100,1108,516,v001,agent:DataEngineer
2026-09-05,48,23:30,chat,Meridian,0,0,0,0,0,0,0,0,v001,agent:DataEngineer
2026-09-06,49,00:00,voice,Meridian,0,0,0,0,0,0,0,0,v001,agent:DataEngineer
2026-09-06,49,00:30,voice,Meridian,0,0,0,0,0,0,0,0,v001,agent:DataEngineer
2026-09-06,49,01:00,voice,Meridian,0,0,0,0,0,0,0,0,v001,agent:DataEngineer
2026-09-06,49,01:30,voice,Meridian,0,0,0,0,0,0,0,0,v001,agent:DataEngineer
2026-09-06,49,02:00,voice,Meridian,0,0,0,0,0,0,0,0,v001,agent:DataEngineer
2026-09-06,49,02:30,voice,Meridian,0,0,0,0,0,0,0,0,v001,agent:DataEngineer
2026-09-06,49,03:00,voice,Meridian,0,0,0,0,0,0,0,0,v001,agent:DataEngineer
2026-09-06,49,03:30,voice,Meridian,0,0,0,0,0,0,0,0,v001,agent:DataEngineer
2026-09-06,49,04:00,voice,Meridian,0,0,0,0,0,0,0,0,v001,agent:DataEngineer
2026-09-06,49,04:30,voice,Meridian,0,0,0,0,0,0,0,0,v001,agent:DataEngineer
2026-09-06,49,05:00,voice,Meridian,0,0,0,0,0,0,0,0,v001,agent:DataEngineer
2026-09-06,49,05:30,voice,Meridian,0,0,0,0,0,0,0,0,v001,agent:DataEngineer
2026-09-06,49,06:00,voice,Meridian,0,0,0,0,0,0,0,0,v001,agent:DataEngineer
2026-09-06,49,06:30,voice,Meridian,0,0,0,0,0,0,0,0,v001,agent:DataEngineer
2026-09-06,49,07:00,voice,Meridian,0,0,0,0,0,0,0,0,v001,agent:DataEngineer
2026-09-06,49,07:30,voice,Meridian,1,1,1,0,11,100,2036,2036,v001,agent:DataEngineer
2026-09-06,49,08:00,voice,Meridian,1,1,1,0,12,100,1744,1744,v001,agent:DataEngineer
2026-09-06,49,08:30,voice,Meridian,1,1,1,0,11,100,1763,1763,v001,agent:DataEngineer
2026-09-06,49,09:00,voice,Meridian,2,2,2,0,11,100,1858,1858,v001,agent:DataEngineer
2026-09-06,49,09:30,voice,Meridian,2,2,2,0,13,100,1903,1903,v001,agent:DataEngineer
2026-09-06,49,10:00,voice,Meridian,2,2,2,0,14,100,1863,1863,v001,agent:DataEngineer
2026-09-06,49,10:30,voice,Meridian,2,2,2,0,12,100,1745,1745,v001,agent:DataEngineer
2026-09-06,49,11:00,voice,Meridian,3,3,3,0,10,100,1910,1910,v001,agent:DataEngineer
2026-09-06,49,11:30,voice,Meridian,3,2,2,1,91,66.7,1758,1758,v001,agent:DataEngineer
2026-09-06,49,12:00,voice,Meridian,2,2,2,0,14,100,2200,2200,v001,agent:DataEngineer
2026-09-06,49,12:30,voice,Meridian,2,2,2,0,12,100,1908,1908,v001,agent:DataEngineer
2026-09-06,49,13:00,voice,Meridian,2,2,2,0,12,100,1776,1776,v001,agent:DataEngineer
2026-09-06,49,13:30,voice,Meridian,2,2,2,0,9,100,1923,1923,v001,agent:DataEngineer
2026-09-06,49,14:00,voice,Meridian,2,2,2,0,13,100,1830,1830,v001,agent:DataEngineer
2026-09-06,49,14:30,voice,Meridian,2,2,2,0,11,100,2001,2001,v001,agent:DataEngineer
2026-09-06,49,15:00,voice,Meridian,2,2,2,0,12,100,2130,2130,v001,agent:DataEngineer
2026-09-06,49,15:30,voice,Meridian,2,2,2,0,11,100,1857,1857,v001,agent:DataEngineer
2026-09-06,49,16:00,voice,Meridian,2,2,2,0,12,100,1692,1692,v001,agent:DataEngineer
2026-09-06,49,16:30,voice,Meridian,2,2,2,0,11,100,2127,2127,v001,agent:DataEngineer
2026-09-06,49,17:00,voice,Meridian,1,1,1,0,12,100,1940,1940,v001,agent:DataEngineer
2026-09-06,49,17:30,voice,Meridian,1,1,1,0,16,100,1887,1887,v001,agent:DataEngineer
2026-09-06,49,18:00,voice,Meridian,1,1,1,0,11,100,1946,1946,v001,agent:DataEngineer
2026-09-06,49,18:30,voice,Meridian,1,1,1,0,14,100,1860,1860,v001,agent:DataEngineer
2026-09-06,49,19:00,voice,Meridian,0,0,0,0,0,0,0,0,v001,agent:DataEngineer
2026-09-06,49,19:30,voice,Meridian,1,1,1,0,13,100,1852,1852,v001,agent:DataEngineer
2026-09-06,49,20:00,voice,Meridian,0,0,0,0,0,0,0,0,v001,agent:DataEngineer
2026-09-06,49,20:30,voice,Meridian,0,0,0,0,0,0,0,0,v001,agent:DataEngineer
2026-09-06,49,21:00,voice,Meridian,0,0,0,0,0,0,0,0,v001,agent:DataEngineer
2026-09-06,49,21:30,voice,Meridian,0,0,0,0,0,0,0,0,v001,agent:DataEngineer
2026-09-06,49,22:00,voice,Meridian,0,0,0,0,0,0,0,0,v001,agent:DataEngineer
2026-09-06,49,22:30,voice,Meridian,0,0,0,0,0,0,0,0,v001,agent:DataEngineer
2026-09-06,49,23:00,voice,Meridian,0,0,0,0,0,0,0,0,v001,agent:DataEngineer
2026-09-06,49,23:30,voice,Meridian,0,0,0,0,0,0,0,0,v001,agent:DataEngineer
2026-09-06,49,00:00,chat,Meridian,0,0,0,0,0,0,0,0,v001,agent:DataEngineer
2026-09-06,49,00:30,chat,Meridian,0,0,0,0,0,0,0,0,v001,agent:DataEngineer
2026-09-06,49,01:00,chat,Meridian,0,0,0,0,0,0,0,0,v001,agent:DataEngineer
2026-09-06,49,01:30,chat,Meridian,0,0,0,0,0,0,0,0,v001,agent:DataEngineer
2026-09-06,49,02:00,chat,Meridian,0,0,0,0,0,0,0,0,v001,agent:DataEngineer
2026-09-06,49,02:30,chat,Meridian,0,0,0,0,0,0,0,0,v001,agent:DataEngineer
2026-09-06,49,03:00,chat,Meridian,0,0,0,0,0,0,0,0,v001,agent:DataEngineer
2026-09-06,49,03:30,chat,Meridian,0,0,0,0,0,0,0,0,v001,agent:DataEngineer
2026-09-06,49,04:00,chat,Meridian,0,0,0,0,0,0,0,0,v001,agent:DataEngineer
2026-09-06,49,04:30,chat,Meridian,0,0,0,0,0,0,0,0,v001,agent:DataEngineer
2026-09-06,49,05:00,chat,Meridian,0,0,0,0,0,0,0,0,v001,agent:DataEngineer
2026-09-06,49,05:30,chat,Meridian,0,0,0,0,0,0,0,0,v001,agent:DataEngineer
2026-09-06,49,06:00,chat,Meridian,0,0,0,0,0,0,0,0,v001,agent:DataEngineer
2026-09-06,49,06:30,chat,Meridian,1,1,1,0,45,100,1079,539,v001,agent:DataEngineer
2026-09-06,49,07:00,chat,Meridian,1,1,1,0,55,100,1012,505,v001,agent:DataEngineer
2026-09-06,49,07:30,chat,Meridian,1,1,1,0,45,100,1184,592,v001,agent:DataEngineer
2026-09-06,49,08:00,chat,Meridian,2,2,2,0,48,100,1026,513,v001,agent:DataEngineer
2026-09-06,49,08:30,chat,Meridian,2,2,2,0,47,100,1131,565,v001,agent:DataEngineer
2026-09-06,49,09:00,chat,Meridian,2,2,2,0,44,100,1035,517,v001,agent:DataEngineer
2026-09-06,49,09:30,chat,Meridian,3,2,2,1,231,66.7,1075,537,v001,agent:DataEngineer
2026-09-06,49,10:00,chat,Meridian,3,3,3,0,45,100,1010,505,v001,agent:DataEngineer
2026-09-06,49,10:30,chat,Meridian,3,2,2,1,228,66.7,1172,586,v001,agent:DataEngineer
2026-09-06,49,11:00,chat,Meridian,4,4,4,0,54,100,970,485,v001,agent:DataEngineer
2026-09-06,49,11:30,chat,Meridian,3,3,3,0,45,100,1041,520,v001,agent:DataEngineer
2026-09-06,49,12:00,chat,Meridian,3,3,3,0,43,100,1043,521,v001,agent:DataEngineer
2026-09-06,49,12:30,chat,Meridian,3,3,3,0,43,100,938,469,v001,agent:DataEngineer
2026-09-06,49,13:00,chat,Meridian,3,3,3,0,48,100,1051,525,v001,agent:DataEngineer
2026-09-06,49,13:30,chat,Meridian,3,3,3,0,42,100,971,485,v001,agent:DataEngineer
2026-09-06,49,14:00,chat,Meridian,2,2,2,0,50,100,1167,583,v001,agent:DataEngineer
2026-09-06,49,14:30,chat,Meridian,3,3,3,0,45,100,1064,532,v001,agent:DataEngineer
2026-09-06,49,15:00,chat,Meridian,3,3,3,0,37,100,936,468,v001,agent:DataEngineer
2026-09-06,49,15:30,chat,Meridian,3,3,3,0,48,100,1138,569,v001,agent:DataEngineer
2026-09-06,49,16:00,chat,Meridian,3,3,3,0,43,100,1130,565,v001,agent:DataEngineer
2026-09-06,49,16:30,chat,Meridian,2,2,2,0,41,100,1092,546,v001,agent:DataEngineer
2026-09-06,49,17:00,chat,Meridian,1,1,1,0,44,100,1109,554,v001,agent:DataEngineer
2026-09-06,49,17:30,chat,Meridian,1,1,1,0,44,100,1045,522,v001,agent:DataEngineer
2026-09-06,49,18:00,chat,Meridian,1,1,1,0,43,100,1117,558,v001,agent:DataEngineer
2026-09-06,49,18:30,chat,Meridian,1,1,1,0,44,100,1086,543,v001,agent:DataEngineer
2026-09-06,49,19:00,chat,Meridian,1,1,1,0,52,100,987,493,v001,agent:DataEngineer
2026-09-06,49,19:30,chat,Meridian,1,1,1,0,47,100,1056,527,v001,agent:DataEngineer
2026-09-06,49,20:00,chat,Meridian,0,0,0,0,0,0,0,0,v001,agent:DataEngineer
2026-09-06,49,20:30,chat,Meridian,0,0,0,0,0,0,0,0,v001,agent:DataEngineer
2026-09-06,49,21:00,chat,Meridian,0,0,0,0,0,0,0,0,v001,agent:DataEngineer
2026-09-06,49,21:30,chat,Meridian,0,0,0,0,0,0,0,0,v001,agent:DataEngineer
2026-09-06,49,22:00,chat,Meridian,0,0,0,0,0,0,0,0,v001,agent:DataEngineer
2026-09-06,49,22:30,chat,Meridian,1,1,1,0,41,100,1033,516,v001,agent:DataEngineer
2026-09-06,49,23:00,chat,Meridian,0,0,0,0,0,0,0,0,v001,agent:DataEngineer
2026-09-06,49,23:30,chat,Meridian,0,0,0,0,0,0,0,0,v001,agent:DataEngineer
2026-09-07,50,00:00,voice,Meridian,0,0,0,0,0,0,0,0,v001,agent:DataEngineer
2026-09-07,50,00:30,voice,Meridian,1,1,1,0,13,100,2029,2029,v001,agent:DataEngineer
2026-09-07,50,01:00,voice,Meridian,0,0,0,0,0,0,0,0,v001,agent:DataEngineer
2026-09-07,50,01:30,voice,Meridian,0,0,0,0,0,0,0,0,v001,agent:DataEngineer
2026-09-07,50,02:00,voice,Meridian,1,1,1,0,12,100,1781,1781,v001,agent:DataEngineer
2026-09-07,50,02:30,voice,Meridian,1,1,1,0,12,100,1838,1838,v001,agent:DataEngineer
2026-09-07,50,03:00,voice,Meridian,1,1,1,0,12,100,1970,1970,v001,agent:DataEngineer
2026-09-07,50,03:30,voice,Meridian,1,1,1,0,14,100,1748,1748,v001,agent:DataEngineer
2026-09-07,50,04:00,voice,Meridian,0,0,0,0,0,0,0,0,v001,agent:DataEngineer
2026-09-07,50,04:30,voice,Meridian,1,1,1,0,12,100,1755,1755,v001,agent:DataEngineer
2026-09-07,50,05:00,voice,Meridian,1,1,1,0,11,100,1929,1929,v001,agent:DataEngineer
2026-09-07,50,05:30,voice,Meridian,1,1,1,0,13,100,1923,1923,v001,agent:DataEngineer
2026-09-07,50,06:00,voice,Meridian,0,0,0,0,0,0,0,0,v001,agent:DataEngineer
2026-09-07,50,06:30,voice,Meridian,1,1,1,0,11,100,2004,2004,v001,agent:DataEngineer
2026-09-07,50,07:00,voice,Meridian,1,1,1,0,12,100,1911,1911,v001,agent:DataEngineer
2026-09-07,50,07:30,voice,Meridian,1,1,1,0,13,100,2041,2041,v001,agent:DataEngineer
2026-09-07,50,08:00,voice,Meridian,2,2,1,0,213,50,1973,1973,v001,agent:DataEngineer
2026-09-07,50,08:30,voice,Meridian,3,2,1,1,394,33.3,1749,1749,v001,agent:DataEngineer
2026-09-07,50,09:00,voice,Meridian,4,3,1,1,457,25,1848,1848,v001,agent:DataEngineer
2026-09-07,50,09:30,voice,Meridian,6,4,0,2,871,0,2020,2020,v001,agent:DataEngineer
2026-09-07,50,10:00,voice,Meridian,6,4,0,2,1025,0,1854,1854,v001,agent:DataEngineer
2026-09-07,50,10:30,voice,Meridian,5,3,1,2,540,20,2006,2006,v001,agent:DataEngineer
2026-09-07,50,11:00,voice,Meridian,6,4,0,2,946,0,1843,1843,v001,agent:DataEngineer
2026-09-07,50,11:30,voice,Meridian,6,4,1,2,587,16.7,2019,2019,v001,agent:DataEngineer
2026-09-07,50,12:00,voice,Meridian,5,3,1,2,634,20,1757,1757,v001,agent:DataEngineer
2026-09-07,50,12:30,voice,Meridian,5,3,1,2,667,20,1613,1613,v001,agent:DataEngineer
2026-09-07,50,13:00,voice,Meridian,4,3,1,1,534,25,1846,1846,v001,agent:DataEngineer
2026-09-07,50,13:30,voice,Meridian,4,3,1,1,582,25,1758,1758,v001,agent:DataEngineer
2026-09-07,50,14:00,voice,Meridian,5,3,1,2,542,20,1804,1804,v001,agent:DataEngineer
2026-09-07,50,14:30,voice,Meridian,5,3,0,2,746,0,1904,1904,v001,agent:DataEngineer
2026-09-07,50,15:00,voice,Meridian,6,4,1,2,688,16.7,1895,1895,v001,agent:DataEngineer
2026-09-07,50,15:30,voice,Meridian,5,3,0,2,1047,0,1941,1941,v001,agent:DataEngineer
2026-09-07,50,16:00,voice,Meridian,4,2,0,2,900,0,2024,2024,v001,agent:DataEngineer
2026-09-07,50,16:30,voice,Meridian,4,3,1,1,546,25,1891,1891,v001,agent:DataEngineer
2026-09-07,50,17:00,voice,Meridian,3,2,0,1,971,0,1960,1960,v001,agent:DataEngineer
2026-09-07,50,17:30,voice,Meridian,2,1,1,1,227,50,1974,1974,v001,agent:DataEngineer
2026-09-07,50,18:00,voice,Meridian,1,1,1,0,11,100,1798,1798,v001,agent:DataEngineer
2026-09-07,50,18:30,voice,Meridian,1,1,1,0,14,100,1875,1875,v001,agent:DataEngineer
2026-09-07,50,19:00,voice,Meridian,1,1,1,0,12,100,1983,1983,v001,agent:DataEngineer
2026-09-07,50,19:30,voice,Meridian,1,1,1,0,12,100,1826,1826,v001,agent:DataEngineer
2026-09-07,50,20:00,voice,Meridian,1,1,1,0,10,100,1889,1889,v001,agent:DataEngineer
2026-09-07,50,20:30,voice,Meridian,1,1,1,0,11,100,2191,2191,v001,agent:DataEngineer
2026-09-07,50,21:00,voice,Meridian,0,0,0,0,0,0,0,0,v001,agent:DataEngineer
2026-09-07,50,21:30,voice,Meridian,1,1,1,0,12,100,2117,2117,v001,agent:DataEngineer
2026-09-07,50,22:00,voice,Meridian,1,1,1,0,11,100,1694,1694,v001,agent:DataEngineer
2026-09-07,50,22:30,voice,Meridian,1,1,1,0,12,100,1861,1861,v001,agent:DataEngineer
2026-09-07,50,23:00,voice,Meridian,1,1,1,0,11,100,1925,1925,v001,agent:DataEngineer
2026-09-07,50,23:30,voice,Meridian,1,1,1,0,11,100,1981,1981,v001,agent:DataEngineer
2026-09-07,50,00:00,chat,Meridian,1,1,1,0,44,100,1780,565,v001,agent:DataEngineer
2026-09-07,50,00:30,chat,Meridian,1,1,1,0,40,100,1711,543,v001,agent:DataEngineer
2026-09-07,50,01:00,chat,Meridian,1,1,1,0,48,100,1770,562,v001,agent:DataEngineer
2026-09-07,50,01:30,chat,Meridian,1,1,1,0,43,100,2047,650,v001,agent:DataEngineer
2026-09-07,50,02:00,chat,Meridian,1,1,1,0,41,100,1817,577,v001,agent:DataEngineer
2026-09-07,50,02:30,chat,Meridian,1,1,1,0,45,100,1691,537,v001,agent:DataEngineer
2026-09-07,50,03:00,chat,Meridian,1,1,1,0,45,100,1996,634,v001,agent:DataEngineer
2026-09-07,50,03:30,chat,Meridian,1,1,1,0,44,100,2008,637,v001,agent:DataEngineer
2026-09-07,50,04:00,chat,Meridian,1,1,1,0,42,100,1986,630,v001,agent:DataEngineer
2026-09-07,50,04:30,chat,Meridian,1,1,1,0,46,100,1803,572,v001,agent:DataEngineer
2026-09-07,50,05:00,chat,Meridian,1,1,1,0,45,100,1828,580,v001,agent:DataEngineer
2026-09-07,50,05:30,chat,Meridian,1,1,1,0,45,100,1772,562,v001,agent:DataEngineer
2026-09-07,50,06:00,chat,Meridian,1,1,1,0,53,100,1955,621,v001,agent:DataEngineer
2026-09-07,50,06:30,chat,Meridian,1,1,1,0,42,100,1830,581,v001,agent:DataEngineer
2026-09-07,50,07:00,chat,Meridian,2,2,1,0,413,50,1963,623,v001,agent:DataEngineer
2026-09-07,50,07:30,chat,Meridian,2,2,1,0,467,50,1816,576,v001,agent:DataEngineer
2026-09-07,50,08:00,chat,Meridian,3,2,0,1,1371,0,2102,667,v001,agent:DataEngineer
2026-09-07,50,08:30,chat,Meridian,5,3,1,2,1200,20,1816,576,v001,agent:DataEngineer
2026-09-07,50,09:00,chat,Meridian,6,4,0,2,1368,0,1752,556,v001,agent:DataEngineer
2026-09-07,50,09:30,chat,Meridian,6,3,0,3,1482,0,1888,599,v001,agent:DataEngineer
2026-09-07,50,10:00,chat,Meridian,9,6,1,3,1436,11.1,1914,608,v001,agent:DataEngineer
2026-09-07,50,10:30,chat,Meridian,13,8,1,5,1372,7.7,1730,549,v001,agent:DataEngineer
2026-09-07,50,11:00,chat,Meridian,12,7,0,5,1671,0,1747,555,v001,agent:DataEngineer
2026-09-07,50,11:30,chat,Meridian,8,5,0,3,1455,0,1886,599,v001,agent:DataEngineer
2026-09-07,50,12:00,chat,Meridian,8,5,0,3,1644,0,1854,589,v001,agent:DataEngineer
2026-09-07,50,12:30,chat,Meridian,6,4,0,2,1527,0,1909,606,v001,agent:DataEngineer
2026-09-07,50,13:00,chat,Meridian,7,4,0,3,1438,0,1869,593,v001,agent:DataEngineer
2026-09-07,50,13:30,chat,Meridian,7,4,0,3,1602,0,1732,550,v001,agent:DataEngineer
2026-09-07,50,14:00,chat,Meridian,7,4,0,3,1564,0,1820,578,v001,agent:DataEngineer
2026-09-07,50,14:30,chat,Meridian,7,4,0,3,1545,0,1883,598,v001,agent:DataEngineer
2026-09-07,50,15:00,chat,Meridian,8,5,1,3,989,12.5,1757,558,v001,agent:DataEngineer
2026-09-07,50,15:30,chat,Meridian,7,4,0,3,1450,0,1848,587,v001,agent:DataEngineer
2026-09-07,50,16:00,chat,Meridian,6,3,0,3,1234,0,1800,571,v001,agent:DataEngineer
2026-09-07,50,16:30,chat,Meridian,6,3,0,3,1719,0,1850,587,v001,agent:DataEngineer
2026-09-07,50,17:00,chat,Meridian,4,3,0,1,1342,0,1770,562,v001,agent:DataEngineer
2026-09-07,50,17:30,chat,Meridian,3,2,1,1,713,33.3,2074,658,v001,agent:DataEngineer
2026-09-07,50,18:00,chat,Meridian,3,2,1,1,655,33.3,1863,591,v001,agent:DataEngineer
2026-09-07,50,18:30,chat,Meridian,3,3,1,0,757,33.3,1978,628,v001,agent:DataEngineer
2026-09-07,50,19:00,chat,Meridian,2,2,1,0,476,50,2031,645,v001,agent:DataEngineer
2026-09-07,50,19:30,chat,Meridian,2,2,1,0,395,50,1991,632,v001,agent:DataEngineer
2026-09-07,50,20:00,chat,Meridian,1,1,1,0,46,100,1746,554,v001,agent:DataEngineer
2026-09-07,50,20:30,chat,Meridian,1,1,1,0,45,100,1872,594,v001,agent:DataEngineer
2026-09-07,50,21:00,chat,Meridian,1,1,1,0,49,100,1864,592,v001,agent:DataEngineer
2026-09-07,50,21:30,chat,Meridian,1,1,1,0,43,100,1872,594,v001,agent:DataEngineer
2026-09-07,50,22:00,chat,Meridian,1,1,1,0,40,100,1913,607,v001,agent:DataEngineer
2026-09-07,50,22:30,chat,Meridian,1,1,1,0,44,100,1762,559,v001,agent:DataEngineer
2026-09-07,50,23:00,chat,Meridian,1,1,1,0,56,100,1851,588,v001,agent:DataEngineer
2026-09-07,50,23:30,chat,Meridian,1,1,1,0,47,100,1867,593,v001,agent:DataEngineer
2026-09-08,51,00:00,voice,Meridian,1,1,0,0,932,0,2134,2134,v001,agent:DataEngineer
2026-09-08,51,00:30,voice,Meridian,1,1,1,0,12,100,2056,2056,v001,agent:DataEngineer
2026-09-08,51,01:00,voice,Meridian,1,1,1,0,11,100,1600,1600,v001,agent:DataEngineer
2026-09-08,51,01:30,voice,Meridian,1,1,0,0,759,0,1896,1896,v001,agent:DataEngineer
2026-09-08,51,02:00,voice,Meridian,1,1,1,0,12,100,1979,1979,v001,agent:DataEngineer
2026-09-08,51,02:30,voice,Meridian,1,1,1,0,14,100,1965,1965,v001,agent:DataEngineer
2026-09-08,51,03:00,voice,Meridian,1,1,1,0,12,100,1711,1711,v001,agent:DataEngineer
2026-09-08,51,03:30,voice,Meridian,1,1,1,0,11,100,2016,2016,v001,agent:DataEngineer
2026-09-08,51,04:00,voice,Meridian,1,1,1,0,13,100,1920,1920,v001,agent:DataEngineer
2026-09-08,51,04:30,voice,Meridian,1,1,1,0,15,100,1982,1982,v001,agent:DataEngineer
2026-09-08,51,05:00,voice,Meridian,1,1,1,0,11,100,2136,2136,v001,agent:DataEngineer
2026-09-08,51,05:30,voice,Meridian,1,1,1,0,10,100,2087,2087,v001,agent:DataEngineer
2026-09-08,51,06:00,voice,Meridian,1,1,1,0,13,100,1965,1965,v001,agent:DataEngineer
2026-09-08,51,06:30,voice,Meridian,1,1,0,0,1085,0,1904,1904,v001,agent:DataEngineer
2026-09-08,51,07:00,voice,Meridian,1,1,0,0,825,0,1911,1911,v001,agent:DataEngineer
2026-09-08,51,07:30,voice,Meridian,2,2,1,0,211,50,1964,1964,v001,agent:DataEngineer
2026-09-08,51,08:00,voice,Meridian,3,1,0,2,828,0,2001,2001,v001,agent:DataEngineer
2026-09-08,51,08:30,voice,Meridian,3,2,0,1,834,0,2057,2057,v001,agent:DataEngineer
2026-09-08,51,09:00,voice,Meridian,5,2,0,3,783,0,2040,2040,v001,agent:DataEngineer
2026-09-08,51,09:30,voice,Meridian,6,3,0,3,887,0,1949,1949,v001,agent:DataEngineer
2026-09-08,51,10:00,voice,Meridian,9,5,1,4,630,11.1,1794,1794,v001,agent:DataEngineer
2026-09-08,51,10:30,voice,Meridian,8,4,0,4,905,0,2122,2122,v001,agent:DataEngineer
2026-09-08,51,11:00,voice,Meridian,6,3,0,3,972,0,2006,2006,v001,agent:DataEngineer
2026-09-08,51,11:30,voice,Meridian,6,3,0,3,872,0,1925,1925,v001,agent:DataEngineer
2026-09-08,51,12:00,voice,Meridian,6,3,0,3,963,0,2027,2027,v001,agent:DataEngineer
2026-09-08,51,12:30,voice,Meridian,4,2,0,2,865,0,2015,2015,v001,agent:DataEngineer
2026-09-08,51,13:00,voice,Meridian,6,3,0,3,985,0,1886,1886,v001,agent:DataEngineer
2026-09-08,51,13:30,voice,Meridian,6,3,0,3,941,0,1834,1834,v001,agent:DataEngineer
2026-09-08,51,14:00,voice,Meridian,5,3,0,2,946,0,1839,1839,v001,agent:DataEngineer
2026-09-08,51,14:30,voice,Meridian,5,3,0,2,1013,0,1717,1717,v001,agent:DataEngineer
2026-09-08,51,15:00,voice,Meridian,5,3,0,2,836,0,1908,1908,v001,agent:DataEngineer
2026-09-08,51,15:30,voice,Meridian,5,2,0,3,959,0,2200,2200,v001,agent:DataEngineer
2026-09-08,51,16:00,voice,Meridian,7,4,0,3,895,0,2110,2110,v001,agent:DataEngineer
2026-09-08,51,16:30,voice,Meridian,5,3,0,2,951,0,2030,2030,v001,agent:DataEngineer
2026-09-08,51,17:00,voice,Meridian,3,2,0,1,1034,0,2227,2227,v001,agent:DataEngineer
2026-09-08,51,17:30,voice,Meridian,2,1,0,1,918,0,1895,1895,v001,agent:DataEngineer
2026-09-08,51,18:00,voice,Meridian,2,1,1,1,232,50,2005,2005,v001,agent:DataEngineer
2026-09-08,51,18:30,voice,Meridian,1,1,0,0,1018,0,1867,1867,v001,agent:DataEngineer
2026-09-08,51,19:00,voice,Meridian,1,1,0,0,1071,0,2069,2069,v001,agent:DataEngineer
2026-09-08,51,19:30,voice,Meridian,1,1,0,0,762,0,2001,2001,v001,agent:DataEngineer
2026-09-08,51,20:00,voice,Meridian,1,1,1,0,13,100,1760,1760,v001,agent:DataEngineer
2026-09-08,51,20:30,voice,Meridian,1,1,0,0,956,0,1877,1877,v001,agent:DataEngineer
2026-09-08,51,21:00,voice,Meridian,1,1,0,0,1100,0,1985,1985,v001,agent:DataEngineer
2026-09-08,51,21:30,voice,Meridian,1,1,1,0,13,100,2207,2207,v001,agent:DataEngineer
2026-09-08,51,22:00,voice,Meridian,1,1,1,0,13,100,2395,2395,v001,agent:DataEngineer
2026-09-08,51,22:30,voice,Meridian,1,1,0,0,994,0,2221,2221,v001,agent:DataEngineer
2026-09-08,51,23:00,voice,Meridian,1,1,1,0,12,100,1906,1906,v001,agent:DataEngineer
2026-09-08,51,23:30,voice,Meridian,1,1,1,0,10,100,2031,2031,v001,agent:DataEngineer
2026-09-08,51,00:00,chat,Meridian,1,1,1,0,44,100,1800,563,v001,agent:DataEngineer
2026-09-08,51,00:30,chat,Meridian,1,1,0,0,1547,0,1936,605,v001,agent:DataEngineer
2026-09-08,51,01:00,chat,Meridian,1,1,1,0,49,100,1883,589,v001,agent:DataEngineer
2026-09-08,51,01:30,chat,Meridian,1,1,1,0,43,100,1850,578,v001,agent:DataEngineer
2026-09-08,51,02:00,chat,Meridian,1,1,1,0,48,100,1823,570,v001,agent:DataEngineer
2026-09-08,51,02:30,chat,Meridian,1,1,0,0,1409,0,1885,589,v001,agent:DataEngineer
2026-09-08,51,03:00,chat,Meridian,1,1,0,0,1508,0,1776,555,v001,agent:DataEngineer
2026-09-08,51,03:30,chat,Meridian,1,1,1,0,45,100,1745,545,v001,agent:DataEngineer
2026-09-08,51,04:00,chat,Meridian,1,1,0,0,1608,0,1708,534,v001,agent:DataEngineer
2026-09-08,51,04:30,chat,Meridian,1,1,0,0,1548,0,1694,529,v001,agent:DataEngineer
2026-09-08,51,05:00,chat,Meridian,1,1,0,0,1826,0,1905,595,v001,agent:DataEngineer
2026-09-08,51,05:30,chat,Meridian,1,1,1,0,38,100,1916,599,v001,agent:DataEngineer
2026-09-08,51,06:00,chat,Meridian,2,2,1,0,465,50,1955,611,v001,agent:DataEngineer
2026-09-08,51,06:30,chat,Meridian,1,1,0,0,1547,0,1852,579,v001,agent:DataEngineer
2026-09-08,51,07:00,chat,Meridian,1,1,0,0,1498,0,1650,516,v001,agent:DataEngineer
2026-09-08,51,07:30,chat,Meridian,2,1,0,1,1470,0,1703,532,v001,agent:DataEngineer
2026-09-08,51,08:00,chat,Meridian,3,2,0,1,1212,0,1758,549,v001,agent:DataEngineer
2026-09-08,51,08:30,chat,Meridian,5,3,0,2,1611,0,1799,562,v001,agent:DataEngineer
2026-09-08,51,09:00,chat,Meridian,7,4,0,3,1509,0,1666,521,v001,agent:DataEngineer
2026-09-08,51,09:30,chat,Meridian,8,4,0,4,1456,0,1765,552,v001,agent:DataEngineer
2026-09-08,51,10:00,chat,Meridian,12,7,1,5,1408,8.3,1684,526,v001,agent:DataEngineer
2026-09-08,51,10:30,chat,Meridian,12,7,1,5,1379,8.3,1712,535,v001,agent:DataEngineer
2026-09-08,51,11:00,chat,Meridian,10,5,0,5,1926,0,1926,602,v001,agent:DataEngineer
2026-09-08,51,11:30,chat,Meridian,8,4,0,4,1439,0,1708,534,v001,agent:DataEngineer
2026-09-08,51,12:00,chat,Meridian,9,5,0,4,1403,0,1869,584,v001,agent:DataEngineer
2026-09-08,51,12:30,chat,Meridian,8,5,1,3,1315,12.5,1897,593,v001,agent:DataEngineer
2026-09-08,51,13:00,chat,Meridian,8,4,1,4,1211,12.5,1744,545,v001,agent:DataEngineer
2026-09-08,51,13:30,chat,Meridian,9,5,0,4,1641,0,1876,586,v001,agent:DataEngineer
2026-09-08,51,14:00,chat,Meridian,7,3,0,4,1449,0,1779,556,v001,agent:DataEngineer
2026-09-08,51,14:30,chat,Meridian,8,4,0,4,1428,0,1859,581,v001,agent:DataEngineer
2026-09-08,51,15:00,chat,Meridian,7,4,0,3,1461,0,1871,585,v001,agent:DataEngineer
2026-09-08,51,15:30,chat,Meridian,10,5,0,5,1362,0,1911,597,v001,agent:DataEngineer
2026-09-08,51,16:00,chat,Meridian,7,4,0,3,1717,0,1724,539,v001,agent:DataEngineer
2026-09-08,51,16:30,chat,Meridian,6,3,0,3,1490,0,1805,564,v001,agent:DataEngineer
2026-09-08,51,17:00,chat,Meridian,5,3,0,2,1547,0,1821,569,v001,agent:DataEngineer
2026-09-08,51,17:30,chat,Meridian,5,3,0,2,1391,0,1835,573,v001,agent:DataEngineer
2026-09-08,51,18:00,chat,Meridian,3,2,0,1,1721,0,2092,654,v001,agent:DataEngineer
2026-09-08,51,18:30,chat,Meridian,2,1,0,1,1454,0,1810,566,v001,agent:DataEngineer
2026-09-08,51,19:00,chat,Meridian,2,2,1,0,401,50,1862,582,v001,agent:DataEngineer
2026-09-08,51,19:30,chat,Meridian,1,1,0,0,1728,0,2051,641,v001,agent:DataEngineer
2026-09-08,51,20:00,chat,Meridian,1,1,0,0,1563,0,1948,609,v001,agent:DataEngineer
2026-09-08,51,20:30,chat,Meridian,1,1,0,0,1660,0,1980,619,v001,agent:DataEngineer
2026-09-08,51,21:00,chat,Meridian,1,1,0,0,1728,0,1824,570,v001,agent:DataEngineer
2026-09-08,51,21:30,chat,Meridian,1,1,0,0,1436,0,1677,524,v001,agent:DataEngineer
2026-09-08,51,22:00,chat,Meridian,1,1,0,0,1787,0,2039,637,v001,agent:DataEngineer
2026-09-08,51,22:30,chat,Meridian,1,1,0,0,1595,0,1789,559,v001,agent:DataEngineer
2026-09-08,51,23:00,chat,Meridian,1,1,0,0,1368,0,1806,564,v001,agent:DataEngineer
2026-09-08,51,23:30,chat,Meridian,1,1,1,0,43,100,1724,539,v001,agent:DataEngineer
2026-09-09,52,00:00,voice,Meridian,0,0,0,0,0,0,0,0,v001,agent:DataEngineer
2026-09-09,52,00:30,voice,Meridian,1,1,1,0,12,100,2077,2077,v001,agent:DataEngineer
2026-09-09,52,01:00,voice,Meridian,0,0,0,0,0,0,0,0,v001,agent:DataEngineer
2026-09-09,52,01:30,voice,Meridian,1,1,1,0,13,100,1836,1836,v001,agent:DataEngineer
2026-09-09,52,02:00,voice,Meridian,1,1,1,0,11,100,1682,1682,v001,agent:DataEngineer
2026-09-09,52,02:30,voice,Meridian,1,1,1,0,14,100,1949,1949,v001,agent:DataEngineer
2026-09-09,52,03:00,voice,Meridian,1,1,1,0,10,100,1955,1955,v001,agent:DataEngineer
2026-09-09,52,03:30,voice,Meridian,1,1,1,0,14,100,2035,2035,v001,agent:DataEngineer
2026-09-09,52,04:00,voice,Meridian,1,1,1,0,12,100,2001,2001,v001,agent:DataEngineer
2026-09-09,52,04:30,voice,Meridian,1,1,0,0,891,0,1888,1888,v001,agent:DataEngineer
2026-09-09,52,05:00,voice,Meridian,1,1,1,0,12,100,2036,2036,v001,agent:DataEngineer
2026-09-09,52,05:30,voice,Meridian,1,1,1,0,12,100,1842,1842,v001,agent:DataEngineer
2026-09-09,52,06:00,voice,Meridian,1,1,1,0,12,100,2106,2106,v001,agent:DataEngineer
2026-09-09,52,06:30,voice,Meridian,1,1,1,0,13,100,1858,1858,v001,agent:DataEngineer
2026-09-09,52,07:00,voice,Meridian,1,1,0,0,847,0,1828,1828,v001,agent:DataEngineer
2026-09-09,52,07:30,voice,Meridian,2,1,0,1,947,0,1998,1998,v001,agent:DataEngineer
2026-09-09,52,08:00,voice,Meridian,3,2,0,1,942,0,1849,1849,v001,agent:DataEngineer
2026-09-09,52,08:30,voice,Meridian,3,2,0,1,853,0,2028,2028,v001,agent:DataEngineer
2026-09-09,52,09:00,voice,Meridian,4,2,0,2,808,0,1994,1994,v001,agent:DataEngineer
2026-09-09,52,09:30,voice,Meridian,6,4,0,2,854,0,2036,2036,v001,agent:DataEngineer
2026-09-09,52,10:00,voice,Meridian,6,3,0,3,967,0,1840,1840,v001,agent:DataEngineer
2026-09-09,52,10:30,voice,Meridian,6,3,0,3,896,0,2237,2237,v001,agent:DataEngineer
2026-09-09,52,11:00,voice,Meridian,8,5,1,3,697,12.5,1896,1896,v001,agent:DataEngineer
2026-09-09,52,11:30,voice,Meridian,7,4,0,3,850,0,2045,2045,v001,agent:DataEngineer
2026-09-09,52,12:00,voice,Meridian,6,4,0,2,827,0,1955,1955,v001,agent:DataEngineer
2026-09-09,52,12:30,voice,Meridian,6,3,0,3,838,0,1871,1871,v001,agent:DataEngineer
2026-09-09,52,13:00,voice,Meridian,4,2,0,2,829,0,1975,1975,v001,agent:DataEngineer
2026-09-09,52,13:30,voice,Meridian,6,3,0,3,971,0,1957,1957,v001,agent:DataEngineer
2026-09-09,52,14:00,voice,Meridian,6,3,0,3,1078,0,1873,1873,v001,agent:DataEngineer
2026-09-09,52,14:30,voice,Meridian,8,4,0,4,882,0,1933,1933,v001,agent:DataEngineer
2026-09-09,52,15:00,voice,Meridian,6,3,0,3,898,0,1894,1894,v001,agent:DataEngineer
2026-09-09,52,15:30,voice,Meridian,7,4,0,3,867,0,1791,1791,v001,agent:DataEngineer
2026-09-09,52,16:00,voice,Meridian,5,3,0,2,1040,0,1877,1877,v001,agent:DataEngineer
2026-09-09,52,16:30,voice,Meridian,4,2,0,2,941,0,1920,1920,v001,agent:DataEngineer
2026-09-09,52,17:00,voice,Meridian,4,2,0,2,837,0,2066,2066,v001,agent:DataEngineer
2026-09-09,52,17:30,voice,Meridian,2,1,0,1,818,0,1838,1838,v001,agent:DataEngineer
2026-09-09,52,18:00,voice,Meridian,2,1,0,1,896,0,1780,1780,v001,agent:DataEngineer
2026-09-09,52,18:30,voice,Meridian,1,1,0,0,818,0,1956,1956,v001,agent:DataEngineer
2026-09-09,52,19:00,voice,Meridian,1,1,1,0,11,100,2188,2188,v001,agent:DataEngineer
2026-09-09,52,19:30,voice,Meridian,1,1,0,0,942,0,1931,1931,v001,agent:DataEngineer
2026-09-09,52,20:00,voice,Meridian,1,1,1,0,12,100,1841,1841,v001,agent:DataEngineer
2026-09-09,52,20:30,voice,Meridian,1,1,1,0,13,100,1779,1779,v001,agent:DataEngineer
2026-09-09,52,21:00,voice,Meridian,0,0,0,0,0,0,0,0,v001,agent:DataEngineer
2026-09-09,52,21:30,voice,Meridian,1,1,1,0,13,100,1818,1818,v001,agent:DataEngineer
2026-09-09,52,22:00,voice,Meridian,1,1,1,0,14,100,1888,1888,v001,agent:DataEngineer
2026-09-09,52,22:30,voice,Meridian,1,1,1,0,13,100,1903,1903,v001,agent:DataEngineer
2026-09-09,52,23:00,voice,Meridian,1,1,1,0,12,100,1841,1841,v001,agent:DataEngineer
2026-09-09,52,23:30,voice,Meridian,1,1,1,0,13,100,1844,1844,v001,agent:DataEngineer
2026-09-09,52,00:00,chat,Meridian,1,1,0,0,1510,0,1642,513,v001,agent:DataEngineer
2026-09-09,52,00:30,chat,Meridian,1,1,0,0,1816,0,1636,511,v001,agent:DataEngineer
2026-09-09,52,01:00,chat,Meridian,1,1,1,0,40,100,1863,582,v001,agent:DataEngineer
2026-09-09,52,01:30,chat,Meridian,1,1,0,0,1647,0,1661,519,v001,agent:DataEngineer
2026-09-09,52,02:00,chat,Meridian,1,1,1,0,55,100,1778,556,v001,agent:DataEngineer
2026-09-09,52,02:30,chat,Meridian,1,1,0,0,1746,0,1667,521,v001,agent:DataEngineer
2026-09-09,52,03:00,chat,Meridian,1,1,1,0,48,100,1784,557,v001,agent:DataEngineer
2026-09-09,52,03:30,chat,Meridian,1,1,1,0,44,100,1957,611,v001,agent:DataEngineer
2026-09-09,52,04:00,chat,Meridian,1,1,1,0,43,100,1871,585,v001,agent:DataEngineer
2026-09-09,52,04:30,chat,Meridian,1,1,1,0,38,100,1831,572,v001,agent:DataEngineer
2026-09-09,52,05:00,chat,Meridian,1,1,0,0,1596,0,1673,523,v001,agent:DataEngineer
2026-09-09,52,05:30,chat,Meridian,1,1,1,0,39,100,1760,550,v001,agent:DataEngineer
2026-09-09,52,06:00,chat,Meridian,1,1,0,0,1507,0,1721,538,v001,agent:DataEngineer
2026-09-09,52,06:30,chat,Meridian,1,1,0,0,1347,0,1621,507,v001,agent:DataEngineer
2026-09-09,52,07:00,chat,Meridian,1,1,0,0,1525,0,1613,504,v001,agent:DataEngineer
2026-09-09,52,07:30,chat,Meridian,3,2,1,1,613,33.3,1903,595,v001,agent:DataEngineer
2026-09-09,52,08:00,chat,Meridian,4,2,0,2,1529,0,1814,567,v001,agent:DataEngineer
2026-09-09,52,08:30,chat,Meridian,4,2,0,2,1803,0,1741,544,v001,agent:DataEngineer
2026-09-09,52,09:00,chat,Meridian,6,3,0,3,1674,0,1814,567,v001,agent:DataEngineer
2026-09-09,52,09:30,chat,Meridian,8,5,1,3,1371,12.5,1818,568,v001,agent:DataEngineer
2026-09-09,52,10:00,chat,Meridian,11,6,0,5,1950,0,1806,564,v001,agent:DataEngineer
2026-09-09,52,10:30,chat,Meridian,10,5,0,5,1343,0,1651,516,v001,agent:DataEngineer
2026-09-09,52,11:00,chat,Meridian,9,5,0,4,1678,0,1687,527,v001,agent:DataEngineer
2026-09-09,52,11:30,chat,Meridian,7,4,0,3,1807,0,1732,541,v001,agent:DataEngineer
2026-09-09,52,12:00,chat,Meridian,6,3,0,3,1617,0,1835,573,v001,agent:DataEngineer
2026-09-09,52,12:30,chat,Meridian,7,4,0,3,1551,0,1687,527,v001,agent:DataEngineer
2026-09-09,52,13:00,chat,Meridian,7,4,0,3,1631,0,1936,605,v001,agent:DataEngineer
2026-09-09,52,13:30,chat,Meridian,8,4,0,4,1430,0,1796,561,v001,agent:DataEngineer
2026-09-09,52,14:00,chat,Meridian,7,4,0,3,1765,0,1908,596,v001,agent:DataEngineer
2026-09-09,52,14:30,chat,Meridian,7,4,0,3,1755,0,1679,525,v001,agent:DataEngineer
2026-09-09,52,15:00,chat,Meridian,8,4,0,4,1388,0,1890,591,v001,agent:DataEngineer
2026-09-09,52,15:30,chat,Meridian,8,4,0,4,1215,0,1821,569,v001,agent:DataEngineer
2026-09-09,52,16:00,chat,Meridian,7,4,0,3,1463,0,1676,524,v001,agent:DataEngineer
2026-09-09,52,16:30,chat,Meridian,6,3,0,3,1394,0,2025,633,v001,agent:DataEngineer
2026-09-09,52,17:00,chat,Meridian,4,2,0,2,1585,0,1888,590,v001,agent:DataEngineer
2026-09-09,52,17:30,chat,Meridian,3,2,0,1,1649,0,1770,553,v001,agent:DataEngineer
2026-09-09,52,18:00,chat,Meridian,3,2,1,1,591,33.3,1613,504,v001,agent:DataEngineer
2026-09-09,52,18:30,chat,Meridian,2,2,0,0,1627,0,1773,554,v001,agent:DataEngineer
2026-09-09,52,19:00,chat,Meridian,1,1,0,0,1219,0,1704,532,v001,agent:DataEngineer
2026-09-09,52,19:30,chat,Meridian,1,1,0,0,1709,0,1802,563,v001,agent:DataEngineer
2026-09-09,52,20:00,chat,Meridian,1,1,1,0,47,100,1811,566,v001,agent:DataEngineer
2026-09-09,52,20:30,chat,Meridian,1,1,0,0,1334,0,1975,617,v001,agent:DataEngineer
2026-09-09,52,21:00,chat,Meridian,1,1,0,0,1573,0,1927,602,v001,agent:DataEngineer
2026-09-09,52,21:30,chat,Meridian,1,1,0,0,1616,0,1649,515,v001,agent:DataEngineer
2026-09-09,52,22:00,chat,Meridian,1,1,0,0,1265,0,1649,515,v001,agent:DataEngineer
2026-09-09,52,22:30,chat,Meridian,1,1,1,0,47,100,1594,498,v001,agent:DataEngineer
2026-09-09,52,23:00,chat,Meridian,1,1,1,0,45,100,1787,558,v001,agent:DataEngineer
2026-09-09,52,23:30,chat,Meridian,1,1,0,0,1502,0,1644,514,v001,agent:DataEngineer
2026-09-10,53,00:00,voice,Meridian,1,1,1,0,11,100,1784,1784,v001,agent:DataEngineer
2026-09-10,53,00:30,voice,Meridian,1,1,0,0,908,0,1711,1711,v001,agent:DataEngineer
2026-09-10,53,01:00,voice,Meridian,1,1,0,0,1032,0,1620,1620,v001,agent:DataEngineer
2026-09-10,53,01:30,voice,Meridian,1,1,1,0,11,100,1774,1774,v001,agent:DataEngineer
2026-09-10,53,02:00,voice,Meridian,1,1,1,0,12,100,1961,1961,v001,agent:DataEngineer
2026-09-10,53,02:30,voice,Meridian,1,1,0,0,960,0,1840,1840,v001,agent:DataEngineer
2026-09-10,53,03:00,voice,Meridian,1,1,1,0,12,100,1876,1876,v001,agent:DataEngineer
2026-09-10,53,03:30,voice,Meridian,1,1,1,0,11,100,1896,1896,v001,agent:DataEngineer
2026-09-10,53,04:00,voice,Meridian,1,1,1,0,12,100,1893,1893,v001,agent:DataEngineer
2026-09-10,53,04:30,voice,Meridian,1,1,1,0,13,100,1684,1684,v001,agent:DataEngineer
2026-09-10,53,05:00,voice,Meridian,1,1,0,0,776,0,1832,1832,v001,agent:DataEngineer
2026-09-10,53,05:30,voice,Meridian,1,1,0,0,858,0,1983,1983,v001,agent:DataEngineer
2026-09-10,53,06:00,voice,Meridian,1,1,1,0,12,100,2062,2062,v001,agent:DataEngineer
2026-09-10,53,06:30,voice,Meridian,1,1,0,0,929,0,1777,1777,v001,agent:DataEngineer
2026-09-10,53,07:00,voice,Meridian,1,1,0,0,853,0,1690,1690,v001,agent:DataEngineer
2026-09-10,53,07:30,voice,Meridian,2,2,1,0,253,50,1761,1761,v001,agent:DataEngineer
2026-09-10,53,08:00,voice,Meridian,3,2,0,1,837,0,1836,1836,v001,agent:DataEngineer
2026-09-10,53,08:30,voice,Meridian,3,2,0,1,800,0,1717,1717,v001,agent:DataEngineer
2026-09-10,53,09:00,voice,Meridian,5,2,0,3,857,0,1820,1820,v001,agent:DataEngineer
2026-09-10,53,09:30,voice,Meridian,6,3,0,3,942,0,1650,1650,v001,agent:DataEngineer
2026-09-10,53,10:00,voice,Meridian,8,4,0,4,815,0,1907,1907,v001,agent:DataEngineer
2026-09-10,53,10:30,voice,Meridian,7,4,0,3,1008,0,1920,1920,v001,agent:DataEngineer
2026-09-10,53,11:00,voice,Meridian,10,5,0,5,902,0,1824,1824,v001,agent:DataEngineer
2026-09-10,53,11:30,voice,Meridian,10,5,1,5,678,10,1932,1932,v001,agent:DataEngineer
2026-09-10,53,12:00,voice,Meridian,6,3,1,3,551,16.7,1980,1980,v001,agent:DataEngineer
2026-09-10,53,12:30,voice,Meridian,5,2,0,3,1059,0,2067,2067,v001,agent:DataEngineer
2026-09-10,53,13:00,voice,Meridian,6,3,0,3,956,0,2086,2086,v001,agent:DataEngineer
2026-09-10,53,13:30,voice,Meridian,7,4,0,3,967,0,1792,1792,v001,agent:DataEngineer
2026-09-10,53,14:00,voice,Meridian,7,4,0,3,803,0,1855,1855,v001,agent:DataEngineer
2026-09-10,53,14:30,voice,Meridian,8,4,0,4,850,0,2193,2193,v001,agent:DataEngineer
2026-09-10,53,15:00,voice,Meridian,6,3,0,3,938,0,1809,1809,v001,agent:DataEngineer
2026-09-10,53,15:30,voice,Meridian,6,3,0,3,916,0,1811,1811,v001,agent:DataEngineer
2026-09-10,53,16:00,voice,Meridian,6,3,1,3,621,16.7,1916,1916,v001,agent:DataEngineer
2026-09-10,53,16:30,voice,Meridian,5,2,0,3,920,0,1842,1842,v001,agent:DataEngineer
2026-09-10,53,17:00,voice,Meridian,4,2,0,2,896,0,1889,1889,v001,agent:DataEngineer
2026-09-10,53,17:30,voice,Meridian,3,1,0,2,995,0,1943,1943,v001,agent:DataEngineer
2026-09-10,53,18:00,voice,Meridian,3,3,1,0,427,33.3,1730,1730,v001,agent:DataEngineer
2026-09-10,53,18:30,voice,Meridian,2,2,1,0,227,50,1951,1951,v001,agent:DataEngineer
2026-09-10,53,19:00,voice,Meridian,1,1,0,0,927,0,1965,1965,v001,agent:DataEngineer
2026-09-10,53,19:30,voice,Meridian,1,1,1,0,12,100,1671,1671,v001,agent:DataEngineer
2026-09-10,53,20:00,voice,Meridian,1,1,0,0,860,0,1836,1836,v001,agent:DataEngineer
2026-09-10,53,20:30,voice,Meridian,1,1,0,0,1022,0,1987,1987,v001,agent:DataEngineer
2026-09-10,53,21:00,voice,Meridian,1,1,1,0,14,100,1902,1902,v001,agent:DataEngineer
2026-09-10,53,21:30,voice,Meridian,1,1,1,0,10,100,1893,1893,v001,agent:DataEngineer
2026-09-10,53,22:00,voice,Meridian,1,1,0,0,947,0,2019,2019,v001,agent:DataEngineer
2026-09-10,53,22:30,voice,Meridian,1,1,0,0,776,0,1631,1631,v001,agent:DataEngineer
2026-09-10,53,23:00,voice,Meridian,1,1,1,0,12,100,1960,1960,v001,agent:DataEngineer
2026-09-10,53,23:30,voice,Meridian,1,1,0,0,882,0,1652,1652,v001,agent:DataEngineer
2026-09-10,53,00:00,chat,Meridian,1,1,0,0,1360,0,1682,526,v001,agent:DataEngineer
2026-09-10,53,00:30,chat,Meridian,1,1,1,0,47,100,1688,527,v001,agent:DataEngineer
2026-09-10,53,01:00,chat,Meridian,1,1,1,0,42,100,1752,548,v001,agent:DataEngineer
2026-09-10,53,01:30,chat,Meridian,1,1,1,0,46,100,1697,530,v001,agent:DataEngineer
2026-09-10,53,02:00,chat,Meridian,1,1,1,0,42,100,2018,631,v001,agent:DataEngineer
2026-09-10,53,02:30,chat,Meridian,1,1,1,0,53,100,1699,531,v001,agent:DataEngineer
2026-09-10,53,03:00,chat,Meridian,1,1,0,0,1320,0,1726,539,v001,agent:DataEngineer
2026-09-10,53,03:30,chat,Meridian,1,1,1,0,47,100,1685,527,v001,agent:DataEngineer
2026-09-10,53,04:00,chat,Meridian,1,1,1,0,43,100,1756,549,v001,agent:DataEngineer
2026-09-10,53,04:30,chat,Meridian,1,1,1,0,38,100,1653,516,v001,agent:DataEngineer
2026-09-10,53,05:00,chat,Meridian,1,1,1,0,46,100,1644,514,v001,agent:DataEngineer
2026-09-10,53,05:30,chat,Meridian,1,1,0,0,1455,0,1766,552,v001,agent:DataEngineer
2026-09-10,53,06:00,chat,Meridian,1,1,1,0,49,100,1756,549,v001,agent:DataEngineer
2026-09-10,53,06:30,chat,Meridian,1,1,0,0,1614,0,1714,535,v001,agent:DataEngineer
2026-09-10,53,07:00,chat,Meridian,2,1,0,1,1573,0,1805,564,v001,agent:DataEngineer
2026-09-10,53,07:30,chat,Meridian,2,1,0,1,1523,0,1712,535,v001,agent:DataEngineer
2026-09-10,53,08:00,chat,Meridian,3,2,0,1,1576,0,1761,550,v001,agent:DataEngineer
2026-09-10,53,08:30,chat,Meridian,4,2,0,2,1560,0,1592,498,v001,agent:DataEngineer
2026-09-10,53,09:00,chat,Meridian,5,3,0,2,1508,0,1696,530,v001,agent:DataEngineer
2026-09-10,53,09:30,chat,Meridian,9,5,0,4,1477,0,1821,569,v001,agent:DataEngineer
2026-09-10,53,10:00,chat,Meridian,9,5,0,4,1342,0,1873,585,v001,agent:DataEngineer
2026-09-10,53,10:30,chat,Meridian,9,5,0,4,1732,0,1681,525,v001,agent:DataEngineer
2026-09-10,53,11:00,chat,Meridian,9,5,0,4,1618,0,1883,588,v001,agent:DataEngineer
2026-09-10,53,11:30,chat,Meridian,10,6,0,4,1389,0,1752,547,v001,agent:DataEngineer
2026-09-10,53,12:00,chat,Meridian,10,6,0,4,1989,0,1555,486,v001,agent:DataEngineer
2026-09-10,53,12:30,chat,Meridian,8,5,0,3,1366,0,1819,568,v001,agent:DataEngineer
2026-09-10,53,13:00,chat,Meridian,8,5,0,3,1761,0,1594,498,v001,agent:DataEngineer
2026-09-10,53,13:30,chat,Meridian,7,4,0,3,1343,0,1665,520,v001,agent:DataEngineer
2026-09-10,53,14:00,chat,Meridian,7,4,0,3,1473,0,1687,527,v001,agent:DataEngineer
2026-09-10,53,14:30,chat,Meridian,8,4,0,4,1763,0,1770,553,v001,agent:DataEngineer
2026-09-10,53,15:00,chat,Meridian,9,5,0,4,1813,0,1734,542,v001,agent:DataEngineer
2026-09-10,53,15:30,chat,Meridian,9,5,0,4,1248,0,1635,511,v001,agent:DataEngineer
2026-09-10,53,16:00,chat,Meridian,7,4,0,3,1300,0,1515,473,v001,agent:DataEngineer
2026-09-10,53,16:30,chat,Meridian,8,4,0,4,1749,0,1652,516,v001,agent:DataEngineer
2026-09-10,53,17:00,chat,Meridian,4,2,0,2,1290,0,1836,574,v001,agent:DataEngineer
2026-09-10,53,17:30,chat,Meridian,4,2,0,2,1390,0,1695,530,v001,agent:DataEngineer
2026-09-10,53,18:00,chat,Meridian,2,1,0,1,1613,0,1672,522,v001,agent:DataEngineer
2026-09-10,53,18:30,chat,Meridian,2,1,0,1,1435,0,1624,508,v001,agent:DataEngineer
2026-09-10,53,19:00,chat,Meridian,2,2,1,0,417,50,1589,497,v001,agent:DataEngineer
2026-09-10,53,19:30,chat,Meridian,1,1,0,0,1507,0,1765,551,v001,agent:DataEngineer
2026-09-10,53,20:00,chat,Meridian,1,1,0,0,1522,0,1791,560,v001,agent:DataEngineer
2026-09-10,53,20:30,chat,Meridian,1,1,1,0,48,100,1797,562,v001,agent:DataEngineer
2026-09-10,53,21:00,chat,Meridian,1,1,1,0,43,100,1790,559,v001,agent:DataEngineer
2026-09-10,53,21:30,chat,Meridian,1,1,1,0,46,100,1610,503,v001,agent:DataEngineer
2026-09-10,53,22:00,chat,Meridian,1,1,0,0,1416,0,1839,575,v001,agent:DataEngineer
2026-09-10,53,22:30,chat,Meridian,1,1,1,0,43,100,2042,638,v001,agent:DataEngineer
2026-09-10,53,23:00,chat,Meridian,1,1,1,0,40,100,1626,508,v001,agent:DataEngineer
2026-09-10,53,23:30,chat,Meridian,1,1,1,0,46,100,1725,539,v001,agent:DataEngineer
2026-09-11,54,00:00,voice,Meridian,1,1,1,0,12,100,1758,1758,v001,agent:DataEngineer
2026-09-11,54,00:30,voice,Meridian,0,0,0,0,0,0,0,0,v001,agent:DataEngineer
2026-09-11,54,01:00,voice,Meridian,1,1,1,0,12,100,1775,1775,v001,agent:DataEngineer
2026-09-11,54,01:30,voice,Meridian,1,1,1,0,11,100,1682,1682,v001,agent:DataEngineer
2026-09-11,54,02:00,voice,Meridian,1,1,1,0,12,100,1856,1856,v001,agent:DataEngineer
2026-09-11,54,02:30,voice,Meridian,0,0,0,0,0,0,0,0,v001,agent:DataEngineer
2026-09-11,54,03:00,voice,Meridian,1,1,1,0,12,100,1788,1788,v001,agent:DataEngineer
2026-09-11,54,03:30,voice,Meridian,1,1,1,0,11,100,1892,1892,v001,agent:DataEngineer
2026-09-11,54,04:00,voice,Meridian,1,1,1,0,11,100,1879,1879,v001,agent:DataEngineer
2026-09-11,54,04:30,voice,Meridian,1,1,1,0,10,100,1962,1962,v001,agent:DataEngineer
2026-09-11,54,05:00,voice,Meridian,1,1,1,0,12,100,1802,1802,v001,agent:DataEngineer
2026-09-11,54,05:30,voice,Meridian,1,1,1,0,15,100,1861,1861,v001,agent:DataEngineer
2026-09-11,54,06:00,voice,Meridian,1,1,1,0,12,100,1710,1710,v001,agent:DataEngineer
2026-09-11,54,06:30,voice,Meridian,1,1,1,0,13,100,1884,1884,v001,agent:DataEngineer
2026-09-11,54,07:00,voice,Meridian,1,1,1,0,10,100,1825,1825,v001,agent:DataEngineer
2026-09-11,54,07:30,voice,Meridian,1,1,1,0,12,100,1749,1749,v001,agent:DataEngineer
2026-09-11,54,08:00,voice,Meridian,2,2,1,0,225,50,1769,1769,v001,agent:DataEngineer
2026-09-11,54,08:30,voice,Meridian,3,2,0,1,701,0,1944,1944,v001,agent:DataEngineer
2026-09-11,54,09:00,voice,Meridian,4,2,0,2,804,0,1726,1726,v001,agent:DataEngineer
2026-09-11,54,09:30,voice,Meridian,5,3,0,2,765,0,1891,1891,v001,agent:DataEngineer
2026-09-11,54,10:00,voice,Meridian,6,3,0,3,1072,0,1697,1697,v001,agent:DataEngineer
2026-09-11,54,10:30,voice,Meridian,8,5,1,3,683,12.5,1895,1895,v001,agent:DataEngineer
2026-09-11,54,11:00,voice,Meridian,7,4,0,3,1080,0,1820,1820,v001,agent:DataEngineer
2026-09-11,54,11:30,voice,Meridian,6,4,0,2,1102,0,1766,1766,v001,agent:DataEngineer
2026-09-11,54,12:00,voice,Meridian,4,2,0,2,1109,0,1886,1886,v001,agent:DataEngineer
2026-09-11,54,12:30,voice,Meridian,6,3,0,3,1007,0,1808,1808,v001,agent:DataEngineer
2026-09-11,54,13:00,voice,Meridian,5,3,0,2,945,0,1835,1835,v001,agent:DataEngineer
2026-09-11,54,13:30,voice,Meridian,5,3,0,2,904,0,1859,1859,v001,agent:DataEngineer
2026-09-11,54,14:00,voice,Meridian,6,3,0,3,972,0,1837,1837,v001,agent:DataEngineer
2026-09-11,54,14:30,voice,Meridian,5,3,0,2,960,0,1748,1748,v001,agent:DataEngineer
2026-09-11,54,15:00,voice,Meridian,6,4,0,2,958,0,1688,1688,v001,agent:DataEngineer
2026-09-11,54,15:30,voice,Meridian,6,3,0,3,951,0,1929,1929,v001,agent:DataEngineer
2026-09-11,54,16:00,voice,Meridian,6,4,1,2,552,16.7,1991,1991,v001,agent:DataEngineer
2026-09-11,54,16:30,voice,Meridian,4,2,0,2,903,0,1910,1910,v001,agent:DataEngineer
2026-09-11,54,17:00,voice,Meridian,3,2,0,1,934,0,1839,1839,v001,agent:DataEngineer
2026-09-11,54,17:30,voice,Meridian,3,2,0,1,1038,0,1731,1731,v001,agent:DataEngineer
2026-09-11,54,18:00,voice,Meridian,2,1,0,1,973,0,1956,1956,v001,agent:DataEngineer
2026-09-11,54,18:30,voice,Meridian,1,1,1,0,11,100,1871,1871,v001,agent:DataEngineer
2026-09-11,54,19:00,voice,Meridian,1,1,1,0,10,100,1900,1900,v001,agent:DataEngineer
2026-09-11,54,19:30,voice,Meridian,1,1,1,0,13,100,1711,1711,v001,agent:DataEngineer
2026-09-11,54,20:00,voice,Meridian,1,1,1,0,11,100,1776,1776,v001,agent:DataEngineer
2026-09-11,54,20:30,voice,Meridian,1,1,1,0,11,100,1824,1824,v001,agent:DataEngineer
2026-09-11,54,21:00,voice,Meridian,1,1,1,0,11,100,2063,2063,v001,agent:DataEngineer
2026-09-11,54,21:30,voice,Meridian,1,1,1,0,12,100,1989,1989,v001,agent:DataEngineer
2026-09-11,54,22:00,voice,Meridian,1,1,1,0,14,100,1674,1674,v001,agent:DataEngineer
2026-09-11,54,22:30,voice,Meridian,1,1,1,0,14,100,1673,1673,v001,agent:DataEngineer
2026-09-11,54,23:00,voice,Meridian,1,1,1,0,11,100,1809,1809,v001,agent:DataEngineer
2026-09-11,54,23:30,voice,Meridian,1,1,1,0,12,100,1710,1710,v001,agent:DataEngineer
2026-09-11,54,00:00,chat,Meridian,1,1,0,0,1451,0,1752,548,v001,agent:DataEngineer
2026-09-11,54,00:30,chat,Meridian,1,1,1,0,45,100,1950,609,v001,agent:DataEngineer
2026-09-11,54,01:00,chat,Meridian,1,1,0,0,1628,0,1779,556,v001,agent:DataEngineer
2026-09-11,54,01:30,chat,Meridian,1,1,0,0,1393,0,1756,549,v001,agent:DataEngineer
2026-09-11,54,02:00,chat,Meridian,1,1,0,0,1404,0,1864,582,v001,agent:DataEngineer
2026-09-11,54,02:30,chat,Meridian,1,1,1,0,57,100,1965,614,v001,agent:DataEngineer
2026-09-11,54,03:00,chat,Meridian,1,1,1,0,48,100,1743,545,v001,agent:DataEngineer
2026-09-11,54,03:30,chat,Meridian,1,1,1,0,42,100,1898,593,v001,agent:DataEngineer
2026-09-11,54,04:00,chat,Meridian,1,1,1,0,47,100,1782,557,v001,agent:DataEngineer
2026-09-11,54,04:30,chat,Meridian,1,1,1,0,47,100,1839,575,v001,agent:DataEngineer
2026-09-11,54,05:00,chat,Meridian,1,1,0,0,1545,0,1959,612,v001,agent:DataEngineer
2026-09-11,54,05:30,chat,Meridian,1,1,1,0,50,100,1817,568,v001,agent:DataEngineer
2026-09-11,54,06:00,chat,Meridian,1,1,0,0,1409,0,1778,556,v001,agent:DataEngineer
2026-09-11,54,06:30,chat,Meridian,1,1,0,0,1777,0,1687,527,v001,agent:DataEngineer
2026-09-11,54,07:00,chat,Meridian,1,1,0,0,1482,0,1829,572,v001,agent:DataEngineer
2026-09-11,54,07:30,chat,Meridian,2,2,1,0,383,50,1923,601,v001,agent:DataEngineer
2026-09-11,54,08:00,chat,Meridian,3,2,1,1,699,33.3,1826,571,v001,agent:DataEngineer
2026-09-11,54,08:30,chat,Meridian,4,2,0,2,1725,0,1937,605,v001,agent:DataEngineer
2026-09-11,54,09:00,chat,Meridian,5,3,0,2,1633,0,1835,574,v001,agent:DataEngineer
2026-09-11,54,09:30,chat,Meridian,7,4,0,3,1325,0,1763,551,v001,agent:DataEngineer
2026-09-11,54,10:00,chat,Meridian,7,4,0,3,1503,0,1919,600,v001,agent:DataEngineer
2026-09-11,54,10:30,chat,Meridian,9,5,1,4,1063,11.1,1673,523,v001,agent:DataEngineer
2026-09-11,54,11:00,chat,Meridian,8,4,0,4,1374,0,1670,522,v001,agent:DataEngineer
2026-09-11,54,11:30,chat,Meridian,8,5,0,3,1620,0,1753,548,v001,agent:DataEngineer
2026-09-11,54,12:00,chat,Meridian,6,3,0,3,1588,0,1858,581,v001,agent:DataEngineer
2026-09-11,54,12:30,chat,Meridian,6,3,0,3,1583,0,1912,598,v001,agent:DataEngineer
2026-09-11,54,13:00,chat,Meridian,6,3,0,3,1651,0,1826,571,v001,agent:DataEngineer
2026-09-11,54,13:30,chat,Meridian,6,3,0,3,1289,0,1818,568,v001,agent:DataEngineer
2026-09-11,54,14:00,chat,Meridian,6,3,0,3,1628,0,1787,558,v001,agent:DataEngineer
2026-09-11,54,14:30,chat,Meridian,6,3,0,3,1559,0,1897,593,v001,agent:DataEngineer
2026-09-11,54,15:00,chat,Meridian,7,4,0,3,1269,0,1584,495,v001,agent:DataEngineer
2026-09-11,54,15:30,chat,Meridian,8,4,0,4,1577,0,1958,612,v001,agent:DataEngineer
2026-09-11,54,16:00,chat,Meridian,6,3,0,3,1290,0,1969,615,v001,agent:DataEngineer
2026-09-11,54,16:30,chat,Meridian,5,3,0,2,1550,0,1688,528,v001,agent:DataEngineer
2026-09-11,54,17:00,chat,Meridian,3,2,0,1,1441,0,1939,606,v001,agent:DataEngineer
2026-09-11,54,17:30,chat,Meridian,3,2,0,1,1251,0,1729,540,v001,agent:DataEngineer
2026-09-11,54,18:00,chat,Meridian,2,2,0,0,1694,0,1694,529,v001,agent:DataEngineer
2026-09-11,54,18:30,chat,Meridian,2,2,1,0,412,50,1708,534,v001,agent:DataEngineer
2026-09-11,54,19:00,chat,Meridian,1,1,0,0,1653,0,1809,565,v001,agent:DataEngineer
2026-09-11,54,19:30,chat,Meridian,1,1,0,0,1296,0,1906,596,v001,agent:DataEngineer
2026-09-11,54,20:00,chat,Meridian,1,1,0,0,1455,0,1666,521,v001,agent:DataEngineer
2026-09-11,54,20:30,chat,Meridian,1,1,1,0,51,100,1735,542,v001,agent:DataEngineer
2026-09-11,54,21:00,chat,Meridian,1,1,1,0,43,100,1927,602,v001,agent:DataEngineer
2026-09-11,54,21:30,chat,Meridian,1,1,1,0,44,100,1833,573,v001,agent:DataEngineer
2026-09-11,54,22:00,chat,Meridian,1,1,1,0,44,100,1844,576,v001,agent:DataEngineer
2026-09-11,54,22:30,chat,Meridian,1,1,1,0,47,100,1850,578,v001,agent:DataEngineer
2026-09-11,54,23:00,chat,Meridian,1,1,1,0,49,100,1808,565,v001,agent:DataEngineer
2026-09-11,54,23:30,chat,Meridian,1,1,0,0,1555,0,1897,593,v001,agent:DataEngineer
2026-09-12,55,00:00,voice,Meridian,0,0,0,0,0,0,0,0,v001,agent:DataEngineer
2026-09-12,55,00:30,voice,Meridian,0,0,0,0,0,0,0,0,v001,agent:DataEngineer
2026-09-12,55,01:00,voice,Meridian,0,0,0,0,0,0,0,0,v001,agent:DataEngineer
2026-09-12,55,01:30,voice,Meridian,0,0,0,0,0,0,0,0,v001,agent:DataEngineer
2026-09-12,55,02:00,voice,Meridian,1,1,1,0,11,100,2026,2026,v001,agent:DataEngineer
2026-09-12,55,02:30,voice,Meridian,0,0,0,0,0,0,0,0,v001,agent:DataEngineer
2026-09-12,55,03:00,voice,Meridian,0,0,0,0,0,0,0,0,v001,agent:DataEngineer
2026-09-12,55,03:30,voice,Meridian,0,0,0,0,0,0,0,0,v001,agent:DataEngineer
2026-09-12,55,04:00,voice,Meridian,0,0,0,0,0,0,0,0,v001,agent:DataEngineer
2026-09-12,55,04:30,voice,Meridian,0,0,0,0,0,0,0,0,v001,agent:DataEngineer
2026-09-12,55,05:00,voice,Meridian,0,0,0,0,0,0,0,0,v001,agent:DataEngineer
2026-09-12,55,05:30,voice,Meridian,0,0,0,0,0,0,0,0,v001,agent:DataEngineer
2026-09-12,55,06:00,voice,Meridian,0,0,0,0,0,0,0,0,v001,agent:DataEngineer
2026-09-12,55,06:30,voice,Meridian,1,1,1,0,13,100,1778,1778,v001,agent:DataEngineer
2026-09-12,55,07:00,voice,Meridian,1,1,1,0,11,100,2057,2057,v001,agent:DataEngineer
2026-09-12,55,07:30,voice,Meridian,1,1,1,0,12,100,2033,2033,v001,agent:DataEngineer
2026-09-12,55,08:00,voice,Meridian,1,1,1,0,14,100,2107,2107,v001,agent:DataEngineer
2026-09-12,55,08:30,voice,Meridian,1,1,1,0,10,100,2262,2262,v001,agent:DataEngineer
2026-09-12,55,09:00,voice,Meridian,2,2,2,0,10,100,1950,1950,v001,agent:DataEngineer
2026-09-12,55,09:30,voice,Meridian,2,2,2,0,13,100,1924,1924,v001,agent:DataEngineer
2026-09-12,55,10:00,voice,Meridian,4,4,4,0,11,100,1876,1876,v001,agent:DataEngineer
2026-09-12,55,10:30,voice,Meridian,3,3,3,0,14,100,2181,2181,v001,agent:DataEngineer
2026-09-12,55,11:00,voice,Meridian,4,4,4,0,12,100,2434,2434,v001,agent:DataEngineer
2026-09-12,55,11:30,voice,Meridian,4,3,3,1,70,75,2004,2004,v001,agent:DataEngineer
2026-09-12,55,12:00,voice,Meridian,4,4,4,0,11,100,2101,2101,v001,agent:DataEngineer
2026-09-12,55,12:30,voice,Meridian,2,2,2,0,12,100,1951,1951,v001,agent:DataEngineer
2026-09-12,55,13:00,voice,Meridian,3,3,3,0,11,100,2050,2050,v001,agent:DataEngineer
2026-09-12,55,13:30,voice,Meridian,3,3,3,0,13,100,2127,2127,v001,agent:DataEngineer
2026-09-12,55,14:00,voice,Meridian,2,2,2,0,12,100,1958,1958,v001,agent:DataEngineer
2026-09-12,55,14:30,voice,Meridian,3,3,3,0,11,100,2012,2012,v001,agent:DataEngineer
2026-09-12,55,15:00,voice,Meridian,2,2,2,0,12,100,1926,1926,v001,agent:DataEngineer
2026-09-12,55,15:30,voice,Meridian,3,3,3,0,12,100,1927,1927,v001,agent:DataEngineer
2026-09-12,55,16:00,voice,Meridian,2,2,2,0,12,100,2275,2275,v001,agent:DataEngineer
2026-09-12,55,16:30,voice,Meridian,2,2,2,0,12,100,1921,1921,v001,agent:DataEngineer
2026-09-12,55,17:00,voice,Meridian,2,2,2,0,14,100,2045,2045,v001,agent:DataEngineer
2026-09-12,55,17:30,voice,Meridian,1,1,1,0,13,100,2032,2032,v001,agent:DataEngineer
2026-09-12,55,18:00,voice,Meridian,1,1,1,0,10,100,1977,1977,v001,agent:DataEngineer
2026-09-12,55,18:30,voice,Meridian,1,1,1,0,11,100,2162,2162,v001,agent:DataEngineer
2026-09-12,55,19:00,voice,Meridian,1,1,1,0,11,100,2116,2116,v001,agent:DataEngineer
2026-09-12,55,19:30,voice,Meridian,0,0,0,0,0,0,0,0,v001,agent:DataEngineer
2026-09-12,55,20:00,voice,Meridian,1,1,1,0,12,100,2024,2024,v001,agent:DataEngineer
2026-09-12,55,20:30,voice,Meridian,0,0,0,0,0,0,0,0,v001,agent:DataEngineer
2026-09-12,55,21:00,voice,Meridian,0,0,0,0,0,0,0,0,v001,agent:DataEngineer
2026-09-12,55,21:30,voice,Meridian,0,0,0,0,0,0,0,0,v001,agent:DataEngineer
2026-09-12,55,22:00,voice,Meridian,0,0,0,0,0,0,0,0,v001,agent:DataEngineer
2026-09-12,55,22:30,voice,Meridian,0,0,0,0,0,0,0,0,v001,agent:DataEngineer
2026-09-12,55,23:00,voice,Meridian,0,0,0,0,0,0,0,0,v001,agent:DataEngineer
2026-09-12,55,23:30,voice,Meridian,0,0,0,0,0,0,0,0,v001,agent:DataEngineer
2026-09-12,55,00:00,chat,Meridian,0,0,0,0,0,0,0,0,v001,agent:DataEngineer
2026-09-12,55,00:30,chat,Meridian,0,0,0,0,0,0,0,0,v001,agent:DataEngineer
2026-09-12,55,01:00,chat,Meridian,0,0,0,0,0,0,0,0,v001,agent:DataEngineer
2026-09-12,55,01:30,chat,Meridian,0,0,0,0,0,0,0,0,v001,agent:DataEngineer
2026-09-12,55,02:00,chat,Meridian,0,0,0,0,0,0,0,0,v001,agent:DataEngineer
2026-09-12,55,02:30,chat,Meridian,0,0,0,0,0,0,0,0,v001,agent:DataEngineer
2026-09-12,55,03:00,chat,Meridian,0,0,0,0,0,0,0,0,v001,agent:DataEngineer
2026-09-12,55,03:30,chat,Meridian,0,0,0,0,0,0,0,0,v001,agent:DataEngineer
2026-09-12,55,04:00,chat,Meridian,1,1,1,0,45,100,1142,532,v001,agent:DataEngineer
2026-09-12,55,04:30,chat,Meridian,0,0,0,0,0,0,0,0,v001,agent:DataEngineer
2026-09-12,55,05:00,chat,Meridian,0,0,0,0,0,0,0,0,v001,agent:DataEngineer
2026-09-12,55,05:30,chat,Meridian,0,0,0,0,0,0,0,0,v001,agent:DataEngineer
2026-09-12,55,06:00,chat,Meridian,0,0,0,0,0,0,0,0,v001,agent:DataEngineer
2026-09-12,55,06:30,chat,Meridian,0,0,0,0,0,0,0,0,v001,agent:DataEngineer
2026-09-12,55,07:00,chat,Meridian,1,1,1,0,45,100,1117,521,v001,agent:DataEngineer
2026-09-12,55,07:30,chat,Meridian,1,1,1,0,43,100,1345,627,v001,agent:DataEngineer
2026-09-12,55,08:00,chat,Meridian,1,1,1,0,42,100,1192,556,v001,agent:DataEngineer
2026-09-12,55,08:30,chat,Meridian,2,2,2,0,46,100,1236,576,v001,agent:DataEngineer
2026-09-12,55,09:00,chat,Meridian,2,2,2,0,39,100,1265,590,v001,agent:DataEngineer
2026-09-12,55,09:30,chat,Meridian,3,3,3,0,49,100,1134,528,v001,agent:DataEngineer
2026-09-12,55,10:00,chat,Meridian,3,3,3,0,45,100,1257,586,v001,agent:DataEngineer
2026-09-12,55,10:30,chat,Meridian,3,3,2,0,259,66.7,1320,615,v001,agent:DataEngineer
2026-09-12,55,11:00,chat,Meridian,4,4,3,0,149,75,1099,512,v001,agent:DataEngineer
2026-09-12,55,11:30,chat,Meridian,4,3,3,1,125,75,1213,565,v001,agent:DataEngineer
2026-09-12,55,12:00,chat,Meridian,4,4,4,0,39,100,1109,517,v001,agent:DataEngineer
2026-09-12,55,12:30,chat,Meridian,3,3,3,0,50,100,1279,596,v001,agent:DataEngineer
2026-09-12,55,13:00,chat,Meridian,3,2,2,1,189,66.7,1190,554,v001,agent:DataEngineer
2026-09-12,55,13:30,chat,Meridian,3,3,3,0,49,100,1204,561,v001,agent:DataEngineer
2026-09-12,55,14:00,chat,Meridian,3,3,2,0,217,66.7,1264,589,v001,agent:DataEngineer
2026-09-12,55,14:30,chat,Meridian,3,3,3,0,41,100,1232,574,v001,agent:DataEngineer
2026-09-12,55,15:00,chat,Meridian,4,4,4,0,40,100,1277,595,v001,agent:DataEngineer
2026-09-12,55,15:30,chat,Meridian,3,2,2,1,202,66.7,1212,565,v001,agent:DataEngineer
2026-09-12,55,16:00,chat,Meridian,3,3,3,0,38,100,1089,507,v001,agent:DataEngineer
2026-09-12,55,16:30,chat,Meridian,3,3,3,0,46,100,1235,575,v001,agent:DataEngineer
2026-09-12,55,17:00,chat,Meridian,2,2,2,0,47,100,1222,569,v001,agent:DataEngineer
2026-09-12,55,17:30,chat,Meridian,1,1,1,0,45,100,1316,614,v001,agent:DataEngineer
2026-09-12,55,18:00,chat,Meridian,1,1,1,0,36,100,1175,548,v001,agent:DataEngineer
2026-09-12,55,18:30,chat,Meridian,1,1,1,0,46,100,1114,519,v001,agent:DataEngineer
2026-09-12,55,19:00,chat,Meridian,1,1,1,0,46,100,1251,583,v001,agent:DataEngineer
2026-09-12,55,19:30,chat,Meridian,1,1,1,0,44,100,1291,602,v001,agent:DataEngineer
2026-09-12,55,20:00,chat,Meridian,1,1,1,0,42,100,1182,551,v001,agent:DataEngineer
2026-09-12,55,20:30,chat,Meridian,1,1,1,0,45,100,1217,567,v001,agent:DataEngineer
2026-09-12,55,21:00,chat,Meridian,0,0,0,0,0,0,0,0,v001,agent:DataEngineer
2026-09-12,55,21:30,chat,Meridian,1,1,1,0,40,100,1248,582,v001,agent:DataEngineer
2026-09-12,55,22:00,chat,Meridian,0,0,0,0,0,0,0,0,v001,agent:DataEngineer
2026-09-12,55,22:30,chat,Meridian,0,0,0,0,0,0,0,0,v001,agent:DataEngineer
2026-09-12,55,23:00,chat,Meridian,0,0,0,0,0,0,0,0,v001,agent:DataEngineer
2026-09-12,55,23:30,chat,Meridian,0,0,0,0,0,0,0,0,v001,agent:DataEngineer
2026-09-13,56,00:00,voice,Meridian,0,0,0,0,0,0,0,0,v001,agent:DataEngineer
2026-09-13,56,00:30,voice,Meridian,0,0,0,0,0,0,0,0,v001,agent:DataEngineer
2026-09-13,56,01:00,voice,Meridian,0,0,0,0,0,0,0,0,v001,agent:DataEngineer
2026-09-13,56,01:30,voice,Meridian,0,0,0,0,0,0,0,0,v001,agent:DataEngineer
2026-09-13,56,02:00,voice,Meridian,0,0,0,0,0,0,0,0,v001,agent:DataEngineer
2026-09-13,56,02:30,voice,Meridian,0,0,0,0,0,0,0,0,v001,agent:DataEngineer
2026-09-13,56,03:00,voice,Meridian,0,0,0,0,0,0,0,0,v001,agent:DataEngineer
2026-09-13,56,03:30,voice,Meridian,0,0,0,0,0,0,0,0,v001,agent:DataEngineer
2026-09-13,56,04:00,voice,Meridian,0,0,0,0,0,0,0,0,v001,agent:DataEngineer
2026-09-13,56,04:30,voice,Meridian,0,0,0,0,0,0,0,0,v001,agent:DataEngineer
2026-09-13,56,05:00,voice,Meridian,0,0,0,0,0,0,0,0,v001,agent:DataEngineer
2026-09-13,56,05:30,voice,Meridian,0,0,0,0,0,0,0,0,v001,agent:DataEngineer
2026-09-13,56,06:00,voice,Meridian,0,0,0,0,0,0,0,0,v001,agent:DataEngineer
2026-09-13,56,06:30,voice,Meridian,1,1,1,0,14,100,1840,1840,v001,agent:DataEngineer
2026-09-13,56,07:00,voice,Meridian,1,1,1,0,12,100,1846,1846,v001,agent:DataEngineer
2026-09-13,56,07:30,voice,Meridian,1,1,1,0,11,100,1924,1924,v001,agent:DataEngineer
2026-09-13,56,08:00,voice,Meridian,1,1,1,0,12,100,1844,1844,v001,agent:DataEngineer
2026-09-13,56,08:30,voice,Meridian,2,2,2,0,11,100,2071,2071,v001,agent:DataEngineer
2026-09-13,56,09:00,voice,Meridian,3,3,3,0,13,100,1957,1957,v001,agent:DataEngineer
2026-09-13,56,09:30,voice,Meridian,3,3,3,0,12,100,1923,1923,v001,agent:DataEngineer
2026-09-13,56,10:00,voice,Meridian,4,3,2,1,258,50,1881,1881,v001,agent:DataEngineer
2026-09-13,56,10:30,voice,Meridian,3,3,2,0,113,66.7,2010,2010,v001,agent:DataEngineer
2026-09-13,56,11:00,voice,Meridian,5,5,5,0,14,100,1941,1941,v001,agent:DataEngineer
2026-09-13,56,11:30,voice,Meridian,3,3,3,0,12,100,1976,1976,v001,agent:DataEngineer
2026-09-13,56,12:00,voice,Meridian,3,3,3,0,11,100,2200,2200,v001,agent:DataEngineer
2026-09-13,56,12:30,voice,Meridian,4,4,4,0,11,100,1793,1793,v001,agent:DataEngineer
2026-09-13,56,13:00,voice,Meridian,3,3,3,0,14,100,2015,2015,v001,agent:DataEngineer
2026-09-13,56,13:30,voice,Meridian,3,3,3,0,12,100,1838,1838,v001,agent:DataEngineer
2026-09-13,56,14:00,voice,Meridian,4,3,3,1,73,75,1809,1809,v001,agent:DataEngineer
2026-09-13,56,14:30,voice,Meridian,3,3,3,0,11,100,1721,1721,v001,agent:DataEngineer
2026-09-13,56,15:00,voice,Meridian,3,3,3,0,11,100,1823,1823,v001,agent:DataEngineer
2026-09-13,56,15:30,voice,Meridian,3,3,3,0,11,100,1929,1929,v001,agent:DataEngineer
2026-09-13,56,16:00,voice,Meridian,3,3,3,0,13,100,1975,1975,v001,agent:DataEngineer
2026-09-13,56,16:30,voice,Meridian,2,2,2,0,12,100,1732,1732,v001,agent:DataEngineer
2026-09-13,56,17:00,voice,Meridian,2,2,2,0,12,100,1926,1926,v001,agent:DataEngineer
2026-09-13,56,17:30,voice,Meridian,1,1,1,0,12,100,2001,2001,v001,agent:DataEngineer
2026-09-13,56,18:00,voice,Meridian,1,1,1,0,13,100,2072,2072,v001,agent:DataEngineer
2026-09-13,56,18:30,voice,Meridian,1,1,1,0,13,100,2130,2130,v001,agent:DataEngineer
2026-09-13,56,19:00,voice,Meridian,1,1,1,0,14,100,1951,1951,v001,agent:DataEngineer
2026-09-13,56,19:30,voice,Meridian,0,0,0,0,0,0,0,0,v001,agent:DataEngineer
2026-09-13,56,20:00,voice,Meridian,0,0,0,0,0,0,0,0,v001,agent:DataEngineer
2026-09-13,56,20:30,voice,Meridian,1,1,1,0,12,100,1915,1915,v001,agent:DataEngineer
2026-09-13,56,21:00,voice,Meridian,0,0,0,0,0,0,0,0,v001,agent:DataEngineer
2026-09-13,56,21:30,voice,Meridian,0,0,0,0,0,0,0,0,v001,agent:DataEngineer
2026-09-13,56,22:00,voice,Meridian,0,0,0,0,0,0,0,0,v001,agent:DataEngineer
2026-09-13,56,22:30,voice,Meridian,1,1,1,0,12,100,1971,1971,v001,agent:DataEngineer
2026-09-13,56,23:00,voice,Meridian,1,1,1,0,11,100,2014,2014,v001,agent:DataEngineer
2026-09-13,56,23:30,voice,Meridian,0,0,0,0,0,0,0,0,v001,agent:DataEngineer
2026-09-13,56,00:00,chat,Meridian,0,0,0,0,0,0,0,0,v001,agent:DataEngineer
2026-09-13,56,00:30,chat,Meridian,1,1,1,0,46,100,1365,574,v001,agent:DataEngineer
2026-09-13,56,01:00,chat,Meridian,1,1,1,0,41,100,1224,515,v001,agent:DataEngineer
2026-09-13,56,01:30,chat,Meridian,0,0,0,0,0,0,0,0,v001,agent:DataEngineer
2026-09-13,56,02:00,chat,Meridian,1,1,1,0,48,100,1346,566,v001,agent:DataEngineer
2026-09-13,56,02:30,chat,Meridian,0,0,0,0,0,0,0,0,v001,agent:DataEngineer
2026-09-13,56,03:00,chat,Meridian,0,0,0,0,0,0,0,0,v001,agent:DataEngineer
2026-09-13,56,03:30,chat,Meridian,0,0,0,0,0,0,0,0,v001,agent:DataEngineer
2026-09-13,56,04:00,chat,Meridian,0,0,0,0,0,0,0,0,v001,agent:DataEngineer
2026-09-13,56,04:30,chat,Meridian,1,1,1,0,47,100,1473,620,v001,agent:DataEngineer
2026-09-13,56,05:00,chat,Meridian,0,0,0,0,0,0,0,0,v001,agent:DataEngineer
2026-09-13,56,05:30,chat,Meridian,1,1,1,0,47,100,1431,602,v001,agent:DataEngineer
2026-09-13,56,06:00,chat,Meridian,1,1,1,0,34,100,1299,547,v001,agent:DataEngineer
2026-09-13,56,06:30,chat,Meridian,1,1,1,0,48,100,1383,582,v001,agent:DataEngineer
2026-09-13,56,07:00,chat,Meridian,1,1,1,0,48,100,1259,530,v001,agent:DataEngineer
2026-09-13,56,07:30,chat,Meridian,1,1,1,0,40,100,1370,577,v001,agent:DataEngineer
2026-09-13,56,08:00,chat,Meridian,2,2,2,0,43,100,1410,593,v001,agent:DataEngineer
2026-09-13,56,08:30,chat,Meridian,2,2,2,0,40,100,1270,534,v001,agent:DataEngineer
2026-09-13,56,09:00,chat,Meridian,3,3,3,0,38,100,1426,600,v001,agent:DataEngineer
2026-09-13,56,09:30,chat,Meridian,3,3,2,0,229,66.7,1255,528,v001,agent:DataEngineer
2026-09-13,56,10:00,chat,Meridian,4,3,2,1,385,50,1273,536,v001,agent:DataEngineer
2026-09-13,56,10:30,chat,Meridian,4,3,1,1,758,25,1263,531,v001,agent:DataEngineer
2026-09-13,56,11:00,chat,Meridian,4,3,2,1,446,50,1301,548,v001,agent:DataEngineer
2026-09-13,56,11:30,chat,Meridian,4,4,4,0,45,100,1239,521,v001,agent:DataEngineer
2026-09-13,56,12:00,chat,Meridian,3,3,3,0,47,100,1251,527,v001,agent:DataEngineer
2026-09-13,56,12:30,chat,Meridian,4,4,2,0,411,50,1485,625,v001,agent:DataEngineer
2026-09-13,56,13:00,chat,Meridian,3,3,3,0,39,100,1232,519,v001,agent:DataEngineer
2026-09-13,56,13:30,chat,Meridian,4,3,2,1,409,50,1369,576,v001,agent:DataEngineer
2026-09-13,56,14:00,chat,Meridian,3,3,3,0,38,100,1357,571,v001,agent:DataEngineer
2026-09-13,56,14:30,chat,Meridian,4,4,4,0,44,100,1198,504,v001,agent:DataEngineer
2026-09-13,56,15:00,chat,Meridian,4,3,2,1,378,50,1338,563,v001,agent:DataEngineer
2026-09-13,56,15:30,chat,Meridian,3,3,3,0,47,100,1365,575,v001,agent:DataEngineer
2026-09-13,56,16:00,chat,Meridian,3,3,1,0,627,33.3,1387,584,v001,agent:DataEngineer
2026-09-13,56,16:30,chat,Meridian,3,3,3,0,39,100,1372,578,v001,agent:DataEngineer
2026-09-13,56,17:00,chat,Meridian,2,2,2,0,52,100,1296,545,v001,agent:DataEngineer
2026-09-13,56,17:30,chat,Meridian,3,3,3,0,47,100,1439,606,v001,agent:DataEngineer
2026-09-13,56,18:00,chat,Meridian,1,1,1,0,39,100,1517,638,v001,agent:DataEngineer
2026-09-13,56,18:30,chat,Meridian,1,1,1,0,50,100,1289,542,v001,agent:DataEngineer
2026-09-13,56,19:00,chat,Meridian,1,1,1,0,44,100,1404,591,v001,agent:DataEngineer
2026-09-13,56,19:30,chat,Meridian,1,1,1,0,41,100,1223,515,v001,agent:DataEngineer
2026-09-13,56,20:00,chat,Meridian,0,0,0,0,0,0,0,0,v001,agent:DataEngineer
2026-09-13,56,20:30,chat,Meridian,0,0,0,0,0,0,0,0,v001,agent:DataEngineer
2026-09-13,56,21:00,chat,Meridian,0,0,0,0,0,0,0,0,v001,agent:DataEngineer
2026-09-13,56,21:30,chat,Meridian,0,0,0,0,0,0,0,0,v001,agent:DataEngineer
2026-09-13,56,22:00,chat,Meridian,0,0,0,0,0,0,0,0,v001,agent:DataEngineer
2026-09-13,56,22:30,chat,Meridian,0,0,0,0,0,0,0,0,v001,agent:DataEngineer
2026-09-13,56,23:00,chat,Meridian,0,0,0,0,0,0,0,0,v001,agent:DataEngineer
2026-09-13,56,23:30,chat,Meridian,0,0,0,0,0,0,0,0,v001,agent:DataEngineer
2026-09-14,57,00:00,voice,Meridian,1,1,1,0,11,100,1820,1820,v001,agent:DataEngineer
2026-09-14,57,00:30,voice,Meridian,1,1,0,0,831,0,1823,1823,v001,agent:DataEngineer
2026-09-14,57,01:00,voice,Meridian,1,1,1,0,12,100,1957,1957,v001,agent:DataEngineer
2026-09-14,57,01:30,voice,Meridian,1,1,1,0,13,100,1648,1648,v001,agent:DataEngineer
2026-09-14,57,02:00,voice,Meridian,1,1,0,0,1023,0,1802,1802,v001,agent:DataEngineer
2026-09-14,57,02:30,voice,Meridian,1,1,1,0,12,100,1798,1798,v001,agent:DataEngineer
2026-09-14,57,03:00,voice,Meridian,1,1,0,0,827,0,1938,1938,v001,agent:DataEngineer
2026-09-14,57,03:30,voice,Meridian,1,1,0,0,1022,0,1947,1947,v001,agent:DataEngineer
2026-09-14,57,04:00,voice,Meridian,1,1,1,0,11,100,1750,1750,v001,agent:DataEngineer
2026-09-14,57,04:30,voice,Meridian,1,1,0,0,1025,0,1759,1759,v001,agent:DataEngineer
2026-09-14,57,05:00,voice,Meridian,1,1,0,0,879,0,1967,1967,v001,agent:DataEngineer
2026-09-14,57,05:30,voice,Meridian,1,1,0,0,950,0,1922,1922,v001,agent:DataEngineer
2026-09-14,57,06:00,voice,Meridian,1,1,0,0,786,0,1854,1854,v001,agent:DataEngineer
2026-09-14,57,06:30,voice,Meridian,1,1,0,0,886,0,1716,1716,v001,agent:DataEngineer
2026-09-14,57,07:00,voice,Meridian,1,0,0,1,911,0,1747,1747,v001,agent:DataEngineer
2026-09-14,57,07:30,voice,Meridian,3,2,0,1,928,0,1963,1963,v001,agent:DataEngineer
2026-09-14,57,08:00,voice,Meridian,2,1,0,1,1067,0,2043,2043,v001,agent:DataEngineer
2026-09-14,57,08:30,voice,Meridian,4,2,0,2,1012,0,1965,1965,v001,agent:DataEngineer
2026-09-14,57,09:00,voice,Meridian,5,2,0,3,1020,0,1822,1822,v001,agent:DataEngineer
2026-09-14,57,09:30,voice,Meridian,6,3,0,3,880,0,1961,1961,v001,agent:DataEngineer
2026-09-14,57,10:00,voice,Meridian,8,4,0,4,886,0,1676,1676,v001,agent:DataEngineer
2026-09-14,57,10:30,voice,Meridian,7,4,0,3,786,0,1821,1821,v001,agent:DataEngineer
2026-09-14,57,11:00,voice,Meridian,7,4,0,3,766,0,2121,2121,v001,agent:DataEngineer
2026-09-14,57,11:30,voice,Meridian,9,5,1,4,680,11.1,1690,1690,v001,agent:DataEngineer
2026-09-14,57,12:00,voice,Meridian,8,4,1,4,834,12.5,1881,1881,v001,agent:DataEngineer
2026-09-14,57,12:30,voice,Meridian,5,2,0,3,963,0,1936,1936,v001,agent:DataEngineer
2026-09-14,57,13:00,voice,Meridian,7,4,0,3,1019,0,2021,2021,v001,agent:DataEngineer
2026-09-14,57,13:30,voice,Meridian,7,3,0,4,1039,0,2038,2038,v001,agent:DataEngineer
2026-09-14,57,14:00,voice,Meridian,5,2,0,3,851,0,1844,1844,v001,agent:DataEngineer
2026-09-14,57,14:30,voice,Meridian,7,3,0,4,826,0,1929,1929,v001,agent:DataEngineer
2026-09-14,57,15:00,voice,Meridian,7,3,0,4,962,0,1790,1790,v001,agent:DataEngineer
2026-09-14,57,15:30,voice,Meridian,6,3,0,3,869,0,1669,1669,v001,agent:DataEngineer
2026-09-14,57,16:00,voice,Meridian,5,2,0,3,780,0,1805,1805,v001,agent:DataEngineer
2026-09-14,57,16:30,voice,Meridian,6,3,0,3,991,0,2016,2016,v001,agent:DataEngineer
2026-09-14,57,17:00,voice,Meridian,3,1,0,2,972,0,1833,1833,v001,agent:DataEngineer
2026-09-14,57,17:30,voice,Meridian,3,1,0,2,728,0,1701,1701,v001,agent:DataEngineer
2026-09-14,57,18:00,voice,Meridian,3,2,0,1,948,0,1921,1921,v001,agent:DataEngineer
2026-09-14,57,18:30,voice,Meridian,1,1,0,0,1058,0,1833,1833,v001,agent:DataEngineer
2026-09-14,57,19:00,voice,Meridian,2,2,1,0,205,50,1796,1796,v001,agent:DataEngineer
2026-09-14,57,19:30,voice,Meridian,1,1,0,0,865,0,1772,1772,v001,agent:DataEngineer
2026-09-14,57,20:00,voice,Meridian,1,1,0,0,923,0,1789,1789,v001,agent:DataEngineer
2026-09-14,57,20:30,voice,Meridian,1,1,0,0,873,0,1951,1951,v001,agent:DataEngineer
2026-09-14,57,21:00,voice,Meridian,1,1,1,0,12,100,1975,1975,v001,agent:DataEngineer
2026-09-14,57,21:30,voice,Meridian,1,1,0,0,1043,0,1736,1736,v001,agent:DataEngineer
2026-09-14,57,22:00,voice,Meridian,1,1,0,0,975,0,1887,1887,v001,agent:DataEngineer
2026-09-14,57,22:30,voice,Meridian,1,1,0,0,1005,0,1912,1912,v001,agent:DataEngineer
2026-09-14,57,23:00,voice,Meridian,1,1,0,0,983,0,1782,1782,v001,agent:DataEngineer
2026-09-14,57,23:30,voice,Meridian,1,1,1,0,11,100,1809,1809,v001,agent:DataEngineer
2026-09-14,57,00:00,chat,Meridian,1,1,0,0,1598,0,1689,528,v001,agent:DataEngineer
2026-09-14,57,00:30,chat,Meridian,1,1,0,0,1474,0,1746,546,v001,agent:DataEngineer
2026-09-14,57,01:00,chat,Meridian,1,1,0,0,1328,0,1799,562,v001,agent:DataEngineer
2026-09-14,57,01:30,chat,Meridian,1,1,0,0,1833,0,1771,553,v001,agent:DataEngineer
2026-09-14,57,02:00,chat,Meridian,1,1,1,0,40,100,1844,576,v001,agent:DataEngineer
2026-09-14,57,02:30,chat,Meridian,1,1,0,0,1609,0,1740,544,v001,agent:DataEngineer
2026-09-14,57,03:00,chat,Meridian,1,1,1,0,48,100,1819,568,v001,agent:DataEngineer
2026-09-14,57,03:30,chat,Meridian,1,1,0,0,1640,0,1781,557,v001,agent:DataEngineer
2026-09-14,57,04:00,chat,Meridian,1,1,0,0,1385,0,1841,575,v001,agent:DataEngineer
2026-09-14,57,04:30,chat,Meridian,1,1,1,0,51,100,1721,538,v001,agent:DataEngineer
2026-09-14,57,05:00,chat,Meridian,1,0,0,1,1361,0,1698,531,v001,agent:DataEngineer
2026-09-14,57,05:30,chat,Meridian,1,1,0,0,1835,0,1771,553,v001,agent:DataEngineer
2026-09-14,57,06:00,chat,Meridian,1,1,0,0,1723,0,1781,557,v001,agent:DataEngineer
2026-09-14,57,06:30,chat,Meridian,1,1,0,0,1808,0,1679,525,v001,agent:DataEngineer
2026-09-14,57,07:00,chat,Meridian,2,1,0,1,1372,0,1751,547,v001,agent:DataEngineer
2026-09-14,57,07:30,chat,Meridian,3,2,0,1,1380,0,1637,512,v001,agent:DataEngineer
2026-09-14,57,08:00,chat,Meridian,3,2,0,1,1507,0,1717,536,v001,agent:DataEngineer
2026-09-14,57,08:30,chat,Meridian,5,3,0,2,1694,0,1915,598,v001,agent:DataEngineer
2026-09-14,57,09:00,chat,Meridian,6,3,0,3,1600,0,1612,504,v001,agent:DataEngineer
2026-09-14,57,09:30,chat,Meridian,10,5,1,5,1032,10,1727,540,v001,agent:DataEngineer
2026-09-14,57,10:00,chat,Meridian,9,5,0,4,1793,0,1733,541,v001,agent:DataEngineer
2026-09-14,57,10:30,chat,Meridian,7,4,0,3,1369,0,1701,532,v001,agent:DataEngineer
2026-09-14,57,11:00,chat,Meridian,9,5,1,4,1105,11.1,1573,492,v001,agent:DataEngineer
2026-09-14,57,11:30,chat,Meridian,11,6,0,5,1355,0,1704,532,v001,agent:DataEngineer
2026-09-14,57,12:00,chat,Meridian,7,4,0,3,1466,0,1660,519,v001,agent:DataEngineer
2026-09-14,57,12:30,chat,Meridian,8,5,1,3,1157,12.5,1538,481,v001,agent:DataEngineer
2026-09-14,57,13:00,chat,Meridian,7,4,0,3,1551,0,1607,502,v001,agent:DataEngineer
2026-09-14,57,13:30,chat,Meridian,7,4,0,3,1695,0,1667,521,v001,agent:DataEngineer
2026-09-14,57,14:00,chat,Meridian,8,4,1,4,1255,12.5,2026,633,v001,agent:DataEngineer
2026-09-14,57,14:30,chat,Meridian,7,4,1,3,1269,14.3,1634,511,v001,agent:DataEngineer
2026-09-14,57,15:00,chat,Meridian,9,5,0,4,1680,0,1716,536,v001,agent:DataEngineer
2026-09-14,57,15:30,chat,Meridian,10,6,1,4,1110,10,1572,491,v001,agent:DataEngineer
2026-09-14,57,16:00,chat,Meridian,7,4,0,3,1377,0,1668,521,v001,agent:DataEngineer
2026-09-14,57,16:30,chat,Meridian,6,3,0,3,1441,0,1873,585,v001,agent:DataEngineer
2026-09-14,57,17:00,chat,Meridian,6,3,0,3,1553,0,1915,598,v001,agent:DataEngineer
2026-09-14,57,17:30,chat,Meridian,4,2,0,2,1258,0,1655,517,v001,agent:DataEngineer
2026-09-14,57,18:00,chat,Meridian,3,2,0,1,1478,0,1720,537,v001,agent:DataEngineer
2026-09-14,57,18:30,chat,Meridian,2,1,0,1,1799,0,1712,535,v001,agent:DataEngineer
2026-09-14,57,19:00,chat,Meridian,2,1,0,1,1651,0,1584,495,v001,agent:DataEngineer
2026-09-14,57,19:30,chat,Meridian,1,0,0,1,1390,0,1727,540,v001,agent:DataEngineer
2026-09-14,57,20:00,chat,Meridian,1,1,0,0,1440,0,1759,550,v001,agent:DataEngineer
2026-09-14,57,20:30,chat,Meridian,1,1,0,0,1924,0,1639,512,v001,agent:DataEngineer
2026-09-14,57,21:00,chat,Meridian,1,1,0,0,1563,0,1635,511,v001,agent:DataEngineer
2026-09-14,57,21:30,chat,Meridian,1,1,0,0,1374,0,1692,529,v001,agent:DataEngineer
2026-09-14,57,22:00,chat,Meridian,1,1,0,0,1263,0,1644,514,v001,agent:DataEngineer
2026-09-14,57,22:30,chat,Meridian,1,1,0,0,1530,0,1890,591,v001,agent:DataEngineer
2026-09-14,57,23:00,chat,Meridian,1,1,0,0,1498,0,1840,575,v001,agent:DataEngineer
2026-09-14,57,23:30,chat,Meridian,1,1,0,0,1657,0,1736,543,v001,agent:DataEngineer
2026-09-15,58,00:00,voice,Meridian,1,1,0,0,1083,0,1981,1981,v001,agent:DataEngineer
2026-09-15,58,00:30,voice,Meridian,1,1,0,0,781,0,1855,1855,v001,agent:DataEngineer
2026-09-15,58,01:00,voice,Meridian,1,1,1,0,16,100,1799,1799,v001,agent:DataEngineer
2026-09-15,58,01:30,voice,Meridian,1,1,1,0,12,100,1710,1710,v001,agent:DataEngineer
2026-09-15,58,02:00,voice,Meridian,1,1,1,0,11,100,1864,1864,v001,agent:DataEngineer
2026-09-15,58,02:30,voice,Meridian,1,1,0,0,886,0,1747,1747,v001,agent:DataEngineer
2026-09-15,58,03:00,voice,Meridian,1,1,0,0,751,0,1713,1713,v001,agent:DataEngineer
2026-09-15,58,03:30,voice,Meridian,1,1,1,0,11,100,1761,1761,v001,agent:DataEngineer
2026-09-15,58,04:00,voice,Meridian,1,1,1,0,12,100,1824,1824,v001,agent:DataEngineer
2026-09-15,58,04:30,voice,Meridian,1,1,0,0,800,0,1735,1735,v001,agent:DataEngineer
2026-09-15,58,05:00,voice,Meridian,1,1,1,0,12,100,1751,1751,v001,agent:DataEngineer
2026-09-15,58,05:30,voice,Meridian,1,1,1,0,13,100,1711,1711,v001,agent:DataEngineer
2026-09-15,58,06:00,voice,Meridian,1,1,1,0,12,100,1887,1887,v001,agent:DataEngineer
2026-09-15,58,06:30,voice,Meridian,1,1,0,0,827,0,1861,1861,v001,agent:DataEngineer
2026-09-15,58,07:00,voice,Meridian,2,1,0,1,809,0,1849,1849,v001,agent:DataEngineer
2026-09-15,58,07:30,voice,Meridian,2,1,0,1,798,0,1896,1896,v001,agent:DataEngineer
2026-09-15,58,08:00,voice,Meridian,3,2,0,1,1058,0,1889,1889,v001,agent:DataEngineer
2026-09-15,58,08:30,voice,Meridian,4,2,0,2,801,0,1994,1994,v001,agent:DataEngineer
2026-09-15,58,09:00,voice,Meridian,6,3,0,3,867,0,1740,1740,v001,agent:DataEngineer
2026-09-15,58,09:30,voice,Meridian,8,4,1,4,702,12.5,1723,1723,v001,agent:DataEngineer
2026-09-15,58,10:00,voice,Meridian,7,4,1,3,570,14.3,1817,1817,v001,agent:DataEngineer
2026-09-15,58,10:30,voice,Meridian,8,4,1,4,777,12.5,1795,1795,v001,agent:DataEngineer
2026-09-15,58,11:00,voice,Meridian,11,6,1,5,692,9.1,1801,1801,v001,agent:DataEngineer
2026-09-15,58,11:30,voice,Meridian,8,4,0,4,936,0,2148,2148,v001,agent:DataEngineer
2026-09-15,58,12:00,voice,Meridian,8,5,1,3,737,12.5,1823,1823,v001,agent:DataEngineer
2026-09-15,58,12:30,voice,Meridian,8,4,0,4,1083,0,1707,1707,v001,agent:DataEngineer
2026-09-15,58,13:00,voice,Meridian,5,3,0,2,841,0,1872,1872,v001,agent:DataEngineer
2026-09-15,58,13:30,voice,Meridian,8,5,1,3,813,12.5,1795,1795,v001,agent:DataEngineer
2026-09-15,58,14:00,voice,Meridian,9,5,0,4,997,0,1847,1847,v001,agent:DataEngineer
2026-09-15,58,14:30,voice,Meridian,10,5,0,5,1018,0,1653,1653,v001,agent:DataEngineer
2026-09-15,58,15:00,voice,Meridian,9,5,1,4,744,11.1,1834,1834,v001,agent:DataEngineer
2026-09-15,58,15:30,voice,Meridian,9,5,1,4,787,11.1,1917,1917,v001,agent:DataEngineer
2026-09-15,58,16:00,voice,Meridian,7,4,0,3,1056,0,1918,1918,v001,agent:DataEngineer
2026-09-15,58,16:30,voice,Meridian,5,3,0,2,912,0,1774,1774,v001,agent:DataEngineer
2026-09-15,58,17:00,voice,Meridian,5,3,1,2,546,20,1825,1825,v001,agent:DataEngineer
2026-09-15,58,17:30,voice,Meridian,4,2,0,2,768,0,1785,1785,v001,agent:DataEngineer
2026-09-15,58,18:00,voice,Meridian,2,1,0,1,1066,0,1741,1741,v001,agent:DataEngineer
2026-09-15,58,18:30,voice,Meridian,2,1,0,1,835,0,1822,1822,v001,agent:DataEngineer
2026-09-15,58,19:00,voice,Meridian,1,0,0,1,1014,0,1848,1848,v001,agent:DataEngineer
2026-09-15,58,19:30,voice,Meridian,1,1,0,0,940,0,2029,2029,v001,agent:DataEngineer
2026-09-15,58,20:00,voice,Meridian,1,1,0,0,928,0,1598,1598,v001,agent:DataEngineer
2026-09-15,58,20:30,voice,Meridian,1,1,0,0,976,0,1694,1694,v001,agent:DataEngineer
2026-09-15,58,21:00,voice,Meridian,1,1,0,0,858,0,1742,1742,v001,agent:DataEngineer
2026-09-15,58,21:30,voice,Meridian,1,1,0,0,851,0,1564,1564,v001,agent:DataEngineer
2026-09-15,58,22:00,voice,Meridian,1,1,0,0,1051,0,1900,1900,v001,agent:DataEngineer
2026-09-15,58,22:30,voice,Meridian,1,1,1,0,12,100,1948,1948,v001,agent:DataEngineer
2026-09-15,58,23:00,voice,Meridian,1,1,1,0,13,100,1777,1777,v001,agent:DataEngineer
2026-09-15,58,23:30,voice,Meridian,1,1,0,0,820,0,1841,1841,v001,agent:DataEngineer
2026-09-15,58,00:00,chat,Meridian,1,1,0,0,1638,0,1745,545,v001,agent:DataEngineer
2026-09-15,58,00:30,chat,Meridian,2,1,0,1,1480,0,1752,547,v001,agent:DataEngineer
2026-09-15,58,01:00,chat,Meridian,1,1,1,0,39,100,1562,488,v001,agent:DataEngineer
2026-09-15,58,01:30,chat,Meridian,1,1,0,0,1654,0,1707,534,v001,agent:DataEngineer
2026-09-15,58,02:00,chat,Meridian,1,1,0,0,1431,0,1943,607,v001,agent:DataEngineer
2026-09-15,58,02:30,chat,Meridian,1,0,0,1,1582,0,1795,561,v001,agent:DataEngineer
2026-09-15,58,03:00,chat,Meridian,1,1,0,0,1531,0,1897,593,v001,agent:DataEngineer
2026-09-15,58,03:30,chat,Meridian,2,1,1,1,528,50,1770,553,v001,agent:DataEngineer
2026-09-15,58,04:00,chat,Meridian,1,1,0,0,1486,0,1661,519,v001,agent:DataEngineer
2026-09-15,58,04:30,chat,Meridian,1,1,0,0,1645,0,1971,616,v001,agent:DataEngineer
2026-09-15,58,05:00,chat,Meridian,1,1,0,0,1526,0,1657,518,v001,agent:DataEngineer
2026-09-15,58,05:30,chat,Meridian,1,1,0,0,1518,0,1713,535,v001,agent:DataEngineer
2026-09-15,58,06:00,chat,Meridian,1,1,0,0,1563,0,1643,513,v001,agent:DataEngineer
2026-09-15,58,06:30,chat,Meridian,1,1,0,0,1658,0,1755,548,v001,agent:DataEngineer
2026-09-15,58,07:00,chat,Meridian,2,1,0,1,1614,0,1689,528,v001,agent:DataEngineer
2026-09-15,58,07:30,chat,Meridian,3,2,0,1,1279,0,1786,558,v001,agent:DataEngineer
2026-09-15,58,08:00,chat,Meridian,4,2,0,2,1612,0,1604,501,v001,agent:DataEngineer
2026-09-15,58,08:30,chat,Meridian,6,3,0,3,1479,0,1731,541,v001,agent:DataEngineer
2026-09-15,58,09:00,chat,Meridian,6,4,1,2,1006,16.7,1812,566,v001,agent:DataEngineer
2026-09-15,58,09:30,chat,Meridian,8,4,0,4,1593,0,1605,501,v001,agent:DataEngineer
2026-09-15,58,10:00,chat,Meridian,10,5,0,5,1545,0,1685,527,v001,agent:DataEngineer
2026-09-15,58,10:30,chat,Meridian,11,7,1,4,1383,9.1,1828,571,v001,agent:DataEngineer
2026-09-15,58,11:00,chat,Meridian,13,8,1,5,1326,7.7,1648,515,v001,agent:DataEngineer
2026-09-15,58,11:30,chat,Meridian,9,5,1,4,1097,11.1,1808,565,v001,agent:DataEngineer
2026-09-15,58,12:00,chat,Meridian,7,4,0,3,1855,0,1609,503,v001,agent:DataEngineer
2026-09-15,58,12:30,chat,Meridian,9,5,0,4,1295,0,1670,522,v001,agent:DataEngineer
2026-09-15,58,13:00,chat,Meridian,11,6,1,5,1387,9.1,1700,531,v001,agent:DataEngineer
2026-09-15,58,13:30,chat,Meridian,10,6,0,4,1444,0,1736,542,v001,agent:DataEngineer
2026-09-15,58,14:00,chat,Meridian,9,5,0,4,1235,0,1836,574,v001,agent:DataEngineer
2026-09-15,58,14:30,chat,Meridian,10,6,1,4,1330,10,1654,517,v001,agent:DataEngineer
2026-09-15,58,15:00,chat,Meridian,9,5,0,4,1578,0,1701,532,v001,agent:DataEngineer
2026-09-15,58,15:30,chat,Meridian,8,5,0,3,1323,0,1611,503,v001,agent:DataEngineer
2026-09-15,58,16:00,chat,Meridian,7,4,0,3,1590,0,1870,584,v001,agent:DataEngineer
2026-09-15,58,16:30,chat,Meridian,6,3,1,3,1197,16.7,1785,558,v001,agent:DataEngineer
2026-09-15,58,17:00,chat,Meridian,5,3,0,2,1508,0,1761,550,v001,agent:DataEngineer
2026-09-15,58,17:30,chat,Meridian,4,2,0,2,1462,0,1784,558,v001,agent:DataEngineer
2026-09-15,58,18:00,chat,Meridian,3,2,0,1,1495,0,1817,568,v001,agent:DataEngineer
2026-09-15,58,18:30,chat,Meridian,2,1,0,1,1489,0,1711,535,v001,agent:DataEngineer
2026-09-15,58,19:00,chat,Meridian,2,1,0,1,1669,0,1678,524,v001,agent:DataEngineer
2026-09-15,58,19:30,chat,Meridian,2,1,0,1,1709,0,1641,513,v001,agent:DataEngineer
2026-09-15,58,20:00,chat,Meridian,1,1,0,0,1684,0,1636,511,v001,agent:DataEngineer
2026-09-15,58,20:30,chat,Meridian,1,1,0,0,1330,0,1712,535,v001,agent:DataEngineer
2026-09-15,58,21:00,chat,Meridian,2,1,0,1,1591,0,1607,502,v001,agent:DataEngineer
2026-09-15,58,21:30,chat,Meridian,1,1,1,0,48,100,1768,552,v001,agent:DataEngineer
2026-09-15,58,22:00,chat,Meridian,1,1,0,0,1553,0,1703,532,v001,agent:DataEngineer
2026-09-15,58,22:30,chat,Meridian,1,1,0,0,1459,0,1577,493,v001,agent:DataEngineer
2026-09-15,58,23:00,chat,Meridian,1,1,0,0,1629,0,1703,532,v001,agent:DataEngineer
2026-09-15,58,23:30,chat,Meridian,1,1,0,0,1451,0,1620,506,v001,agent:DataEngineer
2026-09-16,59,00:00,voice,Meridian,1,1,1,0,12,100,2064,2064,v001,agent:DataEngineer
2026-09-16,59,00:30,voice,Meridian,1,1,0,0,861,0,1879,1879,v001,agent:DataEngineer
2026-09-16,59,01:00,voice,Meridian,1,1,1,0,13,100,2067,2067,v001,agent:DataEngineer
2026-09-16,59,01:30,voice,Meridian,1,1,1,0,12,100,2059,2059,v001,agent:DataEngineer
2026-09-16,59,02:00,voice,Meridian,1,1,0,0,884,0,1798,1798,v001,agent:DataEngineer
2026-09-16,59,02:30,voice,Meridian,1,1,1,0,13,100,2038,2038,v001,agent:DataEngineer
2026-09-16,59,03:00,voice,Meridian,1,1,1,0,13,100,2018,2018,v001,agent:DataEngineer
2026-09-16,59,03:30,voice,Meridian,1,1,0,0,902,0,2349,2349,v001,agent:DataEngineer
2026-09-16,59,04:00,voice,Meridian,1,1,1,0,11,100,2188,2188,v001,agent:DataEngineer
2026-09-16,59,04:30,voice,Meridian,1,1,0,0,842,0,1829,1829,v001,agent:DataEngineer
2026-09-16,59,05:00,voice,Meridian,1,1,0,0,1055,0,1989,1989,v001,agent:DataEngineer
2026-09-16,59,05:30,voice,Meridian,1,1,1,0,12,100,1852,1852,v001,agent:DataEngineer
2026-09-16,59,06:00,voice,Meridian,1,1,1,0,11,100,1956,1956,v001,agent:DataEngineer
2026-09-16,59,06:30,voice,Meridian,1,1,0,0,844,0,2080,2080,v001,agent:DataEngineer
2026-09-16,59,07:00,voice,Meridian,1,1,0,0,1103,0,2135,2135,v001,agent:DataEngineer
2026-09-16,59,07:30,voice,Meridian,2,1,0,1,973,0,2119,2119,v001,agent:DataEngineer
2026-09-16,59,08:00,voice,Meridian,3,2,0,1,1001,0,1990,1990,v001,agent:DataEngineer
2026-09-16,59,08:30,voice,Meridian,5,3,0,2,820,0,2122,2122,v001,agent:DataEngineer
2026-09-16,59,09:00,voice,Meridian,6,3,0,3,864,0,2174,2174,v001,agent:DataEngineer
2026-09-16,59,09:30,voice,Meridian,8,4,0,4,769,0,2232,2232,v001,agent:DataEngineer
2026-09-16,59,10:00,voice,Meridian,8,4,0,4,933,0,1907,1907,v001,agent:DataEngineer
2026-09-16,59,10:30,voice,Meridian,7,4,0,3,911,0,2011,2011,v001,agent:DataEngineer
2026-09-16,59,11:00,voice,Meridian,11,5,0,6,1006,0,2076,2076,v001,agent:DataEngineer
2026-09-16,59,11:30,voice,Meridian,7,4,0,3,865,0,2103,2103,v001,agent:DataEngineer
2026-09-16,59,12:00,voice,Meridian,9,5,1,4,703,11.1,1873,1873,v001,agent:DataEngineer
2026-09-16,59,12:30,voice,Meridian,6,3,0,3,1014,0,2057,2057,v001,agent:DataEngineer
2026-09-16,59,13:00,voice,Meridian,6,3,0,3,939,0,2062,2062,v001,agent:DataEngineer
2026-09-16,59,13:30,voice,Meridian,8,4,0,4,840,0,2157,2157,v001,agent:DataEngineer
2026-09-16,59,14:00,voice,Meridian,8,4,1,4,852,12.5,2066,2066,v001,agent:DataEngineer
2026-09-16,59,14:30,voice,Meridian,6,3,0,3,885,0,1987,1987,v001,agent:DataEngineer
2026-09-16,59,15:00,voice,Meridian,6,3,0,3,904,0,2189,2189,v001,agent:DataEngineer
2026-09-16,59,15:30,voice,Meridian,7,4,0,3,893,0,1958,1958,v001,agent:DataEngineer
2026-09-16,59,16:00,voice,Meridian,5,3,0,2,844,0,1925,1925,v001,agent:DataEngineer
2026-09-16,59,16:30,voice,Meridian,6,3,0,3,825,0,1934,1934,v001,agent:DataEngineer
2026-09-16,59,17:00,voice,Meridian,4,2,0,2,1160,0,2032,2032,v001,agent:DataEngineer
2026-09-16,59,17:30,voice,Meridian,4,2,0,2,762,0,2030,2030,v001,agent:DataEngineer
2026-09-16,59,18:00,voice,Meridian,3,2,0,1,850,0,1956,1956,v001,agent:DataEngineer
2026-09-16,59,18:30,voice,Meridian,2,1,0,1,874,0,2071,2071,v001,agent:DataEngineer
2026-09-16,59,19:00,voice,Meridian,1,1,0,0,1078,0,1972,1972,v001,agent:DataEngineer
2026-09-16,59,19:30,voice,Meridian,2,2,1,0,256,50,1757,1757,v001,agent:DataEngineer
2026-09-16,59,20:00,voice,Meridian,1,1,1,0,12,100,2008,2008,v001,agent:DataEngineer
2026-09-16,59,20:30,voice,Meridian,1,1,1,0,14,100,2109,2109,v001,agent:DataEngineer
2026-09-16,59,21:00,voice,Meridian,1,1,1,0,12,100,2308,2308,v001,agent:DataEngineer
2026-09-16,59,21:30,voice,Meridian,1,1,0,0,894,0,2003,2003,v001,agent:DataEngineer
2026-09-16,59,22:00,voice,Meridian,1,1,1,0,10,100,2037,2037,v001,agent:DataEngineer
2026-09-16,59,22:30,voice,Meridian,1,1,1,0,12,100,2150,2150,v001,agent:DataEngineer
2026-09-16,59,23:00,voice,Meridian,1,1,1,0,13,100,2314,2314,v001,agent:DataEngineer
2026-09-16,59,23:30,voice,Meridian,1,1,0,0,934,0,2161,2161,v001,agent:DataEngineer
2026-09-16,59,00:00,chat,Meridian,1,1,0,0,1430,0,1656,518,v001,agent:DataEngineer
2026-09-16,59,00:30,chat,Meridian,1,1,0,0,1380,0,1757,549,v001,agent:DataEngineer
2026-09-16,59,01:00,chat,Meridian,1,1,0,0,1386,0,1735,542,v001,agent:DataEngineer
2026-09-16,59,01:30,chat,Meridian,1,1,0,0,1708,0,1616,505,v001,agent:DataEngineer
2026-09-16,59,02:00,chat,Meridian,1,1,0,0,1531,0,1997,624,v001,agent:DataEngineer
2026-09-16,59,02:30,chat,Meridian,1,1,1,0,41,100,1766,552,v001,agent:DataEngineer
2026-09-16,59,03:00,chat,Meridian,1,1,1,0,44,100,1667,521,v001,agent:DataEngineer
2026-09-16,59,03:30,chat,Meridian,1,1,0,0,1651,0,1956,611,v001,agent:DataEngineer
2026-09-16,59,04:00,chat,Meridian,1,1,1,0,44,100,1845,576,v001,agent:DataEngineer
2026-09-16,59,04:30,chat,Meridian,1,1,1,0,42,100,1678,524,v001,agent:DataEngineer
2026-09-16,59,05:00,chat,Meridian,1,1,0,0,1516,0,1843,576,v001,agent:DataEngineer
2026-09-16,59,05:30,chat,Meridian,1,1,0,0,1513,0,1852,579,v001,agent:DataEngineer
2026-09-16,59,06:00,chat,Meridian,1,1,0,0,1326,0,1713,535,v001,agent:DataEngineer
2026-09-16,59,06:30,chat,Meridian,1,1,0,0,1488,0,1636,511,v001,agent:DataEngineer
2026-09-16,59,07:00,chat,Meridian,2,1,0,1,1870,0,1776,555,v001,agent:DataEngineer
2026-09-16,59,07:30,chat,Meridian,2,1,0,1,1309,0,1648,515,v001,agent:DataEngineer
2026-09-16,59,08:00,chat,Meridian,3,2,0,1,1538,0,1856,580,v001,agent:DataEngineer
2026-09-16,59,08:30,chat,Meridian,5,3,0,2,1642,0,1772,554,v001,agent:DataEngineer
2026-09-16,59,09:00,chat,Meridian,5,3,0,2,1495,0,1730,541,v001,agent:DataEngineer
2026-09-16,59,09:30,chat,Meridian,9,5,0,4,1776,0,1746,546,v001,agent:DataEngineer
2026-09-16,59,10:00,chat,Meridian,9,5,0,4,1693,0,1630,510,v001,agent:DataEngineer
2026-09-16,59,10:30,chat,Meridian,12,6,0,6,1439,0,1865,583,v001,agent:DataEngineer
2026-09-16,59,11:00,chat,Meridian,9,5,1,4,1281,11.1,1887,590,v001,agent:DataEngineer
2026-09-16,59,11:30,chat,Meridian,9,5,1,4,1170,11.1,1564,489,v001,agent:DataEngineer
2026-09-16,59,12:00,chat,Meridian,9,5,0,4,1429,0,1825,570,v001,agent:DataEngineer
2026-09-16,59,12:30,chat,Meridian,8,4,0,4,1561,0,1956,611,v001,agent:DataEngineer
2026-09-16,59,13:00,chat,Meridian,8,4,0,4,1565,0,1818,568,v001,agent:DataEngineer
2026-09-16,59,13:30,chat,Meridian,8,4,0,4,2167,0,1802,563,v001,agent:DataEngineer
2026-09-16,59,14:00,chat,Meridian,10,6,0,4,1789,0,1779,556,v001,agent:DataEngineer
2026-09-16,59,14:30,chat,Meridian,9,5,0,4,1594,0,1839,575,v001,agent:DataEngineer
2026-09-16,59,15:00,chat,Meridian,9,5,0,4,1453,0,1875,586,v001,agent:DataEngineer
2026-09-16,59,15:30,chat,Meridian,8,4,0,4,1462,0,1714,536,v001,agent:DataEngineer
2026-09-16,59,16:00,chat,Meridian,9,5,0,4,1499,0,1696,530,v001,agent:DataEngineer
2026-09-16,59,16:30,chat,Meridian,7,4,0,3,1806,0,1814,567,v001,agent:DataEngineer
2026-09-16,59,17:00,chat,Meridian,4,2,0,2,1587,0,1705,533,v001,agent:DataEngineer
2026-09-16,59,17:30,chat,Meridian,4,2,0,2,1587,0,1807,565,v001,agent:DataEngineer
2026-09-16,59,18:00,chat,Meridian,2,1,0,1,1768,0,1821,569,v001,agent:DataEngineer
2026-09-16,59,18:30,chat,Meridian,2,1,0,1,1641,0,1767,552,v001,agent:DataEngineer
2026-09-16,59,19:00,chat,Meridian,2,2,1,0,357,50,1738,543,v001,agent:DataEngineer
2026-09-16,59,19:30,chat,Meridian,2,2,1,0,394,50,1731,541,v001,agent:DataEngineer
2026-09-16,59,20:00,chat,Meridian,1,1,0,0,1533,0,1640,513,v001,agent:DataEngineer
2026-09-16,59,20:30,chat,Meridian,1,1,1,0,46,100,1813,566,v001,agent:DataEngineer
2026-09-16,59,21:00,chat,Meridian,1,1,0,0,1168,0,1903,595,v001,agent:DataEngineer
2026-09-16,59,21:30,chat,Meridian,1,1,1,0,43,100,1780,556,v001,agent:DataEngineer
2026-09-16,59,22:00,chat,Meridian,1,1,1,0,45,100,1786,558,v001,agent:DataEngineer
2026-09-16,59,22:30,chat,Meridian,1,1,0,0,1642,0,1768,552,v001,agent:DataEngineer
2026-09-16,59,23:00,chat,Meridian,1,1,0,0,1419,0,1748,546,v001,agent:DataEngineer
2026-09-16,59,23:30,chat,Meridian,1,1,1,0,54,100,1713,535,v001,agent:DataEngineer
2026-09-17,60,00:00,voice,Meridian,1,1,1,0,14,100,1871,1871,v001,agent:DataEngineer
2026-09-17,60,00:30,voice,Meridian,1,1,1,0,10,100,1775,1775,v001,agent:DataEngineer
2026-09-17,60,01:00,voice,Meridian,1,1,1,0,11,100,1930,1930,v001,agent:DataEngineer
2026-09-17,60,01:30,voice,Meridian,1,1,1,0,12,100,2023,2023,v001,agent:DataEngineer
2026-09-17,60,02:00,voice,Meridian,1,1,1,0,11,100,2009,2009,v001,agent:DataEngineer
2026-09-17,60,02:30,voice,Meridian,1,1,1,0,12,100,2073,2073,v001,agent:DataEngineer
2026-09-17,60,03:00,voice,Meridian,1,1,1,0,11,100,1977,1977,v001,agent:DataEngineer
2026-09-17,60,03:30,voice,Meridian,1,1,0,0,776,0,1689,1689,v001,agent:DataEngineer
2026-09-17,60,04:00,voice,Meridian,1,1,1,0,12,100,1894,1894,v001,agent:DataEngineer
2026-09-17,60,04:30,voice,Meridian,1,1,1,0,12,100,1810,1810,v001,agent:DataEngineer
2026-09-17,60,05:00,voice,Meridian,1,1,1,0,11,100,1932,1932,v001,agent:DataEngineer
2026-09-17,60,05:30,voice,Meridian,1,1,0,0,882,0,1973,1973,v001,agent:DataEngineer
2026-09-17,60,06:00,voice,Meridian,1,1,0,0,802,0,1960,1960,v001,agent:DataEngineer
2026-09-17,60,06:30,voice,Meridian,1,1,0,0,921,0,1751,1751,v001,agent:DataEngineer
2026-09-17,60,07:00,voice,Meridian,1,1,0,0,846,0,1762,1762,v001,agent:DataEngineer
2026-09-17,60,07:30,voice,Meridian,3,1,0,2,827,0,1840,1840,v001,agent:DataEngineer
2026-09-17,60,08:00,voice,Meridian,3,2,0,1,881,0,1974,1974,v001,agent:DataEngineer
2026-09-17,60,08:30,voice,Meridian,4,2,0,2,759,0,1957,1957,v001,agent:DataEngineer
2026-09-17,60,09:00,voice,Meridian,5,3,0,2,931,0,1853,1853,v001,agent:DataEngineer
2026-09-17,60,09:30,voice,Meridian,9,5,0,4,862,0,1922,1922,v001,agent:DataEngineer
2026-09-17,60,10:00,voice,Meridian,8,4,0,4,760,0,1793,1793,v001,agent:DataEngineer
2026-09-17,60,10:30,voice,Meridian,10,5,1,5,894,10,2000,2000,v001,agent:DataEngineer
2026-09-17,60,11:00,voice,Meridian,9,5,0,4,965,0,1967,1967,v001,agent:DataEngineer
2026-09-17,60,11:30,voice,Meridian,9,5,1,4,713,11.1,1918,1918,v001,agent:DataEngineer
2026-09-17,60,12:00,voice,Meridian,7,4,1,3,718,14.3,1827,1827,v001,agent:DataEngineer
2026-09-17,60,12:30,voice,Meridian,6,3,0,3,920,0,1840,1840,v001,agent:DataEngineer
2026-09-17,60,13:00,voice,Meridian,5,3,0,2,832,0,1647,1647,v001,agent:DataEngineer
2026-09-17,60,13:30,voice,Meridian,7,4,1,3,811,14.3,1755,1755,v001,agent:DataEngineer
2026-09-17,60,14:00,voice,Meridian,7,4,0,3,975,0,1612,1612,v001,agent:DataEngineer
2026-09-17,60,14:30,voice,Meridian,9,5,0,4,953,0,1774,1774,v001,agent:DataEngineer
2026-09-17,60,15:00,voice,Meridian,8,4,0,4,983,0,1947,1947,v001,agent:DataEngineer
2026-09-17,60,15:30,voice,Meridian,6,3,0,3,867,0,1742,1742,v001,agent:DataEngineer
2026-09-17,60,16:00,voice,Meridian,6,3,0,3,991,0,1921,1921,v001,agent:DataEngineer
2026-09-17,60,16:30,voice,Meridian,6,3,0,3,1090,0,1888,1888,v001,agent:DataEngineer
2026-09-17,60,17:00,voice,Meridian,4,2,0,2,905,0,1800,1800,v001,agent:DataEngineer
2026-09-17,60,17:30,voice,Meridian,3,2,0,1,1028,0,1802,1802,v001,agent:DataEngineer
2026-09-17,60,18:00,voice,Meridian,2,1,0,1,854,0,1780,1780,v001,agent:DataEngineer
2026-09-17,60,18:30,voice,Meridian,3,2,1,1,424,33.3,1802,1802,v001,agent:DataEngineer
2026-09-17,60,19:00,voice,Meridian,1,1,0,0,928,0,1819,1819,v001,agent:DataEngineer
2026-09-17,60,19:30,voice,Meridian,1,1,0,0,978,0,2057,2057,v001,agent:DataEngineer
2026-09-17,60,20:00,voice,Meridian,1,1,1,0,11,100,1898,1898,v001,agent:DataEngineer
2026-09-17,60,20:30,voice,Meridian,1,1,1,0,13,100,1825,1825,v001,agent:DataEngineer
2026-09-17,60,21:00,voice,Meridian,1,1,1,0,10,100,1708,1708,v001,agent:DataEngineer
2026-09-17,60,21:30,voice,Meridian,1,1,0,0,881,0,2001,2001,v001,agent:DataEngineer
2026-09-17,60,22:00,voice,Meridian,1,1,1,0,12,100,1521,1521,v001,agent:DataEngineer
2026-09-17,60,22:30,voice,Meridian,1,1,0,0,820,0,1942,1942,v001,agent:DataEngineer
2026-09-17,60,23:00,voice,Meridian,1,1,1,0,14,100,1839,1839,v001,agent:DataEngineer
2026-09-17,60,23:30,voice,Meridian,1,1,1,0,12,100,1812,1812,v001,agent:DataEngineer
2026-09-17,60,00:00,chat,Meridian,1,1,1,0,44,100,1775,555,v001,agent:DataEngineer
2026-09-17,60,00:30,chat,Meridian,1,1,1,0,51,100,1677,524,v001,agent:DataEngineer
2026-09-17,60,01:00,chat,Meridian,1,1,1,0,44,100,1902,594,v001,agent:DataEngineer
2026-09-17,60,01:30,chat,Meridian,1,1,1,0,42,100,1741,544,v001,agent:DataEngineer
2026-09-17,60,02:00,chat,Meridian,1,1,1,0,48,100,1697,530,v001,agent:DataEngineer
2026-09-17,60,02:30,chat,Meridian,1,1,1,0,47,100,1837,574,v001,agent:DataEngineer
2026-09-17,60,03:00,chat,Meridian,1,1,1,0,47,100,1684,526,v001,agent:DataEngineer
2026-09-17,60,03:30,chat,Meridian,1,1,1,0,48,100,1699,531,v001,agent:DataEngineer
2026-09-17,60,04:00,chat,Meridian,1,1,1,0,49,100,1635,511,v001,agent:DataEngineer
2026-09-17,60,04:30,chat,Meridian,1,1,1,0,45,100,1958,612,v001,agent:DataEngineer
2026-09-17,60,05:00,chat,Meridian,1,1,1,0,43,100,1723,538,v001,agent:DataEngineer
2026-09-17,60,05:30,chat,Meridian,1,1,0,0,1564,0,1772,554,v001,agent:DataEngineer
2026-09-17,60,06:00,chat,Meridian,2,2,1,0,379,50,1931,603,v001,agent:DataEngineer
2026-09-17,60,06:30,chat,Meridian,1,1,0,0,1399,0,1617,505,v001,agent:DataEngineer
2026-09-17,60,07:00,chat,Meridian,2,1,0,1,1495,0,1800,563,v001,agent:DataEngineer
2026-09-17,60,07:30,chat,Meridian,3,2,0,1,1747,0,1514,473,v001,agent:DataEngineer
2026-09-17,60,08:00,chat,Meridian,3,2,0,1,1619,0,1732,541,v001,agent:DataEngineer
2026-09-17,60,08:30,chat,Meridian,5,3,0,2,1553,0,1921,600,v001,agent:DataEngineer
2026-09-17,60,09:00,chat,Meridian,6,3,0,3,1546,0,1914,598,v001,agent:DataEngineer
2026-09-17,60,09:30,chat,Meridian,7,4,0,3,1481,0,1725,539,v001,agent:DataEngineer
2026-09-17,60,10:00,chat,Meridian,12,7,0,5,1605,0,1787,559,v001,agent:DataEngineer
2026-09-17,60,10:30,chat,Meridian,10,6,1,4,1397,10,1802,563,v001,agent:DataEngineer
2026-09-17,60,11:00,chat,Meridian,8,5,0,3,1498,0,2004,626,v001,agent:DataEngineer
2026-09-17,60,11:30,chat,Meridian,14,8,0,6,1487,0,1761,550,v001,agent:DataEngineer
2026-09-17,60,12:00,chat,Meridian,9,5,0,4,1956,0,1668,521,v001,agent:DataEngineer
2026-09-17,60,12:30,chat,Meridian,8,5,0,3,1349,0,1934,604,v001,agent:DataEngineer
2026-09-17,60,13:00,chat,Meridian,6,3,0,3,1748,0,1647,515,v001,agent:DataEngineer
2026-09-17,60,13:30,chat,Meridian,7,4,0,3,1571,0,1603,501,v001,agent:DataEngineer
2026-09-17,60,14:00,chat,Meridian,11,6,0,5,1654,0,1765,552,v001,agent:DataEngineer
2026-09-17,60,14:30,chat,Meridian,10,6,1,4,1288,10,1690,528,v001,agent:DataEngineer
2026-09-17,60,15:00,chat,Meridian,9,5,0,4,1648,0,1758,550,v001,agent:DataEngineer
2026-09-17,60,15:30,chat,Meridian,7,4,0,3,1690,0,1741,544,v001,agent:DataEngineer
2026-09-17,60,16:00,chat,Meridian,8,4,0,4,1682,0,1698,531,v001,agent:DataEngineer
2026-09-17,60,16:30,chat,Meridian,6,3,0,3,1557,0,1844,576,v001,agent:DataEngineer
2026-09-17,60,17:00,chat,Meridian,5,3,0,2,1338,0,1734,542,v001,agent:DataEngineer
2026-09-17,60,17:30,chat,Meridian,4,2,0,2,1631,0,1507,471,v001,agent:DataEngineer
2026-09-17,60,18:00,chat,Meridian,3,2,0,1,1325,0,1763,551,v001,agent:DataEngineer
2026-09-17,60,18:30,chat,Meridian,2,1,0,1,1500,0,1621,507,v001,agent:DataEngineer
2026-09-17,60,19:00,chat,Meridian,1,1,0,0,1521,0,1631,510,v001,agent:DataEngineer
2026-09-17,60,19:30,chat,Meridian,1,1,0,0,1790,0,1721,538,v001,agent:DataEngineer
2026-09-17,60,20:00,chat,Meridian,1,1,0,0,1529,0,1757,549,v001,agent:DataEngineer
2026-09-17,60,20:30,chat,Meridian,1,1,0,0,1551,0,1674,523,v001,agent:DataEngineer
2026-09-17,60,21:00,chat,Meridian,1,1,1,0,40,100,1649,515,v001,agent:DataEngineer
2026-09-17,60,21:30,chat,Meridian,1,1,1,0,41,100,1748,546,v001,agent:DataEngineer
2026-09-17,60,22:00,chat,Meridian,1,1,0,0,1501,0,1815,567,v001,agent:DataEngineer
2026-09-17,60,22:30,chat,Meridian,1,1,1,0,40,100,1757,549,v001,agent:DataEngineer
2026-09-17,60,23:00,chat,Meridian,1,1,1,0,46,100,1897,593,v001,agent:DataEngineer
2026-09-17,60,23:30,chat,Meridian,1,1,1,0,50,100,1871,585,v001,agent:DataEngineer
2026-09-18,61,00:00,voice,Meridian,1,1,0,0,834,0,1991,1991,v001,agent:DataEngineer
2026-09-18,61,00:30,voice,Meridian,1,1,1,0,11,100,1913,1913,v001,agent:DataEngineer
2026-09-18,61,01:00,voice,Meridian,1,1,0,0,965,0,1817,1817,v001,agent:DataEngineer
2026-09-18,61,01:30,voice,Meridian,0,0,0,0,0,0,0,0,v001,agent:DataEngineer
2026-09-18,61,02:00,voice,Meridian,1,1,0,0,961,0,1968,1968,v001,agent:DataEngineer
2026-09-18,61,02:30,voice,Meridian,1,1,0,0,867,0,1796,1796,v001,agent:DataEngineer
2026-09-18,61,03:00,voice,Meridian,1,1,0,0,876,0,1805,1805,v001,agent:DataEngineer
2026-09-18,61,03:30,voice,Meridian,1,1,0,0,929,0,2044,2044,v001,agent:DataEngineer
2026-09-18,61,04:00,voice,Meridian,1,1,1,0,12,100,1843,1843,v001,agent:DataEngineer
2026-09-18,61,04:30,voice,Meridian,1,1,0,0,908,0,2203,2203,v001,agent:DataEngineer
2026-09-18,61,05:00,voice,Meridian,1,1,0,0,998,0,2074,2074,v001,agent:DataEngineer
2026-09-18,61,05:30,voice,Meridian,1,1,1,0,11,100,1951,1951,v001,agent:DataEngineer
2026-09-18,61,06:00,voice,Meridian,1,1,0,0,1116,0,1770,1770,v001,agent:DataEngineer
2026-09-18,61,06:30,voice,Meridian,1,1,0,0,823,0,2026,2026,v001,agent:DataEngineer
2026-09-18,61,07:00,voice,Meridian,2,2,1,0,250,50,1907,1907,v001,agent:DataEngineer
2026-09-18,61,07:30,voice,Meridian,2,1,0,1,870,0,1864,1864,v001,agent:DataEngineer
2026-09-18,61,08:00,voice,Meridian,3,2,0,1,1083,0,1861,1861,v001,agent:DataEngineer
2026-09-18,61,08:30,voice,Meridian,4,2,0,2,1072,0,1988,1988,v001,agent:DataEngineer
2026-09-18,61,09:00,voice,Meridian,5,2,0,3,907,0,1860,1860,v001,agent:DataEngineer
2026-09-18,61,09:30,voice,Meridian,6,3,0,3,847,0,1764,1764,v001,agent:DataEngineer
2026-09-18,61,10:00,voice,Meridian,9,5,1,4,724,11.1,2072,2072,v001,agent:DataEngineer
2026-09-18,61,10:30,voice,Meridian,11,5,0,6,906,0,1813,1813,v001,agent:DataEngineer
2026-09-18,61,11:00,voice,Meridian,10,5,1,5,737,10,1775,1775,v001,agent:DataEngineer
2026-09-18,61,11:30,voice,Meridian,8,4,1,4,728,12.5,1865,1865,v001,agent:DataEngineer
2026-09-18,61,12:00,voice,Meridian,7,4,1,3,758,14.3,1942,1942,v001,agent:DataEngineer
2026-09-18,61,12:30,voice,Meridian,6,3,0,3,964,0,1606,1606,v001,agent:DataEngineer
2026-09-18,61,13:00,voice,Meridian,5,2,0,3,873,0,2005,2005,v001,agent:DataEngineer
2026-09-18,61,13:30,voice,Meridian,6,3,0,3,724,0,1816,1816,v001,agent:DataEngineer
2026-09-18,61,14:00,voice,Meridian,6,3,0,3,960,0,1908,1908,v001,agent:DataEngineer
2026-09-18,61,14:30,voice,Meridian,6,3,0,3,836,0,1779,1779,v001,agent:DataEngineer
2026-09-18,61,15:00,voice,Meridian,7,4,0,3,880,0,1721,1721,v001,agent:DataEngineer
2026-09-18,61,15:30,voice,Meridian,6,3,0,3,886,0,1732,1732,v001,agent:DataEngineer
2026-09-18,61,16:00,voice,Meridian,6,3,0,3,995,0,1871,1871,v001,agent:DataEngineer
2026-09-18,61,16:30,voice,Meridian,5,2,0,3,756,0,1843,1843,v001,agent:DataEngineer
2026-09-18,61,17:00,voice,Meridian,5,2,0,3,1058,0,1827,1827,v001,agent:DataEngineer
2026-09-18,61,17:30,voice,Meridian,4,2,0,2,881,0,1791,1791,v001,agent:DataEngineer
2026-09-18,61,18:00,voice,Meridian,3,2,1,1,376,33.3,1865,1865,v001,agent:DataEngineer
2026-09-18,61,18:30,voice,Meridian,2,2,1,0,272,50,1788,1788,v001,agent:DataEngineer
2026-09-18,61,19:00,voice,Meridian,2,2,1,0,199,50,1805,1805,v001,agent:DataEngineer
2026-09-18,61,19:30,voice,Meridian,1,1,0,0,973,0,1762,1762,v001,agent:DataEngineer
2026-09-18,61,20:00,voice,Meridian,1,1,0,0,787,0,1925,1925,v001,agent:DataEngineer
2026-09-18,61,20:30,voice,Meridian,1,1,0,0,864,0,1861,1861,v001,agent:DataEngineer
2026-09-18,61,21:00,voice,Meridian,1,1,1,0,13,100,1837,1837,v001,agent:DataEngineer
2026-09-18,61,21:30,voice,Meridian,1,1,0,0,952,0,2077,2077,v001,agent:DataEngineer
2026-09-18,61,22:00,voice,Meridian,1,1,0,0,871,0,1858,1858,v001,agent:DataEngineer
2026-09-18,61,22:30,voice,Meridian,1,1,1,0,13,100,1933,1933,v001,agent:DataEngineer
2026-09-18,61,23:00,voice,Meridian,1,1,0,0,797,0,1808,1808,v001,agent:DataEngineer
2026-09-18,61,23:30,voice,Meridian,1,1,0,0,784,0,1634,1634,v001,agent:DataEngineer
2026-09-18,61,00:00,chat,Meridian,1,1,0,0,1542,0,1578,493,v001,agent:DataEngineer
2026-09-18,61,00:30,chat,Meridian,1,1,0,0,1857,0,1754,548,v001,agent:DataEngineer
2026-09-18,61,01:00,chat,Meridian,1,1,1,0,52,100,2059,643,v001,agent:DataEngineer
2026-09-18,61,01:30,chat,Meridian,1,1,1,0,37,100,1714,535,v001,agent:DataEngineer
2026-09-18,61,02:00,chat,Meridian,1,1,0,0,1510,0,1866,583,v001,agent:DataEngineer
2026-09-18,61,02:30,chat,Meridian,1,1,1,0,50,100,1756,549,v001,agent:DataEngineer
2026-09-18,61,03:00,chat,Meridian,1,1,0,0,1332,0,1700,531,v001,agent:DataEngineer
2026-09-18,61,03:30,chat,Meridian,2,2,1,0,423,50,1695,530,v001,agent:DataEngineer
2026-09-18,61,04:00,chat,Meridian,1,1,0,0,1627,0,1652,516,v001,agent:DataEngineer
2026-09-18,61,04:30,chat,Meridian,1,1,0,0,1642,0,1760,550,v001,agent:DataEngineer
2026-09-18,61,05:00,chat,Meridian,1,1,1,0,48,100,1830,572,v001,agent:DataEngineer
2026-09-18,61,05:30,chat,Meridian,1,1,1,0,44,100,1884,589,v001,agent:DataEngineer
2026-09-18,61,06:00,chat,Meridian,1,1,0,0,1544,0,1722,538,v001,agent:DataEngineer
2026-09-18,61,06:30,chat,Meridian,1,1,0,0,1266,0,1678,524,v001,agent:DataEngineer
2026-09-18,61,07:00,chat,Meridian,1,1,0,0,1350,0,1605,502,v001,agent:DataEngineer
2026-09-18,61,07:30,chat,Meridian,3,2,0,1,1618,0,1792,560,v001,agent:DataEngineer
2026-09-18,61,08:00,chat,Meridian,2,1,0,1,1623,0,1790,559,v001,agent:DataEngineer
2026-09-18,61,08:30,chat,Meridian,5,3,0,2,1579,0,1860,581,v001,agent:DataEngineer
2026-09-18,61,09:00,chat,Meridian,6,3,0,3,1592,0,1904,595,v001,agent:DataEngineer
2026-09-18,61,09:30,chat,Meridian,10,5,1,5,1303,10,1778,556,v001,agent:DataEngineer
2026-09-18,61,10:00,chat,Meridian,10,6,1,4,1376,10,1759,550,v001,agent:DataEngineer
2026-09-18,61,10:30,chat,Meridian,9,5,0,4,1664,0,1685,527,v001,agent:DataEngineer
2026-09-18,61,11:00,chat,Meridian,14,7,0,7,1473,0,1739,543,v001,agent:DataEngineer
2026-09-18,61,11:30,chat,Meridian,9,5,1,4,1210,11.1,1637,512,v001,agent:DataEngineer
2026-09-18,61,12:00,chat,Meridian,7,4,0,3,1829,0,1751,547,v001,agent:DataEngineer
2026-09-18,61,12:30,chat,Meridian,6,3,0,3,1764,0,1840,575,v001,agent:DataEngineer
2026-09-18,61,13:00,chat,Meridian,7,3,0,4,1433,0,1629,509,v001,agent:DataEngineer
2026-09-18,61,13:30,chat,Meridian,9,5,0,4,1463,0,1830,572,v001,agent:DataEngineer
2026-09-18,61,14:00,chat,Meridian,7,4,0,3,1482,0,1747,546,v001,agent:DataEngineer
2026-09-18,61,14:30,chat,Meridian,11,6,0,5,1535,0,1760,550,v001,agent:DataEngineer
2026-09-18,61,15:00,chat,Meridian,9,5,0,4,1897,0,1772,554,v001,agent:DataEngineer
2026-09-18,61,15:30,chat,Meridian,6,3,0,3,1800,0,1729,540,v001,agent:DataEngineer
2026-09-18,61,16:00,chat,Meridian,7,4,0,3,1279,0,1993,623,v001,agent:DataEngineer
2026-09-18,61,16:30,chat,Meridian,6,3,0,3,1524,0,1757,549,v001,agent:DataEngineer
2026-09-18,61,17:00,chat,Meridian,5,3,0,2,1603,0,1649,515,v001,agent:DataEngineer
2026-09-18,61,17:30,chat,Meridian,4,2,0,2,1684,0,1790,560,v001,agent:DataEngineer
2026-09-18,61,18:00,chat,Meridian,2,1,0,1,1674,0,1798,562,v001,agent:DataEngineer
2026-09-18,61,18:30,chat,Meridian,2,1,0,1,1529,0,1798,562,v001,agent:DataEngineer
2026-09-18,61,19:00,chat,Meridian,1,1,0,0,1632,0,1704,532,v001,agent:DataEngineer
2026-09-18,61,19:30,chat,Meridian,2,2,1,0,440,50,1962,613,v001,agent:DataEngineer
2026-09-18,61,20:00,chat,Meridian,1,1,0,0,1919,0,1589,497,v001,agent:DataEngineer
2026-09-18,61,20:30,chat,Meridian,1,1,0,0,1528,0,1802,563,v001,agent:DataEngineer
2026-09-18,61,21:00,chat,Meridian,1,1,0,0,1604,0,1752,548,v001,agent:DataEngineer
2026-09-18,61,21:30,chat,Meridian,1,1,1,0,45,100,1876,586,v001,agent:DataEngineer
2026-09-18,61,22:00,chat,Meridian,1,1,1,0,46,100,1868,584,v001,agent:DataEngineer
2026-09-18,61,22:30,chat,Meridian,1,1,0,0,1498,0,1738,543,v001,agent:DataEngineer
2026-09-18,61,23:00,chat,Meridian,1,1,0,0,1573,0,1709,534,v001,agent:DataEngineer
2026-09-18,61,23:30,chat,Meridian,1,1,0,0,1274,0,1613,504,v001,agent:DataEngineer
2026-09-19,62,00:00,voice,Meridian,0,0,0,0,0,0,0,0,v001,agent:DataEngineer
2026-09-19,62,00:30,voice,Meridian,1,1,1,0,10,100,1869,1869,v001,agent:DataEngineer
2026-09-19,62,01:00,voice,Meridian,0,0,0,0,0,0,0,0,v001,agent:DataEngineer
2026-09-19,62,01:30,voice,Meridian,1,1,1,0,11,100,2018,2018,v001,agent:DataEngineer
2026-09-19,62,02:00,voice,Meridian,0,0,0,0,0,0,0,0,v001,agent:DataEngineer
2026-09-19,62,02:30,voice,Meridian,0,0,0,0,0,0,0,0,v001,agent:DataEngineer
2026-09-19,62,03:00,voice,Meridian,0,0,0,0,0,0,0,0,v001,agent:DataEngineer
2026-09-19,62,03:30,voice,Meridian,0,0,0,0,0,0,0,0,v001,agent:DataEngineer
2026-09-19,62,04:00,voice,Meridian,1,1,1,0,14,100,1775,1775,v001,agent:DataEngineer
2026-09-19,62,04:30,voice,Meridian,0,0,0,0,0,0,0,0,v001,agent:DataEngineer
2026-09-19,62,05:00,voice,Meridian,0,0,0,0,0,0,0,0,v001,agent:DataEngineer
2026-09-19,62,05:30,voice,Meridian,0,0,0,0,0,0,0,0,v001,agent:DataEngineer
2026-09-19,62,06:00,voice,Meridian,1,1,1,0,12,100,1901,1901,v001,agent:DataEngineer
2026-09-19,62,06:30,voice,Meridian,1,1,1,0,12,100,2256,2256,v001,agent:DataEngineer
2026-09-19,62,07:00,voice,Meridian,1,1,1,0,11,100,1757,1757,v001,agent:DataEngineer
2026-09-19,62,07:30,voice,Meridian,1,1,1,0,12,100,2057,2057,v001,agent:DataEngineer
2026-09-19,62,08:00,voice,Meridian,1,1,1,0,13,100,1851,1851,v001,agent:DataEngineer
2026-09-19,62,08:30,voice,Meridian,2,2,2,0,12,100,1865,1865,v001,agent:DataEngineer
2026-09-19,62,09:00,voice,Meridian,3,3,3,0,12,100,1814,1814,v001,agent:DataEngineer
2026-09-19,62,09:30,voice,Meridian,5,4,3,1,174,60,2022,2022,v001,agent:DataEngineer
2026-09-19,62,10:00,voice,Meridian,4,4,4,0,14,100,1918,1918,v001,agent:DataEngineer
2026-09-19,62,10:30,voice,Meridian,4,3,3,1,76,75,1905,1905,v001,agent:DataEngineer
2026-09-19,62,11:00,voice,Meridian,3,3,3,0,10,100,2163,2163,v001,agent:DataEngineer
2026-09-19,62,11:30,voice,Meridian,5,5,5,0,10,100,1889,1889,v001,agent:DataEngineer
2026-09-19,62,12:00,voice,Meridian,3,3,3,0,13,100,1969,1969,v001,agent:DataEngineer
2026-09-19,62,12:30,voice,Meridian,3,3,3,0,10,100,1854,1854,v001,agent:DataEngineer
2026-09-19,62,13:00,voice,Meridian,3,3,3,0,12,100,1781,1781,v001,agent:DataEngineer
2026-09-19,62,13:30,voice,Meridian,3,3,3,0,13,100,1850,1850,v001,agent:DataEngineer
2026-09-19,62,14:00,voice,Meridian,3,3,1,0,441,33.3,1919,1919,v001,agent:DataEngineer
2026-09-19,62,14:30,voice,Meridian,4,4,3,0,64,75,1896,1896,v001,agent:DataEngineer
2026-09-19,62,15:00,voice,Meridian,5,4,3,1,146,60,1730,1730,v001,agent:DataEngineer
2026-09-19,62,15:30,voice,Meridian,3,3,3,0,15,100,1883,1883,v001,agent:DataEngineer
2026-09-19,62,16:00,voice,Meridian,3,3,3,0,10,100,2030,2030,v001,agent:DataEngineer
2026-09-19,62,16:30,voice,Meridian,2,2,2,0,12,100,2170,2170,v001,agent:DataEngineer
2026-09-19,62,17:00,voice,Meridian,2,2,2,0,12,100,1852,1852,v001,agent:DataEngineer
2026-09-19,62,17:30,voice,Meridian,1,1,1,0,13,100,2041,2041,v001,agent:DataEngineer
2026-09-19,62,18:00,voice,Meridian,1,1,1,0,13,100,1875,1875,v001,agent:DataEngineer
2026-09-19,62,18:30,voice,Meridian,1,1,1,0,11,100,1982,1982,v001,agent:DataEngineer
2026-09-19,62,19:00,voice,Meridian,1,1,1,0,12,100,2078,2078,v001,agent:DataEngineer
2026-09-19,62,19:30,voice,Meridian,1,1,1,0,12,100,1991,1991,v001,agent:DataEngineer
2026-09-19,62,20:00,voice,Meridian,0,0,0,0,0,0,0,0,v001,agent:DataEngineer
2026-09-19,62,20:30,voice,Meridian,0,0,0,0,0,0,0,0,v001,agent:DataEngineer
2026-09-19,62,21:00,voice,Meridian,0,0,0,0,0,0,0,0,v001,agent:DataEngineer
2026-09-19,62,21:30,voice,Meridian,0,0,0,0,0,0,0,0,v001,agent:DataEngineer
2026-09-19,62,22:00,voice,Meridian,1,1,1,0,11,100,2067,2067,v001,agent:DataEngineer
2026-09-19,62,22:30,voice,Meridian,1,1,1,0,11,100,2080,2080,v001,agent:DataEngineer
2026-09-19,62,23:00,voice,Meridian,1,1,1,0,13,100,2058,2058,v001,agent:DataEngineer
2026-09-19,62,23:30,voice,Meridian,1,1,1,0,14,100,1927,1927,v001,agent:DataEngineer
2026-09-19,62,00:00,chat,Meridian,0,0,0,0,0,0,0,0,v001,agent:DataEngineer
2026-09-19,62,00:30,chat,Meridian,1,1,1,0,42,100,1538,598,v001,agent:DataEngineer
2026-09-19,62,01:00,chat,Meridian,0,0,0,0,0,0,0,0,v001,agent:DataEngineer
2026-09-19,62,01:30,chat,Meridian,1,1,1,0,57,100,1285,500,v001,agent:DataEngineer
2026-09-19,62,02:00,chat,Meridian,0,0,0,0,0,0,0,0,v001,agent:DataEngineer
2026-09-19,62,02:30,chat,Meridian,0,0,0,0,0,0,0,0,v001,agent:DataEngineer
2026-09-19,62,03:00,chat,Meridian,1,1,1,0,46,100,1444,562,v001,agent:DataEngineer
2026-09-19,62,03:30,chat,Meridian,1,1,1,0,53,100,1513,589,v001,agent:DataEngineer
2026-09-19,62,04:00,chat,Meridian,1,1,1,0,40,100,1444,562,v001,agent:DataEngineer
2026-09-19,62,04:30,chat,Meridian,0,0,0,0,0,0,0,0,v001,agent:DataEngineer
2026-09-19,62,05:00,chat,Meridian,0,0,0,0,0,0,0,0,v001,agent:DataEngineer
2026-09-19,62,05:30,chat,Meridian,1,1,1,0,38,100,1415,551,v001,agent:DataEngineer
2026-09-19,62,06:00,chat,Meridian,1,1,1,0,45,100,1440,560,v001,agent:DataEngineer
2026-09-19,62,06:30,chat,Meridian,1,1,1,0,48,100,1307,509,v001,agent:DataEngineer
2026-09-19,62,07:00,chat,Meridian,1,1,1,0,39,100,1501,584,v001,agent:DataEngineer
2026-09-19,62,07:30,chat,Meridian,1,1,1,0,45,100,1399,545,v001,agent:DataEngineer
2026-09-19,62,08:00,chat,Meridian,1,1,1,0,37,100,1423,554,v001,agent:DataEngineer
2026-09-19,62,08:30,chat,Meridian,2,2,2,0,56,100,1441,561,v001,agent:DataEngineer
2026-09-19,62,09:00,chat,Meridian,4,4,4,0,50,100,1414,550,v001,agent:DataEngineer
2026-09-19,62,09:30,chat,Meridian,4,3,2,1,443,50,1479,575,v001,agent:DataEngineer
2026-09-19,62,10:00,chat,Meridian,5,4,2,1,549,40,1496,582,v001,agent:DataEngineer
2026-09-19,62,10:30,chat,Meridian,5,4,2,1,695,40,1360,529,v001,agent:DataEngineer
2026-09-19,62,11:00,chat,Meridian,5,4,2,1,553,40,1378,536,v001,agent:DataEngineer
2026-09-19,62,11:30,chat,Meridian,5,4,1,1,1017,20,1357,528,v001,agent:DataEngineer
2026-09-19,62,12:00,chat,Meridian,4,4,3,0,136,75,1307,509,v001,agent:DataEngineer
2026-09-19,62,12:30,chat,Meridian,3,3,3,0,39,100,1257,489,v001,agent:DataEngineer
2026-09-19,62,13:00,chat,Meridian,4,3,1,1,811,25,1330,518,v001,agent:DataEngineer
2026-09-19,62,13:30,chat,Meridian,4,4,3,0,133,75,1391,542,v001,agent:DataEngineer
2026-09-19,62,14:00,chat,Meridian,4,3,2,1,412,50,1422,553,v001,agent:DataEngineer
2026-09-19,62,14:30,chat,Meridian,4,3,2,1,413,50,1411,549,v001,agent:DataEngineer
2026-09-19,62,15:00,chat,Meridian,3,3,2,0,205,66.7,1374,535,v001,agent:DataEngineer
2026-09-19,62,15:30,chat,Meridian,4,4,4,0,56,100,1265,492,v001,agent:DataEngineer
2026-09-19,62,16:00,chat,Meridian,4,3,1,1,851,25,1430,557,v001,agent:DataEngineer
2026-09-19,62,16:30,chat,Meridian,3,3,2,0,220,66.7,1349,525,v001,agent:DataEngineer
2026-09-19,62,17:00,chat,Meridian,2,2,2,0,48,100,1405,547,v001,agent:DataEngineer
2026-09-19,62,17:30,chat,Meridian,2,2,2,0,47,100,1401,545,v001,agent:DataEngineer
2026-09-19,62,18:00,chat,Meridian,1,1,1,0,38,100,1229,478,v001,agent:DataEngineer
2026-09-19,62,18:30,chat,Meridian,1,1,1,0,49,100,1366,532,v001,agent:DataEngineer
2026-09-19,62,19:00,chat,Meridian,1,1,1,0,45,100,1385,539,v001,agent:DataEngineer
2026-09-19,62,19:30,chat,Meridian,1,1,1,0,44,100,1314,511,v001,agent:DataEngineer
2026-09-19,62,20:00,chat,Meridian,1,1,1,0,59,100,1262,491,v001,agent:DataEngineer
2026-09-19,62,20:30,chat,Meridian,1,1,1,0,46,100,1533,597,v001,agent:DataEngineer
2026-09-19,62,21:00,chat,Meridian,1,1,1,0,49,100,1502,585,v001,agent:DataEngineer
2026-09-19,62,21:30,chat,Meridian,1,1,1,0,50,100,1366,532,v001,agent:DataEngineer
2026-09-19,62,22:00,chat,Meridian,1,1,1,0,40,100,1430,557,v001,agent:DataEngineer
2026-09-19,62,22:30,chat,Meridian,0,0,0,0,0,0,0,0,v001,agent:DataEngineer
2026-09-19,62,23:00,chat,Meridian,0,0,0,0,0,0,0,0,v001,agent:DataEngineer
2026-09-19,62,23:30,chat,Meridian,0,0,0,0,0,0,0,0,v001,agent:DataEngineer
2026-09-20,63,00:00,voice,Meridian,1,0,0,1,982,0,2347,2347,v001,agent:DataEngineer
2026-09-20,63,00:30,voice,Meridian,1,0,0,1,909,0,2253,2253,v001,agent:DataEngineer
2026-09-20,63,01:00,voice,Meridian,1,0,0,1,899,0,2252,2252,v001,agent:DataEngineer
2026-09-20,63,01:30,voice,Meridian,1,0,0,1,816,0,2229,2229,v001,agent:DataEngineer
2026-09-20,63,02:00,voice,Meridian,1,0,0,1,894,0,2354,2354,v001,agent:DataEngineer
2026-09-20,63,02:30,voice,Meridian,1,0,0,1,877,0,2268,2268,v001,agent:DataEngineer
2026-09-20,63,03:00,voice,Meridian,1,1,0,0,1107,0,2251,2251,v001,agent:DataEngineer
2026-09-20,63,03:30,voice,Meridian,1,1,0,0,1018,0,2230,2230,v001,agent:DataEngineer
2026-09-20,63,04:00,voice,Meridian,1,1,0,0,1007,0,2624,2624,v001,agent:DataEngineer
2026-09-20,63,04:30,voice,Meridian,1,1,0,0,951,0,2288,2288,v001,agent:DataEngineer
2026-09-20,63,05:00,voice,Meridian,1,1,0,0,934,0,2395,2395,v001,agent:DataEngineer
2026-09-20,63,05:30,voice,Meridian,1,1,0,0,1030,0,2235,2235,v001,agent:DataEngineer
2026-09-20,63,06:00,voice,Meridian,1,1,0,0,928,0,2208,2208,v001,agent:DataEngineer
2026-09-20,63,06:30,voice,Meridian,1,1,0,0,883,0,2423,2423,v001,agent:DataEngineer
2026-09-20,63,07:00,voice,Meridian,1,0,0,1,987,0,1997,1997,v001,agent:DataEngineer
2026-09-20,63,07:30,voice,Meridian,2,1,0,1,804,0,2162,2162,v001,agent:DataEngineer
2026-09-20,63,08:00,voice,Meridian,2,1,0,1,935,0,2251,2251,v001,agent:DataEngineer
2026-09-20,63,08:30,voice,Meridian,3,1,0,2,1121,0,2304,2304,v001,agent:DataEngineer
2026-09-20,63,09:00,voice,Meridian,4,2,0,2,1032,0,2083,2083,v001,agent:DataEngineer
2026-09-20,63,09:30,voice,Meridian,6,3,0,3,992,0,2217,2217,v001,agent:DataEngineer
2026-09-20,63,10:00,voice,Meridian,8,4,1,4,712,12.5,2381,2381,v001,agent:DataEngineer
2026-09-20,63,10:30,voice,Meridian,8,4,1,4,656,12.5,2248,2248,v001,agent:DataEngineer
2026-09-20,63,11:00,voice,Meridian,9,5,0,4,1036,0,2183,2183,v001,agent:DataEngineer
2026-09-20,63,11:30,voice,Meridian,6,3,0,3,801,0,2325,2325,v001,agent:DataEngineer
2026-09-20,63,12:00,voice,Meridian,7,4,0,3,763,0,2173,2173,v001,agent:DataEngineer
2026-09-20,63,12:30,voice,Meridian,5,3,0,2,884,0,2329,2329,v001,agent:DataEngineer
2026-09-20,63,13:00,voice,Meridian,7,4,1,3,774,14.3,2122,2122,v001,agent:DataEngineer
2026-09-20,63,13:30,voice,Meridian,7,4,0,3,960,0,2124,2124,v001,agent:DataEngineer
2026-09-20,63,14:00,voice,Meridian,5,3,0,2,913,0,2232,2232,v001,agent:DataEngineer
2026-09-20,63,14:30,voice,Meridian,6,3,0,3,1000,0,2466,2466,v001,agent:DataEngineer
2026-09-20,63,15:00,voice,Meridian,6,3,0,3,849,0,2420,2420,v001,agent:DataEngineer
2026-09-20,63,15:30,voice,Meridian,6,3,1,3,647,16.7,2019,2019,v001,agent:DataEngineer
2026-09-20,63,16:00,voice,Meridian,4,2,0,2,877,0,2503,2503,v001,agent:DataEngineer
2026-09-20,63,16:30,voice,Meridian,4,2,0,2,1051,0,2599,2599,v001,agent:DataEngineer
2026-09-20,63,17:00,voice,Meridian,5,2,0,3,929,0,2293,2293,v001,agent:DataEngineer
2026-09-20,63,17:30,voice,Meridian,2,1,0,1,1038,0,2174,2174,v001,agent:DataEngineer
2026-09-20,63,18:00,voice,Meridian,2,1,0,1,1064,0,2157,2157,v001,agent:DataEngineer
2026-09-20,63,18:30,voice,Meridian,2,1,0,1,891,0,2134,2134,v001,agent:DataEngineer
2026-09-20,63,19:00,voice,Meridian,1,1,0,0,940,0,2252,2252,v001,agent:DataEngineer
2026-09-20,63,19:30,voice,Meridian,1,1,0,0,859,0,2391,2391,v001,agent:DataEngineer
2026-09-20,63,20:00,voice,Meridian,1,1,0,0,829,0,2153,2153,v001,agent:DataEngineer
2026-09-20,63,20:30,voice,Meridian,1,1,0,0,834,0,2304,2304,v001,agent:DataEngineer
2026-09-20,63,21:00,voice,Meridian,1,1,0,0,1039,0,2331,2331,v001,agent:DataEngineer
2026-09-20,63,21:30,voice,Meridian,1,1,0,0,937,0,2009,2009,v001,agent:DataEngineer
2026-09-20,63,22:00,voice,Meridian,1,1,0,0,897,0,2078,2078,v001,agent:DataEngineer
2026-09-20,63,22:30,voice,Meridian,1,1,0,0,875,0,2314,2314,v001,agent:DataEngineer
2026-09-20,63,23:00,voice,Meridian,1,1,0,0,876,0,2378,2378,v001,agent:DataEngineer
2026-09-20,63,23:30,voice,Meridian,1,1,1,0,12,100,2316,2316,v001,agent:DataEngineer
2026-09-20,63,00:00,chat,Meridian,1,0,0,1,1245,0,2023,632,v001,agent:DataEngineer
2026-09-20,63,00:30,chat,Meridian,1,0,0,1,1917,0,1960,613,v001,agent:DataEngineer
2026-09-20,63,01:00,chat,Meridian,1,0,0,1,1864,0,2068,646,v001,agent:DataEngineer
2026-09-20,63,01:30,chat,Meridian,1,0,0,1,1451,0,1990,622,v001,agent:DataEngineer
2026-09-20,63,02:00,chat,Meridian,1,0,0,1,1795,0,2007,627,v001,agent:DataEngineer
2026-09-20,63,02:30,chat,Meridian,1,0,0,1,1540,0,2063,645,v001,agent:DataEngineer
2026-09-20,63,03:00,chat,Meridian,1,0,0,1,1612,0,1978,618,v001,agent:DataEngineer
2026-09-20,63,03:30,chat,Meridian,1,0,0,1,1484,0,2065,645,v001,agent:DataEngineer
2026-09-20,63,04:00,chat,Meridian,1,0,0,1,1716,0,2099,656,v001,agent:DataEngineer
2026-09-20,63,04:30,chat,Meridian,1,0,0,1,1375,0,2005,626,v001,agent:DataEngineer
2026-09-20,63,05:00,chat,Meridian,1,0,0,1,1528,0,1931,603,v001,agent:DataEngineer
2026-09-20,63,05:30,chat,Meridian,1,0,0,1,1896,0,2060,644,v001,agent:DataEngineer
2026-09-20,63,06:00,chat,Meridian,1,0,0,1,1741,0,1889,590,v001,agent:DataEngineer
2026-09-20,63,06:30,chat,Meridian,1,0,0,1,1571,0,1986,621,v001,agent:DataEngineer
2026-09-20,63,07:00,chat,Meridian,1,0,0,1,1492,0,2158,675,v001,agent:DataEngineer
2026-09-20,63,07:30,chat,Meridian,2,1,0,1,1590,0,2123,664,v001,agent:DataEngineer
2026-09-20,63,08:00,chat,Meridian,3,1,0,2,1590,0,2063,645,v001,agent:DataEngineer
2026-09-20,63,08:30,chat,Meridian,4,2,0,2,1420,0,2052,641,v001,agent:DataEngineer
2026-09-20,63,09:00,chat,Meridian,4,2,0,2,1609,0,1747,546,v001,agent:DataEngineer
2026-09-20,63,09:30,chat,Meridian,8,4,1,4,1145,12.5,1868,584,v001,agent:DataEngineer
2026-09-20,63,10:00,chat,Meridian,8,4,0,4,1437,0,2042,638,v001,agent:DataEngineer
2026-09-20,63,10:30,chat,Meridian,10,5,1,5,1254,10,2060,644,v001,agent:DataEngineer
2026-09-20,63,11:00,chat,Meridian,11,5,0,6,1561,0,2069,646,v001,agent:DataEngineer
2026-09-20,63,11:30,chat,Meridian,6,3,0,3,1641,0,1965,614,v001,agent:DataEngineer
2026-09-20,63,12:00,chat,Meridian,6,3,0,3,1546,0,1963,613,v001,agent:DataEngineer
2026-09-20,63,12:30,chat,Meridian,6,3,1,3,1102,16.7,2026,633,v001,agent:DataEngineer
2026-09-20,63,13:00,chat,Meridian,6,3,1,3,946,16.7,2160,675,v001,agent:DataEngineer
2026-09-20,63,13:30,chat,Meridian,5,2,0,3,1252,0,2026,633,v001,agent:DataEngineer
2026-09-20,63,14:00,chat,Meridian,7,3,0,4,1656,0,1783,557,v001,agent:DataEngineer
2026-09-20,63,14:30,chat,Meridian,6,3,0,3,1692,0,2017,630,v001,agent:DataEngineer
2026-09-20,63,15:00,chat,Meridian,7,3,0,4,1472,0,1966,614,v001,agent:DataEngineer
2026-09-20,63,15:30,chat,Meridian,10,5,0,5,1607,0,1823,570,v001,agent:DataEngineer
2026-09-20,63,16:00,chat,Meridian,6,3,0,3,1173,0,2116,661,v001,agent:DataEngineer
2026-09-20,63,16:30,chat,Meridian,5,2,0,3,1535,0,2073,648,v001,agent:DataEngineer
2026-09-20,63,17:00,chat,Meridian,4,2,0,2,1589,0,1992,622,v001,agent:DataEngineer
2026-09-20,63,17:30,chat,Meridian,4,2,0,2,1574,0,1941,607,v001,agent:DataEngineer
2026-09-20,63,18:00,chat,Meridian,2,1,0,1,1508,0,1903,595,v001,agent:DataEngineer
2026-09-20,63,18:30,chat,Meridian,2,1,0,1,1637,0,2160,675,v001,agent:DataEngineer
2026-09-20,63,19:00,chat,Meridian,1,0,0,1,1344,0,2044,639,v001,agent:DataEngineer
2026-09-20,63,19:30,chat,Meridian,1,0,0,1,1647,0,2159,675,v001,agent:DataEngineer
2026-09-20,63,20:00,chat,Meridian,1,1,1,0,42,100,1987,621,v001,agent:DataEngineer
2026-09-20,63,20:30,chat,Meridian,1,1,0,0,1749,0,1923,601,v001,agent:DataEngineer
2026-09-20,63,21:00,chat,Meridian,1,1,0,0,1329,0,1852,579,v001,agent:DataEngineer
2026-09-20,63,21:30,chat,Meridian,1,1,1,0,41,100,1999,625,v001,agent:DataEngineer
2026-09-20,63,22:00,chat,Meridian,1,1,0,0,1482,0,1967,615,v001,agent:DataEngineer
2026-09-20,63,22:30,chat,Meridian,1,1,0,0,1815,0,2253,704,v001,agent:DataEngineer
2026-09-20,63,23:00,chat,Meridian,1,1,0,0,1805,0,2008,627,v001,agent:DataEngineer
2026-09-20,63,23:30,chat,Meridian,1,1,0,0,1589,0,1852,579,v001,agent:DataEngineer
2026-09-21,64,00:00,voice,Meridian,1,1,0,0,871,0,2069,2069,v001,agent:DataEngineer
2026-09-21,64,00:30,voice,Meridian,1,1,0,0,916,0,2181,2181,v001,agent:DataEngineer
2026-09-21,64,01:00,voice,Meridian,1,1,0,0,898,0,2174,2174,v001,agent:DataEngineer
2026-09-21,64,01:30,voice,Meridian,1,1,1,0,11,100,1960,1960,v001,agent:DataEngineer
2026-09-21,64,02:00,voice,Meridian,1,1,1,0,12,100,2141,2141,v001,agent:DataEngineer
2026-09-21,64,02:30,voice,Meridian,1,1,1,0,11,100,2010,2010,v001,agent:DataEngineer
2026-09-21,64,03:00,voice,Meridian,1,1,0,0,763,0,2199,2199,v001,agent:DataEngineer
2026-09-21,64,03:30,voice,Meridian,1,1,1,0,13,100,2159,2159,v001,agent:DataEngineer
2026-09-21,64,04:00,voice,Meridian,1,1,1,0,13,100,1960,1960,v001,agent:DataEngineer
2026-09-21,64,04:30,voice,Meridian,1,1,1,0,12,100,2053,2053,v001,agent:DataEngineer
2026-09-21,64,05:00,voice,Meridian,1,1,1,0,12,100,2013,2013,v001,agent:DataEngineer
2026-09-21,64,05:30,voice,Meridian,1,1,1,0,12,100,2290,2290,v001,agent:DataEngineer
2026-09-21,64,06:00,voice,Meridian,1,1,1,0,11,100,1918,1918,v001,agent:DataEngineer
2026-09-21,64,06:30,voice,Meridian,1,1,1,0,14,100,1845,1845,v001,agent:DataEngineer
2026-09-21,64,07:00,voice,Meridian,1,1,0,0,907,0,1901,1901,v001,agent:DataEngineer
2026-09-21,64,07:30,voice,Meridian,2,1,0,1,898,0,1904,1904,v001,agent:DataEngineer
2026-09-21,64,08:00,voice,Meridian,2,1,0,1,957,0,1994,1994,v001,agent:DataEngineer
2026-09-21,64,08:30,voice,Meridian,5,3,0,2,826,0,2018,2018,v001,agent:DataEngineer
2026-09-21,64,09:00,voice,Meridian,6,3,0,3,944,0,1958,1958,v001,agent:DataEngineer
2026-09-21,64,09:30,voice,Meridian,8,4,0,4,1099,0,1903,1903,v001,agent:DataEngineer
2026-09-21,64,10:00,voice,Meridian,7,4,0,3,907,0,2078,2078,v001,agent:DataEngineer
2026-09-21,64,10:30,voice,Meridian,11,6,0,5,1042,0,2202,2202,v001,agent:DataEngineer
2026-09-21,64,11:00,voice,Meridian,9,5,1,4,793,11.1,1912,1912,v001,agent:DataEngineer
2026-09-21,64,11:30,voice,Meridian,7,4,0,3,937,0,2070,2070,v001,agent:DataEngineer
2026-09-21,64,12:00,voice,Meridian,7,4,0,3,776,0,1943,1943,v001,agent:DataEngineer
2026-09-21,64,12:30,voice,Meridian,7,4,1,3,645,14.3,2395,2395,v001,agent:DataEngineer
2026-09-21,64,13:00,voice,Meridian,6,3,0,3,913,0,2396,2396,v001,agent:DataEngineer
2026-09-21,64,13:30,voice,Meridian,6,3,0,3,801,0,2054,2054,v001,agent:DataEngineer
2026-09-21,64,14:00,voice,Meridian,9,5,0,4,991,0,2104,2104,v001,agent:DataEngineer
2026-09-21,64,14:30,voice,Meridian,6,3,0,3,1159,0,2044,2044,v001,agent:DataEngineer
2026-09-21,64,15:00,voice,Meridian,7,4,0,3,942,0,2033,2033,v001,agent:DataEngineer
2026-09-21,64,15:30,voice,Meridian,6,3,0,3,875,0,2083,2083,v001,agent:DataEngineer
2026-09-21,64,16:00,voice,Meridian,5,3,0,2,971,0,2203,2203,v001,agent:DataEngineer
2026-09-21,64,16:30,voice,Meridian,6,3,0,3,866,0,2094,2094,v001,agent:DataEngineer
2026-09-21,64,17:00,voice,Meridian,3,2,0,1,828,0,1911,1911,v001,agent:DataEngineer
2026-09-21,64,17:30,voice,Meridian,4,2,0,2,885,0,1921,1921,v001,agent:DataEngineer
2026-09-21,64,18:00,voice,Meridian,2,1,0,1,828,0,2197,2197,v001,agent:DataEngineer
2026-09-21,64,18:30,voice,Meridian,2,1,0,1,792,0,2109,2109,v001,agent:DataEngineer
2026-09-21,64,19:00,voice,Meridian,1,1,1,0,14,100,1957,1957,v001,agent:DataEngineer
2026-09-21,64,19:30,voice,Meridian,1,1,1,0,11,100,1924,1924,v001,agent:DataEngineer
2026-09-21,64,20:00,voice,Meridian,1,1,0,0,869,0,1862,1862,v001,agent:DataEngineer
2026-09-21,64,20:30,voice,Meridian,1,1,0,0,825,0,1936,1936,v001,agent:DataEngineer
2026-09-21,64,21:00,voice,Meridian,1,1,1,0,13,100,1980,1980,v001,agent:DataEngineer
2026-09-21,64,21:30,voice,Meridian,1,1,1,0,14,100,1886,1886,v001,agent:DataEngineer
2026-09-21,64,22:00,voice,Meridian,1,1,1,0,10,100,2101,2101,v001,agent:DataEngineer
2026-09-21,64,22:30,voice,Meridian,1,1,1,0,11,100,2049,2049,v001,agent:DataEngineer
2026-09-21,64,23:00,voice,Meridian,1,1,1,0,14,100,1975,1975,v001,agent:DataEngineer
2026-09-21,64,23:30,voice,Meridian,1,1,1,0,14,100,1956,1956,v001,agent:DataEngineer
2026-09-21,64,00:00,chat,Meridian,1,1,1,0,49,100,1721,538,v001,agent:DataEngineer
2026-09-21,64,00:30,chat,Meridian,1,1,0,0,1574,0,1686,527,v001,agent:DataEngineer
2026-09-21,64,01:00,chat,Meridian,1,1,0,0,1328,0,1612,504,v001,agent:DataEngineer
2026-09-21,64,01:30,chat,Meridian,1,1,0,0,1530,0,1756,549,v001,agent:DataEngineer
2026-09-21,64,02:00,chat,Meridian,1,1,0,0,1663,0,1798,562,v001,agent:DataEngineer
2026-09-21,64,02:30,chat,Meridian,1,1,0,0,1810,0,1776,555,v001,agent:DataEngineer
2026-09-21,64,03:00,chat,Meridian,1,1,1,0,42,100,1639,512,v001,agent:DataEngineer
2026-09-21,64,03:30,chat,Meridian,1,1,0,0,1435,0,1828,571,v001,agent:DataEngineer
2026-09-21,64,04:00,chat,Meridian,1,1,0,0,1334,0,1677,524,v001,agent:DataEngineer
2026-09-21,64,04:30,chat,Meridian,1,1,0,0,1382,0,1838,574,v001,agent:DataEngineer
2026-09-21,64,05:00,chat,Meridian,1,1,0,0,1603,0,1715,536,v001,agent:DataEngineer
2026-09-21,64,05:30,chat,Meridian,1,1,0,0,1647,0,1500,469,v001,agent:DataEngineer
2026-09-21,64,06:00,chat,Meridian,1,1,0,0,1392,0,1735,542,v001,agent:DataEngineer
2026-09-21,64,06:30,chat,Meridian,2,2,1,0,420,50,1477,461,v001,agent:DataEngineer
2026-09-21,64,07:00,chat,Meridian,2,2,1,0,377,50,1593,498,v001,agent:DataEngineer
2026-09-21,64,07:30,chat,Meridian,3,2,0,1,1540,0,1649,515,v001,agent:DataEngineer
2026-09-21,64,08:00,chat,Meridian,3,1,0,2,1517,0,1854,579,v001,agent:DataEngineer
2026-09-21,64,08:30,chat,Meridian,5,3,0,2,1445,0,1723,539,v001,agent:DataEngineer
2026-09-21,64,09:00,chat,Meridian,5,3,0,2,1738,0,2019,631,v001,agent:DataEngineer
2026-09-21,64,09:30,chat,Meridian,10,5,0,5,1618,0,1635,511,v001,agent:DataEngineer
2026-09-21,64,10:00,chat,Meridian,9,5,0,4,1610,0,1745,545,v001,agent:DataEngineer
2026-09-21,64,10:30,chat,Meridian,11,6,0,5,1427,0,1706,533,v001,agent:DataEngineer
2026-09-21,64,11:00,chat,Meridian,10,5,0,5,1350,0,1783,557,v001,agent:DataEngineer
2026-09-21,64,11:30,chat,Meridian,8,4,0,4,1186,0,1829,571,v001,agent:DataEngineer
2026-09-21,64,12:00,chat,Meridian,7,4,0,3,1816,0,1772,554,v001,agent:DataEngineer
2026-09-21,64,12:30,chat,Meridian,7,4,0,3,1574,0,1706,533,v001,agent:DataEngineer
2026-09-21,64,13:00,chat,Meridian,7,4,0,3,1686,0,1850,578,v001,agent:DataEngineer
2026-09-21,64,13:30,chat,Meridian,8,4,0,4,1383,0,1859,581,v001,agent:DataEngineer
2026-09-21,64,14:00,chat,Meridian,7,4,0,3,1491,0,1603,501,v001,agent:DataEngineer
2026-09-21,64,14:30,chat,Meridian,10,5,0,5,1690,0,1648,515,v001,agent:DataEngineer
2026-09-21,64,15:00,chat,Meridian,9,4,0,5,1586,0,1658,518,v001,agent:DataEngineer
2026-09-21,64,15:30,chat,Meridian,8,4,1,4,1298,12.5,1672,522,v001,agent:DataEngineer
2026-09-21,64,16:00,chat,Meridian,10,5,0,5,1419,0,1712,535,v001,agent:DataEngineer
2026-09-21,64,16:30,chat,Meridian,5,3,0,2,1590,0,1732,541,v001,agent:DataEngineer
2026-09-21,64,17:00,chat,Meridian,5,2,0,3,1454,0,1649,515,v001,agent:DataEngineer
2026-09-21,64,17:30,chat,Meridian,4,2,0,2,1305,0,1797,561,v001,agent:DataEngineer
2026-09-21,64,18:00,chat,Meridian,2,1,0,1,1523,0,1807,565,v001,agent:DataEngineer
2026-09-21,64,18:30,chat,Meridian,2,2,1,0,341,50,1709,534,v001,agent:DataEngineer
2026-09-21,64,19:00,chat,Meridian,2,2,1,0,371,50,1701,532,v001,agent:DataEngineer
2026-09-21,64,19:30,chat,Meridian,1,1,0,0,1585,0,1929,603,v001,agent:DataEngineer
2026-09-21,64,20:00,chat,Meridian,1,1,0,0,1566,0,1745,545,v001,agent:DataEngineer
2026-09-21,64,20:30,chat,Meridian,1,1,0,0,1597,0,1720,537,v001,agent:DataEngineer
2026-09-21,64,21:00,chat,Meridian,1,1,0,0,1447,0,1541,482,v001,agent:DataEngineer
2026-09-21,64,21:30,chat,Meridian,1,1,1,0,45,100,1859,581,v001,agent:DataEngineer
2026-09-21,64,22:00,chat,Meridian,1,1,1,0,46,100,1783,557,v001,agent:DataEngineer
2026-09-21,64,22:30,chat,Meridian,1,1,0,0,1448,0,1801,563,v001,agent:DataEngineer
2026-09-21,64,23:00,chat,Meridian,1,1,0,0,1328,0,1483,463,v001,agent:DataEngineer
2026-09-21,64,23:30,chat,Meridian,1,1,0,0,1399,0,1924,601,v001,agent:DataEngineer
2026-09-22,65,00:00,voice,Meridian,1,1,1,0,11,100,1898,1898,v001,agent:DataEngineer
2026-09-22,65,00:30,voice,Meridian,1,1,0,0,965,0,1901,1901,v001,agent:DataEngineer
2026-09-22,65,01:00,voice,Meridian,1,1,1,0,11,100,1987,1987,v001,agent:DataEngineer
2026-09-22,65,01:30,voice,Meridian,1,1,0,0,825,0,2004,2004,v001,agent:DataEngineer
2026-09-22,65,02:00,voice,Meridian,1,1,0,0,761,0,1974,1974,v001,agent:DataEngineer
2026-09-22,65,02:30,voice,Meridian,1,1,0,0,957,0,2220,2220,v001,agent:DataEngineer
2026-09-22,65,03:00,voice,Meridian,1,1,0,0,950,0,1955,1955,v001,agent:DataEngineer
2026-09-22,65,03:30,voice,Meridian,1,1,1,0,12,100,1833,1833,v001,agent:DataEngineer
2026-09-22,65,04:00,voice,Meridian,1,1,1,0,10,100,1945,1945,v001,agent:DataEngineer
2026-09-22,65,04:30,voice,Meridian,1,1,0,0,954,0,1857,1857,v001,agent:DataEngineer
2026-09-22,65,05:00,voice,Meridian,1,1,0,0,925,0,1827,1827,v001,agent:DataEngineer
2026-09-22,65,05:30,voice,Meridian,1,1,1,0,11,100,1815,1815,v001,agent:DataEngineer
2026-09-22,65,06:00,voice,Meridian,1,1,1,0,13,100,2018,2018,v001,agent:DataEngineer
2026-09-22,65,06:30,voice,Meridian,1,1,0,0,955,0,1985,1985,v001,agent:DataEngineer
2026-09-22,65,07:00,voice,Meridian,2,2,1,0,205,50,1834,1834,v001,agent:DataEngineer
2026-09-22,65,07:30,voice,Meridian,2,1,0,1,1054,0,2018,2018,v001,agent:DataEngineer
2026-09-22,65,08:00,voice,Meridian,3,2,0,1,909,0,1906,1906,v001,agent:DataEngineer
2026-09-22,65,08:30,voice,Meridian,3,1,0,2,937,0,1963,1963,v001,agent:DataEngineer
2026-09-22,65,09:00,voice,Meridian,7,4,0,3,838,0,1995,1995,v001,agent:DataEngineer
2026-09-22,65,09:30,voice,Meridian,7,3,0,4,860,0,1879,1879,v001,agent:DataEngineer
2026-09-22,65,10:00,voice,Meridian,6,3,0,3,1004,0,2093,2093,v001,agent:DataEngineer
2026-09-22,65,10:30,voice,Meridian,9,5,1,4,686,11.1,2044,2044,v001,agent:DataEngineer
2026-09-22,65,11:00,voice,Meridian,9,5,1,4,804,11.1,1805,1805,v001,agent:DataEngineer
2026-09-22,65,11:30,voice,Meridian,6,3,0,3,840,0,1951,1951,v001,agent:DataEngineer
2026-09-22,65,12:00,voice,Meridian,7,4,0,3,932,0,2044,2044,v001,agent:DataEngineer
2026-09-22,65,12:30,voice,Meridian,8,4,1,4,591,12.5,1955,1955,v001,agent:DataEngineer
2026-09-22,65,13:00,voice,Meridian,7,4,0,3,1006,0,1943,1943,v001,agent:DataEngineer
2026-09-22,65,13:30,voice,Meridian,9,4,0,5,816,0,1783,1783,v001,agent:DataEngineer
2026-09-22,65,14:00,voice,Meridian,7,4,0,3,838,0,1891,1891,v001,agent:DataEngineer
2026-09-22,65,14:30,voice,Meridian,7,4,0,3,829,0,1782,1782,v001,agent:DataEngineer
2026-09-22,65,15:00,voice,Meridian,7,4,0,3,974,0,1903,1903,v001,agent:DataEngineer
2026-09-22,65,15:30,voice,Meridian,5,3,0,2,948,0,1985,1985,v001,agent:DataEngineer
2026-09-22,65,16:00,voice,Meridian,5,3,0,2,845,0,1788,1788,v001,agent:DataEngineer
2026-09-22,65,16:30,voice,Meridian,6,3,0,3,1028,0,2006,2006,v001,agent:DataEngineer
2026-09-22,65,17:00,voice,Meridian,3,1,0,2,854,0,1801,1801,v001,agent:DataEngineer
2026-09-22,65,17:30,voice,Meridian,3,1,0,2,928,0,1930,1930,v001,agent:DataEngineer
2026-09-22,65,18:00,voice,Meridian,2,1,0,1,939,0,1898,1898,v001,agent:DataEngineer
2026-09-22,65,18:30,voice,Meridian,2,1,0,1,981,0,1881,1881,v001,agent:DataEngineer
2026-09-22,65,19:00,voice,Meridian,1,1,1,0,12,100,2000,2000,v001,agent:DataEngineer
2026-09-22,65,19:30,voice,Meridian,1,1,0,0,774,0,1968,1968,v001,agent:DataEngineer
2026-09-22,65,20:00,voice,Meridian,1,1,1,0,11,100,1983,1983,v001,agent:DataEngineer
2026-09-22,65,20:30,voice,Meridian,1,1,0,0,1048,0,2052,2052,v001,agent:DataEngineer
2026-09-22,65,21:00,voice,Meridian,1,1,1,0,12,100,1969,1969,v001,agent:DataEngineer
2026-09-22,65,21:30,voice,Meridian,1,1,1,0,13,100,1910,1910,v001,agent:DataEngineer
2026-09-22,65,22:00,voice,Meridian,1,1,1,0,11,100,2028,2028,v001,agent:DataEngineer
2026-09-22,65,22:30,voice,Meridian,1,1,1,0,13,100,1708,1708,v001,agent:DataEngineer
2026-09-22,65,23:00,voice,Meridian,1,1,1,0,13,100,1983,1983,v001,agent:DataEngineer
2026-09-22,65,23:30,voice,Meridian,1,1,1,0,13,100,1953,1953,v001,agent:DataEngineer
2026-09-22,65,00:00,chat,Meridian,1,1,0,0,1458,0,1942,607,v001,agent:DataEngineer
2026-09-22,65,00:30,chat,Meridian,1,1,0,0,1846,0,1789,559,v001,agent:DataEngineer
2026-09-22,65,01:00,chat,Meridian,1,1,1,0,41,100,1951,610,v001,agent:DataEngineer
2026-09-22,65,01:30,chat,Meridian,1,1,1,0,43,100,1955,611,v001,agent:DataEngineer
2026-09-22,65,02:00,chat,Meridian,1,1,1,0,45,100,1591,497,v001,agent:DataEngineer
2026-09-22,65,02:30,chat,Meridian,1,1,0,0,1551,0,1937,605,v001,agent:DataEngineer
2026-09-22,65,03:00,chat,Meridian,1,1,1,0,50,100,1782,557,v001,agent:DataEngineer
2026-09-22,65,03:30,chat,Meridian,1,1,1,0,42,100,1845,576,v001,agent:DataEngineer
2026-09-22,65,04:00,chat,Meridian,1,1,0,0,1556,0,1890,591,v001,agent:DataEngineer
2026-09-22,65,04:30,chat,Meridian,1,1,1,0,51,100,2054,642,v001,agent:DataEngineer
2026-09-22,65,05:00,chat,Meridian,1,1,1,0,41,100,1879,587,v001,agent:DataEngineer
2026-09-22,65,05:30,chat,Meridian,1,1,0,0,1892,0,1887,590,v001,agent:DataEngineer
2026-09-22,65,06:00,chat,Meridian,1,1,0,0,1448,0,1708,534,v001,agent:DataEngineer
2026-09-22,65,06:30,chat,Meridian,2,2,1,0,470,50,1642,513,v001,agent:DataEngineer
2026-09-22,65,07:00,chat,Meridian,2,2,0,0,1429,0,1823,570,v001,agent:DataEngineer
2026-09-22,65,07:30,chat,Meridian,2,1,0,1,1482,0,1860,581,v001,agent:DataEngineer
2026-09-22,65,08:00,chat,Meridian,3,2,0,1,1420,0,1757,549,v001,agent:DataEngineer
2026-09-22,65,08:30,chat,Meridian,4,2,0,2,1743,0,1800,562,v001,agent:DataEngineer
2026-09-22,65,09:00,chat,Meridian,6,3,0,3,1373,0,1551,485,v001,agent:DataEngineer
2026-09-22,65,09:30,chat,Meridian,10,6,0,4,1589,0,1848,578,v001,agent:DataEngineer
2026-09-22,65,10:00,chat,Meridian,12,7,1,5,1353,8.3,1798,562,v001,agent:DataEngineer
2026-09-22,65,10:30,chat,Meridian,8,4,0,4,1634,0,1630,509,v001,agent:DataEngineer
2026-09-22,65,11:00,chat,Meridian,8,4,0,4,1726,0,1896,592,v001,agent:DataEngineer
2026-09-22,65,11:30,chat,Meridian,8,4,0,4,1293,0,1935,605,v001,agent:DataEngineer
2026-09-22,65,12:00,chat,Meridian,11,6,0,5,1613,0,1981,619,v001,agent:DataEngineer
2026-09-22,65,12:30,chat,Meridian,9,5,0,4,1272,0,1699,531,v001,agent:DataEngineer
2026-09-22,65,13:00,chat,Meridian,7,4,0,3,1429,0,1845,577,v001,agent:DataEngineer
2026-09-22,65,13:30,chat,Meridian,7,4,0,3,1501,0,1703,532,v001,agent:DataEngineer
2026-09-22,65,14:00,chat,Meridian,5,3,0,2,1328,0,1723,538,v001,agent:DataEngineer
2026-09-22,65,14:30,chat,Meridian,7,4,0,3,1355,0,1867,584,v001,agent:DataEngineer
2026-09-22,65,15:00,chat,Meridian,9,5,1,4,1223,11.1,1834,573,v001,agent:DataEngineer
2026-09-22,65,15:30,chat,Meridian,7,4,0,3,1674,0,1787,559,v001,agent:DataEngineer
2026-09-22,65,16:00,chat,Meridian,7,4,1,3,1124,14.3,1790,559,v001,agent:DataEngineer
2026-09-22,65,16:30,chat,Meridian,9,5,0,4,1562,0,1875,586,v001,agent:DataEngineer
2026-09-22,65,17:00,chat,Meridian,5,3,0,2,1430,0,1883,588,v001,agent:DataEngineer
2026-09-22,65,17:30,chat,Meridian,4,2,0,2,1580,0,2033,635,v001,agent:DataEngineer
2026-09-22,65,18:00,chat,Meridian,3,2,0,1,1275,0,1856,580,v001,agent:DataEngineer
2026-09-22,65,18:30,chat,Meridian,2,1,0,1,1364,0,1894,592,v001,agent:DataEngineer
2026-09-22,65,19:00,chat,Meridian,2,2,1,0,471,50,1747,546,v001,agent:DataEngineer
2026-09-22,65,19:30,chat,Meridian,1,1,0,0,1456,0,1891,591,v001,agent:DataEngineer
2026-09-22,65,20:00,chat,Meridian,1,1,0,0,1566,0,1962,613,v001,agent:DataEngineer
2026-09-22,65,20:30,chat,Meridian,1,1,0,0,1378,0,1877,587,v001,agent:DataEngineer
2026-09-22,65,21:00,chat,Meridian,1,1,1,0,44,100,1900,594,v001,agent:DataEngineer
2026-09-22,65,21:30,chat,Meridian,1,1,1,0,44,100,1827,571,v001,agent:DataEngineer
2026-09-22,65,22:00,chat,Meridian,1,1,1,0,50,100,1666,520,v001,agent:DataEngineer
2026-09-22,65,22:30,chat,Meridian,1,1,1,0,46,100,1663,520,v001,agent:DataEngineer
2026-09-22,65,23:00,chat,Meridian,1,1,0,0,1338,0,1609,503,v001,agent:DataEngineer
2026-09-22,65,23:30,chat,Meridian,1,1,1,0,48,100,1792,560,v001,agent:DataEngineer
2026-09-23,66,00:00,voice,Meridian,1,1,0,0,860,0,1745,1745,v001,agent:DataEngineer
2026-09-23,66,00:30,voice,Meridian,1,1,0,0,1132,0,1713,1713,v001,agent:DataEngineer
2026-09-23,66,01:00,voice,Meridian,1,1,0,0,705,0,1816,1816,v001,agent:DataEngineer
2026-09-23,66,01:30,voice,Meridian,1,1,1,0,13,100,1803,1803,v001,agent:DataEngineer
2026-09-23,66,02:00,voice,Meridian,1,1,0,0,1067,0,1778,1778,v001,agent:DataEngineer
2026-09-23,66,02:30,voice,Meridian,1,1,0,0,924,0,1774,1774,v001,agent:DataEngineer
2026-09-23,66,03:00,voice,Meridian,1,1,1,0,11,100,1857,1857,v001,agent:DataEngineer
2026-09-23,66,03:30,voice,Meridian,1,1,1,0,11,100,1937,1937,v001,agent:DataEngineer
2026-09-23,66,04:00,voice,Meridian,1,1,1,0,11,100,1836,1836,v001,agent:DataEngineer
2026-09-23,66,04:30,voice,Meridian,1,1,0,0,903,0,1889,1889,v001,agent:DataEngineer
2026-09-23,66,05:00,voice,Meridian,1,1,1,0,10,100,1685,1685,v001,agent:DataEngineer
2026-09-23,66,05:30,voice,Meridian,1,1,0,0,889,0,1790,1790,v001,agent:DataEngineer
2026-09-23,66,06:00,voice,Meridian,1,1,1,0,11,100,1843,1843,v001,agent:DataEngineer
2026-09-23,66,06:30,voice,Meridian,1,1,0,0,894,0,1846,1846,v001,agent:DataEngineer
2026-09-23,66,07:00,voice,Meridian,1,1,0,0,1018,0,1663,1663,v001,agent:DataEngineer
2026-09-23,66,07:30,voice,Meridian,3,2,1,1,484,33.3,1701,1701,v001,agent:DataEngineer
2026-09-23,66,08:00,voice,Meridian,3,1,0,2,827,0,1762,1762,v001,agent:DataEngineer
2026-09-23,66,08:30,voice,Meridian,4,2,0,2,878,0,1932,1932,v001,agent:DataEngineer
2026-09-23,66,09:00,voice,Meridian,6,3,0,3,924,0,1706,1706,v001,agent:DataEngineer
2026-09-23,66,09:30,voice,Meridian,7,4,0,3,820,0,1975,1975,v001,agent:DataEngineer
2026-09-23,66,10:00,voice,Meridian,11,6,1,5,728,9.1,1771,1771,v001,agent:DataEngineer
2026-09-23,66,10:30,voice,Meridian,8,4,0,4,940,0,1943,1943,v001,agent:DataEngineer
2026-09-23,66,11:00,voice,Meridian,7,4,0,3,1093,0,1850,1850,v001,agent:DataEngineer
2026-09-23,66,11:30,voice,Meridian,8,4,1,4,685,12.5,1740,1740,v001,agent:DataEngineer
2026-09-23,66,12:00,voice,Meridian,8,4,0,4,1060,0,1893,1893,v001,agent:DataEngineer
2026-09-23,66,12:30,voice,Meridian,5,3,0,2,892,0,2051,2051,v001,agent:DataEngineer
2026-09-23,66,13:00,voice,Meridian,7,4,0,3,929,0,1735,1735,v001,agent:DataEngineer
2026-09-23,66,13:30,voice,Meridian,6,3,0,3,972,0,1904,1904,v001,agent:DataEngineer
2026-09-23,66,14:00,voice,Meridian,7,4,0,3,939,0,1736,1736,v001,agent:DataEngineer
2026-09-23,66,14:30,voice,Meridian,9,4,0,5,905,0,1767,1767,v001,agent:DataEngineer
2026-09-23,66,15:00,voice,Meridian,6,3,0,3,1019,0,1837,1837,v001,agent:DataEngineer
2026-09-23,66,15:30,voice,Meridian,8,4,0,4,848,0,1690,1690,v001,agent:DataEngineer
2026-09-23,66,16:00,voice,Meridian,7,3,0,4,1090,0,1835,1835,v001,agent:DataEngineer
2026-09-23,66,16:30,voice,Meridian,6,3,0,3,992,0,1797,1797,v001,agent:DataEngineer
2026-09-23,66,17:00,voice,Meridian,4,2,0,2,909,0,1799,1799,v001,agent:DataEngineer
2026-09-23,66,17:30,voice,Meridian,4,2,0,2,876,0,1829,1829,v001,agent:DataEngineer
2026-09-23,66,18:00,voice,Meridian,2,1,0,1,963,0,1835,1835,v001,agent:DataEngineer
2026-09-23,66,18:30,voice,Meridian,2,2,1,0,242,50,1681,1681,v001,agent:DataEngineer
2026-09-23,66,19:00,voice,Meridian,2,2,1,0,250,50,1926,1926,v001,agent:DataEngineer
2026-09-23,66,19:30,voice,Meridian,1,1,0,0,847,0,1960,1960,v001,agent:DataEngineer
2026-09-23,66,20:00,voice,Meridian,1,1,0,0,732,0,1812,1812,v001,agent:DataEngineer
2026-09-23,66,20:30,voice,Meridian,1,1,0,0,871,0,1766,1766,v001,agent:DataEngineer
2026-09-23,66,21:00,voice,Meridian,1,1,1,0,15,100,1584,1584,v001,agent:DataEngineer
2026-09-23,66,21:30,voice,Meridian,1,1,1,0,11,100,1746,1746,v001,agent:DataEngineer
2026-09-23,66,22:00,voice,Meridian,1,1,1,0,13,100,2008,2008,v001,agent:DataEngineer
2026-09-23,66,22:30,voice,Meridian,1,1,1,0,15,100,1792,1792,v001,agent:DataEngineer
2026-09-23,66,23:00,voice,Meridian,1,1,1,0,12,100,1929,1929,v001,agent:DataEngineer
2026-09-23,66,23:30,voice,Meridian,1,1,1,0,12,100,1891,1891,v001,agent:DataEngineer
2026-09-23,66,00:00,chat,Meridian,1,1,1,0,41,100,2001,625,v001,agent:DataEngineer
2026-09-23,66,00:30,chat,Meridian,1,1,1,0,40,100,1874,586,v001,agent:DataEngineer
2026-09-23,66,01:00,chat,Meridian,1,1,0,0,1531,0,1719,537,v001,agent:DataEngineer
2026-09-23,66,01:30,chat,Meridian,1,1,1,0,43,100,1813,567,v001,agent:DataEngineer
2026-09-23,66,02:00,chat,Meridian,1,1,0,0,1393,0,1884,589,v001,agent:DataEngineer
2026-09-23,66,02:30,chat,Meridian,1,1,0,0,1665,0,1669,522,v001,agent:DataEngineer
2026-09-23,66,03:00,chat,Meridian,1,1,0,0,1773,0,1842,576,v001,agent:DataEngineer
2026-09-23,66,03:30,chat,Meridian,1,1,0,0,1427,0,1798,562,v001,agent:DataEngineer
2026-09-23,66,04:00,chat,Meridian,1,1,0,0,1580,0,1772,554,v001,agent:DataEngineer
2026-09-23,66,04:30,chat,Meridian,1,1,1,0,49,100,1504,470,v001,agent:DataEngineer
2026-09-23,66,05:00,chat,Meridian,1,1,1,0,43,100,1973,616,v001,agent:DataEngineer
2026-09-23,66,05:30,chat,Meridian,1,1,0,0,1854,0,1728,540,v001,agent:DataEngineer
2026-09-23,66,06:00,chat,Meridian,1,1,1,0,44,100,1673,523,v001,agent:DataEngineer
2026-09-23,66,06:30,chat,Meridian,1,1,0,0,1504,0,1861,581,v001,agent:DataEngineer
2026-09-23,66,07:00,chat,Meridian,2,2,1,0,449,50,1772,554,v001,agent:DataEngineer
2026-09-23,66,07:30,chat,Meridian,2,1,0,1,1538,0,1729,540,v001,agent:DataEngineer
2026-09-23,66,08:00,chat,Meridian,3,2,0,1,1726,0,1765,552,v001,agent:DataEngineer
2026-09-23,66,08:30,chat,Meridian,7,4,1,3,938,14.3,1762,551,v001,agent:DataEngineer
2026-09-23,66,09:00,chat,Meridian,7,4,0,3,1977,0,1748,546,v001,agent:DataEngineer
2026-09-23,66,09:30,chat,Meridian,8,5,1,3,1144,12.5,1711,535,v001,agent:DataEngineer
2026-09-23,66,10:00,chat,Meridian,8,5,1,3,1216,12.5,1785,558,v001,agent:DataEngineer
2026-09-23,66,10:30,chat,Meridian,11,6,1,5,1303,9.1,1814,567,v001,agent:DataEngineer
2026-09-23,66,11:00,chat,Meridian,8,4,0,4,1524,0,1652,516,v001,agent:DataEngineer
2026-09-23,66,11:30,chat,Meridian,9,5,0,4,1516,0,1940,606,v001,agent:DataEngineer
2026-09-23,66,12:00,chat,Meridian,11,6,1,5,1222,9.1,1913,598,v001,agent:DataEngineer
2026-09-23,66,12:30,chat,Meridian,8,4,0,4,1490,0,1827,571,v001,agent:DataEngineer
2026-09-23,66,13:00,chat,Meridian,8,4,0,4,1607,0,1864,582,v001,agent:DataEngineer
2026-09-23,66,13:30,chat,Meridian,8,4,0,4,1897,0,1564,489,v001,agent:DataEngineer
2026-09-23,66,14:00,chat,Meridian,9,5,0,4,1586,0,1720,537,v001,agent:DataEngineer
2026-09-23,66,14:30,chat,Meridian,10,5,0,5,1409,0,1853,579,v001,agent:DataEngineer
2026-09-23,66,15:00,chat,Meridian,6,3,0,3,1820,0,1937,605,v001,agent:DataEngineer
2026-09-23,66,15:30,chat,Meridian,9,5,1,4,1419,11.1,1683,526,v001,agent:DataEngineer
2026-09-23,66,16:00,chat,Meridian,10,6,0,4,1509,0,1777,555,v001,agent:DataEngineer
2026-09-23,66,16:30,chat,Meridian,7,4,0,3,1550,0,1777,555,v001,agent:DataEngineer
2026-09-23,66,17:00,chat,Meridian,5,3,0,2,1522,0,1769,553,v001,agent:DataEngineer
2026-09-23,66,17:30,chat,Meridian,3,2,0,1,1666,0,1668,521,v001,agent:DataEngineer
2026-09-23,66,18:00,chat,Meridian,2,1,0,1,1611,0,2027,634,v001,agent:DataEngineer
2026-09-23,66,18:30,chat,Meridian,3,2,0,1,1591,0,1559,487,v001,agent:DataEngineer
2026-09-23,66,19:00,chat,Meridian,2,1,0,1,1319,0,1830,572,v001,agent:DataEngineer
2026-09-23,66,19:30,chat,Meridian,2,2,1,0,395,50,1748,546,v001,agent:DataEngineer
2026-09-23,66,20:00,chat,Meridian,1,1,0,0,1320,0,1825,570,v001,agent:DataEngineer
2026-09-23,66,20:30,chat,Meridian,1,1,0,0,1733,0,1856,580,v001,agent:DataEngineer
2026-09-23,66,21:00,chat,Meridian,1,1,0,0,1482,0,1964,614,v001,agent:DataEngineer
2026-09-23,66,21:30,chat,Meridian,1,1,0,0,1420,0,1814,567,v001,agent:DataEngineer
2026-09-23,66,22:00,chat,Meridian,1,1,0,0,1672,0,1894,592,v001,agent:DataEngineer
2026-09-23,66,22:30,chat,Meridian,1,1,0,0,1418,0,1862,582,v001,agent:DataEngineer
2026-09-23,66,23:00,chat,Meridian,1,1,0,0,1616,0,1905,595,v001,agent:DataEngineer
2026-09-23,66,23:30,chat,Meridian,1,1,0,0,1738,0,1772,554,v001,agent:DataEngineer
2026-09-24,67,00:00,voice,Meridian,1,1,1,0,12,100,1801,1801,v001,agent:DataEngineer
2026-09-24,67,00:30,voice,Meridian,1,1,0,0,661,0,1857,1857,v001,agent:DataEngineer
2026-09-24,67,01:00,voice,Meridian,1,1,1,0,9,100,1828,1828,v001,agent:DataEngineer
2026-09-24,67,01:30,voice,Meridian,1,1,1,0,11,100,1985,1985,v001,agent:DataEngineer
2026-09-24,67,02:00,voice,Meridian,1,1,1,0,12,100,1623,1623,v001,agent:DataEngineer
2026-09-24,67,02:30,voice,Meridian,1,1,1,0,11,100,1895,1895,v001,agent:DataEngineer
2026-09-24,67,03:00,voice,Meridian,1,1,1,0,13,100,1854,1854,v001,agent:DataEngineer
2026-09-24,67,03:30,voice,Meridian,1,1,0,0,959,0,1904,1904,v001,agent:DataEngineer
2026-09-24,67,04:00,voice,Meridian,1,1,0,0,754,0,1824,1824,v001,agent:DataEngineer
2026-09-24,67,04:30,voice,Meridian,1,1,1,0,11,100,1778,1778,v001,agent:DataEngineer
2026-09-24,67,05:00,voice,Meridian,1,1,0,0,1006,0,1721,1721,v001,agent:DataEngineer
2026-09-24,67,05:30,voice,Meridian,1,1,1,0,12,100,1880,1880,v001,agent:DataEngineer
2026-09-24,67,06:00,voice,Meridian,1,1,1,0,12,100,1726,1726,v001,agent:DataEngineer
2026-09-24,67,06:30,voice,Meridian,1,1,0,0,913,0,1867,1867,v001,agent:DataEngineer
2026-09-24,67,07:00,voice,Meridian,1,1,0,0,1068,0,1747,1747,v001,agent:DataEngineer
2026-09-24,67,07:30,voice,Meridian,2,1,0,1,933,0,1724,1724,v001,agent:DataEngineer
2026-09-24,67,08:00,voice,Meridian,3,1,0,2,926,0,1751,1751,v001,agent:DataEngineer
2026-09-24,67,08:30,voice,Meridian,3,1,0,2,836,0,1752,1752,v001,agent:DataEngineer
2026-09-24,67,09:00,voice,Meridian,6,3,0,3,1054,0,1851,1851,v001,agent:DataEngineer
2026-09-24,67,09:30,voice,Meridian,8,4,0,4,861,0,1844,1844,v001,agent:DataEngineer
2026-09-24,67,10:00,voice,Meridian,6,3,0,3,887,0,1790,1790,v001,agent:DataEngineer
2026-09-24,67,10:30,voice,Meridian,8,4,0,4,921,0,1805,1805,v001,agent:DataEngineer
2026-09-24,67,11:00,voice,Meridian,7,3,0,4,870,0,1924,1924,v001,agent:DataEngineer
2026-09-24,67,11:30,voice,Meridian,7,4,0,3,905,0,1893,1893,v001,agent:DataEngineer
2026-09-24,67,12:00,voice,Meridian,8,4,1,4,658,12.5,1795,1795,v001,agent:DataEngineer
2026-09-24,67,12:30,voice,Meridian,7,4,0,3,731,0,1878,1878,v001,agent:DataEngineer
2026-09-24,67,13:00,voice,Meridian,6,3,0,3,952,0,2102,2102,v001,agent:DataEngineer
2026-09-24,67,13:30,voice,Meridian,7,4,1,3,710,14.3,1786,1786,v001,agent:DataEngineer
2026-09-24,67,14:00,voice,Meridian,7,4,0,3,1024,0,1691,1691,v001,agent:DataEngineer
2026-09-24,67,14:30,voice,Meridian,6,3,0,3,1015,0,1664,1664,v001,agent:DataEngineer
2026-09-24,67,15:00,voice,Meridian,7,4,0,3,799,0,1867,1867,v001,agent:DataEngineer
2026-09-24,67,15:30,voice,Meridian,7,3,0,4,985,0,1725,1725,v001,agent:DataEngineer
2026-09-24,67,16:00,voice,Meridian,7,4,0,3,1068,0,1886,1886,v001,agent:DataEngineer
2026-09-24,67,16:30,voice,Meridian,5,3,0,2,986,0,2012,2012,v001,agent:DataEngineer
2026-09-24,67,17:00,voice,Meridian,3,1,0,2,806,0,1835,1835,v001,agent:DataEngineer
2026-09-24,67,17:30,voice,Meridian,3,2,0,1,894,0,2031,2031,v001,agent:DataEngineer
2026-09-24,67,18:00,voice,Meridian,2,1,0,1,914,0,1946,1946,v001,agent:DataEngineer
2026-09-24,67,18:30,voice,Meridian,2,2,1,0,248,50,2003,2003,v001,agent:DataEngineer
2026-09-24,67,19:00,voice,Meridian,1,1,0,0,1069,0,1887,1887,v001,agent:DataEngineer
2026-09-24,67,19:30,voice,Meridian,1,1,0,0,947,0,1935,1935,v001,agent:DataEngineer
2026-09-24,67,20:00,voice,Meridian,1,1,0,0,976,0,1865,1865,v001,agent:DataEngineer
2026-09-24,67,20:30,voice,Meridian,1,1,1,0,13,100,1905,1905,v001,agent:DataEngineer
2026-09-24,67,21:00,voice,Meridian,1,1,0,0,865,0,1931,1931,v001,agent:DataEngineer
2026-09-24,67,21:30,voice,Meridian,1,1,1,0,11,100,1684,1684,v001,agent:DataEngineer
2026-09-24,67,22:00,voice,Meridian,1,1,0,0,846,0,1934,1934,v001,agent:DataEngineer
2026-09-24,67,22:30,voice,Meridian,1,1,1,0,12,100,1803,1803,v001,agent:DataEngineer
2026-09-24,67,23:00,voice,Meridian,1,1,1,0,12,100,1938,1938,v001,agent:DataEngineer
2026-09-24,67,23:30,voice,Meridian,1,1,1,0,11,100,1852,1852,v001,agent:DataEngineer
2026-09-24,67,00:00,chat,Meridian,1,1,0,0,1693,0,1749,547,v001,agent:DataEngineer
2026-09-24,67,00:30,chat,Meridian,1,1,0,0,1480,0,1908,596,v001,agent:DataEngineer
2026-09-24,67,01:00,chat,Meridian,1,1,0,0,1453,0,1759,550,v001,agent:DataEngineer
2026-09-24,67,01:30,chat,Meridian,1,1,0,0,1539,0,1692,529,v001,agent:DataEngineer
2026-09-24,67,02:00,chat,Meridian,1,1,1,0,47,100,1878,587,v001,agent:DataEngineer
2026-09-24,67,02:30,chat,Meridian,1,1,0,0,1270,0,1881,588,v001,agent:DataEngineer
2026-09-24,67,03:00,chat,Meridian,1,1,1,0,46,100,1778,556,v001,agent:DataEngineer
2026-09-24,67,03:30,chat,Meridian,1,1,1,0,49,100,1437,449,v001,agent:DataEngineer
2026-09-24,67,04:00,chat,Meridian,1,1,0,0,1578,0,1858,581,v001,agent:DataEngineer
2026-09-24,67,04:30,chat,Meridian,1,1,1,0,45,100,1559,487,v001,agent:DataEngineer
2026-09-24,67,05:00,chat,Meridian,1,1,0,0,1463,0,1728,540,v001,agent:DataEngineer
2026-09-24,67,05:30,chat,Meridian,1,1,0,0,1394,0,1802,563,v001,agent:DataEngineer
2026-09-24,67,06:00,chat,Meridian,1,1,0,0,1517,0,1784,558,v001,agent:DataEngineer
2026-09-24,67,06:30,chat,Meridian,1,1,0,0,1515,0,1750,547,v001,agent:DataEngineer
2026-09-24,67,07:00,chat,Meridian,1,1,0,0,1603,0,1829,572,v001,agent:DataEngineer
2026-09-24,67,07:30,chat,Meridian,2,1,0,1,1239,0,1872,585,v001,agent:DataEngineer
2026-09-24,67,08:00,chat,Meridian,3,2,0,1,1231,0,1772,554,v001,agent:DataEngineer
2026-09-24,67,08:30,chat,Meridian,5,3,0,2,1578,0,1732,541,v001,agent:DataEngineer
2026-09-24,67,09:00,chat,Meridian,7,4,0,3,1484,0,1672,522,v001,agent:DataEngineer
2026-09-24,67,09:30,chat,Meridian,9,5,1,4,1297,11.1,1785,558,v001,agent:DataEngineer
2026-09-24,67,10:00,chat,Meridian,8,4,0,4,1701,0,1734,542,v001,agent:DataEngineer
2026-09-24,67,10:30,chat,Meridian,11,6,0,5,1552,0,1565,489,v001,agent:DataEngineer
2026-09-24,67,11:00,chat,Meridian,9,5,0,4,1630,0,1803,563,v001,agent:DataEngineer
2026-09-24,67,11:30,chat,Meridian,10,5,0,5,1631,0,1802,563,v001,agent:DataEngineer
2026-09-24,67,12:00,chat,Meridian,7,4,0,3,1728,0,1845,577,v001,agent:DataEngineer
2026-09-24,67,12:30,chat,Meridian,8,4,0,4,1420,0,1844,576,v001,agent:DataEngineer
2026-09-24,67,13:00,chat,Meridian,6,3,0,3,1864,0,1643,513,v001,agent:DataEngineer
2026-09-24,67,13:30,chat,Meridian,7,4,0,3,1561,0,1510,472,v001,agent:DataEngineer
2026-09-24,67,14:00,chat,Meridian,9,5,0,4,1278,0,1716,536,v001,agent:DataEngineer
2026-09-24,67,14:30,chat,Meridian,6,3,0,3,1523,0,1700,531,v001,agent:DataEngineer
2026-09-24,67,15:00,chat,Meridian,8,4,0,4,1360,0,1715,536,v001,agent:DataEngineer
2026-09-24,67,15:30,chat,Meridian,9,5,1,4,1221,11.1,1713,535,v001,agent:DataEngineer
2026-09-24,67,16:00,chat,Meridian,7,4,0,3,1316,0,1792,560,v001,agent:DataEngineer
2026-09-24,67,16:30,chat,Meridian,5,3,0,2,1371,0,1725,539,v001,agent:DataEngineer
2026-09-24,67,17:00,chat,Meridian,4,2,0,2,1365,0,1830,572,v001,agent:DataEngineer
2026-09-24,67,17:30,chat,Meridian,5,3,0,2,1697,0,1685,526,v001,agent:DataEngineer
2026-09-24,67,18:00,chat,Meridian,3,2,0,1,1503,0,1986,621,v001,agent:DataEngineer
2026-09-24,67,18:30,chat,Meridian,2,1,1,1,396,50,1832,572,v001,agent:DataEngineer
2026-09-24,67,19:00,chat,Meridian,2,1,0,1,1411,0,2015,630,v001,agent:DataEngineer
2026-09-24,67,19:30,chat,Meridian,1,1,0,0,1337,0,1735,542,v001,agent:DataEngineer
2026-09-24,67,20:00,chat,Meridian,1,1,1,0,45,100,1550,484,v001,agent:DataEngineer
2026-09-24,67,20:30,chat,Meridian,1,1,0,0,1361,0,1610,503,v001,agent:DataEngineer
2026-09-24,67,21:00,chat,Meridian,1,1,0,0,1516,0,1760,550,v001,agent:DataEngineer
2026-09-24,67,21:30,chat,Meridian,1,1,1,0,63,100,1760,550,v001,agent:DataEngineer
2026-09-24,67,22:00,chat,Meridian,1,1,1,0,43,100,1807,565,v001,agent:DataEngineer
2026-09-24,67,22:30,chat,Meridian,1,1,1,0,51,100,1880,587,v001,agent:DataEngineer
2026-09-24,67,23:00,chat,Meridian,1,1,0,0,1421,0,1761,550,v001,agent:DataEngineer
2026-09-24,67,23:30,chat,Meridian,1,1,1,0,49,100,1777,555,v001,agent:DataEngineer
2026-09-25,68,00:00,voice,Meridian,1,1,1,0,12,100,1889,1889,v001,agent:DataEngineer
2026-09-25,68,00:30,voice,Meridian,1,1,1,0,11,100,1912,1912,v001,agent:DataEngineer
2026-09-25,68,01:00,voice,Meridian,1,1,1,0,12,100,1990,1990,v001,agent:DataEngineer
2026-09-25,68,01:30,voice,Meridian,1,1,1,0,12,100,1914,1914,v001,agent:DataEngineer
2026-09-25,68,02:00,voice,Meridian,1,1,0,0,1026,0,1851,1851,v001,agent:DataEngineer
2026-09-25,68,02:30,voice,Meridian,1,1,1,0,11,100,1889,1889,v001,agent:DataEngineer
2026-09-25,68,03:00,voice,Meridian,1,1,1,0,13,100,2141,2141,v001,agent:DataEngineer
2026-09-25,68,03:30,voice,Meridian,1,1,1,0,15,100,1938,1938,v001,agent:DataEngineer
2026-09-25,68,04:00,voice,Meridian,1,1,1,0,10,100,2081,2081,v001,agent:DataEngineer
2026-09-25,68,04:30,voice,Meridian,1,1,0,0,948,0,2031,2031,v001,agent:DataEngineer
2026-09-25,68,05:00,voice,Meridian,1,1,0,0,821,0,2089,2089,v001,agent:DataEngineer
2026-09-25,68,05:30,voice,Meridian,1,1,0,0,806,0,1986,1986,v001,agent:DataEngineer
2026-09-25,68,06:00,voice,Meridian,1,1,0,0,898,0,1852,1852,v001,agent:DataEngineer
2026-09-25,68,06:30,voice,Meridian,1,1,0,0,887,0,1967,1967,v001,agent:DataEngineer
2026-09-25,68,07:00,voice,Meridian,2,2,1,0,225,50,1930,1930,v001,agent:DataEngineer
2026-09-25,68,07:30,voice,Meridian,2,1,0,1,975,0,2017,2017,v001,agent:DataEngineer
2026-09-25,68,08:00,voice,Meridian,2,1,0,1,933,0,2054,2054,v001,agent:DataEngineer
2026-09-25,68,08:30,voice,Meridian,4,2,0,2,941,0,1943,1943,v001,agent:DataEngineer
2026-09-25,68,09:00,voice,Meridian,5,3,0,2,976,0,1958,1958,v001,agent:DataEngineer
2026-09-25,68,09:30,voice,Meridian,5,2,0,3,923,0,2150,2150,v001,agent:DataEngineer
2026-09-25,68,10:00,voice,Meridian,6,3,0,3,903,0,2017,2017,v001,agent:DataEngineer
2026-09-25,68,10:30,voice,Meridian,9,5,0,4,788,0,2069,2069,v001,agent:DataEngineer
2026-09-25,68,11:00,voice,Meridian,9,5,0,4,765,0,1985,1985,v001,agent:DataEngineer
2026-09-25,68,11:30,voice,Meridian,7,4,0,3,886,0,2025,2025,v001,agent:DataEngineer
2026-09-25,68,12:00,voice,Meridian,9,5,1,4,670,11.1,1917,1917,v001,agent:DataEngineer
2026-09-25,68,12:30,voice,Meridian,6,3,0,3,999,0,2027,2027,v001,agent:DataEngineer
2026-09-25,68,13:00,voice,Meridian,6,3,0,3,1026,0,1832,1832,v001,agent:DataEngineer
2026-09-25,68,13:30,voice,Meridian,6,3,0,3,886,0,1881,1881,v001,agent:DataEngineer
2026-09-25,68,14:00,voice,Meridian,8,4,1,4,737,12.5,1904,1904,v001,agent:DataEngineer
2026-09-25,68,14:30,voice,Meridian,7,4,1,3,635,14.3,1976,1976,v001,agent:DataEngineer
2026-09-25,68,15:00,voice,Meridian,6,3,0,3,757,0,1743,1743,v001,agent:DataEngineer
2026-09-25,68,15:30,voice,Meridian,7,4,0,3,806,0,2064,2064,v001,agent:DataEngineer
2026-09-25,68,16:00,voice,Meridian,7,4,0,3,846,0,1936,1936,v001,agent:DataEngineer
2026-09-25,68,16:30,voice,Meridian,6,3,0,3,913,0,1890,1890,v001,agent:DataEngineer
2026-09-25,68,17:00,voice,Meridian,3,2,0,1,910,0,1812,1812,v001,agent:DataEngineer
2026-09-25,68,17:30,voice,Meridian,2,1,0,1,970,0,1887,1887,v001,agent:DataEngineer
2026-09-25,68,18:00,voice,Meridian,2,1,0,1,845,0,2098,2098,v001,agent:DataEngineer
2026-09-25,68,18:30,voice,Meridian,2,2,1,0,208,50,2002,2002,v001,agent:DataEngineer
2026-09-25,68,19:00,voice,Meridian,1,1,0,0,904,0,2087,2087,v001,agent:DataEngineer
2026-09-25,68,19:30,voice,Meridian,1,1,1,0,12,100,1925,1925,v001,agent:DataEngineer
2026-09-25,68,20:00,voice,Meridian,1,1,0,0,915,0,1971,1971,v001,agent:DataEngineer
2026-09-25,68,20:30,voice,Meridian,1,1,1,0,13,100,1887,1887,v001,agent:DataEngineer
2026-09-25,68,21:00,voice,Meridian,1,1,1,0,14,100,1849,1849,v001,agent:DataEngineer
2026-09-25,68,21:30,voice,Meridian,1,1,1,0,12,100,2000,2000,v001,agent:DataEngineer
2026-09-25,68,22:00,voice,Meridian,1,1,1,0,14,100,2019,2019,v001,agent:DataEngineer
2026-09-25,68,22:30,voice,Meridian,1,1,1,0,13,100,2015,2015,v001,agent:DataEngineer
2026-09-25,68,23:00,voice,Meridian,1,1,1,0,13,100,2088,2088,v001,agent:DataEngineer
2026-09-25,68,23:30,voice,Meridian,1,1,1,0,12,100,1868,1868,v001,agent:DataEngineer
2026-09-25,68,00:00,chat,Meridian,1,1,0,0,1389,0,1759,550,v001,agent:DataEngineer
2026-09-25,68,00:30,chat,Meridian,1,1,1,0,44,100,1774,554,v001,agent:DataEngineer
2026-09-25,68,01:00,chat,Meridian,1,1,1,0,53,100,1755,549,v001,agent:DataEngineer
2026-09-25,68,01:30,chat,Meridian,1,1,0,0,1310,0,1658,518,v001,agent:DataEngineer
2026-09-25,68,02:00,chat,Meridian,1,1,0,0,1855,0,1767,552,v001,agent:DataEngineer
2026-09-25,68,02:30,chat,Meridian,1,1,1,0,37,100,1820,569,v001,agent:DataEngineer
2026-09-25,68,03:00,chat,Meridian,1,1,1,0,49,100,1852,579,v001,agent:DataEngineer
2026-09-25,68,03:30,chat,Meridian,1,1,1,0,50,100,1836,574,v001,agent:DataEngineer
2026-09-25,68,04:00,chat,Meridian,1,1,0,0,1610,0,1671,522,v001,agent:DataEngineer
2026-09-25,68,04:30,chat,Meridian,1,1,1,0,44,100,1680,525,v001,agent:DataEngineer
2026-09-25,68,05:00,chat,Meridian,1,1,1,0,41,100,1796,561,v001,agent:DataEngineer
2026-09-25,68,05:30,chat,Meridian,1,1,0,0,1617,0,1670,522,v001,agent:DataEngineer
2026-09-25,68,06:00,chat,Meridian,1,1,0,0,1602,0,1700,531,v001,agent:DataEngineer
2026-09-25,68,06:30,chat,Meridian,1,1,0,0,1290,0,1789,559,v001,agent:DataEngineer
2026-09-25,68,07:00,chat,Meridian,2,1,0,1,1477,0,1675,524,v001,agent:DataEngineer
2026-09-25,68,07:30,chat,Meridian,2,1,0,1,1692,0,1813,567,v001,agent:DataEngineer
2026-09-25,68,08:00,chat,Meridian,2,1,0,1,1612,0,1670,522,v001,agent:DataEngineer
2026-09-25,68,08:30,chat,Meridian,5,3,0,2,1973,0,1648,515,v001,agent:DataEngineer
2026-09-25,68,09:00,chat,Meridian,5,3,0,2,1623,0,1609,503,v001,agent:DataEngineer
2026-09-25,68,09:30,chat,Meridian,8,4,0,4,1387,0,1800,563,v001,agent:DataEngineer
2026-09-25,68,10:00,chat,Meridian,9,5,0,4,1623,0,1837,574,v001,agent:DataEngineer
2026-09-25,68,10:30,chat,Meridian,11,6,0,5,1517,0,1629,509,v001,agent:DataEngineer
2026-09-25,68,11:00,chat,Meridian,11,6,0,5,1633,0,1851,578,v001,agent:DataEngineer
2026-09-25,68,11:30,chat,Meridian,8,4,0,4,1800,0,1851,579,v001,agent:DataEngineer
2026-09-25,68,12:00,chat,Meridian,8,5,0,3,1550,0,1699,531,v001,agent:DataEngineer
2026-09-25,68,12:30,chat,Meridian,8,5,1,3,1162,12.5,1668,521,v001,agent:DataEngineer
2026-09-25,68,13:00,chat,Meridian,6,3,0,3,1488,0,1721,538,v001,agent:DataEngineer
2026-09-25,68,13:30,chat,Meridian,6,3,0,3,1691,0,1725,539,v001,agent:DataEngineer
2026-09-25,68,14:00,chat,Meridian,6,4,0,2,1700,0,1718,537,v001,agent:DataEngineer
2026-09-25,68,14:30,chat,Meridian,10,6,1,4,1111,10,1762,551,v001,agent:DataEngineer
2026-09-25,68,15:00,chat,Meridian,9,5,0,4,1911,0,1765,552,v001,agent:DataEngineer
2026-09-25,68,15:30,chat,Meridian,8,5,0,3,1496,0,1791,560,v001,agent:DataEngineer
2026-09-25,68,16:00,chat,Meridian,7,4,0,3,1482,0,1630,509,v001,agent:DataEngineer
2026-09-25,68,16:30,chat,Meridian,8,4,0,4,1853,0,1689,528,v001,agent:DataEngineer
2026-09-25,68,17:00,chat,Meridian,4,2,0,2,1600,0,1692,529,v001,agent:DataEngineer
2026-09-25,68,17:30,chat,Meridian,4,2,0,2,1329,0,1748,546,v001,agent:DataEngineer
2026-09-25,68,18:00,chat,Meridian,3,2,0,1,1643,0,1798,562,v001,agent:DataEngineer
2026-09-25,68,18:30,chat,Meridian,2,2,1,0,418,50,1680,525,v001,agent:DataEngineer
2026-09-25,68,19:00,chat,Meridian,2,2,1,0,535,50,1685,526,v001,agent:DataEngineer
2026-09-25,68,19:30,chat,Meridian,1,1,0,0,1740,0,2059,643,v001,agent:DataEngineer
2026-09-25,68,20:00,chat,Meridian,1,1,1,0,44,100,1703,532,v001,agent:DataEngineer
2026-09-25,68,20:30,chat,Meridian,1,1,0,0,1602,0,1557,486,v001,agent:DataEngineer
2026-09-25,68,21:00,chat,Meridian,1,1,1,0,49,100,1761,550,v001,agent:DataEngineer
2026-09-25,68,21:30,chat,Meridian,1,1,1,0,37,100,1762,551,v001,agent:DataEngineer
2026-09-25,68,22:00,chat,Meridian,1,1,1,0,43,100,1788,559,v001,agent:DataEngineer
2026-09-25,68,22:30,chat,Meridian,1,1,1,0,46,100,1751,547,v001,agent:DataEngineer
2026-09-25,68,23:00,chat,Meridian,1,1,1,0,46,100,1568,490,v001,agent:DataEngineer
2026-09-25,68,23:30,chat,Meridian,1,1,0,0,1776,0,1733,542,v001,agent:DataEngineer
2026-09-26,69,00:00,voice,Meridian,1,1,1,0,12,100,1771,1771,v001,agent:DataEngineer
2026-09-26,69,00:30,voice,Meridian,0,0,0,0,0,0,0,0,v001,agent:DataEngineer
2026-09-26,69,01:00,voice,Meridian,0,0,0,0,0,0,0,0,v001,agent:DataEngineer
2026-09-26,69,01:30,voice,Meridian,0,0,0,0,0,0,0,0,v001,agent:DataEngineer
2026-09-26,69,02:00,voice,Meridian,0,0,0,0,0,0,0,0,v001,agent:DataEngineer
2026-09-26,69,02:30,voice,Meridian,1,1,1,0,12,100,1730,1730,v001,agent:DataEngineer
2026-09-26,69,03:00,voice,Meridian,0,0,0,0,0,0,0,0,v001,agent:DataEngineer
2026-09-26,69,03:30,voice,Meridian,0,0,0,0,0,0,0,0,v001,agent:DataEngineer
2026-09-26,69,04:00,voice,Meridian,0,0,0,0,0,0,0,0,v001,agent:DataEngineer
2026-09-26,69,04:30,voice,Meridian,1,1,1,0,11,100,1662,1662,v001,agent:DataEngineer
2026-09-26,69,05:00,voice,Meridian,0,0,0,0,0,0,0,0,v001,agent:DataEngineer
2026-09-26,69,05:30,voice,Meridian,0,0,0,0,0,0,0,0,v001,agent:DataEngineer
2026-09-26,69,06:00,voice,Meridian,1,1,1,0,13,100,1765,1765,v001,agent:DataEngineer
2026-09-26,69,06:30,voice,Meridian,1,1,1,0,10,100,1612,1612,v001,agent:DataEngineer
2026-09-26,69,07:00,voice,Meridian,1,1,1,0,12,100,1827,1827,v001,agent:DataEngineer
2026-09-26,69,07:30,voice,Meridian,1,1,1,0,13,100,1801,1801,v001,agent:DataEngineer
2026-09-26,69,08:00,voice,Meridian,2,2,2,0,10,100,1760,1760,v001,agent:DataEngineer
2026-09-26,69,08:30,voice,Meridian,2,2,2,0,10,100,1736,1736,v001,agent:DataEngineer
2026-09-26,69,09:00,voice,Meridian,2,2,2,0,12,100,1582,1582,v001,agent:DataEngineer
2026-09-26,69,09:30,voice,Meridian,3,3,3,0,12,100,1822,1822,v001,agent:DataEngineer
2026-09-26,69,10:00,voice,Meridian,4,4,3,0,59,75,1821,1821,v001,agent:DataEngineer
2026-09-26,69,10:30,voice,Meridian,4,4,3,0,64,75,1793,1793,v001,agent:DataEngineer
2026-09-26,69,11:00,voice,Meridian,3,2,2,1,110,66.7,1610,1610,v001,agent:DataEngineer
2026-09-26,69,11:30,voice,Meridian,3,3,2,0,108,66.7,1902,1902,v001,agent:DataEngineer
2026-09-26,69,12:00,voice,Meridian,2,2,2,0,11,100,1855,1855,v001,agent:DataEngineer
2026-09-26,69,12:30,voice,Meridian,2,2,2,0,11,100,1907,1907,v001,agent:DataEngineer
2026-09-26,69,13:00,voice,Meridian,4,4,4,0,13,100,1909,1909,v001,agent:DataEngineer
2026-09-26,69,13:30,voice,Meridian,3,3,3,0,13,100,1753,1753,v001,agent:DataEngineer
2026-09-26,69,14:00,voice,Meridian,4,3,2,1,243,50,1842,1842,v001,agent:DataEngineer
2026-09-26,69,14:30,voice,Meridian,3,3,3,0,12,100,1821,1821,v001,agent:DataEngineer
2026-09-26,69,15:00,voice,Meridian,3,3,3,0,12,100,1867,1867,v001,agent:DataEngineer
2026-09-26,69,15:30,voice,Meridian,3,3,3,0,12,100,1715,1715,v001,agent:DataEngineer
2026-09-26,69,16:00,voice,Meridian,2,2,2,0,14,100,1693,1693,v001,agent:DataEngineer
2026-09-26,69,16:30,voice,Meridian,3,3,3,0,11,100,1724,1724,v001,agent:DataEngineer
2026-09-26,69,17:00,voice,Meridian,2,2,2,0,13,100,1867,1867,v001,agent:DataEngineer
2026-09-26,69,17:30,voice,Meridian,1,1,1,0,10,100,2071,2071,v001,agent:DataEngineer
2026-09-26,69,18:00,voice,Meridian,1,1,1,0,14,100,1716,1716,v001,agent:DataEngineer
2026-09-26,69,18:30,voice,Meridian,1,1,1,0,11,100,1741,1741,v001,agent:DataEngineer
2026-09-26,69,19:00,voice,Meridian,1,1,1,0,11,100,1576,1576,v001,agent:DataEngineer
2026-09-26,69,19:30,voice,Meridian,1,1,1,0,11,100,1836,1836,v001,agent:DataEngineer
2026-09-26,69,20:00,voice,Meridian,0,0,0,0,0,0,0,0,v001,agent:DataEngineer
2026-09-26,69,20:30,voice,Meridian,0,0,0,0,0,0,0,0,v001,agent:DataEngineer
2026-09-26,69,21:00,voice,Meridian,0,0,0,0,0,0,0,0,v001,agent:DataEngineer
2026-09-26,69,21:30,voice,Meridian,0,0,0,0,0,0,0,0,v001,agent:DataEngineer
2026-09-26,69,22:00,voice,Meridian,1,1,1,0,12,100,1815,1815,v001,agent:DataEngineer
2026-09-26,69,22:30,voice,Meridian,1,1,1,0,14,100,1889,1889,v001,agent:DataEngineer
2026-09-26,69,23:00,voice,Meridian,0,0,0,0,0,0,0,0,v001,agent:DataEngineer
2026-09-26,69,23:30,voice,Meridian,0,0,0,0,0,0,0,0,v001,agent:DataEngineer
2026-09-26,69,00:00,chat,Meridian,0,0,0,0,0,0,0,0,v001,agent:DataEngineer
2026-09-26,69,00:30,chat,Meridian,0,0,0,0,0,0,0,0,v001,agent:DataEngineer
2026-09-26,69,01:00,chat,Meridian,1,1,1,0,51,100,1370,570,v001,agent:DataEngineer
2026-09-26,69,01:30,chat,Meridian,0,0,0,0,0,0,0,0,v001,agent:DataEngineer
2026-09-26,69,02:00,chat,Meridian,0,0,0,0,0,0,0,0,v001,agent:DataEngineer
2026-09-26,69,02:30,chat,Meridian,1,1,1,0,45,100,1488,619,v001,agent:DataEngineer
2026-09-26,69,03:00,chat,Meridian,0,0,0,0,0,0,0,0,v001,agent:DataEngineer
2026-09-26,69,03:30,chat,Meridian,0,0,0,0,0,0,0,0,v001,agent:DataEngineer
2026-09-26,69,04:00,chat,Meridian,0,0,0,0,0,0,0,0,v001,agent:DataEngineer
2026-09-26,69,04:30,chat,Meridian,1,1,1,0,44,100,1356,564,v001,agent:DataEngineer
2026-09-26,69,05:00,chat,Meridian,0,0,0,0,0,0,0,0,v001,agent:DataEngineer
2026-09-26,69,05:30,chat,Meridian,0,0,0,0,0,0,0,0,v001,agent:DataEngineer
2026-09-26,69,06:00,chat,Meridian,1,1,1,0,45,100,1207,502,v001,agent:DataEngineer
2026-09-26,69,06:30,chat,Meridian,1,1,1,0,46,100,1397,581,v001,agent:DataEngineer
2026-09-26,69,07:00,chat,Meridian,1,1,1,0,53,100,1226,510,v001,agent:DataEngineer
2026-09-26,69,07:30,chat,Meridian,1,1,1,0,41,100,1364,567,v001,agent:DataEngineer
2026-09-26,69,08:00,chat,Meridian,2,2,2,0,45,100,1273,530,v001,agent:DataEngineer
2026-09-26,69,08:30,chat,Meridian,2,2,2,0,42,100,1407,585,v001,agent:DataEngineer
2026-09-26,69,09:00,chat,Meridian,3,3,3,0,51,100,1462,608,v001,agent:DataEngineer
2026-09-26,69,09:30,chat,Meridian,4,4,4,0,45,100,1291,537,v001,agent:DataEngineer
2026-09-26,69,10:00,chat,Meridian,4,4,4,0,40,100,1453,604,v001,agent:DataEngineer
2026-09-26,69,10:30,chat,Meridian,4,4,3,0,126,75,1171,487,v001,agent:DataEngineer
2026-09-26,69,11:00,chat,Meridian,4,3,1,1,828,25,1330,553,v001,agent:DataEngineer
2026-09-26,69,11:30,chat,Meridian,3,2,1,1,774,33.3,1356,564,v001,agent:DataEngineer
2026-09-26,69,12:00,chat,Meridian,4,4,4,0,44,100,1339,557,v001,agent:DataEngineer
2026-09-26,69,12:30,chat,Meridian,3,3,3,0,43,100,1339,557,v001,agent:DataEngineer
2026-09-26,69,13:00,chat,Meridian,4,3,2,1,492,50,1275,531,v001,agent:DataEngineer
2026-09-26,69,13:30,chat,Meridian,2,2,2,0,45,100,1267,527,v001,agent:DataEngineer
2026-09-26,69,14:00,chat,Meridian,3,2,1,1,834,33.3,1252,521,v001,agent:DataEngineer
2026-09-26,69,14:30,chat,Meridian,3,3,2,0,219,66.7,1242,517,v001,agent:DataEngineer
2026-09-26,69,15:00,chat,Meridian,3,3,2,0,205,66.7,1260,524,v001,agent:DataEngineer
2026-09-26,69,15:30,chat,Meridian,4,3,2,1,390,50,1390,578,v001,agent:DataEngineer
2026-09-26,69,16:00,chat,Meridian,3,3,2,0,209,66.7,1323,550,v001,agent:DataEngineer
2026-09-26,69,16:30,chat,Meridian,3,3,3,0,46,100,1379,574,v001,agent:DataEngineer
2026-09-26,69,17:00,chat,Meridian,2,2,2,0,44,100,1301,541,v001,agent:DataEngineer
2026-09-26,69,17:30,chat,Meridian,2,2,2,0,52,100,1273,530,v001,agent:DataEngineer
2026-09-26,69,18:00,chat,Meridian,1,1,1,0,50,100,1246,518,v001,agent:DataEngineer
2026-09-26,69,18:30,chat,Meridian,1,1,1,0,46,100,1342,558,v001,agent:DataEngineer
2026-09-26,69,19:00,chat,Meridian,1,1,1,0,44,100,1277,531,v001,agent:DataEngineer
2026-09-26,69,19:30,chat,Meridian,1,1,1,0,45,100,1316,548,v001,agent:DataEngineer
2026-09-26,69,20:00,chat,Meridian,0,0,0,0,0,0,0,0,v001,agent:DataEngineer
2026-09-26,69,20:30,chat,Meridian,1,1,1,0,47,100,1373,571,v001,agent:DataEngineer
2026-09-26,69,21:00,chat,Meridian,1,1,1,0,42,100,1303,542,v001,agent:DataEngineer
2026-09-26,69,21:30,chat,Meridian,1,1,1,0,44,100,1509,628,v001,agent:DataEngineer
2026-09-26,69,22:00,chat,Meridian,1,1,1,0,45,100,1329,553,v001,agent:DataEngineer
2026-09-26,69,22:30,chat,Meridian,1,1,1,0,47,100,1513,629,v001,agent:DataEngineer
2026-09-26,69,23:00,chat,Meridian,1,1,1,0,42,100,1237,515,v001,agent:DataEngineer
2026-09-26,69,23:30,chat,Meridian,1,1,1,0,48,100,1353,563,v001,agent:DataEngineer
2026-09-27,70,00:00,voice,Meridian,0,0,0,0,0,0,0,0,v001,agent:DataEngineer
2026-09-27,70,00:30,voice,Meridian,0,0,0,0,0,0,0,0,v001,agent:DataEngineer
2026-09-27,70,01:00,voice,Meridian,0,0,0,0,0,0,0,0,v001,agent:DataEngineer
2026-09-27,70,01:30,voice,Meridian,0,0,0,0,0,0,0,0,v001,agent:DataEngineer
2026-09-27,70,02:00,voice,Meridian,1,1,1,0,12,100,1838,1838,v001,agent:DataEngineer
2026-09-27,70,02:30,voice,Meridian,0,0,0,0,0,0,0,0,v001,agent:DataEngineer
2026-09-27,70,03:00,voice,Meridian,0,0,0,0,0,0,0,0,v001,agent:DataEngineer
2026-09-27,70,03:30,voice,Meridian,0,0,0,0,0,0,0,0,v001,agent:DataEngineer
2026-09-27,70,04:00,voice,Meridian,0,0,0,0,0,0,0,0,v001,agent:DataEngineer
2026-09-27,70,04:30,voice,Meridian,0,0,0,0,0,0,0,0,v001,agent:DataEngineer
2026-09-27,70,05:00,voice,Meridian,1,1,1,0,10,100,1977,1977,v001,agent:DataEngineer
2026-09-27,70,05:30,voice,Meridian,1,1,1,0,12,100,1886,1886,v001,agent:DataEngineer
2026-09-27,70,06:00,voice,Meridian,1,1,1,0,13,100,1639,1639,v001,agent:DataEngineer
2026-09-27,70,06:30,voice,Meridian,1,1,1,0,12,100,2021,2021,v001,agent:DataEngineer
2026-09-27,70,07:00,voice,Meridian,1,1,1,0,13,100,1821,1821,v001,agent:DataEngineer
2026-09-27,70,07:30,voice,Meridian,1,1,1,0,11,100,1943,1943,v001,agent:DataEngineer
2026-09-27,70,08:00,voice,Meridian,1,1,1,0,13,100,2029,2029,v001,agent:DataEngineer
2026-09-27,70,08:30,voice,Meridian,2,2,2,0,10,100,1795,1795,v001,agent:DataEngineer
2026-09-27,70,09:00,voice,Meridian,2,2,2,0,12,100,1834,1834,v001,agent:DataEngineer
2026-09-27,70,09:30,voice,Meridian,4,4,4,0,12,100,1888,1888,v001,agent:DataEngineer
2026-09-27,70,10:00,voice,Meridian,5,5,5,0,12,100,1933,1933,v001,agent:DataEngineer
2026-09-27,70,10:30,voice,Meridian,4,4,4,0,13,100,1800,1800,v001,agent:DataEngineer
2026-09-27,70,11:00,voice,Meridian,4,4,4,0,12,100,1835,1835,v001,agent:DataEngineer
2026-09-27,70,11:30,voice,Meridian,4,4,4,0,14,100,1876,1876,v001,agent:DataEngineer
2026-09-27,70,12:00,voice,Meridian,3,3,3,0,12,100,2092,2092,v001,agent:DataEngineer
2026-09-27,70,12:30,voice,Meridian,3,3,3,0,12,100,1842,1842,v001,agent:DataEngineer
2026-09-27,70,13:00,voice,Meridian,3,3,2,0,100,66.7,1815,1815,v001,agent:DataEngineer
2026-09-27,70,13:30,voice,Meridian,3,2,1,1,410,33.3,1799,1799,v001,agent:DataEngineer
2026-09-27,70,14:00,voice,Meridian,3,3,3,0,10,100,1930,1930,v001,agent:DataEngineer
2026-09-27,70,14:30,voice,Meridian,4,4,4,0,11,100,1829,1829,v001,agent:DataEngineer
2026-09-27,70,15:00,voice,Meridian,3,2,1,1,470,33.3,2028,2028,v001,agent:DataEngineer
2026-09-27,70,15:30,voice,Meridian,3,3,3,0,12,100,1601,1601,v001,agent:DataEngineer
2026-09-27,70,16:00,voice,Meridian,3,3,3,0,11,100,1928,1928,v001,agent:DataEngineer
2026-09-27,70,16:30,voice,Meridian,3,3,3,0,9,100,1757,1757,v001,agent:DataEngineer
2026-09-27,70,17:00,voice,Meridian,2,2,2,0,12,100,1923,1923,v001,agent:DataEngineer
2026-09-27,70,17:30,voice,Meridian,1,1,1,0,11,100,1948,1948,v001,agent:DataEngineer
2026-09-27,70,18:00,voice,Meridian,1,1,1,0,12,100,1927,1927,v001,agent:DataEngineer
2026-09-27,70,18:30,voice,Meridian,1,1,1,0,14,100,1927,1927,v001,agent:DataEngineer
2026-09-27,70,19:00,voice,Meridian,1,1,1,0,11,100,1989,1989,v001,agent:DataEngineer
2026-09-27,70,19:30,voice,Meridian,0,0,0,0,0,0,0,0,v001,agent:DataEngineer
2026-09-27,70,20:00,voice,Meridian,1,1,1,0,11,100,1890,1890,v001,agent:DataEngineer
2026-09-27,70,20:30,voice,Meridian,0,0,0,0,0,0,0,0,v001,agent:DataEngineer
2026-09-27,70,21:00,voice,Meridian,0,0,0,0,0,0,0,0,v001,agent:DataEngineer
2026-09-27,70,21:30,voice,Meridian,0,0,0,0,0,0,0,0,v001,agent:DataEngineer
2026-09-27,70,22:00,voice,Meridian,0,0,0,0,0,0,0,0,v001,agent:DataEngineer
2026-09-27,70,22:30,voice,Meridian,0,0,0,0,0,0,0,0,v001,agent:DataEngineer
2026-09-27,70,23:00,voice,Meridian,0,0,0,0,0,0,0,0,v001,agent:DataEngineer
2026-09-27,70,23:30,voice,Meridian,1,1,1,0,11,100,1917,1917,v001,agent:DataEngineer
2026-09-27,70,00:00,chat,Meridian,1,1,1,0,41,100,1366,548,v001,agent:DataEngineer
2026-09-27,70,00:30,chat,Meridian,1,1,1,0,45,100,1451,582,v001,agent:DataEngineer
2026-09-27,70,01:00,chat,Meridian,0,0,0,0,0,0,0,0,v001,agent:DataEngineer
2026-09-27,70,01:30,chat,Meridian,0,0,0,0,0,0,0,0,v001,agent:DataEngineer
2026-09-27,70,02:00,chat,Meridian,1,1,1,0,56,100,1402,562,v001,agent:DataEngineer
2026-09-27,70,02:30,chat,Meridian,0,0,0,0,0,0,0,0,v001,agent:DataEngineer
2026-09-27,70,03:00,chat,Meridian,1,1,1,0,51,100,1318,528,v001,agent:DataEngineer
2026-09-27,70,03:30,chat,Meridian,0,0,0,0,0,0,0,0,v001,agent:DataEngineer
2026-09-27,70,04:00,chat,Meridian,0,0,0,0,0,0,0,0,v001,agent:DataEngineer
2026-09-27,70,04:30,chat,Meridian,0,0,0,0,0,0,0,0,v001,agent:DataEngineer
2026-09-27,70,05:00,chat,Meridian,1,1,1,0,47,100,1360,545,v001,agent:DataEngineer
2026-09-27,70,05:30,chat,Meridian,0,0,0,0,0,0,0,0,v001,agent:DataEngineer
2026-09-27,70,06:00,chat,Meridian,1,1,1,0,57,100,1498,601,v001,agent:DataEngineer
2026-09-27,70,06:30,chat,Meridian,1,1,1,0,43,100,1564,627,v001,agent:DataEngineer
2026-09-27,70,07:00,chat,Meridian,1,1,1,0,42,100,1376,552,v001,agent:DataEngineer
2026-09-27,70,07:30,chat,Meridian,1,1,1,0,47,100,1293,518,v001,agent:DataEngineer
2026-09-27,70,08:00,chat,Meridian,2,2,2,0,43,100,1332,534,v001,agent:DataEngineer
2026-09-27,70,08:30,chat,Meridian,2,2,2,0,49,100,1362,546,v001,agent:DataEngineer
2026-09-27,70,09:00,chat,Meridian,2,2,2,0,46,100,1382,554,v001,agent:DataEngineer
2026-09-27,70,09:30,chat,Meridian,3,3,1,0,618,33.3,1327,532,v001,agent:DataEngineer
2026-09-27,70,10:00,chat,Meridian,5,4,1,1,1013,20,1491,598,v001,agent:DataEngineer
2026-09-27,70,10:30,chat,Meridian,5,4,1,1,1154,20,1431,574,v001,agent:DataEngineer
2026-09-27,70,11:00,chat,Meridian,5,4,3,1,246,60,1433,574,v001,agent:DataEngineer
2026-09-27,70,11:30,chat,Meridian,4,3,1,1,1040,25,1622,650,v001,agent:DataEngineer
2026-09-27,70,12:00,chat,Meridian,3,3,1,0,753,33.3,1445,579,v001,agent:DataEngineer
2026-09-27,70,12:30,chat,Meridian,4,4,3,0,131,75,1329,533,v001,agent:DataEngineer
2026-09-27,70,13:00,chat,Meridian,3,3,3,0,44,100,1423,570,v001,agent:DataEngineer
2026-09-27,70,13:30,chat,Meridian,4,3,3,1,161,75,1561,626,v001,agent:DataEngineer
2026-09-27,70,14:00,chat,Meridian,3,3,1,0,626,33.3,1522,610,v001,agent:DataEngineer
2026-09-27,70,14:30,chat,Meridian,4,3,3,1,158,75,1397,560,v001,agent:DataEngineer
2026-09-27,70,15:00,chat,Meridian,4,3,3,1,149,75,1547,620,v001,agent:DataEngineer
2026-09-27,70,15:30,chat,Meridian,4,4,4,0,38,100,1498,600,v001,agent:DataEngineer
2026-09-27,70,16:00,chat,Meridian,3,3,3,0,40,100,1541,618,v001,agent:DataEngineer
2026-09-27,70,16:30,chat,Meridian,3,3,3,0,46,100,1507,604,v001,agent:DataEngineer
2026-09-27,70,17:00,chat,Meridian,2,2,2,0,44,100,1415,567,v001,agent:DataEngineer
2026-09-27,70,17:30,chat,Meridian,2,2,2,0,50,100,1428,572,v001,agent:DataEngineer
2026-09-27,70,18:00,chat,Meridian,2,2,2,0,38,100,1443,578,v001,agent:DataEngineer
2026-09-27,70,18:30,chat,Meridian,1,1,1,0,43,100,1395,559,v001,agent:DataEngineer
2026-09-27,70,19:00,chat,Meridian,1,1,1,0,44,100,1427,572,v001,agent:DataEngineer
2026-09-27,70,19:30,chat,Meridian,1,1,1,0,42,100,1277,512,v001,agent:DataEngineer
2026-09-27,70,20:00,chat,Meridian,1,1,1,0,50,100,1534,615,v001,agent:DataEngineer
2026-09-27,70,20:30,chat,Meridian,0,0,0,0,0,0,0,0,v001,agent:DataEngineer
2026-09-27,70,21:00,chat,Meridian,0,0,0,0,0,0,0,0,v001,agent:DataEngineer
2026-09-27,70,21:30,chat,Meridian,0,0,0,0,0,0,0,0,v001,agent:DataEngineer
2026-09-27,70,22:00,chat,Meridian,1,1,1,0,46,100,1414,567,v001,agent:DataEngineer
2026-09-27,70,22:30,chat,Meridian,0,0,0,0,0,0,0,0,v001,agent:DataEngineer
2026-09-27,70,23:00,chat,Meridian,1,1,1,0,52,100,1471,589,v001,agent:DataEngineer
2026-09-27,70,23:30,chat,Meridian,1,1,1,0,50,100,1450,581,v001,agent:DataEngineer
2026-09-28,71,00:00,voice,Meridian,1,1,1,0,11,100,1830,1830,v001,agent:DataEngineer
2026-09-28,71,00:30,voice,Meridian,1,1,1,0,11,100,1712,1712,v001,agent:DataEngineer
2026-09-28,71,01:00,voice,Meridian,1,1,1,0,11,100,1653,1653,v001,agent:DataEngineer
2026-09-28,71,01:30,voice,Meridian,1,1,1,0,11,100,1575,1575,v001,agent:DataEngineer
2026-09-28,71,02:00,voice,Meridian,1,1,1,0,14,100,1790,1790,v001,agent:DataEngineer
2026-09-28,71,02:30,voice,Meridian,1,1,1,0,13,100,1879,1879,v001,agent:DataEngineer
2026-09-28,71,03:00,voice,Meridian,1,1,1,0,12,100,1639,1639,v001,agent:DataEngineer
2026-09-28,71,03:30,voice,Meridian,1,1,1,0,15,100,1729,1729,v001,agent:DataEngineer
2026-09-28,71,04:00,voice,Meridian,1,1,1,0,10,100,1672,1672,v001,agent:DataEngineer
2026-09-28,71,04:30,voice,Meridian,1,1,1,0,12,100,1874,1874,v001,agent:DataEngineer
2026-09-28,71,05:00,voice,Meridian,1,1,1,0,10,100,1550,1550,v001,agent:DataEngineer
2026-09-28,71,05:30,voice,Meridian,1,1,1,0,14,100,1639,1639,v001,agent:DataEngineer
2026-09-28,71,06:00,voice,Meridian,1,1,1,0,12,100,1741,1741,v001,agent:DataEngineer
2026-09-28,71,06:30,voice,Meridian,1,1,1,0,10,100,1822,1822,v001,agent:DataEngineer
2026-09-28,71,07:00,voice,Meridian,2,2,2,0,11,100,1630,1630,v001,agent:DataEngineer
2026-09-28,71,07:30,voice,Meridian,1,1,1,0,12,100,1674,1674,v001,agent:DataEngineer
2026-09-28,71,08:00,voice,Meridian,3,2,1,1,385,33.3,1669,1669,v001,agent:DataEngineer
2026-09-28,71,08:30,voice,Meridian,4,2,0,2,1039,0,1644,1644,v001,agent:DataEngineer
2026-09-28,71,09:00,voice,Meridian,6,4,1,2,647,16.7,1857,1857,v001,agent:DataEngineer
2026-09-28,71,09:30,voice,Meridian,8,5,1,3,710,12.5,1699,1699,v001,agent:DataEngineer
2026-09-28,71,10:00,voice,Meridian,9,6,1,3,719,11.1,1584,1584,v001,agent:DataEngineer
2026-09-28,71,10:30,voice,Meridian,8,5,1,3,622,12.5,1717,1717,v001,agent:DataEngineer
2026-09-28,71,11:00,voice,Meridian,10,6,0,4,957,0,1750,1750,v001,agent:DataEngineer
2026-09-28,71,11:30,voice,Meridian,8,5,1,3,692,12.5,1817,1817,v001,agent:DataEngineer
2026-09-28,71,12:00,voice,Meridian,7,4,1,3,583,14.3,1689,1689,v001,agent:DataEngineer
2026-09-28,71,12:30,voice,Meridian,5,3,1,2,679,20,1843,1843,v001,agent:DataEngineer
2026-09-28,71,13:00,voice,Meridian,6,4,0,2,970,0,1604,1604,v001,agent:DataEngineer
2026-09-28,71,13:30,voice,Meridian,7,4,0,3,1033,0,1853,1853,v001,agent:DataEngineer
2026-09-28,71,14:00,voice,Meridian,12,8,1,4,723,8.3,1739,1739,v001,agent:DataEngineer
2026-09-28,71,14:30,voice,Meridian,7,4,1,3,605,14.3,1817,1817,v001,agent:DataEngineer
2026-09-28,71,15:00,voice,Meridian,9,6,1,3,627,11.1,1585,1585,v001,agent:DataEngineer
2026-09-28,71,15:30,voice,Meridian,5,3,0,2,936,0,1871,1871,v001,agent:DataEngineer
2026-09-28,71,16:00,voice,Meridian,7,4,1,3,654,14.3,1738,1738,v001,agent:DataEngineer
2026-09-28,71,16:30,voice,Meridian,7,4,0,3,806,0,1572,1572,v001,agent:DataEngineer
2026-09-28,71,17:00,voice,Meridian,4,3,0,1,982,0,1644,1644,v001,agent:DataEngineer
2026-09-28,71,17:30,voice,Meridian,3,2,1,1,386,33.3,1736,1736,v001,agent:DataEngineer
2026-09-28,71,18:00,voice,Meridian,2,2,2,0,11,100,1766,1766,v001,agent:DataEngineer
2026-09-28,71,18:30,voice,Meridian,2,2,2,0,13,100,1710,1710,v001,agent:DataEngineer
2026-09-28,71,19:00,voice,Meridian,1,1,1,0,14,100,1722,1722,v001,agent:DataEngineer
2026-09-28,71,19:30,voice,Meridian,1,1,1,0,11,100,1553,1553,v001,agent:DataEngineer
2026-09-28,71,20:00,voice,Meridian,1,1,1,0,11,100,1985,1985,v001,agent:DataEngineer
2026-09-28,71,20:30,voice,Meridian,1,1,1,0,12,100,1769,1769,v001,agent:DataEngineer
2026-09-28,71,21:00,voice,Meridian,1,1,1,0,11,100,1764,1764,v001,agent:DataEngineer
2026-09-28,71,21:30,voice,Meridian,1,1,1,0,11,100,1541,1541,v001,agent:DataEngineer
2026-09-28,71,22:00,voice,Meridian,1,1,1,0,12,100,1717,1717,v001,agent:DataEngineer
2026-09-28,71,22:30,voice,Meridian,1,1,1,0,12,100,1787,1787,v001,agent:DataEngineer
2026-09-28,71,23:00,voice,Meridian,1,1,1,0,10,100,1688,1688,v001,agent:DataEngineer
2026-09-28,71,23:30,voice,Meridian,1,1,1,0,13,100,1674,1674,v001,agent:DataEngineer
2026-09-28,71,00:00,chat,Meridian,1,1,1,0,43,100,1887,590,v001,agent:DataEngineer
2026-09-28,71,00:30,chat,Meridian,1,1,1,0,49,100,1632,510,v001,agent:DataEngineer
2026-09-28,71,01:00,chat,Meridian,1,1,1,0,43,100,1651,516,v001,agent:DataEngineer
2026-09-28,71,01:30,chat,Meridian,1,1,1,0,39,100,1863,582,v001,agent:DataEngineer
2026-09-28,71,02:00,chat,Meridian,1,1,1,0,49,100,1816,567,v001,agent:DataEngineer
2026-09-28,71,02:30,chat,Meridian,1,1,1,0,50,100,1758,549,v001,agent:DataEngineer
2026-09-28,71,03:00,chat,Meridian,1,1,1,0,41,100,1647,515,v001,agent:DataEngineer
2026-09-28,71,03:30,chat,Meridian,1,1,1,0,44,100,1763,551,v001,agent:DataEngineer
2026-09-28,71,04:00,chat,Meridian,1,1,1,0,40,100,1936,605,v001,agent:DataEngineer
2026-09-28,71,04:30,chat,Meridian,1,1,1,0,39,100,1550,484,v001,agent:DataEngineer
2026-09-28,71,05:00,chat,Meridian,1,1,1,0,44,100,1681,525,v001,agent:DataEngineer
2026-09-28,71,05:30,chat,Meridian,1,1,1,0,44,100,1789,559,v001,agent:DataEngineer
2026-09-28,71,06:00,chat,Meridian,1,1,1,0,54,100,1764,551,v001,agent:DataEngineer
2026-09-28,71,06:30,chat,Meridian,2,2,1,0,386,50,1797,562,v001,agent:DataEngineer
2026-09-28,71,07:00,chat,Meridian,2,2,1,0,412,50,1720,538,v001,agent:DataEngineer
2026-09-28,71,07:30,chat,Meridian,3,2,1,1,594,33.3,1710,534,v001,agent:DataEngineer
2026-09-28,71,08:00,chat,Meridian,4,3,1,1,934,25,1632,510,v001,agent:DataEngineer
2026-09-28,71,08:30,chat,Meridian,5,3,0,2,1535,0,1696,530,v001,agent:DataEngineer
2026-09-28,71,09:00,chat,Meridian,8,5,0,3,1384,0,1699,531,v001,agent:DataEngineer
2026-09-28,71,09:30,chat,Meridian,8,5,0,3,1442,0,1689,528,v001,agent:DataEngineer
2026-09-28,71,10:00,chat,Meridian,11,6,0,5,1575,0,1651,516,v001,agent:DataEngineer
2026-09-28,71,10:30,chat,Meridian,11,7,0,4,1487,0,1704,533,v001,agent:DataEngineer
2026-09-28,71,11:00,chat,Meridian,10,6,1,4,1332,10,1866,583,v001,agent:DataEngineer
2026-09-28,71,11:30,chat,Meridian,10,6,0,4,1308,0,1596,499,v001,agent:DataEngineer
2026-09-28,71,12:00,chat,Meridian,10,6,1,4,1235,10,1667,521,v001,agent:DataEngineer
2026-09-28,71,12:30,chat,Meridian,7,5,1,2,1078,14.3,1610,503,v001,agent:DataEngineer
2026-09-28,71,13:00,chat,Meridian,7,4,0,3,1549,0,1765,551,v001,agent:DataEngineer
2026-09-28,71,13:30,chat,Meridian,9,6,1,3,1130,11.1,1683,526,v001,agent:DataEngineer
2026-09-28,71,14:00,chat,Meridian,10,6,1,4,1406,10,1809,565,v001,agent:DataEngineer
2026-09-28,71,14:30,chat,Meridian,10,6,1,4,1281,10,1645,514,v001,agent:DataEngineer
2026-09-28,71,15:00,chat,Meridian,10,6,0,4,1396,0,1728,540,v001,agent:DataEngineer
2026-09-28,71,15:30,chat,Meridian,9,5,0,4,1263,0,1604,501,v001,agent:DataEngineer
2026-09-28,71,16:00,chat,Meridian,7,4,0,3,1505,0,1557,487,v001,agent:DataEngineer
2026-09-28,71,16:30,chat,Meridian,5,3,0,2,1275,0,1727,540,v001,agent:DataEngineer
2026-09-28,71,17:00,chat,Meridian,5,3,0,2,1378,0,1862,582,v001,agent:DataEngineer
2026-09-28,71,17:30,chat,Meridian,4,3,1,1,794,25,1749,546,v001,agent:DataEngineer
2026-09-28,71,18:00,chat,Meridian,3,2,1,1,662,33.3,1567,490,v001,agent:DataEngineer
2026-09-28,71,18:30,chat,Meridian,2,2,1,0,411,50,1571,491,v001,agent:DataEngineer
2026-09-28,71,19:00,chat,Meridian,2,2,1,0,390,50,1721,538,v001,agent:DataEngineer
2026-09-28,71,19:30,chat,Meridian,2,2,1,0,414,50,1688,528,v001,agent:DataEngineer
2026-09-28,71,20:00,chat,Meridian,1,1,1,0,52,100,1776,555,v001,agent:DataEngineer
2026-09-28,71,20:30,chat,Meridian,1,1,1,0,54,100,1622,507,v001,agent:DataEngineer
2026-09-28,71,21:00,chat,Meridian,1,1,1,0,46,100,1726,539,v001,agent:DataEngineer
2026-09-28,71,21:30,chat,Meridian,1,1,1,0,45,100,1818,568,v001,agent:DataEngineer
2026-09-28,71,22:00,chat,Meridian,1,1,1,0,46,100,1668,521,v001,agent:DataEngineer
2026-09-28,71,22:30,chat,Meridian,1,1,1,0,45,100,1603,501,v001,agent:DataEngineer
2026-09-28,71,23:00,chat,Meridian,1,1,1,0,45,100,1676,524,v001,agent:DataEngineer
2026-09-28,71,23:30,chat,Meridian,1,1,1,0,47,100,1686,527,v001,agent:DataEngineer
2026-09-29,72,00:00,voice,Meridian,1,1,1,0,12,100,2162,2162,v001,agent:DataEngineer
2026-09-29,72,00:30,voice,Meridian,1,1,1,0,13,100,2114,2114,v001,agent:DataEngineer
2026-09-29,72,01:00,voice,Meridian,1,1,1,0,13,100,1805,1805,v001,agent:DataEngineer
2026-09-29,72,01:30,voice,Meridian,1,1,1,0,11,100,2275,2275,v001,agent:DataEngineer
2026-09-29,72,02:00,voice,Meridian,1,1,1,0,12,100,1935,1935,v001,agent:DataEngineer
2026-09-29,72,02:30,voice,Meridian,1,1,1,0,11,100,2053,2053,v001,agent:DataEngineer
2026-09-29,72,03:00,voice,Meridian,1,1,1,0,13,100,1956,1956,v001,agent:DataEngineer
2026-09-29,72,03:30,voice,Meridian,1,1,1,0,11,100,1902,1902,v001,agent:DataEngineer
2026-09-29,72,04:00,voice,Meridian,1,1,1,0,13,100,1990,1990,v001,agent:DataEngineer
2026-09-29,72,04:30,voice,Meridian,1,1,1,0,14,100,1850,1850,v001,agent:DataEngineer
2026-09-29,72,05:00,voice,Meridian,1,1,1,0,12,100,1995,1995,v001,agent:DataEngineer
2026-09-29,72,05:30,voice,Meridian,1,1,1,0,11,100,2106,2106,v001,agent:DataEngineer
2026-09-29,72,06:00,voice,Meridian,1,1,1,0,14,100,2051,2051,v001,agent:DataEngineer
2026-09-29,72,06:30,voice,Meridian,1,1,1,0,12,100,1927,1927,v001,agent:DataEngineer
2026-09-29,72,07:00,voice,Meridian,2,2,1,0,239,50,1918,1918,v001,agent:DataEngineer
2026-09-29,72,07:30,voice,Meridian,2,2,1,0,267,50,2006,2006,v001,agent:DataEngineer
2026-09-29,72,08:00,voice,Meridian,3,2,1,1,445,33.3,1949,1949,v001,agent:DataEngineer
2026-09-29,72,08:30,voice,Meridian,4,2,0,2,899,0,2150,2150,v001,agent:DataEngineer
2026-09-29,72,09:00,voice,Meridian,5,3,0,2,845,0,2214,2214,v001,agent:DataEngineer
2026-09-29,72,09:30,voice,Meridian,9,5,0,4,804,0,1841,1841,v001,agent:DataEngineer
2026-09-29,72,10:00,voice,Meridian,8,5,1,3,665,12.5,2037,2037,v001,agent:DataEngineer
2026-09-29,72,10:30,voice,Meridian,11,7,1,4,716,9.1,2035,2035,v001,agent:DataEngineer
2026-09-29,72,11:00,voice,Meridian,10,6,1,4,809,10,2128,2128,v001,agent:DataEngineer
2026-09-29,72,11:30,voice,Meridian,8,5,1,3,769,12.5,1906,1906,v001,agent:DataEngineer
2026-09-29,72,12:00,voice,Meridian,7,4,0,3,936,0,2093,2093,v001,agent:DataEngineer
2026-09-29,72,12:30,voice,Meridian,7,4,1,3,645,14.3,2042,2042,v001,agent:DataEngineer
2026-09-29,72,13:00,voice,Meridian,6,4,1,2,657,16.7,1958,1958,v001,agent:DataEngineer
2026-09-29,72,13:30,voice,Meridian,5,3,0,2,865,0,1693,1693,v001,agent:DataEngineer
2026-09-29,72,14:00,voice,Meridian,7,4,0,3,883,0,1829,1829,v001,agent:DataEngineer
2026-09-29,72,14:30,voice,Meridian,7,4,0,3,831,0,2023,2023,v001,agent:DataEngineer
2026-09-29,72,15:00,voice,Meridian,10,6,1,4,807,10,2051,2051,v001,agent:DataEngineer
2026-09-29,72,15:30,voice,Meridian,7,4,0,3,759,0,2052,2052,v001,agent:DataEngineer
2026-09-29,72,16:00,voice,Meridian,7,5,1,2,532,14.3,2225,2225,v001,agent:DataEngineer
2026-09-29,72,16:30,voice,Meridian,6,3,0,3,1003,0,2068,2068,v001,agent:DataEngineer
2026-09-29,72,17:00,voice,Meridian,5,3,0,2,887,0,1843,1843,v001,agent:DataEngineer
2026-09-29,72,17:30,voice,Meridian,4,2,0,2,829,0,1873,1873,v001,agent:DataEngineer
2026-09-29,72,18:00,voice,Meridian,2,2,1,0,225,50,1752,1752,v001,agent:DataEngineer
2026-09-29,72,18:30,voice,Meridian,2,2,1,0,288,50,1985,1985,v001,agent:DataEngineer
2026-09-29,72,19:00,voice,Meridian,1,1,1,0,14,100,1891,1891,v001,agent:DataEngineer
2026-09-29,72,19:30,voice,Meridian,1,1,1,0,13,100,2156,2156,v001,agent:DataEngineer
2026-09-29,72,20:00,voice,Meridian,1,1,1,0,11,100,1874,1874,v001,agent:DataEngineer
2026-09-29,72,20:30,voice,Meridian,1,1,1,0,11,100,1934,1934,v001,agent:DataEngineer
2026-09-29,72,21:00,voice,Meridian,1,1,1,0,13,100,1978,1978,v001,agent:DataEngineer
2026-09-29,72,21:30,voice,Meridian,1,1,1,0,12,100,2016,2016,v001,agent:DataEngineer
2026-09-29,72,22:00,voice,Meridian,1,1,1,0,10,100,1766,1766,v001,agent:DataEngineer
2026-09-29,72,22:30,voice,Meridian,1,1,1,0,11,100,2010,2010,v001,agent:DataEngineer
2026-09-29,72,23:00,voice,Meridian,1,1,1,0,11,100,1901,1901,v001,agent:DataEngineer
2026-09-29,72,23:30,voice,Meridian,1,1,1,0,13,100,1911,1911,v001,agent:DataEngineer
2026-09-29,72,00:00,chat,Meridian,1,1,0,0,1748,0,1950,609,v001,agent:DataEngineer
2026-09-29,72,00:30,chat,Meridian,1,1,1,0,44,100,1867,583,v001,agent:DataEngineer
2026-09-29,72,01:00,chat,Meridian,1,1,0,0,1651,0,1812,566,v001,agent:DataEngineer
2026-09-29,72,01:30,chat,Meridian,1,1,1,0,47,100,1795,561,v001,agent:DataEngineer
2026-09-29,72,02:00,chat,Meridian,1,1,1,0,47,100,1779,556,v001,agent:DataEngineer
2026-09-29,72,02:30,chat,Meridian,1,1,0,0,1560,0,1880,587,v001,agent:DataEngineer
2026-09-29,72,03:00,chat,Meridian,1,1,0,0,1422,0,1860,581,v001,agent:DataEngineer
2026-09-29,72,03:30,chat,Meridian,1,1,0,0,1645,0,1845,577,v001,agent:DataEngineer
2026-09-29,72,04:00,chat,Meridian,1,1,1,0,53,100,1901,594,v001,agent:DataEngineer
2026-09-29,72,04:30,chat,Meridian,1,1,0,0,1797,0,1778,555,v001,agent:DataEngineer
2026-09-29,72,05:00,chat,Meridian,1,1,1,0,47,100,1813,567,v001,agent:DataEngineer
2026-09-29,72,05:30,chat,Meridian,1,1,0,0,1710,0,1782,557,v001,agent:DataEngineer
2026-09-29,72,06:00,chat,Meridian,2,2,1,0,404,50,1932,604,v001,agent:DataEngineer
2026-09-29,72,06:30,chat,Meridian,2,2,1,0,489,50,1893,592,v001,agent:DataEngineer
2026-09-29,72,07:00,chat,Meridian,2,2,1,0,440,50,1826,571,v001,agent:DataEngineer
2026-09-29,72,07:30,chat,Meridian,2,2,1,0,403,50,1898,593,v001,agent:DataEngineer
2026-09-29,72,08:00,chat,Meridian,3,2,0,1,1522,0,1797,561,v001,agent:DataEngineer
2026-09-29,72,08:30,chat,Meridian,6,4,0,2,1486,0,1753,548,v001,agent:DataEngineer
2026-09-29,72,09:00,chat,Meridian,7,4,0,3,1594,0,1709,534,v001,agent:DataEngineer
2026-09-29,72,09:30,chat,Meridian,8,5,1,3,1136,12.5,1803,563,v001,agent:DataEngineer
2026-09-29,72,10:00,chat,Meridian,10,6,0,4,1557,0,1765,552,v001,agent:DataEngineer
2026-09-29,72,10:30,chat,Meridian,12,7,1,5,1388,8.3,1701,532,v001,agent:DataEngineer
2026-09-29,72,11:00,chat,Meridian,9,5,0,4,1302,0,1822,569,v001,agent:DataEngineer
2026-09-29,72,11:30,chat,Meridian,11,7,1,4,1370,9.1,1781,556,v001,agent:DataEngineer
2026-09-29,72,12:00,chat,Meridian,9,5,0,4,1453,0,1812,566,v001,agent:DataEngineer
2026-09-29,72,12:30,chat,Meridian,8,4,0,4,1455,0,1839,575,v001,agent:DataEngineer
2026-09-29,72,13:00,chat,Meridian,8,4,0,4,1638,0,1723,538,v001,agent:DataEngineer
2026-09-29,72,13:30,chat,Meridian,8,5,0,3,1421,0,1767,552,v001,agent:DataEngineer
2026-09-29,72,14:00,chat,Meridian,9,5,1,4,1281,11.1,1853,579,v001,agent:DataEngineer
2026-09-29,72,14:30,chat,Meridian,10,6,1,4,1283,10,1709,534,v001,agent:DataEngineer
2026-09-29,72,15:00,chat,Meridian,10,6,1,4,1427,10,1962,613,v001,agent:DataEngineer
2026-09-29,72,15:30,chat,Meridian,9,5,1,4,1267,11.1,2018,631,v001,agent:DataEngineer
2026-09-29,72,16:00,chat,Meridian,8,5,0,3,1349,0,1828,571,v001,agent:DataEngineer
2026-09-29,72,16:30,chat,Meridian,7,4,0,3,1386,0,1736,542,v001,agent:DataEngineer
2026-09-29,72,17:00,chat,Meridian,5,3,0,2,1458,0,1828,571,v001,agent:DataEngineer
2026-09-29,72,17:30,chat,Meridian,4,2,0,2,1695,0,1913,598,v001,agent:DataEngineer
2026-09-29,72,18:00,chat,Meridian,4,2,0,2,1640,0,1696,530,v001,agent:DataEngineer
2026-09-29,72,18:30,chat,Meridian,3,2,1,1,554,33.3,1740,544,v001,agent:DataEngineer
2026-09-29,72,19:00,chat,Meridian,2,2,1,0,383,50,1907,596,v001,agent:DataEngineer
2026-09-29,72,19:30,chat,Meridian,1,1,1,0,40,100,1619,506,v001,agent:DataEngineer
2026-09-29,72,20:00,chat,Meridian,1,1,0,0,1381,0,1963,613,v001,agent:DataEngineer
2026-09-29,72,20:30,chat,Meridian,1,1,1,0,49,100,2105,658,v001,agent:DataEngineer
2026-09-29,72,21:00,chat,Meridian,1,1,1,0,45,100,1717,537,v001,agent:DataEngineer
2026-09-29,72,21:30,chat,Meridian,1,1,1,0,39,100,1732,541,v001,agent:DataEngineer
2026-09-29,72,22:00,chat,Meridian,1,1,1,0,33,100,1830,572,v001,agent:DataEngineer
2026-09-29,72,22:30,chat,Meridian,1,1,1,0,41,100,1839,575,v001,agent:DataEngineer
2026-09-29,72,23:00,chat,Meridian,1,1,1,0,39,100,1859,581,v001,agent:DataEngineer
2026-09-29,72,23:30,chat,Meridian,1,1,1,0,47,100,1835,573,v001,agent:DataEngineer
2026-09-30,73,00:00,voice,Meridian,1,1,1,0,12,100,1855,1855,v001,agent:DataEngineer
2026-09-30,73,00:30,voice,Meridian,1,1,1,0,12,100,1904,1904,v001,agent:DataEngineer
2026-09-30,73,01:00,voice,Meridian,1,1,1,0,12,100,1735,1735,v001,agent:DataEngineer
2026-09-30,73,01:30,voice,Meridian,1,1,1,0,12,100,1925,1925,v001,agent:DataEngineer
2026-09-30,73,02:00,voice,Meridian,1,1,1,0,11,100,1849,1849,v001,agent:DataEngineer
2026-09-30,73,02:30,voice,Meridian,1,1,1,0,12,100,1757,1757,v001,agent:DataEngineer
2026-09-30,73,03:00,voice,Meridian,1,1,1,0,13,100,2006,2006,v001,agent:DataEngineer
2026-09-30,73,03:30,voice,Meridian,1,1,1,0,12,100,1758,1758,v001,agent:DataEngineer
2026-09-30,73,04:00,voice,Meridian,1,1,1,0,11,100,1936,1936,v001,agent:DataEngineer
2026-09-30,73,04:30,voice,Meridian,1,1,1,0,10,100,1867,1867,v001,agent:DataEngineer
2026-09-30,73,05:00,voice,Meridian,1,1,1,0,13,100,1904,1904,v001,agent:DataEngineer
2026-09-30,73,05:30,voice,Meridian,1,1,1,0,12,100,1680,1680,v001,agent:DataEngineer
2026-09-30,73,06:00,voice,Meridian,1,1,1,0,11,100,1812,1812,v001,agent:DataEngineer
2026-09-30,73,06:30,voice,Meridian,1,1,1,0,12,100,1932,1932,v001,agent:DataEngineer
2026-09-30,73,07:00,voice,Meridian,2,2,2,0,12,100,1678,1678,v001,agent:DataEngineer
2026-09-30,73,07:30,voice,Meridian,2,2,2,0,11,100,1661,1661,v001,agent:DataEngineer
2026-09-30,73,08:00,voice,Meridian,4,3,2,1,235,50,1790,1790,v001,agent:DataEngineer
2026-09-30,73,08:30,voice,Meridian,5,4,1,1,539,20,1656,1656,v001,agent:DataEngineer
2026-09-30,73,09:00,voice,Meridian,5,3,1,2,729,20,1869,1869,v001,agent:DataEngineer
2026-09-30,73,09:30,voice,Meridian,8,5,1,3,757,12.5,1893,1893,v001,agent:DataEngineer
2026-09-30,73,10:00,voice,Meridian,7,5,1,2,648,14.3,1884,1884,v001,agent:DataEngineer
2026-09-30,73,10:30,voice,Meridian,9,6,1,3,753,11.1,1582,1582,v001,agent:DataEngineer
2026-09-30,73,11:00,voice,Meridian,10,7,1,3,833,10,1746,1746,v001,agent:DataEngineer
2026-09-30,73,11:30,voice,Meridian,9,6,1,3,633,11.1,1838,1838,v001,agent:DataEngineer
2026-09-30,73,12:00,voice,Meridian,8,5,1,3,675,12.5,1719,1719,v001,agent:DataEngineer
2026-09-30,73,12:30,voice,Meridian,7,5,1,2,623,14.3,1699,1699,v001,agent:DataEngineer
2026-09-30,73,13:00,voice,Meridian,4,3,1,1,629,25,1910,1910,v001,agent:DataEngineer
2026-09-30,73,13:30,voice,Meridian,6,4,1,2,650,16.7,1619,1619,v001,agent:DataEngineer
2026-09-30,73,14:00,voice,Meridian,6,4,2,2,357,33.3,1844,1844,v001,agent:DataEngineer
2026-09-30,73,14:30,voice,Meridian,7,5,1,2,707,14.3,1747,1747,v001,agent:DataEngineer
2026-09-30,73,15:00,voice,Meridian,7,5,2,2,483,28.6,1665,1665,v001,agent:DataEngineer
2026-09-30,73,15:30,voice,Meridian,8,5,1,3,688,12.5,1809,1809,v001,agent:DataEngineer
2026-09-30,73,16:00,voice,Meridian,6,4,1,2,644,16.7,1890,1890,v001,agent:DataEngineer
2026-09-30,73,16:30,voice,Meridian,6,4,1,2,669,16.7,1678,1678,v001,agent:DataEngineer
2026-09-30,73,17:00,voice,Meridian,5,3,1,2,589,20,1735,1735,v001,agent:DataEngineer
2026-09-30,73,17:30,voice,Meridian,3,2,2,1,95,66.7,1652,1652,v001,agent:DataEngineer
2026-09-30,73,18:00,voice,Meridian,3,3,3,0,13,100,1861,1861,v001,agent:DataEngineer
2026-09-30,73,18:30,voice,Meridian,2,2,2,0,12,100,1736,1736,v001,agent:DataEngineer
2026-09-30,73,19:00,voice,Meridian,1,1,1,0,13,100,1737,1737,v001,agent:DataEngineer
2026-09-30,73,19:30,voice,Meridian,1,1,1,0,11,100,1837,1837,v001,agent:DataEngineer
2026-09-30,73,20:00,voice,Meridian,1,1,1,0,12,100,1970,1970,v001,agent:DataEngineer
2026-09-30,73,20:30,voice,Meridian,1,1,1,0,10,100,1724,1724,v001,agent:DataEngineer
2026-09-30,73,21:00,voice,Meridian,1,1,1,0,12,100,1960,1960,v001,agent:DataEngineer
2026-09-30,73,21:30,voice,Meridian,1,1,1,0,12,100,1779,1779,v001,agent:DataEngineer
2026-09-30,73,22:00,voice,Meridian,1,1,1,0,13,100,1861,1861,v001,agent:DataEngineer
2026-09-30,73,22:30,voice,Meridian,1,1,1,0,10,100,1853,1853,v001,agent:DataEngineer
2026-09-30,73,23:00,voice,Meridian,1,1,1,0,12,100,2074,2074,v001,agent:DataEngineer
2026-09-30,73,23:30,voice,Meridian,1,1,1,0,13,100,2103,2103,v001,agent:DataEngineer
2026-09-30,73,00:00,chat,Meridian,1,1,1,0,38,100,1770,569,v001,agent:DataEngineer
2026-09-30,73,00:30,chat,Meridian,1,1,1,0,50,100,1704,548,v001,agent:DataEngineer
2026-09-30,73,01:00,chat,Meridian,1,1,1,0,40,100,1689,543,v001,agent:DataEngineer
2026-09-30,73,01:30,chat,Meridian,1,1,1,0,45,100,1731,556,v001,agent:DataEngineer
2026-09-30,73,02:00,chat,Meridian,1,1,1,0,47,100,1608,517,v001,agent:DataEngineer
2026-09-30,73,02:30,chat,Meridian,1,1,1,0,37,100,1755,564,v001,agent:DataEngineer
2026-09-30,73,03:00,chat,Meridian,1,1,1,0,50,100,1741,560,v001,agent:DataEngineer
2026-09-30,73,03:30,chat,Meridian,1,1,1,0,47,100,1578,507,v001,agent:DataEngineer
2026-09-30,73,04:00,chat,Meridian,1,1,1,0,45,100,1798,578,v001,agent:DataEngineer
2026-09-30,73,04:30,chat,Meridian,1,1,1,0,43,100,1665,535,v001,agent:DataEngineer
2026-09-30,73,05:00,chat,Meridian,1,1,1,0,39,100,1739,559,v001,agent:DataEngineer
2026-09-30,73,05:30,chat,Meridian,1,1,1,0,40,100,1574,506,v001,agent:DataEngineer
2026-09-30,73,06:00,chat,Meridian,1,1,1,0,47,100,1889,607,v001,agent:DataEngineer
2026-09-30,73,06:30,chat,Meridian,1,1,1,0,48,100,2014,647,v001,agent:DataEngineer
2026-09-30,73,07:00,chat,Meridian,2,2,1,0,462,50,1670,537,v001,agent:DataEngineer
2026-09-30,73,07:30,chat,Meridian,3,2,1,1,888,33.3,1588,510,v001,agent:DataEngineer
2026-09-30,73,08:00,chat,Meridian,3,2,0,1,1521,0,1734,557,v001,agent:DataEngineer
2026-09-30,73,08:30,chat,Meridian,5,3,0,2,1561,0,1932,621,v001,agent:DataEngineer
2026-09-30,73,09:00,chat,Meridian,6,4,1,2,1326,16.7,1703,547,v001,agent:DataEngineer
2026-09-30,73,09:30,chat,Meridian,8,5,0,3,1526,0,1765,567,v001,agent:DataEngineer
2026-09-30,73,10:00,chat,Meridian,8,5,0,3,1567,0,1690,543,v001,agent:DataEngineer
2026-09-30,73,10:30,chat,Meridian,13,8,0,5,1480,0,1880,604,v001,agent:DataEngineer
2026-09-30,73,11:00,chat,Meridian,10,6,1,4,1460,10,1810,582,v001,agent:DataEngineer
2026-09-30,73,11:30,chat,Meridian,8,5,0,3,1501,0,1610,518,v001,agent:DataEngineer
2026-09-30,73,12:00,chat,Meridian,9,5,0,4,1462,0,1594,512,v001,agent:DataEngineer
2026-09-30,73,12:30,chat,Meridian,11,7,1,4,1164,9.1,1732,557,v001,agent:DataEngineer
2026-09-30,73,13:00,chat,Meridian,5,3,0,2,1272,0,1745,561,v001,agent:DataEngineer
2026-09-30,73,13:30,chat,Meridian,8,5,0,3,1587,0,1740,559,v001,agent:DataEngineer
2026-09-30,73,14:00,chat,Meridian,11,7,1,4,1235,9.1,1894,609,v001,agent:DataEngineer
2026-09-30,73,14:30,chat,Meridian,8,5,0,3,1300,0,1588,510,v001,agent:DataEngineer
2026-09-30,73,15:00,chat,Meridian,11,7,1,4,1190,9.1,1549,498,v001,agent:DataEngineer
2026-09-30,73,15:30,chat,Meridian,9,5,0,4,1225,0,1819,585,v001,agent:DataEngineer
2026-09-30,73,16:00,chat,Meridian,7,4,1,3,1043,14.3,1771,569,v001,agent:DataEngineer
2026-09-30,73,16:30,chat,Meridian,9,6,1,3,1232,11.1,1811,582,v001,agent:DataEngineer
2026-09-30,73,17:00,chat,Meridian,5,3,0,2,1559,0,1643,528,v001,agent:DataEngineer
2026-09-30,73,17:30,chat,Meridian,4,3,1,1,940,25,1731,556,v001,agent:DataEngineer
2026-09-30,73,18:00,chat,Meridian,3,2,1,1,725,33.3,1779,572,v001,agent:DataEngineer
2026-09-30,73,18:30,chat,Meridian,3,3,2,0,225,66.7,1873,602,v001,agent:DataEngineer
2026-09-30,73,19:00,chat,Meridian,1,1,1,0,46,100,1735,558,v001,agent:DataEngineer
2026-09-30,73,19:30,chat,Meridian,1,1,1,0,51,100,1680,540,v001,agent:DataEngineer
2026-09-30,73,20:00,chat,Meridian,2,2,2,0,43,100,1675,538,v001,agent:DataEngineer
2026-09-30,73,20:30,chat,Meridian,1,1,1,0,46,100,1745,561,v001,agent:DataEngineer
2026-09-30,73,21:00,chat,Meridian,1,1,1,0,43,100,1699,546,v001,agent:DataEngineer
2026-09-30,73,21:30,chat,Meridian,1,1,1,0,36,100,1725,554,v001,agent:DataEngineer
2026-09-30,73,22:00,chat,Meridian,1,1,1,0,45,100,1725,554,v001,agent:DataEngineer
2026-09-30,73,22:30,chat,Meridian,1,1,1,0,41,100,1747,561,v001,agent:DataEngineer
2026-09-30,73,23:00,chat,Meridian,1,1,1,0,53,100,1757,565,v001,agent:DataEngineer
2026-09-30,73,23:30,chat,Meridian,1,1,1,0,46,100,1844,593,v001,agent:DataEngineer
