date,day,interval_start,channel,platform,offered,handled,handled_in_sl,abandoned,asa_s,sl_pct,aht_elapsed_s,aht_agent_work_s,version,actor
2026-11-01,105,00:00,voice,Meridian,0,0,0,0,0,0,0,0,v001,agent:DataEngineer
2026-11-01,105,00:30,voice,Meridian,0,0,0,0,0,0,0,0,v001,agent:DataEngineer
2026-11-01,105,01:00,voice,Meridian,0,0,0,0,0,0,0,0,v001,agent:DataEngineer
2026-11-01,105,01:30,voice,Meridian,0,0,0,0,0,0,0,0,v001,agent:DataEngineer
2026-11-01,105,02:00,voice,Meridian,0,0,0,0,0,0,0,0,v001,agent:DataEngineer
2026-11-01,105,02:30,voice,Meridian,0,0,0,0,0,0,0,0,v001,agent:DataEngineer
2026-11-01,105,03:00,voice,Meridian,0,0,0,0,0,0,0,0,v001,agent:DataEngineer
2026-11-01,105,03:30,voice,Meridian,0,0,0,0,0,0,0,0,v001,agent:DataEngineer
2026-11-01,105,04:00,voice,Meridian,0,0,0,0,0,0,0,0,v001,agent:DataEngineer
2026-11-01,105,04:30,voice,Meridian,0,0,0,0,0,0,0,0,v001,agent:DataEngineer
2026-11-01,105,05:00,voice,Meridian,0,0,0,0,0,0,0,0,v001,agent:DataEngineer
2026-11-01,105,05:30,voice,Meridian,0,0,0,0,0,0,0,0,v001,agent:DataEngineer
2026-11-01,105,06:00,voice,Meridian,0,0,0,0,0,0,0,0,v001,agent:DataEngineer
2026-11-01,105,06:30,voice,Meridian,1,1,1,0,14,100,1928,1928,v001,agent:DataEngineer
2026-11-01,105,07:00,voice,Meridian,0,0,0,0,0,0,0,0,v001,agent:DataEngineer
2026-11-01,105,07:30,voice,Meridian,1,1,1,0,13,100,1929,1929,v001,agent:DataEngineer
2026-11-01,105,08:00,voice,Meridian,1,1,1,0,11,100,1978,1978,v001,agent:DataEngineer
2026-11-01,105,08:30,voice,Meridian,1,1,1,0,12,100,2037,2037,v001,agent:DataEngineer
2026-11-01,105,09:00,voice,Meridian,2,2,2,0,11,100,1995,1995,v001,agent:DataEngineer
2026-11-01,105,09:30,voice,Meridian,2,2,2,0,9,100,1885,1885,v001,agent:DataEngineer
2026-11-01,105,10:00,voice,Meridian,2,2,2,0,11,100,1797,1797,v001,agent:DataEngineer
2026-11-01,105,10:30,voice,Meridian,3,2,2,1,127,66.7,1852,1852,v001,agent:DataEngineer
2026-11-01,105,11:00,voice,Meridian,3,3,3,0,14,100,1970,1970,v001,agent:DataEngineer
2026-11-01,105,11:30,voice,Meridian,2,2,2,0,12,100,1713,1713,v001,agent:DataEngineer
2026-11-01,105,12:00,voice,Meridian,2,2,2,0,14,100,1615,1615,v001,agent:DataEngineer
2026-11-01,105,12:30,voice,Meridian,2,2,2,0,12,100,1874,1874,v001,agent:DataEngineer
2026-11-01,105,13:00,voice,Meridian,2,2,2,0,12,100,1873,1873,v001,agent:DataEngineer
2026-11-01,105,13:30,voice,Meridian,2,2,2,0,13,100,1728,1728,v001,agent:DataEngineer
2026-11-01,105,14:00,voice,Meridian,2,2,2,0,10,100,1916,1916,v001,agent:DataEngineer
2026-11-01,105,14:30,voice,Meridian,2,2,2,0,9,100,1918,1918,v001,agent:DataEngineer
2026-11-01,105,15:00,voice,Meridian,2,2,2,0,13,100,1903,1903,v001,agent:DataEngineer
2026-11-01,105,15:30,voice,Meridian,2,2,2,0,13,100,1971,1971,v001,agent:DataEngineer
2026-11-01,105,16:00,voice,Meridian,2,2,2,0,14,100,1784,1784,v001,agent:DataEngineer
2026-11-01,105,16:30,voice,Meridian,1,1,1,0,11,100,1906,1906,v001,agent:DataEngineer
2026-11-01,105,17:00,voice,Meridian,1,1,1,0,12,100,1886,1886,v001,agent:DataEngineer
2026-11-01,105,17:30,voice,Meridian,1,1,1,0,11,100,1853,1853,v001,agent:DataEngineer
2026-11-01,105,18:00,voice,Meridian,1,1,1,0,11,100,2002,2002,v001,agent:DataEngineer
2026-11-01,105,18:30,voice,Meridian,1,1,1,0,14,100,1920,1920,v001,agent:DataEngineer
2026-11-01,105,19:00,voice,Meridian,0,0,0,0,0,0,0,0,v001,agent:DataEngineer
2026-11-01,105,19:30,voice,Meridian,0,0,0,0,0,0,0,0,v001,agent:DataEngineer
2026-11-01,105,20:00,voice,Meridian,0,0,0,0,0,0,0,0,v001,agent:DataEngineer
2026-11-01,105,20:30,voice,Meridian,0,0,0,0,0,0,0,0,v001,agent:DataEngineer
2026-11-01,105,21:00,voice,Meridian,0,0,0,0,0,0,0,0,v001,agent:DataEngineer
2026-11-01,105,21:30,voice,Meridian,0,0,0,0,0,0,0,0,v001,agent:DataEngineer
2026-11-01,105,22:00,voice,Meridian,0,0,0,0,0,0,0,0,v001,agent:DataEngineer
2026-11-01,105,22:30,voice,Meridian,0,0,0,0,0,0,0,0,v001,agent:DataEngineer
2026-11-01,105,23:00,voice,Meridian,0,0,0,0,0,0,0,0,v001,agent:DataEngineer
2026-11-01,105,23:30,voice,Meridian,0,0,0,0,0,0,0,0,v001,agent:DataEngineer
2026-11-01,105,00:00,chat,Meridian,1,1,1,0,39,100,1017,509,v001,agent:DataEngineer
2026-11-01,105,00:30,chat,Meridian,0,0,0,0,0,0,0,0,v001,agent:DataEngineer
2026-11-01,105,01:00,chat,Meridian,0,0,0,0,0,0,0,0,v001,agent:DataEngineer
2026-11-01,105,01:30,chat,Meridian,0,0,0,0,0,0,0,0,v001,agent:DataEngineer
2026-11-01,105,02:00,chat,Meridian,0,0,0,0,0,0,0,0,v001,agent:DataEngineer
2026-11-01,105,02:30,chat,Meridian,1,1,1,0,45,100,1000,500,v001,agent:DataEngineer
2026-11-01,105,03:00,chat,Meridian,1,1,1,0,47,100,1037,518,v001,agent:DataEngineer
2026-11-01,105,03:30,chat,Meridian,1,1,1,0,42,100,968,484,v001,agent:DataEngineer
2026-11-01,105,04:00,chat,Meridian,0,0,0,0,0,0,0,0,v001,agent:DataEngineer
2026-11-01,105,04:30,chat,Meridian,0,0,0,0,0,0,0,0,v001,agent:DataEngineer
2026-11-01,105,05:00,chat,Meridian,0,0,0,0,0,0,0,0,v001,agent:DataEngineer
2026-11-01,105,05:30,chat,Meridian,0,0,0,0,0,0,0,0,v001,agent:DataEngineer
2026-11-01,105,06:00,chat,Meridian,1,1,1,0,44,100,931,466,v001,agent:DataEngineer
2026-11-01,105,06:30,chat,Meridian,0,0,0,0,0,0,0,0,v001,agent:DataEngineer
2026-11-01,105,07:00,chat,Meridian,1,1,1,0,39,100,1077,539,v001,agent:DataEngineer
2026-11-01,105,07:30,chat,Meridian,1,1,1,0,50,100,1048,524,v001,agent:DataEngineer
2026-11-01,105,08:00,chat,Meridian,1,1,1,0,41,100,928,464,v001,agent:DataEngineer
2026-11-01,105,08:30,chat,Meridian,2,2,2,0,43,100,947,473,v001,agent:DataEngineer
2026-11-01,105,09:00,chat,Meridian,3,3,3,0,44,100,1008,504,v001,agent:DataEngineer
2026-11-01,105,09:30,chat,Meridian,4,4,4,0,43,100,1007,503,v001,agent:DataEngineer
2026-11-01,105,10:00,chat,Meridian,5,4,4,1,93,80,945,472,v001,agent:DataEngineer
2026-11-01,105,10:30,chat,Meridian,5,4,4,1,131,80,999,499,v001,agent:DataEngineer
2026-11-01,105,11:00,chat,Meridian,4,4,4,0,42,100,996,498,v001,agent:DataEngineer
2026-11-01,105,11:30,chat,Meridian,4,4,4,0,43,100,954,477,v001,agent:DataEngineer
2026-11-01,105,12:00,chat,Meridian,4,4,4,0,47,100,956,478,v001,agent:DataEngineer
2026-11-01,105,12:30,chat,Meridian,3,3,3,0,48,100,1128,564,v001,agent:DataEngineer
2026-11-01,105,13:00,chat,Meridian,3,3,3,0,48,100,1058,529,v001,agent:DataEngineer
2026-11-01,105,13:30,chat,Meridian,3,3,3,0,46,100,1003,501,v001,agent:DataEngineer
2026-11-01,105,14:00,chat,Meridian,3,3,3,0,55,100,981,490,v001,agent:DataEngineer
2026-11-01,105,14:30,chat,Meridian,4,4,4,0,48,100,1107,554,v001,agent:DataEngineer
2026-11-01,105,15:00,chat,Meridian,4,4,4,0,44,100,1045,523,v001,agent:DataEngineer
2026-11-01,105,15:30,chat,Meridian,4,4,4,0,53,100,1010,505,v001,agent:DataEngineer
2026-11-01,105,16:00,chat,Meridian,4,4,4,0,40,100,987,494,v001,agent:DataEngineer
2026-11-01,105,16:30,chat,Meridian,2,2,2,0,41,100,949,474,v001,agent:DataEngineer
2026-11-01,105,17:00,chat,Meridian,3,3,3,0,50,100,992,496,v001,agent:DataEngineer
2026-11-01,105,17:30,chat,Meridian,2,2,2,0,42,100,971,485,v001,agent:DataEngineer
2026-11-01,105,18:00,chat,Meridian,1,1,1,0,47,100,935,468,v001,agent:DataEngineer
2026-11-01,105,18:30,chat,Meridian,1,1,1,0,40,100,1014,507,v001,agent:DataEngineer
2026-11-01,105,19:00,chat,Meridian,1,1,1,0,47,100,1065,533,v001,agent:DataEngineer
2026-11-01,105,19:30,chat,Meridian,1,1,1,0,41,100,1043,522,v001,agent:DataEngineer
2026-11-01,105,20:00,chat,Meridian,0,0,0,0,0,0,0,0,v001,agent:DataEngineer
2026-11-01,105,20:30,chat,Meridian,0,0,0,0,0,0,0,0,v001,agent:DataEngineer
2026-11-01,105,21:00,chat,Meridian,0,0,0,0,0,0,0,0,v001,agent:DataEngineer
2026-11-01,105,21:30,chat,Meridian,0,0,0,0,0,0,0,0,v001,agent:DataEngineer
2026-11-01,105,22:00,chat,Meridian,0,0,0,0,0,0,0,0,v001,agent:DataEngineer
2026-11-01,105,22:30,chat,Meridian,1,1,1,0,45,100,977,488,v001,agent:DataEngineer
2026-11-01,105,23:00,chat,Meridian,1,1,1,0,51,100,1013,507,v001,agent:DataEngineer
2026-11-01,105,23:30,chat,Meridian,0,0,0,0,0,0,0,0,v001,agent:DataEngineer
2026-11-02,106,00:00,voice,Meridian,0,0,0,0,0,0,0,0,v001,agent:DataEngineer
2026-11-02,106,00:30,voice,Meridian,0,0,0,0,0,0,0,0,v001,agent:DataEngineer
2026-11-02,106,01:00,voice,Meridian,0,0,0,0,0,0,0,0,v001,agent:DataEngineer
2026-11-02,106,01:30,voice,Meridian,0,0,0,0,0,0,0,0,v001,agent:DataEngineer
2026-11-02,106,02:00,voice,Meridian,0,0,0,0,0,0,0,0,v001,agent:DataEngineer
2026-11-02,106,02:30,voice,Meridian,0,0,0,0,0,0,0,0,v001,agent:DataEngineer
2026-11-02,106,03:00,voice,Meridian,0,0,0,0,0,0,0,0,v001,agent:DataEngineer
2026-11-02,106,03:30,voice,Meridian,0,0,0,0,0,0,0,0,v001,agent:DataEngineer
2026-11-02,106,04:00,voice,Meridian,1,1,1,0,12,100,1702,1702,v001,agent:DataEngineer
2026-11-02,106,04:30,voice,Meridian,0,0,0,0,0,0,0,0,v001,agent:DataEngineer
2026-11-02,106,05:00,voice,Meridian,0,0,0,0,0,0,0,0,v001,agent:DataEngineer
2026-11-02,106,05:30,voice,Meridian,0,0,0,0,0,0,0,0,v001,agent:DataEngineer
2026-11-02,106,06:00,voice,Meridian,1,1,1,0,11,100,1668,1668,v001,agent:DataEngineer
2026-11-02,106,06:30,voice,Meridian,1,1,1,0,14,100,1672,1672,v001,agent:DataEngineer
2026-11-02,106,07:00,voice,Meridian,1,1,1,0,14,100,1685,1685,v001,agent:DataEngineer
2026-11-02,106,07:30,voice,Meridian,1,1,1,0,11,100,1854,1854,v001,agent:DataEngineer
2026-11-02,106,08:00,voice,Meridian,2,2,2,0,9,100,1687,1687,v001,agent:DataEngineer
2026-11-02,106,08:30,voice,Meridian,2,2,2,0,10,100,1585,1585,v001,agent:DataEngineer
2026-11-02,106,09:00,voice,Meridian,3,3,3,0,12,100,1504,1504,v001,agent:DataEngineer
2026-11-02,106,09:30,voice,Meridian,3,3,3,0,14,100,1815,1815,v001,agent:DataEngineer
2026-11-02,106,10:00,voice,Meridian,4,4,4,0,13,100,1611,1611,v001,agent:DataEngineer
2026-11-02,106,10:30,voice,Meridian,4,3,3,1,62,75,1748,1748,v001,agent:DataEngineer
2026-11-02,106,11:00,voice,Meridian,3,3,3,0,14,100,1808,1808,v001,agent:DataEngineer
2026-11-02,106,11:30,voice,Meridian,3,3,2,0,103,66.7,1527,1527,v001,agent:DataEngineer
2026-11-02,106,12:00,voice,Meridian,2,2,2,0,11,100,1675,1675,v001,agent:DataEngineer
2026-11-02,106,12:30,voice,Meridian,3,3,3,0,10,100,1790,1790,v001,agent:DataEngineer
2026-11-02,106,13:00,voice,Meridian,4,4,4,0,13,100,1608,1608,v001,agent:DataEngineer
2026-11-02,106,13:30,voice,Meridian,3,3,3,0,11,100,1752,1752,v001,agent:DataEngineer
2026-11-02,106,14:00,voice,Meridian,4,3,3,1,61,75,1503,1503,v001,agent:DataEngineer
2026-11-02,106,14:30,voice,Meridian,3,3,3,0,11,100,1740,1740,v001,agent:DataEngineer
2026-11-02,106,15:00,voice,Meridian,3,3,3,0,11,100,1566,1566,v001,agent:DataEngineer
2026-11-02,106,15:30,voice,Meridian,3,3,3,0,11,100,1685,1685,v001,agent:DataEngineer
2026-11-02,106,16:00,voice,Meridian,3,3,3,0,15,100,1670,1670,v001,agent:DataEngineer
2026-11-02,106,16:30,voice,Meridian,3,3,3,0,12,100,1733,1733,v001,agent:DataEngineer
2026-11-02,106,17:00,voice,Meridian,2,2,2,0,11,100,1821,1821,v001,agent:DataEngineer
2026-11-02,106,17:30,voice,Meridian,2,2,2,0,12,100,1562,1562,v001,agent:DataEngineer
2026-11-02,106,18:00,voice,Meridian,1,1,1,0,11,100,1714,1714,v001,agent:DataEngineer
2026-11-02,106,18:30,voice,Meridian,1,1,1,0,13,100,1708,1708,v001,agent:DataEngineer
2026-11-02,106,19:00,voice,Meridian,1,1,1,0,12,100,1655,1655,v001,agent:DataEngineer
2026-11-02,106,19:30,voice,Meridian,1,1,1,0,11,100,1668,1668,v001,agent:DataEngineer
2026-11-02,106,20:00,voice,Meridian,1,1,1,0,14,100,1791,1791,v001,agent:DataEngineer
2026-11-02,106,20:30,voice,Meridian,1,1,1,0,12,100,1558,1558,v001,agent:DataEngineer
2026-11-02,106,21:00,voice,Meridian,0,0,0,0,0,0,0,0,v001,agent:DataEngineer
2026-11-02,106,21:30,voice,Meridian,0,0,0,0,0,0,0,0,v001,agent:DataEngineer
2026-11-02,106,22:00,voice,Meridian,0,0,0,0,0,0,0,0,v001,agent:DataEngineer
2026-11-02,106,22:30,voice,Meridian,0,0,0,0,0,0,0,0,v001,agent:DataEngineer
2026-11-02,106,23:00,voice,Meridian,0,0,0,0,0,0,0,0,v001,agent:DataEngineer
2026-11-02,106,23:30,voice,Meridian,0,0,0,0,0,0,0,0,v001,agent:DataEngineer
2026-11-02,106,00:00,chat,Meridian,1,1,1,0,51,100,1128,564,v001,agent:DataEngineer
2026-11-02,106,00:30,chat,Meridian,1,1,1,0,51,100,1060,530,v001,agent:DataEngineer
2026-11-02,106,01:00,chat,Meridian,1,1,1,0,47,100,1142,571,v001,agent:DataEngineer
2026-11-02,106,01:30,chat,Meridian,0,0,0,0,0,0,0,0,v001,agent:DataEngineer
2026-11-02,106,02:00,chat,Meridian,1,1,1,0,41,100,1003,501,v001,agent:DataEngineer
2026-11-02,106,02:30,chat,Meridian,1,1,1,0,49,100,1079,539,v001,agent:DataEngineer
2026-11-02,106,03:00,chat,Meridian,1,1,1,0,40,100,1096,548,v001,agent:DataEngineer
2026-11-02,106,03:30,chat,Meridian,1,1,1,0,43,100,1061,530,v001,agent:DataEngineer
2026-11-02,106,04:00,chat,Meridian,1,1,1,0,53,100,1054,527,v001,agent:DataEngineer
2026-11-02,106,04:30,chat,Meridian,1,1,1,0,43,100,1259,630,v001,agent:DataEngineer
2026-11-02,106,05:00,chat,Meridian,1,1,1,0,43,100,1058,529,v001,agent:DataEngineer
2026-11-02,106,05:30,chat,Meridian,1,1,1,0,47,100,1048,524,v001,agent:DataEngineer
2026-11-02,106,06:00,chat,Meridian,1,1,1,0,47,100,1075,537,v001,agent:DataEngineer
2026-11-02,106,06:30,chat,Meridian,1,1,1,0,39,100,1014,507,v001,agent:DataEngineer
2026-11-02,106,07:00,chat,Meridian,1,1,1,0,45,100,1107,554,v001,agent:DataEngineer
2026-11-02,106,07:30,chat,Meridian,1,1,1,0,44,100,1110,555,v001,agent:DataEngineer
2026-11-02,106,08:00,chat,Meridian,3,3,3,0,38,100,1075,538,v001,agent:DataEngineer
2026-11-02,106,08:30,chat,Meridian,3,3,3,0,39,100,1148,574,v001,agent:DataEngineer
2026-11-02,106,09:00,chat,Meridian,6,5,5,1,96,83.3,1023,512,v001,agent:DataEngineer
2026-11-02,106,09:30,chat,Meridian,6,6,6,0,43,100,968,484,v001,agent:DataEngineer
2026-11-02,106,10:00,chat,Meridian,7,7,7,0,44,100,953,477,v001,agent:DataEngineer
2026-11-02,106,10:30,chat,Meridian,8,7,7,1,66,87.5,1118,559,v001,agent:DataEngineer
2026-11-02,106,11:00,chat,Meridian,8,7,7,1,72,87.5,1118,559,v001,agent:DataEngineer
2026-11-02,106,11:30,chat,Meridian,7,7,6,0,84,85.7,1076,538,v001,agent:DataEngineer
2026-11-02,106,12:00,chat,Meridian,5,5,5,0,42,100,1029,515,v001,agent:DataEngineer
2026-11-02,106,12:30,chat,Meridian,5,5,4,0,117,80,1094,547,v001,agent:DataEngineer
2026-11-02,106,13:00,chat,Meridian,6,6,6,0,43,100,1149,575,v001,agent:DataEngineer
2026-11-02,106,13:30,chat,Meridian,4,4,4,0,46,100,1157,578,v001,agent:DataEngineer
2026-11-02,106,14:00,chat,Meridian,5,5,5,0,41,100,1089,545,v001,agent:DataEngineer
2026-11-02,106,14:30,chat,Meridian,7,7,6,0,68,85.7,1101,550,v001,agent:DataEngineer
2026-11-02,106,15:00,chat,Meridian,6,6,5,0,80,83.3,1045,523,v001,agent:DataEngineer
2026-11-02,106,15:30,chat,Meridian,7,6,6,1,77,85.7,1040,520,v001,agent:DataEngineer
2026-11-02,106,16:00,chat,Meridian,5,5,5,0,43,100,947,474,v001,agent:DataEngineer
2026-11-02,106,16:30,chat,Meridian,7,6,6,1,75,85.7,1005,503,v001,agent:DataEngineer
2026-11-02,106,17:00,chat,Meridian,3,3,3,0,50,100,1009,505,v001,agent:DataEngineer
2026-11-02,106,17:30,chat,Meridian,3,3,3,0,45,100,1072,536,v001,agent:DataEngineer
2026-11-02,106,18:00,chat,Meridian,2,2,2,0,48,100,1019,509,v001,agent:DataEngineer
2026-11-02,106,18:30,chat,Meridian,1,1,1,0,44,100,1028,514,v001,agent:DataEngineer
2026-11-02,106,19:00,chat,Meridian,1,1,1,0,38,100,1217,608,v001,agent:DataEngineer
2026-11-02,106,19:30,chat,Meridian,1,1,1,0,44,100,991,496,v001,agent:DataEngineer
2026-11-02,106,20:00,chat,Meridian,1,1,1,0,49,100,1054,527,v001,agent:DataEngineer
2026-11-02,106,20:30,chat,Meridian,1,1,1,0,46,100,1076,538,v001,agent:DataEngineer
2026-11-02,106,21:00,chat,Meridian,1,1,1,0,39,100,1129,564,v001,agent:DataEngineer
2026-11-02,106,21:30,chat,Meridian,1,1,1,0,46,100,1026,513,v001,agent:DataEngineer
2026-11-02,106,22:00,chat,Meridian,1,1,1,0,47,100,1112,556,v001,agent:DataEngineer
2026-11-02,106,22:30,chat,Meridian,1,1,1,0,45,100,1062,531,v001,agent:DataEngineer
2026-11-02,106,23:00,chat,Meridian,0,0,0,0,0,0,0,0,v001,agent:DataEngineer
2026-11-02,106,23:30,chat,Meridian,1,1,1,0,41,100,1112,556,v001,agent:DataEngineer
2026-11-03,107,00:00,voice,Meridian,1,1,1,0,11,100,2107,2107,v001,agent:DataEngineer
2026-11-03,107,00:30,voice,Meridian,1,1,1,0,14,100,1936,1936,v001,agent:DataEngineer
2026-11-03,107,01:00,voice,Meridian,1,1,1,0,13,100,1998,1998,v001,agent:DataEngineer
2026-11-03,107,01:30,voice,Meridian,1,1,1,0,12,100,2129,2129,v001,agent:DataEngineer
2026-11-03,107,02:00,voice,Meridian,0,0,0,0,0,0,0,0,v001,agent:DataEngineer
2026-11-03,107,02:30,voice,Meridian,0,0,0,0,0,0,0,0,v001,agent:DataEngineer
2026-11-03,107,03:00,voice,Meridian,1,1,1,0,12,100,2107,2107,v001,agent:DataEngineer
2026-11-03,107,03:30,voice,Meridian,1,1,1,0,12,100,1891,1891,v001,agent:DataEngineer
2026-11-03,107,04:00,voice,Meridian,1,1,1,0,10,100,1737,1737,v001,agent:DataEngineer
2026-11-03,107,04:30,voice,Meridian,1,1,1,0,10,100,1962,1962,v001,agent:DataEngineer
2026-11-03,107,05:00,voice,Meridian,0,0,0,0,0,0,0,0,v001,agent:DataEngineer
2026-11-03,107,05:30,voice,Meridian,1,1,1,0,13,100,2008,2008,v001,agent:DataEngineer
2026-11-03,107,06:00,voice,Meridian,0,0,0,0,0,0,0,0,v001,agent:DataEngineer
2026-11-03,107,06:30,voice,Meridian,1,1,1,0,12,100,2044,2044,v001,agent:DataEngineer
2026-11-03,107,07:00,voice,Meridian,1,1,1,0,10,100,1934,1934,v001,agent:DataEngineer
2026-11-03,107,07:30,voice,Meridian,1,1,1,0,14,100,1910,1910,v001,agent:DataEngineer
2026-11-03,107,08:00,voice,Meridian,2,2,2,0,13,100,1861,1861,v001,agent:DataEngineer
2026-11-03,107,08:30,voice,Meridian,2,2,2,0,13,100,1970,1970,v001,agent:DataEngineer
2026-11-03,107,09:00,voice,Meridian,3,3,3,0,11,100,1789,1789,v001,agent:DataEngineer
2026-11-03,107,09:30,voice,Meridian,4,4,4,0,9,100,1785,1785,v001,agent:DataEngineer
2026-11-03,107,10:00,voice,Meridian,5,5,5,0,13,100,1875,1875,v001,agent:DataEngineer
2026-11-03,107,10:30,voice,Meridian,5,4,4,1,50,80,1711,1711,v001,agent:DataEngineer
2026-11-03,107,11:00,voice,Meridian,4,4,4,0,13,100,1965,1965,v001,agent:DataEngineer
2026-11-03,107,11:30,voice,Meridian,5,5,5,0,13,100,1931,1931,v001,agent:DataEngineer
2026-11-03,107,12:00,voice,Meridian,3,3,3,0,10,100,1779,1779,v001,agent:DataEngineer
2026-11-03,107,12:30,voice,Meridian,4,4,4,0,14,100,1826,1826,v001,agent:DataEngineer
2026-11-03,107,13:00,voice,Meridian,3,3,3,0,13,100,1933,1933,v001,agent:DataEngineer
2026-11-03,107,13:30,voice,Meridian,4,4,4,0,13,100,1915,1915,v001,agent:DataEngineer
2026-11-03,107,14:00,voice,Meridian,4,4,4,0,11,100,2115,2115,v001,agent:DataEngineer
2026-11-03,107,14:30,voice,Meridian,3,3,3,0,12,100,1771,1771,v001,agent:DataEngineer
2026-11-03,107,15:00,voice,Meridian,5,4,4,1,46,80,2078,2078,v001,agent:DataEngineer
2026-11-03,107,15:30,voice,Meridian,3,3,3,0,12,100,1915,1915,v001,agent:DataEngineer
2026-11-03,107,16:00,voice,Meridian,3,3,2,0,106,66.7,1897,1897,v001,agent:DataEngineer
2026-11-03,107,16:30,voice,Meridian,3,3,3,0,12,100,1867,1867,v001,agent:DataEngineer
2026-11-03,107,17:00,voice,Meridian,2,2,2,0,11,100,2027,2027,v001,agent:DataEngineer
2026-11-03,107,17:30,voice,Meridian,2,2,2,0,10,100,1863,1863,v001,agent:DataEngineer
2026-11-03,107,18:00,voice,Meridian,1,1,1,0,12,100,1981,1981,v001,agent:DataEngineer
2026-11-03,107,18:30,voice,Meridian,1,1,1,0,14,100,2012,2012,v001,agent:DataEngineer
2026-11-03,107,19:00,voice,Meridian,1,1,1,0,10,100,1937,1937,v001,agent:DataEngineer
2026-11-03,107,19:30,voice,Meridian,1,1,1,0,11,100,1784,1784,v001,agent:DataEngineer
2026-11-03,107,20:00,voice,Meridian,1,1,1,0,14,100,2014,2014,v001,agent:DataEngineer
2026-11-03,107,20:30,voice,Meridian,0,0,0,0,0,0,0,0,v001,agent:DataEngineer
2026-11-03,107,21:00,voice,Meridian,0,0,0,0,0,0,0,0,v001,agent:DataEngineer
2026-11-03,107,21:30,voice,Meridian,0,0,0,0,0,0,0,0,v001,agent:DataEngineer
2026-11-03,107,22:00,voice,Meridian,0,0,0,0,0,0,0,0,v001,agent:DataEngineer
2026-11-03,107,22:30,voice,Meridian,0,0,0,0,0,0,0,0,v001,agent:DataEngineer
2026-11-03,107,23:00,voice,Meridian,0,0,0,0,0,0,0,0,v001,agent:DataEngineer
2026-11-03,107,23:30,voice,Meridian,0,0,0,0,0,0,0,0,v001,agent:DataEngineer
2026-11-03,107,00:00,chat,Meridian,1,1,1,0,49,100,1087,543,v001,agent:DataEngineer
2026-11-03,107,00:30,chat,Meridian,1,1,1,0,55,100,1042,521,v001,agent:DataEngineer
2026-11-03,107,01:00,chat,Meridian,1,1,1,0,52,100,965,483,v001,agent:DataEngineer
2026-11-03,107,01:30,chat,Meridian,1,1,1,0,50,100,969,484,v001,agent:DataEngineer
2026-11-03,107,02:00,chat,Meridian,1,1,1,0,48,100,993,497,v001,agent:DataEngineer
2026-11-03,107,02:30,chat,Meridian,1,1,1,0,49,100,1080,540,v001,agent:DataEngineer
2026-11-03,107,03:00,chat,Meridian,1,1,1,0,42,100,987,494,v001,agent:DataEngineer
2026-11-03,107,03:30,chat,Meridian,1,1,1,0,36,100,953,477,v001,agent:DataEngineer
2026-11-03,107,04:00,chat,Meridian,1,1,1,0,54,100,1070,535,v001,agent:DataEngineer
2026-11-03,107,04:30,chat,Meridian,1,1,1,0,52,100,977,489,v001,agent:DataEngineer
2026-11-03,107,05:00,chat,Meridian,1,1,1,0,37,100,948,474,v001,agent:DataEngineer
2026-11-03,107,05:30,chat,Meridian,1,1,1,0,51,100,1021,511,v001,agent:DataEngineer
2026-11-03,107,06:00,chat,Meridian,1,1,1,0,45,100,1092,546,v001,agent:DataEngineer
2026-11-03,107,06:30,chat,Meridian,1,1,1,0,39,100,970,485,v001,agent:DataEngineer
2026-11-03,107,07:00,chat,Meridian,1,1,1,0,46,100,1108,554,v001,agent:DataEngineer
2026-11-03,107,07:30,chat,Meridian,2,2,2,0,45,100,1047,524,v001,agent:DataEngineer
2026-11-03,107,08:00,chat,Meridian,4,4,4,0,52,100,1111,556,v001,agent:DataEngineer
2026-11-03,107,08:30,chat,Meridian,4,4,4,0,39,100,913,457,v001,agent:DataEngineer
2026-11-03,107,09:00,chat,Meridian,6,6,6,0,38,100,1063,532,v001,agent:DataEngineer
2026-11-03,107,09:30,chat,Meridian,9,9,9,0,39,100,983,491,v001,agent:DataEngineer
2026-11-03,107,10:00,chat,Meridian,10,9,9,1,76,90,966,483,v001,agent:DataEngineer
2026-11-03,107,10:30,chat,Meridian,7,7,7,0,44,100,1104,552,v001,agent:DataEngineer
2026-11-03,107,11:00,chat,Meridian,8,7,7,1,73,87.5,1130,565,v001,agent:DataEngineer
2026-11-03,107,11:30,chat,Meridian,7,6,5,1,180,71.4,1024,512,v001,agent:DataEngineer
2026-11-03,107,12:00,chat,Meridian,8,8,8,0,45,100,941,470,v001,agent:DataEngineer
2026-11-03,107,12:30,chat,Meridian,7,7,7,0,39,100,1017,508,v001,agent:DataEngineer
2026-11-03,107,13:00,chat,Meridian,9,8,8,1,64,88.9,980,490,v001,agent:DataEngineer
2026-11-03,107,13:30,chat,Meridian,10,10,10,0,44,100,1206,603,v001,agent:DataEngineer
2026-11-03,107,14:00,chat,Meridian,9,8,8,1,68,88.9,939,470,v001,agent:DataEngineer
2026-11-03,107,14:30,chat,Meridian,8,8,8,0,45,100,1097,549,v001,agent:DataEngineer
2026-11-03,107,15:00,chat,Meridian,9,8,8,1,55,88.9,959,480,v001,agent:DataEngineer
2026-11-03,107,15:30,chat,Meridian,6,6,5,0,81,83.3,1013,506,v001,agent:DataEngineer
2026-11-03,107,16:00,chat,Meridian,5,5,4,0,150,80,1016,508,v001,agent:DataEngineer
2026-11-03,107,16:30,chat,Meridian,6,6,6,0,49,100,1009,505,v001,agent:DataEngineer
2026-11-03,107,17:00,chat,Meridian,4,4,4,0,41,100,891,446,v001,agent:DataEngineer
2026-11-03,107,17:30,chat,Meridian,4,4,4,0,48,100,1101,550,v001,agent:DataEngineer
2026-11-03,107,18:00,chat,Meridian,2,2,2,0,42,100,921,461,v001,agent:DataEngineer
2026-11-03,107,18:30,chat,Meridian,2,2,2,0,43,100,1015,508,v001,agent:DataEngineer
2026-11-03,107,19:00,chat,Meridian,1,1,1,0,45,100,1026,513,v001,agent:DataEngineer
2026-11-03,107,19:30,chat,Meridian,1,1,1,0,44,100,1130,565,v001,agent:DataEngineer
2026-11-03,107,20:00,chat,Meridian,1,1,1,0,43,100,1019,509,v001,agent:DataEngineer
2026-11-03,107,20:30,chat,Meridian,1,1,1,0,43,100,1058,529,v001,agent:DataEngineer
2026-11-03,107,21:00,chat,Meridian,1,1,1,0,34,100,999,500,v001,agent:DataEngineer
2026-11-03,107,21:30,chat,Meridian,1,1,1,0,46,100,1061,530,v001,agent:DataEngineer
2026-11-03,107,22:00,chat,Meridian,1,1,1,0,42,100,1109,555,v001,agent:DataEngineer
2026-11-03,107,22:30,chat,Meridian,1,1,1,0,49,100,918,459,v001,agent:DataEngineer
2026-11-03,107,23:00,chat,Meridian,1,1,1,0,48,100,1133,567,v001,agent:DataEngineer
2026-11-03,107,23:30,chat,Meridian,1,1,1,0,40,100,954,477,v001,agent:DataEngineer
2026-11-04,108,00:00,voice,Meridian,0,0,0,0,0,0,0,0,v001,agent:DataEngineer
2026-11-04,108,00:30,voice,Meridian,1,1,1,0,12,100,1722,1722,v001,agent:DataEngineer
2026-11-04,108,01:00,voice,Meridian,1,1,1,0,14,100,1883,1883,v001,agent:DataEngineer
2026-11-04,108,01:30,voice,Meridian,0,0,0,0,0,0,0,0,v001,agent:DataEngineer
2026-11-04,108,02:00,voice,Meridian,1,1,1,0,11,100,1976,1976,v001,agent:DataEngineer
2026-11-04,108,02:30,voice,Meridian,0,0,0,0,0,0,0,0,v001,agent:DataEngineer
2026-11-04,108,03:00,voice,Meridian,1,1,1,0,13,100,1891,1891,v001,agent:DataEngineer
2026-11-04,108,03:30,voice,Meridian,0,0,0,0,0,0,0,0,v001,agent:DataEngineer
2026-11-04,108,04:00,voice,Meridian,0,0,0,0,0,0,0,0,v001,agent:DataEngineer
2026-11-04,108,04:30,voice,Meridian,0,0,0,0,0,0,0,0,v001,agent:DataEngineer
2026-11-04,108,05:00,voice,Meridian,1,1,1,0,14,100,1778,1778,v001,agent:DataEngineer
2026-11-04,108,05:30,voice,Meridian,0,0,0,0,0,0,0,0,v001,agent:DataEngineer
2026-11-04,108,06:00,voice,Meridian,1,1,1,0,12,100,2024,2024,v001,agent:DataEngineer
2026-11-04,108,06:30,voice,Meridian,1,1,1,0,11,100,1786,1786,v001,agent:DataEngineer
2026-11-04,108,07:00,voice,Meridian,1,1,1,0,12,100,1970,1970,v001,agent:DataEngineer
2026-11-04,108,07:30,voice,Meridian,1,1,1,0,12,100,1754,1754,v001,agent:DataEngineer
2026-11-04,108,08:00,voice,Meridian,1,1,1,0,10,100,1921,1921,v001,agent:DataEngineer
2026-11-04,108,08:30,voice,Meridian,2,2,2,0,10,100,1847,1847,v001,agent:DataEngineer
2026-11-04,108,09:00,voice,Meridian,4,4,4,0,13,100,1911,1911,v001,agent:DataEngineer
2026-11-04,108,09:30,voice,Meridian,3,3,3,0,10,100,1980,1980,v001,agent:DataEngineer
2026-11-04,108,10:00,voice,Meridian,4,4,4,0,11,100,1868,1868,v001,agent:DataEngineer
2026-11-04,108,10:30,voice,Meridian,4,4,4,0,10,100,1939,1939,v001,agent:DataEngineer
2026-11-04,108,11:00,voice,Meridian,4,4,4,0,11,100,1817,1817,v001,agent:DataEngineer
2026-11-04,108,11:30,voice,Meridian,3,3,3,0,11,100,2249,2249,v001,agent:DataEngineer
2026-11-04,108,12:00,voice,Meridian,4,4,4,0,12,100,1855,1855,v001,agent:DataEngineer
2026-11-04,108,12:30,voice,Meridian,3,3,3,0,12,100,1963,1963,v001,agent:DataEngineer
2026-11-04,108,13:00,voice,Meridian,4,3,3,1,54,75,1734,1734,v001,agent:DataEngineer
2026-11-04,108,13:30,voice,Meridian,3,3,3,0,12,100,1647,1647,v001,agent:DataEngineer
2026-11-04,108,14:00,voice,Meridian,4,4,4,0,15,100,1831,1831,v001,agent:DataEngineer
2026-11-04,108,14:30,voice,Meridian,3,3,3,0,14,100,1869,1869,v001,agent:DataEngineer
2026-11-04,108,15:00,voice,Meridian,5,4,4,1,47,80,1835,1835,v001,agent:DataEngineer
2026-11-04,108,15:30,voice,Meridian,3,3,3,0,16,100,1692,1692,v001,agent:DataEngineer
2026-11-04,108,16:00,voice,Meridian,2,2,2,0,12,100,1776,1776,v001,agent:DataEngineer
2026-11-04,108,16:30,voice,Meridian,3,3,3,0,10,100,1919,1919,v001,agent:DataEngineer
2026-11-04,108,17:00,voice,Meridian,2,2,2,0,14,100,1586,1586,v001,agent:DataEngineer
2026-11-04,108,17:30,voice,Meridian,2,2,2,0,12,100,1841,1841,v001,agent:DataEngineer
2026-11-04,108,18:00,voice,Meridian,1,1,1,0,10,100,1778,1778,v001,agent:DataEngineer
2026-11-04,108,18:30,voice,Meridian,1,1,1,0,14,100,1806,1806,v001,agent:DataEngineer
2026-11-04,108,19:00,voice,Meridian,1,1,1,0,10,100,1643,1643,v001,agent:DataEngineer
2026-11-04,108,19:30,voice,Meridian,1,1,1,0,10,100,2076,2076,v001,agent:DataEngineer
2026-11-04,108,20:00,voice,Meridian,1,1,1,0,13,100,1974,1974,v001,agent:DataEngineer
2026-11-04,108,20:30,voice,Meridian,1,1,1,0,15,100,1983,1983,v001,agent:DataEngineer
2026-11-04,108,21:00,voice,Meridian,0,0,0,0,0,0,0,0,v001,agent:DataEngineer
2026-11-04,108,21:30,voice,Meridian,1,1,1,0,12,100,1808,1808,v001,agent:DataEngineer
2026-11-04,108,22:00,voice,Meridian,1,1,1,0,11,100,1924,1924,v001,agent:DataEngineer
2026-11-04,108,22:30,voice,Meridian,0,0,0,0,0,0,0,0,v001,agent:DataEngineer
2026-11-04,108,23:00,voice,Meridian,0,0,0,0,0,0,0,0,v001,agent:DataEngineer
2026-11-04,108,23:30,voice,Meridian,1,1,1,0,11,100,1946,1946,v001,agent:DataEngineer
2026-11-04,108,00:00,chat,Meridian,1,1,1,0,43,100,971,486,v001,agent:DataEngineer
2026-11-04,108,00:30,chat,Meridian,1,1,1,0,37,100,1080,540,v001,agent:DataEngineer
2026-11-04,108,01:00,chat,Meridian,1,1,1,0,45,100,1042,521,v001,agent:DataEngineer
2026-11-04,108,01:30,chat,Meridian,1,1,1,0,44,100,994,497,v001,agent:DataEngineer
2026-11-04,108,02:00,chat,Meridian,1,1,1,0,41,100,1023,511,v001,agent:DataEngineer
2026-11-04,108,02:30,chat,Meridian,1,1,1,0,43,100,1066,533,v001,agent:DataEngineer
2026-11-04,108,03:00,chat,Meridian,1,1,1,0,43,100,1022,511,v001,agent:DataEngineer
2026-11-04,108,03:30,chat,Meridian,1,1,1,0,56,100,1083,542,v001,agent:DataEngineer
2026-11-04,108,04:00,chat,Meridian,1,1,1,0,46,100,973,487,v001,agent:DataEngineer
2026-11-04,108,04:30,chat,Meridian,1,1,1,0,40,100,1038,519,v001,agent:DataEngineer
2026-11-04,108,05:00,chat,Meridian,1,1,1,0,39,100,991,495,v001,agent:DataEngineer
2026-11-04,108,05:30,chat,Meridian,1,1,1,0,39,100,978,489,v001,agent:DataEngineer
2026-11-04,108,06:00,chat,Meridian,1,1,1,0,44,100,965,483,v001,agent:DataEngineer
2026-11-04,108,06:30,chat,Meridian,1,1,1,0,56,100,1074,537,v001,agent:DataEngineer
2026-11-04,108,07:00,chat,Meridian,1,1,1,0,47,100,1025,513,v001,agent:DataEngineer
2026-11-04,108,07:30,chat,Meridian,2,2,2,0,43,100,1072,536,v001,agent:DataEngineer
2026-11-04,108,08:00,chat,Meridian,4,4,4,0,48,100,971,486,v001,agent:DataEngineer
2026-11-04,108,08:30,chat,Meridian,4,4,4,0,41,100,1067,534,v001,agent:DataEngineer
2026-11-04,108,09:00,chat,Meridian,5,5,5,0,43,100,1031,516,v001,agent:DataEngineer
2026-11-04,108,09:30,chat,Meridian,7,7,7,0,44,100,1097,549,v001,agent:DataEngineer
2026-11-04,108,10:00,chat,Meridian,8,8,8,0,38,100,1124,562,v001,agent:DataEngineer
2026-11-04,108,10:30,chat,Meridian,9,8,8,1,57,88.9,1040,520,v001,agent:DataEngineer
2026-11-04,108,11:00,chat,Meridian,10,9,9,1,55,90,1119,560,v001,agent:DataEngineer
2026-11-04,108,11:30,chat,Meridian,6,6,6,0,47,100,944,472,v001,agent:DataEngineer
2026-11-04,108,12:00,chat,Meridian,6,6,6,0,49,100,1034,517,v001,agent:DataEngineer
2026-11-04,108,12:30,chat,Meridian,6,5,5,1,76,83.3,1067,533,v001,agent:DataEngineer
2026-11-04,108,13:00,chat,Meridian,6,6,6,0,43,100,1007,504,v001,agent:DataEngineer
2026-11-04,108,13:30,chat,Meridian,7,6,6,1,75,85.7,1040,520,v001,agent:DataEngineer
2026-11-04,108,14:00,chat,Meridian,9,8,8,1,65,88.9,916,458,v001,agent:DataEngineer
2026-11-04,108,14:30,chat,Meridian,7,7,7,0,47,100,1027,514,v001,agent:DataEngineer
2026-11-04,108,15:00,chat,Meridian,7,7,7,0,42,100,1084,542,v001,agent:DataEngineer
2026-11-04,108,15:30,chat,Meridian,6,6,6,0,41,100,1010,505,v001,agent:DataEngineer
2026-11-04,108,16:00,chat,Meridian,7,7,7,0,41,100,1034,517,v001,agent:DataEngineer
2026-11-04,108,16:30,chat,Meridian,6,6,6,0,45,100,954,477,v001,agent:DataEngineer
2026-11-04,108,17:00,chat,Meridian,5,5,5,0,44,100,1159,580,v001,agent:DataEngineer
2026-11-04,108,17:30,chat,Meridian,3,3,3,0,46,100,1055,528,v001,agent:DataEngineer
2026-11-04,108,18:00,chat,Meridian,3,3,3,0,46,100,938,469,v001,agent:DataEngineer
2026-11-04,108,18:30,chat,Meridian,2,2,2,0,48,100,1035,518,v001,agent:DataEngineer
2026-11-04,108,19:00,chat,Meridian,1,1,1,0,49,100,955,477,v001,agent:DataEngineer
2026-11-04,108,19:30,chat,Meridian,1,1,1,0,43,100,1042,521,v001,agent:DataEngineer
2026-11-04,108,20:00,chat,Meridian,1,1,1,0,45,100,1187,594,v001,agent:DataEngineer
2026-11-04,108,20:30,chat,Meridian,1,1,1,0,43,100,1023,512,v001,agent:DataEngineer
2026-11-04,108,21:00,chat,Meridian,1,1,1,0,43,100,1000,500,v001,agent:DataEngineer
2026-11-04,108,21:30,chat,Meridian,1,1,1,0,39,100,972,486,v001,agent:DataEngineer
2026-11-04,108,22:00,chat,Meridian,1,1,1,0,56,100,1006,503,v001,agent:DataEngineer
2026-11-04,108,22:30,chat,Meridian,1,1,1,0,52,100,1101,550,v001,agent:DataEngineer
2026-11-04,108,23:00,chat,Meridian,1,1,1,0,43,100,927,463,v001,agent:DataEngineer
2026-11-04,108,23:30,chat,Meridian,1,1,1,0,46,100,1015,507,v001,agent:DataEngineer
2026-11-05,109,00:00,voice,Meridian,0,0,0,0,0,0,0,0,v001,agent:DataEngineer
2026-11-05,109,00:30,voice,Meridian,0,0,0,0,0,0,0,0,v001,agent:DataEngineer
2026-11-05,109,01:00,voice,Meridian,0,0,0,0,0,0,0,0,v001,agent:DataEngineer
2026-11-05,109,01:30,voice,Meridian,0,0,0,0,0,0,0,0,v001,agent:DataEngineer
2026-11-05,109,02:00,voice,Meridian,0,0,0,0,0,0,0,0,v001,agent:DataEngineer
2026-11-05,109,02:30,voice,Meridian,1,1,1,0,10,100,1588,1588,v001,agent:DataEngineer
2026-11-05,109,03:00,voice,Meridian,0,0,0,0,0,0,0,0,v001,agent:DataEngineer
2026-11-05,109,03:30,voice,Meridian,0,0,0,0,0,0,0,0,v001,agent:DataEngineer
2026-11-05,109,04:00,voice,Meridian,1,1,1,0,11,100,1688,1688,v001,agent:DataEngineer
2026-11-05,109,04:30,voice,Meridian,0,0,0,0,0,0,0,0,v001,agent:DataEngineer
2026-11-05,109,05:00,voice,Meridian,0,0,0,0,0,0,0,0,v001,agent:DataEngineer
2026-11-05,109,05:30,voice,Meridian,0,0,0,0,0,0,0,0,v001,agent:DataEngineer
2026-11-05,109,06:00,voice,Meridian,1,1,1,0,14,100,1765,1765,v001,agent:DataEngineer
2026-11-05,109,06:30,voice,Meridian,1,1,1,0,13,100,1697,1697,v001,agent:DataEngineer
2026-11-05,109,07:00,voice,Meridian,1,1,1,0,15,100,1864,1864,v001,agent:DataEngineer
2026-11-05,109,07:30,voice,Meridian,1,1,1,0,13,100,2016,2016,v001,agent:DataEngineer
2026-11-05,109,08:00,voice,Meridian,1,1,1,0,12,100,1861,1861,v001,agent:DataEngineer
2026-11-05,109,08:30,voice,Meridian,2,2,2,0,14,100,1884,1884,v001,agent:DataEngineer
2026-11-05,109,09:00,voice,Meridian,2,2,2,0,15,100,1856,1856,v001,agent:DataEngineer
2026-11-05,109,09:30,voice,Meridian,3,3,3,0,11,100,1670,1670,v001,agent:DataEngineer
2026-11-05,109,10:00,voice,Meridian,3,3,2,0,117,66.7,1726,1726,v001,agent:DataEngineer
2026-11-05,109,10:30,voice,Meridian,4,4,4,0,14,100,1695,1695,v001,agent:DataEngineer
2026-11-05,109,11:00,voice,Meridian,4,3,3,1,66,75,1610,1610,v001,agent:DataEngineer
2026-11-05,109,11:30,voice,Meridian,4,4,4,0,12,100,1793,1793,v001,agent:DataEngineer
2026-11-05,109,12:00,voice,Meridian,3,3,3,0,11,100,1755,1755,v001,agent:DataEngineer
2026-11-05,109,12:30,voice,Meridian,3,3,3,0,11,100,1999,1999,v001,agent:DataEngineer
2026-11-05,109,13:00,voice,Meridian,4,4,4,0,11,100,1720,1720,v001,agent:DataEngineer
2026-11-05,109,13:30,voice,Meridian,2,2,2,0,13,100,1675,1675,v001,agent:DataEngineer
2026-11-05,109,14:00,voice,Meridian,3,3,3,0,13,100,1957,1957,v001,agent:DataEngineer
2026-11-05,109,14:30,voice,Meridian,3,3,3,0,14,100,1763,1763,v001,agent:DataEngineer
2026-11-05,109,15:00,voice,Meridian,3,3,3,0,13,100,1678,1678,v001,agent:DataEngineer
2026-11-05,109,15:30,voice,Meridian,4,3,3,1,58,75,1809,1809,v001,agent:DataEngineer
2026-11-05,109,16:00,voice,Meridian,3,3,3,0,12,100,1696,1696,v001,agent:DataEngineer
2026-11-05,109,16:30,voice,Meridian,3,3,3,0,11,100,1687,1687,v001,agent:DataEngineer
2026-11-05,109,17:00,voice,Meridian,2,2,2,0,12,100,1656,1656,v001,agent:DataEngineer
2026-11-05,109,17:30,voice,Meridian,2,2,2,0,13,100,1802,1802,v001,agent:DataEngineer
2026-11-05,109,18:00,voice,Meridian,1,1,1,0,13,100,2009,2009,v001,agent:DataEngineer
2026-11-05,109,18:30,voice,Meridian,1,1,1,0,12,100,1826,1826,v001,agent:DataEngineer
2026-11-05,109,19:00,voice,Meridian,1,1,1,0,11,100,1924,1924,v001,agent:DataEngineer
2026-11-05,109,19:30,voice,Meridian,1,1,1,0,11,100,1662,1662,v001,agent:DataEngineer
2026-11-05,109,20:00,voice,Meridian,1,1,1,0,13,100,1620,1620,v001,agent:DataEngineer
2026-11-05,109,20:30,voice,Meridian,0,0,0,0,0,0,0,0,v001,agent:DataEngineer
2026-11-05,109,21:00,voice,Meridian,0,0,0,0,0,0,0,0,v001,agent:DataEngineer
2026-11-05,109,21:30,voice,Meridian,0,0,0,0,0,0,0,0,v001,agent:DataEngineer
2026-11-05,109,22:00,voice,Meridian,1,1,1,0,13,100,1726,1726,v001,agent:DataEngineer
2026-11-05,109,22:30,voice,Meridian,0,0,0,0,0,0,0,0,v001,agent:DataEngineer
2026-11-05,109,23:00,voice,Meridian,0,0,0,0,0,0,0,0,v001,agent:DataEngineer
2026-11-05,109,23:30,voice,Meridian,1,1,1,0,9,100,1759,1759,v001,agent:DataEngineer
2026-11-05,109,00:00,chat,Meridian,1,1,1,0,46,100,1159,579,v001,agent:DataEngineer
2026-11-05,109,00:30,chat,Meridian,1,1,1,0,47,100,1164,582,v001,agent:DataEngineer
2026-11-05,109,01:00,chat,Meridian,1,1,1,0,44,100,1069,534,v001,agent:DataEngineer
2026-11-05,109,01:30,chat,Meridian,1,1,1,0,52,100,1064,532,v001,agent:DataEngineer
2026-11-05,109,02:00,chat,Meridian,1,1,1,0,38,100,1132,566,v001,agent:DataEngineer
2026-11-05,109,02:30,chat,Meridian,1,1,1,0,41,100,1160,580,v001,agent:DataEngineer
2026-11-05,109,03:00,chat,Meridian,1,1,1,0,38,100,1109,554,v001,agent:DataEngineer
2026-11-05,109,03:30,chat,Meridian,1,1,1,0,41,100,1158,579,v001,agent:DataEngineer
2026-11-05,109,04:00,chat,Meridian,1,1,1,0,54,100,1101,551,v001,agent:DataEngineer
2026-11-05,109,04:30,chat,Meridian,1,1,1,0,44,100,1070,535,v001,agent:DataEngineer
2026-11-05,109,05:00,chat,Meridian,1,1,1,0,40,100,1015,508,v001,agent:DataEngineer
2026-11-05,109,05:30,chat,Meridian,1,1,1,0,47,100,1017,509,v001,agent:DataEngineer
2026-11-05,109,06:00,chat,Meridian,1,1,1,0,47,100,1066,533,v001,agent:DataEngineer
2026-11-05,109,06:30,chat,Meridian,1,1,1,0,51,100,1071,535,v001,agent:DataEngineer
2026-11-05,109,07:00,chat,Meridian,1,1,1,0,49,100,1104,552,v001,agent:DataEngineer
2026-11-05,109,07:30,chat,Meridian,2,2,2,0,39,100,1148,574,v001,agent:DataEngineer
2026-11-05,109,08:00,chat,Meridian,3,3,3,0,35,100,1044,522,v001,agent:DataEngineer
2026-11-05,109,08:30,chat,Meridian,3,3,3,0,43,100,1060,530,v001,agent:DataEngineer
2026-11-05,109,09:00,chat,Meridian,5,5,5,0,44,100,1129,565,v001,agent:DataEngineer
2026-11-05,109,09:30,chat,Meridian,5,5,5,0,45,100,1009,504,v001,agent:DataEngineer
2026-11-05,109,10:00,chat,Meridian,6,6,6,0,41,100,1173,587,v001,agent:DataEngineer
2026-11-05,109,10:30,chat,Meridian,7,6,6,1,89,85.7,1064,532,v001,agent:DataEngineer
2026-11-05,109,11:00,chat,Meridian,7,7,7,0,46,100,1219,610,v001,agent:DataEngineer
2026-11-05,109,11:30,chat,Meridian,7,6,6,1,83,85.7,1098,549,v001,agent:DataEngineer
2026-11-05,109,12:00,chat,Meridian,6,6,6,0,43,100,1178,589,v001,agent:DataEngineer
2026-11-05,109,12:30,chat,Meridian,5,5,5,0,50,100,1087,544,v001,agent:DataEngineer
2026-11-05,109,13:00,chat,Meridian,5,5,5,0,42,100,1063,532,v001,agent:DataEngineer
2026-11-05,109,13:30,chat,Meridian,5,5,5,0,43,100,1288,644,v001,agent:DataEngineer
2026-11-05,109,14:00,chat,Meridian,5,5,5,0,47,100,1114,557,v001,agent:DataEngineer
2026-11-05,109,14:30,chat,Meridian,9,8,8,1,68,88.9,931,466,v001,agent:DataEngineer
2026-11-05,109,15:00,chat,Meridian,6,6,6,0,44,100,1055,528,v001,agent:DataEngineer
2026-11-05,109,15:30,chat,Meridian,9,8,8,1,59,88.9,986,493,v001,agent:DataEngineer
2026-11-05,109,16:00,chat,Meridian,6,6,6,0,39,100,1142,571,v001,agent:DataEngineer
2026-11-05,109,16:30,chat,Meridian,5,5,5,0,37,100,1155,578,v001,agent:DataEngineer
2026-11-05,109,17:00,chat,Meridian,3,3,3,0,38,100,1056,528,v001,agent:DataEngineer
2026-11-05,109,17:30,chat,Meridian,3,3,3,0,43,100,973,486,v001,agent:DataEngineer
2026-11-05,109,18:00,chat,Meridian,2,2,2,0,45,100,1096,548,v001,agent:DataEngineer
2026-11-05,109,18:30,chat,Meridian,2,2,2,0,44,100,1272,636,v001,agent:DataEngineer
2026-11-05,109,19:00,chat,Meridian,1,1,1,0,46,100,1040,520,v001,agent:DataEngineer
2026-11-05,109,19:30,chat,Meridian,1,1,1,0,40,100,1034,517,v001,agent:DataEngineer
2026-11-05,109,20:00,chat,Meridian,1,1,1,0,50,100,1062,531,v001,agent:DataEngineer
2026-11-05,109,20:30,chat,Meridian,1,1,1,0,52,100,1024,512,v001,agent:DataEngineer
2026-11-05,109,21:00,chat,Meridian,1,1,1,0,43,100,1125,563,v001,agent:DataEngineer
2026-11-05,109,21:30,chat,Meridian,1,1,1,0,43,100,1090,545,v001,agent:DataEngineer
2026-11-05,109,22:00,chat,Meridian,1,1,1,0,49,100,1091,546,v001,agent:DataEngineer
2026-11-05,109,22:30,chat,Meridian,1,1,1,0,54,100,1135,568,v001,agent:DataEngineer
2026-11-05,109,23:00,chat,Meridian,1,1,1,0,53,100,1004,502,v001,agent:DataEngineer
2026-11-05,109,23:30,chat,Meridian,1,1,1,0,45,100,1208,604,v001,agent:DataEngineer
2026-11-06,110,00:00,voice,Meridian,0,0,0,0,0,0,0,0,v001,agent:DataEngineer
2026-11-06,110,00:30,voice,Meridian,1,1,1,0,12,100,1712,1712,v001,agent:DataEngineer
2026-11-06,110,01:00,voice,Meridian,0,0,0,0,0,0,0,0,v001,agent:DataEngineer
2026-11-06,110,01:30,voice,Meridian,1,1,1,0,12,100,1746,1746,v001,agent:DataEngineer
2026-11-06,110,02:00,voice,Meridian,0,0,0,0,0,0,0,0,v001,agent:DataEngineer
2026-11-06,110,02:30,voice,Meridian,0,0,0,0,0,0,0,0,v001,agent:DataEngineer
2026-11-06,110,03:00,voice,Meridian,0,0,0,0,0,0,0,0,v001,agent:DataEngineer
2026-11-06,110,03:30,voice,Meridian,0,0,0,0,0,0,0,0,v001,agent:DataEngineer
2026-11-06,110,04:00,voice,Meridian,0,0,0,0,0,0,0,0,v001,agent:DataEngineer
2026-11-06,110,04:30,voice,Meridian,0,0,0,0,0,0,0,0,v001,agent:DataEngineer
2026-11-06,110,05:00,voice,Meridian,1,1,1,0,12,100,1531,1531,v001,agent:DataEngineer
2026-11-06,110,05:30,voice,Meridian,0,0,0,0,0,0,0,0,v001,agent:DataEngineer
2026-11-06,110,06:00,voice,Meridian,0,0,0,0,0,0,0,0,v001,agent:DataEngineer
2026-11-06,110,06:30,voice,Meridian,1,1,1,0,10,100,1668,1668,v001,agent:DataEngineer
2026-11-06,110,07:00,voice,Meridian,1,1,1,0,11,100,1621,1621,v001,agent:DataEngineer
2026-11-06,110,07:30,voice,Meridian,1,1,1,0,15,100,1700,1700,v001,agent:DataEngineer
2026-11-06,110,08:00,voice,Meridian,1,1,1,0,13,100,1538,1538,v001,agent:DataEngineer
2026-11-06,110,08:30,voice,Meridian,2,2,2,0,11,100,1886,1886,v001,agent:DataEngineer
2026-11-06,110,09:00,voice,Meridian,2,2,2,0,13,100,1792,1792,v001,agent:DataEngineer
2026-11-06,110,09:30,voice,Meridian,4,4,4,0,11,100,1688,1688,v001,agent:DataEngineer
2026-11-06,110,10:00,voice,Meridian,3,3,3,0,12,100,1611,1611,v001,agent:DataEngineer
2026-11-06,110,10:30,voice,Meridian,5,4,4,1,55,80,1881,1881,v001,agent:DataEngineer
2026-11-06,110,11:00,voice,Meridian,3,3,3,0,11,100,1656,1656,v001,agent:DataEngineer
2026-11-06,110,11:30,voice,Meridian,4,4,4,0,13,100,1548,1548,v001,agent:DataEngineer
2026-11-06,110,12:00,voice,Meridian,4,4,4,0,10,100,1855,1855,v001,agent:DataEngineer
2026-11-06,110,12:30,voice,Meridian,3,3,3,0,12,100,1766,1766,v001,agent:DataEngineer
2026-11-06,110,13:00,voice,Meridian,3,3,3,0,12,100,1693,1693,v001,agent:DataEngineer
2026-11-06,110,13:30,voice,Meridian,3,3,3,0,14,100,1701,1701,v001,agent:DataEngineer
2026-11-06,110,14:00,voice,Meridian,4,3,3,1,64,75,1666,1666,v001,agent:DataEngineer
2026-11-06,110,14:30,voice,Meridian,3,3,3,0,11,100,1765,1765,v001,agent:DataEngineer
2026-11-06,110,15:00,voice,Meridian,3,3,3,0,11,100,1606,1606,v001,agent:DataEngineer
2026-11-06,110,15:30,voice,Meridian,3,3,3,0,13,100,1577,1577,v001,agent:DataEngineer
2026-11-06,110,16:00,voice,Meridian,3,3,3,0,12,100,1642,1642,v001,agent:DataEngineer
2026-11-06,110,16:30,voice,Meridian,2,2,2,0,13,100,1783,1783,v001,agent:DataEngineer
2026-11-06,110,17:00,voice,Meridian,2,2,2,0,11,100,1713,1713,v001,agent:DataEngineer
2026-11-06,110,17:30,voice,Meridian,1,1,1,0,12,100,1795,1795,v001,agent:DataEngineer
2026-11-06,110,18:00,voice,Meridian,1,1,1,0,12,100,1787,1787,v001,agent:DataEngineer
2026-11-06,110,18:30,voice,Meridian,1,1,1,0,15,100,1753,1753,v001,agent:DataEngineer
2026-11-06,110,19:00,voice,Meridian,1,1,1,0,12,100,1753,1753,v001,agent:DataEngineer
2026-11-06,110,19:30,voice,Meridian,1,1,1,0,11,100,1702,1702,v001,agent:DataEngineer
2026-11-06,110,20:00,voice,Meridian,0,0,0,0,0,0,0,0,v001,agent:DataEngineer
2026-11-06,110,20:30,voice,Meridian,0,0,0,0,0,0,0,0,v001,agent:DataEngineer
2026-11-06,110,21:00,voice,Meridian,0,0,0,0,0,0,0,0,v001,agent:DataEngineer
2026-11-06,110,21:30,voice,Meridian,0,0,0,0,0,0,0,0,v001,agent:DataEngineer
2026-11-06,110,22:00,voice,Meridian,1,1,1,0,14,100,1648,1648,v001,agent:DataEngineer
2026-11-06,110,22:30,voice,Meridian,0,0,0,0,0,0,0,0,v001,agent:DataEngineer
2026-11-06,110,23:00,voice,Meridian,0,0,0,0,0,0,0,0,v001,agent:DataEngineer
2026-11-06,110,23:30,voice,Meridian,0,0,0,0,0,0,0,0,v001,agent:DataEngineer
2026-11-06,110,00:00,chat,Meridian,1,1,1,0,42,100,1083,542,v001,agent:DataEngineer
2026-11-06,110,00:30,chat,Meridian,1,1,1,0,42,100,1267,633,v001,agent:DataEngineer
2026-11-06,110,01:00,chat,Meridian,1,1,1,0,45,100,1042,521,v001,agent:DataEngineer
2026-11-06,110,01:30,chat,Meridian,1,1,1,0,44,100,1088,544,v001,agent:DataEngineer
2026-11-06,110,02:00,chat,Meridian,1,1,1,0,34,100,1080,540,v001,agent:DataEngineer
2026-11-06,110,02:30,chat,Meridian,1,1,1,0,49,100,1162,581,v001,agent:DataEngineer
2026-11-06,110,03:00,chat,Meridian,1,1,1,0,37,100,1218,609,v001,agent:DataEngineer
2026-11-06,110,03:30,chat,Meridian,1,1,1,0,41,100,1189,594,v001,agent:DataEngineer
2026-11-06,110,04:00,chat,Meridian,1,1,1,0,43,100,1150,575,v001,agent:DataEngineer
2026-11-06,110,04:30,chat,Meridian,1,1,1,0,47,100,1024,512,v001,agent:DataEngineer
2026-11-06,110,05:00,chat,Meridian,1,1,1,0,51,100,1103,551,v001,agent:DataEngineer
2026-11-06,110,05:30,chat,Meridian,0,0,0,0,0,0,0,0,v001,agent:DataEngineer
2026-11-06,110,06:00,chat,Meridian,1,1,1,0,48,100,1079,540,v001,agent:DataEngineer
2026-11-06,110,06:30,chat,Meridian,1,1,1,0,35,100,1057,528,v001,agent:DataEngineer
2026-11-06,110,07:00,chat,Meridian,1,1,1,0,46,100,1140,570,v001,agent:DataEngineer
2026-11-06,110,07:30,chat,Meridian,2,2,2,0,38,100,1191,595,v001,agent:DataEngineer
2026-11-06,110,08:00,chat,Meridian,2,2,2,0,40,100,1179,590,v001,agent:DataEngineer
2026-11-06,110,08:30,chat,Meridian,3,3,3,0,44,100,1083,541,v001,agent:DataEngineer
2026-11-06,110,09:00,chat,Meridian,4,4,3,0,133,75,1054,527,v001,agent:DataEngineer
2026-11-06,110,09:30,chat,Meridian,7,6,6,1,69,85.7,1023,512,v001,agent:DataEngineer
2026-11-06,110,10:00,chat,Meridian,7,6,6,1,74,85.7,1090,545,v001,agent:DataEngineer
2026-11-06,110,10:30,chat,Meridian,10,9,9,1,55,90,1101,551,v001,agent:DataEngineer
2026-11-06,110,11:00,chat,Meridian,6,6,5,0,90,83.3,1105,553,v001,agent:DataEngineer
2026-11-06,110,11:30,chat,Meridian,8,7,7,1,71,87.5,1199,600,v001,agent:DataEngineer
2026-11-06,110,12:00,chat,Meridian,6,6,6,0,48,100,1053,526,v001,agent:DataEngineer
2026-11-06,110,12:30,chat,Meridian,6,6,5,0,94,83.3,1069,535,v001,agent:DataEngineer
2026-11-06,110,13:00,chat,Meridian,4,4,4,0,44,100,1158,579,v001,agent:DataEngineer
2026-11-06,110,13:30,chat,Meridian,6,6,6,0,42,100,1191,595,v001,agent:DataEngineer
2026-11-06,110,14:00,chat,Meridian,5,5,5,0,43,100,1214,607,v001,agent:DataEngineer
2026-11-06,110,14:30,chat,Meridian,8,7,7,1,64,87.5,1092,546,v001,agent:DataEngineer
2026-11-06,110,15:00,chat,Meridian,7,7,6,0,72,85.7,1076,538,v001,agent:DataEngineer
2026-11-06,110,15:30,chat,Meridian,6,6,6,0,49,100,1077,538,v001,agent:DataEngineer
2026-11-06,110,16:00,chat,Meridian,4,4,4,0,47,100,1159,579,v001,agent:DataEngineer
2026-11-06,110,16:30,chat,Meridian,5,5,5,0,48,100,1044,522,v001,agent:DataEngineer
2026-11-06,110,17:00,chat,Meridian,3,3,3,0,48,100,1171,585,v001,agent:DataEngineer
2026-11-06,110,17:30,chat,Meridian,2,2,2,0,45,100,1128,564,v001,agent:DataEngineer
2026-11-06,110,18:00,chat,Meridian,2,2,2,0,49,100,1171,586,v001,agent:DataEngineer
2026-11-06,110,18:30,chat,Meridian,2,2,2,0,48,100,1079,539,v001,agent:DataEngineer
2026-11-06,110,19:00,chat,Meridian,1,1,1,0,37,100,1134,567,v001,agent:DataEngineer
2026-11-06,110,19:30,chat,Meridian,1,1,1,0,49,100,1230,615,v001,agent:DataEngineer
2026-11-06,110,20:00,chat,Meridian,1,1,1,0,46,100,1186,593,v001,agent:DataEngineer
2026-11-06,110,20:30,chat,Meridian,1,1,1,0,48,100,1063,532,v001,agent:DataEngineer
2026-11-06,110,21:00,chat,Meridian,1,1,1,0,52,100,1129,564,v001,agent:DataEngineer
2026-11-06,110,21:30,chat,Meridian,1,1,1,0,47,100,1130,565,v001,agent:DataEngineer
2026-11-06,110,22:00,chat,Meridian,1,1,1,0,40,100,1220,610,v001,agent:DataEngineer
2026-11-06,110,22:30,chat,Meridian,1,1,1,0,61,100,1118,559,v001,agent:DataEngineer
2026-11-06,110,23:00,chat,Meridian,1,1,1,0,51,100,1243,621,v001,agent:DataEngineer
2026-11-06,110,23:30,chat,Meridian,1,1,1,0,42,100,1088,544,v001,agent:DataEngineer
2026-11-07,111,00:00,voice,Meridian,0,0,0,0,0,0,0,0,v001,agent:DataEngineer
2026-11-07,111,00:30,voice,Meridian,0,0,0,0,0,0,0,0,v001,agent:DataEngineer
2026-11-07,111,01:00,voice,Meridian,0,0,0,0,0,0,0,0,v001,agent:DataEngineer
2026-11-07,111,01:30,voice,Meridian,0,0,0,0,0,0,0,0,v001,agent:DataEngineer
2026-11-07,111,02:00,voice,Meridian,0,0,0,0,0,0,0,0,v001,agent:DataEngineer
2026-11-07,111,02:30,voice,Meridian,0,0,0,0,0,0,0,0,v001,agent:DataEngineer
2026-11-07,111,03:00,voice,Meridian,0,0,0,0,0,0,0,0,v001,agent:DataEngineer
2026-11-07,111,03:30,voice,Meridian,0,0,0,0,0,0,0,0,v001,agent:DataEngineer
2026-11-07,111,04:00,voice,Meridian,0,0,0,0,0,0,0,0,v001,agent:DataEngineer
2026-11-07,111,04:30,voice,Meridian,0,0,0,0,0,0,0,0,v001,agent:DataEngineer
2026-11-07,111,05:00,voice,Meridian,0,0,0,0,0,0,0,0,v001,agent:DataEngineer
2026-11-07,111,05:30,voice,Meridian,0,0,0,0,0,0,0,0,v001,agent:DataEngineer
2026-11-07,111,06:00,voice,Meridian,0,0,0,0,0,0,0,0,v001,agent:DataEngineer
2026-11-07,111,06:30,voice,Meridian,0,0,0,0,0,0,0,0,v001,agent:DataEngineer
2026-11-07,111,07:00,voice,Meridian,0,0,0,0,0,0,0,0,v001,agent:DataEngineer
2026-11-07,111,07:30,voice,Meridian,0,0,0,0,0,0,0,0,v001,agent:DataEngineer
2026-11-07,111,08:00,voice,Meridian,1,1,1,0,11,100,1737,1737,v001,agent:DataEngineer
2026-11-07,111,08:30,voice,Meridian,1,1,1,0,13,100,1777,1777,v001,agent:DataEngineer
2026-11-07,111,09:00,voice,Meridian,1,1,1,0,12,100,1623,1623,v001,agent:DataEngineer
2026-11-07,111,09:30,voice,Meridian,1,1,1,0,12,100,1729,1729,v001,agent:DataEngineer
2026-11-07,111,10:00,voice,Meridian,2,1,1,1,241,50,1777,1777,v001,agent:DataEngineer
2026-11-07,111,10:30,voice,Meridian,2,2,2,0,10,100,1764,1764,v001,agent:DataEngineer
2026-11-07,111,11:00,voice,Meridian,2,2,2,0,11,100,1663,1663,v001,agent:DataEngineer
2026-11-07,111,11:30,voice,Meridian,2,2,2,0,12,100,1953,1953,v001,agent:DataEngineer
2026-11-07,111,12:00,voice,Meridian,2,2,2,0,14,100,1942,1942,v001,agent:DataEngineer
2026-11-07,111,12:30,voice,Meridian,1,1,1,0,13,100,1845,1845,v001,agent:DataEngineer
2026-11-07,111,13:00,voice,Meridian,2,2,2,0,10,100,1668,1668,v001,agent:DataEngineer
2026-11-07,111,13:30,voice,Meridian,1,1,1,0,11,100,1686,1686,v001,agent:DataEngineer
2026-11-07,111,14:00,voice,Meridian,1,1,1,0,12,100,1918,1918,v001,agent:DataEngineer
2026-11-07,111,14:30,voice,Meridian,1,1,1,0,11,100,1519,1519,v001,agent:DataEngineer
2026-11-07,111,15:00,voice,Meridian,2,2,2,0,13,100,1625,1625,v001,agent:DataEngineer
2026-11-07,111,15:30,voice,Meridian,2,2,2,0,13,100,1661,1661,v001,agent:DataEngineer
2026-11-07,111,16:00,voice,Meridian,1,1,1,0,9,100,1661,1661,v001,agent:DataEngineer
2026-11-07,111,16:30,voice,Meridian,2,2,2,0,11,100,1696,1696,v001,agent:DataEngineer
2026-11-07,111,17:00,voice,Meridian,1,1,1,0,11,100,1873,1873,v001,agent:DataEngineer
2026-11-07,111,17:30,voice,Meridian,1,1,1,0,11,100,1893,1893,v001,agent:DataEngineer
2026-11-07,111,18:00,voice,Meridian,1,1,1,0,11,100,1832,1832,v001,agent:DataEngineer
2026-11-07,111,18:30,voice,Meridian,0,0,0,0,0,0,0,0,v001,agent:DataEngineer
2026-11-07,111,19:00,voice,Meridian,0,0,0,0,0,0,0,0,v001,agent:DataEngineer
2026-11-07,111,19:30,voice,Meridian,0,0,0,0,0,0,0,0,v001,agent:DataEngineer
2026-11-07,111,20:00,voice,Meridian,0,0,0,0,0,0,0,0,v001,agent:DataEngineer
2026-11-07,111,20:30,voice,Meridian,0,0,0,0,0,0,0,0,v001,agent:DataEngineer
2026-11-07,111,21:00,voice,Meridian,0,0,0,0,0,0,0,0,v001,agent:DataEngineer
2026-11-07,111,21:30,voice,Meridian,0,0,0,0,0,0,0,0,v001,agent:DataEngineer
2026-11-07,111,22:00,voice,Meridian,0,0,0,0,0,0,0,0,v001,agent:DataEngineer
2026-11-07,111,22:30,voice,Meridian,0,0,0,0,0,0,0,0,v001,agent:DataEngineer
2026-11-07,111,23:00,voice,Meridian,0,0,0,0,0,0,0,0,v001,agent:DataEngineer
2026-11-07,111,23:30,voice,Meridian,0,0,0,0,0,0,0,0,v001,agent:DataEngineer
2026-11-07,111,00:00,chat,Meridian,0,0,0,0,0,0,0,0,v001,agent:DataEngineer
2026-11-07,111,00:30,chat,Meridian,1,1,1,0,48,100,1126,563,v001,agent:DataEngineer
2026-11-07,111,01:00,chat,Meridian,1,1,1,0,43,100,1111,556,v001,agent:DataEngineer
2026-11-07,111,01:30,chat,Meridian,0,0,0,0,0,0,0,0,v001,agent:DataEngineer
2026-11-07,111,02:00,chat,Meridian,0,0,0,0,0,0,0,0,v001,agent:DataEngineer
2026-11-07,111,02:30,chat,Meridian,0,0,0,0,0,0,0,0,v001,agent:DataEngineer
2026-11-07,111,03:00,chat,Meridian,0,0,0,0,0,0,0,0,v001,agent:DataEngineer
2026-11-07,111,03:30,chat,Meridian,0,0,0,0,0,0,0,0,v001,agent:DataEngineer
2026-11-07,111,04:00,chat,Meridian,0,0,0,0,0,0,0,0,v001,agent:DataEngineer
2026-11-07,111,04:30,chat,Meridian,0,0,0,0,0,0,0,0,v001,agent:DataEngineer
2026-11-07,111,05:00,chat,Meridian,0,0,0,0,0,0,0,0,v001,agent:DataEngineer
2026-11-07,111,05:30,chat,Meridian,1,1,1,0,45,100,1098,549,v001,agent:DataEngineer
2026-11-07,111,06:00,chat,Meridian,0,0,0,0,0,0,0,0,v001,agent:DataEngineer
2026-11-07,111,06:30,chat,Meridian,0,0,0,0,0,0,0,0,v001,agent:DataEngineer
2026-11-07,111,07:00,chat,Meridian,1,1,1,0,51,100,989,495,v001,agent:DataEngineer
2026-11-07,111,07:30,chat,Meridian,1,1,1,0,47,100,1086,543,v001,agent:DataEngineer
2026-11-07,111,08:00,chat,Meridian,1,1,1,0,47,100,1115,558,v001,agent:DataEngineer
2026-11-07,111,08:30,chat,Meridian,2,2,2,0,46,100,1039,520,v001,agent:DataEngineer
2026-11-07,111,09:00,chat,Meridian,2,2,2,0,44,100,992,496,v001,agent:DataEngineer
2026-11-07,111,09:30,chat,Meridian,3,3,3,0,43,100,971,486,v001,agent:DataEngineer
2026-11-07,111,10:00,chat,Meridian,3,3,3,0,40,100,1036,518,v001,agent:DataEngineer
2026-11-07,111,10:30,chat,Meridian,3,3,3,0,42,100,1077,539,v001,agent:DataEngineer
2026-11-07,111,11:00,chat,Meridian,3,3,3,0,51,100,1098,549,v001,agent:DataEngineer
2026-11-07,111,11:30,chat,Meridian,3,3,3,0,54,100,1064,532,v001,agent:DataEngineer
2026-11-07,111,12:00,chat,Meridian,3,2,2,1,254,66.7,1064,532,v001,agent:DataEngineer
2026-11-07,111,12:30,chat,Meridian,3,3,3,0,45,100,1133,567,v001,agent:DataEngineer
2026-11-07,111,13:00,chat,Meridian,2,2,2,0,42,100,1058,529,v001,agent:DataEngineer
2026-11-07,111,13:30,chat,Meridian,3,3,3,0,47,100,1043,521,v001,agent:DataEngineer
2026-11-07,111,14:00,chat,Meridian,2,2,2,0,45,100,987,493,v001,agent:DataEngineer
2026-11-07,111,14:30,chat,Meridian,3,3,3,0,59,100,1214,607,v001,agent:DataEngineer
2026-11-07,111,15:00,chat,Meridian,3,3,3,0,46,100,1118,559,v001,agent:DataEngineer
2026-11-07,111,15:30,chat,Meridian,3,2,2,1,230,66.7,998,499,v001,agent:DataEngineer
2026-11-07,111,16:00,chat,Meridian,2,2,2,0,38,100,987,494,v001,agent:DataEngineer
2026-11-07,111,16:30,chat,Meridian,3,3,3,0,40,100,931,465,v001,agent:DataEngineer
2026-11-07,111,17:00,chat,Meridian,2,2,1,0,467,50,1048,524,v001,agent:DataEngineer
2026-11-07,111,17:30,chat,Meridian,1,1,1,0,46,100,1196,598,v001,agent:DataEngineer
2026-11-07,111,18:00,chat,Meridian,1,1,1,0,46,100,1076,538,v001,agent:DataEngineer
2026-11-07,111,18:30,chat,Meridian,1,1,1,0,45,100,1117,559,v001,agent:DataEngineer
2026-11-07,111,19:00,chat,Meridian,1,1,1,0,44,100,1029,515,v001,agent:DataEngineer
2026-11-07,111,19:30,chat,Meridian,0,0,0,0,0,0,0,0,v001,agent:DataEngineer
2026-11-07,111,20:00,chat,Meridian,1,1,1,0,45,100,1063,532,v001,agent:DataEngineer
2026-11-07,111,20:30,chat,Meridian,0,0,0,0,0,0,0,0,v001,agent:DataEngineer
2026-11-07,111,21:00,chat,Meridian,0,0,0,0,0,0,0,0,v001,agent:DataEngineer
2026-11-07,111,21:30,chat,Meridian,0,0,0,0,0,0,0,0,v001,agent:DataEngineer
2026-11-07,111,22:00,chat,Meridian,0,0,0,0,0,0,0,0,v001,agent:DataEngineer
2026-11-07,111,22:30,chat,Meridian,0,0,0,0,0,0,0,0,v001,agent:DataEngineer
2026-11-07,111,23:00,chat,Meridian,0,0,0,0,0,0,0,0,v001,agent:DataEngineer
2026-11-07,111,23:30,chat,Meridian,0,0,0,0,0,0,0,0,v001,agent:DataEngineer
2026-11-08,112,00:00,voice,Meridian,0,0,0,0,0,0,0,0,v001,agent:DataEngineer
2026-11-08,112,00:30,voice,Meridian,0,0,0,0,0,0,0,0,v001,agent:DataEngineer
2026-11-08,112,01:00,voice,Meridian,0,0,0,0,0,0,0,0,v001,agent:DataEngineer
2026-11-08,112,01:30,voice,Meridian,0,0,0,0,0,0,0,0,v001,agent:DataEngineer
2026-11-08,112,02:00,voice,Meridian,0,0,0,0,0,0,0,0,v001,agent:DataEngineer
2026-11-08,112,02:30,voice,Meridian,0,0,0,0,0,0,0,0,v001,agent:DataEngineer
2026-11-08,112,03:00,voice,Meridian,0,0,0,0,0,0,0,0,v001,agent:DataEngineer
2026-11-08,112,03:30,voice,Meridian,0,0,0,0,0,0,0,0,v001,agent:DataEngineer
2026-11-08,112,04:00,voice,Meridian,0,0,0,0,0,0,0,0,v001,agent:DataEngineer
2026-11-08,112,04:30,voice,Meridian,0,0,0,0,0,0,0,0,v001,agent:DataEngineer
2026-11-08,112,05:00,voice,Meridian,0,0,0,0,0,0,0,0,v001,agent:DataEngineer
2026-11-08,112,05:30,voice,Meridian,0,0,0,0,0,0,0,0,v001,agent:DataEngineer
2026-11-08,112,06:00,voice,Meridian,0,0,0,0,0,0,0,0,v001,agent:DataEngineer
2026-11-08,112,06:30,voice,Meridian,0,0,0,0,0,0,0,0,v001,agent:DataEngineer
2026-11-08,112,07:00,voice,Meridian,1,1,1,0,12,100,1736,1736,v001,agent:DataEngineer
2026-11-08,112,07:30,voice,Meridian,1,1,1,0,13,100,1752,1752,v001,agent:DataEngineer
2026-11-08,112,08:00,voice,Meridian,1,1,1,0,13,100,1716,1716,v001,agent:DataEngineer
2026-11-08,112,08:30,voice,Meridian,1,1,1,0,12,100,1782,1782,v001,agent:DataEngineer
2026-11-08,112,09:00,voice,Meridian,1,1,1,0,12,100,1566,1566,v001,agent:DataEngineer
2026-11-08,112,09:30,voice,Meridian,2,2,2,0,14,100,1710,1710,v001,agent:DataEngineer
2026-11-08,112,10:00,voice,Meridian,2,2,2,0,12,100,1831,1831,v001,agent:DataEngineer
2026-11-08,112,10:30,voice,Meridian,2,2,2,0,11,100,1559,1559,v001,agent:DataEngineer
2026-11-08,112,11:00,voice,Meridian,2,2,2,0,10,100,1567,1567,v001,agent:DataEngineer
2026-11-08,112,11:30,voice,Meridian,2,2,2,0,13,100,1860,1860,v001,agent:DataEngineer
2026-11-08,112,12:00,voice,Meridian,2,1,1,1,202,50,1510,1510,v001,agent:DataEngineer
2026-11-08,112,12:30,voice,Meridian,2,2,2,0,11,100,1568,1568,v001,agent:DataEngineer
2026-11-08,112,13:00,voice,Meridian,2,2,2,0,14,100,1640,1640,v001,agent:DataEngineer
2026-11-08,112,13:30,voice,Meridian,2,2,2,0,12,100,1656,1656,v001,agent:DataEngineer
2026-11-08,112,14:00,voice,Meridian,2,2,2,0,12,100,1758,1758,v001,agent:DataEngineer
2026-11-08,112,14:30,voice,Meridian,2,2,2,0,12,100,1562,1562,v001,agent:DataEngineer
2026-11-08,112,15:00,voice,Meridian,2,2,2,0,11,100,1845,1845,v001,agent:DataEngineer
2026-11-08,112,15:30,voice,Meridian,2,2,2,0,13,100,1714,1714,v001,agent:DataEngineer
2026-11-08,112,16:00,voice,Meridian,2,2,2,0,11,100,1633,1633,v001,agent:DataEngineer
2026-11-08,112,16:30,voice,Meridian,1,1,1,0,11,100,1559,1559,v001,agent:DataEngineer
2026-11-08,112,17:00,voice,Meridian,1,1,1,0,11,100,1671,1671,v001,agent:DataEngineer
2026-11-08,112,17:30,voice,Meridian,1,1,1,0,13,100,1726,1726,v001,agent:DataEngineer
2026-11-08,112,18:00,voice,Meridian,1,1,1,0,12,100,1712,1712,v001,agent:DataEngineer
2026-11-08,112,18:30,voice,Meridian,1,1,1,0,12,100,1804,1804,v001,agent:DataEngineer
2026-11-08,112,19:00,voice,Meridian,1,1,1,0,11,100,1519,1519,v001,agent:DataEngineer
2026-11-08,112,19:30,voice,Meridian,1,1,1,0,11,100,1546,1546,v001,agent:DataEngineer
2026-11-08,112,20:00,voice,Meridian,0,0,0,0,0,0,0,0,v001,agent:DataEngineer
2026-11-08,112,20:30,voice,Meridian,0,0,0,0,0,0,0,0,v001,agent:DataEngineer
2026-11-08,112,21:00,voice,Meridian,0,0,0,0,0,0,0,0,v001,agent:DataEngineer
2026-11-08,112,21:30,voice,Meridian,0,0,0,0,0,0,0,0,v001,agent:DataEngineer
2026-11-08,112,22:00,voice,Meridian,0,0,0,0,0,0,0,0,v001,agent:DataEngineer
2026-11-08,112,22:30,voice,Meridian,0,0,0,0,0,0,0,0,v001,agent:DataEngineer
2026-11-08,112,23:00,voice,Meridian,0,0,0,0,0,0,0,0,v001,agent:DataEngineer
2026-11-08,112,23:30,voice,Meridian,0,0,0,0,0,0,0,0,v001,agent:DataEngineer
2026-11-08,112,00:00,chat,Meridian,1,1,1,0,56,100,972,486,v001,agent:DataEngineer
2026-11-08,112,00:30,chat,Meridian,0,0,0,0,0,0,0,0,v001,agent:DataEngineer
2026-11-08,112,01:00,chat,Meridian,1,1,1,0,51,100,995,498,v001,agent:DataEngineer
2026-11-08,112,01:30,chat,Meridian,0,0,0,0,0,0,0,0,v001,agent:DataEngineer
2026-11-08,112,02:00,chat,Meridian,1,1,1,0,42,100,997,499,v001,agent:DataEngineer
2026-11-08,112,02:30,chat,Meridian,0,0,0,0,0,0,0,0,v001,agent:DataEngineer
2026-11-08,112,03:00,chat,Meridian,0,0,0,0,0,0,0,0,v001,agent:DataEngineer
2026-11-08,112,03:30,chat,Meridian,1,1,1,0,42,100,952,476,v001,agent:DataEngineer
2026-11-08,112,04:00,chat,Meridian,1,1,1,0,44,100,1019,509,v001,agent:DataEngineer
2026-11-08,112,04:30,chat,Meridian,1,1,1,0,41,100,1011,505,v001,agent:DataEngineer
2026-11-08,112,05:00,chat,Meridian,0,0,0,0,0,0,0,0,v001,agent:DataEngineer
2026-11-08,112,05:30,chat,Meridian,0,0,0,0,0,0,0,0,v001,agent:DataEngineer
2026-11-08,112,06:00,chat,Meridian,1,1,1,0,48,100,940,470,v001,agent:DataEngineer
2026-11-08,112,06:30,chat,Meridian,1,1,1,0,41,100,994,497,v001,agent:DataEngineer
2026-11-08,112,07:00,chat,Meridian,1,1,1,0,38,100,1062,531,v001,agent:DataEngineer
2026-11-08,112,07:30,chat,Meridian,1,1,1,0,45,100,1068,534,v001,agent:DataEngineer
2026-11-08,112,08:00,chat,Meridian,1,1,1,0,48,100,1094,547,v001,agent:DataEngineer
2026-11-08,112,08:30,chat,Meridian,2,2,2,0,47,100,939,470,v001,agent:DataEngineer
2026-11-08,112,09:00,chat,Meridian,3,3,3,0,53,100,1027,514,v001,agent:DataEngineer
2026-11-08,112,09:30,chat,Meridian,4,4,4,0,42,100,993,496,v001,agent:DataEngineer
2026-11-08,112,10:00,chat,Meridian,4,3,3,1,139,75,960,480,v001,agent:DataEngineer
2026-11-08,112,10:30,chat,Meridian,4,4,4,0,47,100,1018,509,v001,agent:DataEngineer
2026-11-08,112,11:00,chat,Meridian,5,4,4,1,90,80,1051,525,v001,agent:DataEngineer
2026-11-08,112,11:30,chat,Meridian,3,3,3,0,46,100,884,442,v001,agent:DataEngineer
2026-11-08,112,12:00,chat,Meridian,3,3,3,0,40,100,973,486,v001,agent:DataEngineer
2026-11-08,112,12:30,chat,Meridian,3,3,3,0,41,100,899,450,v001,agent:DataEngineer
2026-11-08,112,13:00,chat,Meridian,4,4,4,0,51,100,986,493,v001,agent:DataEngineer
2026-11-08,112,13:30,chat,Meridian,3,3,3,0,47,100,906,453,v001,agent:DataEngineer
2026-11-08,112,14:00,chat,Meridian,3,3,3,0,42,100,961,481,v001,agent:DataEngineer
2026-11-08,112,14:30,chat,Meridian,4,4,4,0,45,100,964,482,v001,agent:DataEngineer
2026-11-08,112,15:00,chat,Meridian,4,4,4,0,44,100,1009,504,v001,agent:DataEngineer
2026-11-08,112,15:30,chat,Meridian,3,3,3,0,52,100,1003,502,v001,agent:DataEngineer
2026-11-08,112,16:00,chat,Meridian,3,3,3,0,42,100,990,495,v001,agent:DataEngineer
2026-11-08,112,16:30,chat,Meridian,3,3,3,0,55,100,975,488,v001,agent:DataEngineer
2026-11-08,112,17:00,chat,Meridian,2,2,2,0,50,100,1050,525,v001,agent:DataEngineer
2026-11-08,112,17:30,chat,Meridian,2,2,2,0,46,100,972,486,v001,agent:DataEngineer
2026-11-08,112,18:00,chat,Meridian,1,1,1,0,35,100,941,471,v001,agent:DataEngineer
2026-11-08,112,18:30,chat,Meridian,1,1,1,0,45,100,1010,505,v001,agent:DataEngineer
2026-11-08,112,19:00,chat,Meridian,1,1,1,0,41,100,1063,532,v001,agent:DataEngineer
2026-11-08,112,19:30,chat,Meridian,1,1,1,0,57,100,941,471,v001,agent:DataEngineer
2026-11-08,112,20:00,chat,Meridian,1,1,1,0,40,100,933,467,v001,agent:DataEngineer
2026-11-08,112,20:30,chat,Meridian,1,1,1,0,51,100,1066,533,v001,agent:DataEngineer
2026-11-08,112,21:00,chat,Meridian,0,0,0,0,0,0,0,0,v001,agent:DataEngineer
2026-11-08,112,21:30,chat,Meridian,1,1,1,0,51,100,1074,537,v001,agent:DataEngineer
2026-11-08,112,22:00,chat,Meridian,0,0,0,0,0,0,0,0,v001,agent:DataEngineer
2026-11-08,112,22:30,chat,Meridian,0,0,0,0,0,0,0,0,v001,agent:DataEngineer
2026-11-08,112,23:00,chat,Meridian,0,0,0,0,0,0,0,0,v001,agent:DataEngineer
2026-11-08,112,23:30,chat,Meridian,0,0,0,0,0,0,0,0,v001,agent:DataEngineer
2026-11-09,113,00:00,voice,Meridian,0,0,0,0,0,0,0,0,v001,agent:DataEngineer
2026-11-09,113,00:30,voice,Meridian,0,0,0,0,0,0,0,0,v001,agent:DataEngineer
2026-11-09,113,01:00,voice,Meridian,0,0,0,0,0,0,0,0,v001,agent:DataEngineer
2026-11-09,113,01:30,voice,Meridian,0,0,0,0,0,0,0,0,v001,agent:DataEngineer
2026-11-09,113,02:00,voice,Meridian,1,1,1,0,11,100,1725,1725,v001,agent:DataEngineer
2026-11-09,113,02:30,voice,Meridian,0,0,0,0,0,0,0,0,v001,agent:DataEngineer
2026-11-09,113,03:00,voice,Meridian,1,1,1,0,12,100,1478,1478,v001,agent:DataEngineer
2026-11-09,113,03:30,voice,Meridian,0,0,0,0,0,0,0,0,v001,agent:DataEngineer
2026-11-09,113,04:00,voice,Meridian,0,0,0,0,0,0,0,0,v001,agent:DataEngineer
2026-11-09,113,04:30,voice,Meridian,0,0,0,0,0,0,0,0,v001,agent:DataEngineer
2026-11-09,113,05:00,voice,Meridian,0,0,0,0,0,0,0,0,v001,agent:DataEngineer
2026-11-09,113,05:30,voice,Meridian,0,0,0,0,0,0,0,0,v001,agent:DataEngineer
2026-11-09,113,06:00,voice,Meridian,0,0,0,0,0,0,0,0,v001,agent:DataEngineer
2026-11-09,113,06:30,voice,Meridian,1,1,1,0,11,100,1724,1724,v001,agent:DataEngineer
2026-11-09,113,07:00,voice,Meridian,1,1,1,0,12,100,1625,1625,v001,agent:DataEngineer
2026-11-09,113,07:30,voice,Meridian,1,1,1,0,11,100,1773,1773,v001,agent:DataEngineer
2026-11-09,113,08:00,voice,Meridian,1,1,1,0,12,100,1698,1698,v001,agent:DataEngineer
2026-11-09,113,08:30,voice,Meridian,2,2,2,0,12,100,1635,1635,v001,agent:DataEngineer
2026-11-09,113,09:00,voice,Meridian,3,3,3,0,11,100,1776,1776,v001,agent:DataEngineer
2026-11-09,113,09:30,voice,Meridian,3,3,3,0,13,100,1625,1625,v001,agent:DataEngineer
2026-11-09,113,10:00,voice,Meridian,3,3,3,0,10,100,1920,1920,v001,agent:DataEngineer
2026-11-09,113,10:30,voice,Meridian,5,5,5,0,14,100,1601,1601,v001,agent:DataEngineer
2026-11-09,113,11:00,voice,Meridian,4,4,4,0,12,100,1689,1689,v001,agent:DataEngineer
2026-11-09,113,11:30,voice,Meridian,4,4,4,0,10,100,1658,1658,v001,agent:DataEngineer
2026-11-09,113,12:00,voice,Meridian,3,3,3,0,14,100,1676,1676,v001,agent:DataEngineer
2026-11-09,113,12:30,voice,Meridian,2,2,2,0,11,100,1689,1689,v001,agent:DataEngineer
2026-11-09,113,13:00,voice,Meridian,4,4,4,0,11,100,1727,1727,v001,agent:DataEngineer
2026-11-09,113,13:30,voice,Meridian,3,3,3,0,13,100,1765,1765,v001,agent:DataEngineer
2026-11-09,113,14:00,voice,Meridian,3,3,3,0,12,100,1792,1792,v001,agent:DataEngineer
2026-11-09,113,14:30,voice,Meridian,3,3,3,0,13,100,1708,1708,v001,agent:DataEngineer
2026-11-09,113,15:00,voice,Meridian,4,4,4,0,11,100,1616,1616,v001,agent:DataEngineer
2026-11-09,113,15:30,voice,Meridian,4,3,3,1,69,75,1697,1697,v001,agent:DataEngineer
2026-11-09,113,16:00,voice,Meridian,3,3,3,0,13,100,1852,1852,v001,agent:DataEngineer
2026-11-09,113,16:30,voice,Meridian,2,2,2,0,11,100,1755,1755,v001,agent:DataEngineer
2026-11-09,113,17:00,voice,Meridian,2,2,2,0,11,100,1691,1691,v001,agent:DataEngineer
2026-11-09,113,17:30,voice,Meridian,1,1,1,0,14,100,1688,1688,v001,agent:DataEngineer
2026-11-09,113,18:00,voice,Meridian,1,1,1,0,12,100,1661,1661,v001,agent:DataEngineer
2026-11-09,113,18:30,voice,Meridian,1,1,1,0,14,100,1592,1592,v001,agent:DataEngineer
2026-11-09,113,19:00,voice,Meridian,1,1,1,0,12,100,1751,1751,v001,agent:DataEngineer
2026-11-09,113,19:30,voice,Meridian,1,1,1,0,12,100,1703,1703,v001,agent:DataEngineer
2026-11-09,113,20:00,voice,Meridian,1,1,1,0,12,100,1528,1528,v001,agent:DataEngineer
2026-11-09,113,20:30,voice,Meridian,0,0,0,0,0,0,0,0,v001,agent:DataEngineer
2026-11-09,113,21:00,voice,Meridian,0,0,0,0,0,0,0,0,v001,agent:DataEngineer
2026-11-09,113,21:30,voice,Meridian,0,0,0,0,0,0,0,0,v001,agent:DataEngineer
2026-11-09,113,22:00,voice,Meridian,0,0,0,0,0,0,0,0,v001,agent:DataEngineer
2026-11-09,113,22:30,voice,Meridian,0,0,0,0,0,0,0,0,v001,agent:DataEngineer
2026-11-09,113,23:00,voice,Meridian,1,1,1,0,12,100,1738,1738,v001,agent:DataEngineer
2026-11-09,113,23:30,voice,Meridian,1,1,1,0,13,100,1711,1711,v001,agent:DataEngineer
2026-11-09,113,00:00,chat,Meridian,1,1,1,0,42,100,978,489,v001,agent:DataEngineer
2026-11-09,113,00:30,chat,Meridian,1,1,1,0,48,100,1006,503,v001,agent:DataEngineer
2026-11-09,113,01:00,chat,Meridian,1,1,1,0,46,100,981,491,v001,agent:DataEngineer
2026-11-09,113,01:30,chat,Meridian,1,1,1,0,42,100,967,484,v001,agent:DataEngineer
2026-11-09,113,02:00,chat,Meridian,1,1,1,0,43,100,970,485,v001,agent:DataEngineer
2026-11-09,113,02:30,chat,Meridian,1,1,1,0,54,100,873,437,v001,agent:DataEngineer
2026-11-09,113,03:00,chat,Meridian,1,1,1,0,45,100,911,455,v001,agent:DataEngineer
2026-11-09,113,03:30,chat,Meridian,1,1,1,0,45,100,948,474,v001,agent:DataEngineer
2026-11-09,113,04:00,chat,Meridian,1,1,1,0,49,100,966,483,v001,agent:DataEngineer
2026-11-09,113,04:30,chat,Meridian,1,1,1,0,50,100,1077,539,v001,agent:DataEngineer
2026-11-09,113,05:00,chat,Meridian,1,1,1,0,43,100,933,467,v001,agent:DataEngineer
2026-11-09,113,05:30,chat,Meridian,1,1,1,0,44,100,928,464,v001,agent:DataEngineer
2026-11-09,113,06:00,chat,Meridian,1,1,1,0,48,100,971,486,v001,agent:DataEngineer
2026-11-09,113,06:30,chat,Meridian,1,1,1,0,50,100,967,484,v001,agent:DataEngineer
2026-11-09,113,07:00,chat,Meridian,2,2,2,0,49,100,971,485,v001,agent:DataEngineer
2026-11-09,113,07:30,chat,Meridian,2,2,2,0,49,100,944,472,v001,agent:DataEngineer
2026-11-09,113,08:00,chat,Meridian,3,3,3,0,51,100,1003,501,v001,agent:DataEngineer
2026-11-09,113,08:30,chat,Meridian,3,3,3,0,42,100,1006,503,v001,agent:DataEngineer
2026-11-09,113,09:00,chat,Meridian,5,5,5,0,49,100,859,430,v001,agent:DataEngineer
2026-11-09,113,09:30,chat,Meridian,6,5,5,1,74,83.3,983,492,v001,agent:DataEngineer
2026-11-09,113,10:00,chat,Meridian,7,6,6,1,77,85.7,919,459,v001,agent:DataEngineer
2026-11-09,113,10:30,chat,Meridian,9,8,8,1,62,88.9,926,463,v001,agent:DataEngineer
2026-11-09,113,11:00,chat,Meridian,6,6,5,0,88,83.3,961,481,v001,agent:DataEngineer
2026-11-09,113,11:30,chat,Meridian,7,6,6,1,75,85.7,983,491,v001,agent:DataEngineer
2026-11-09,113,12:00,chat,Meridian,6,6,6,0,50,100,922,461,v001,agent:DataEngineer
2026-11-09,113,12:30,chat,Meridian,5,5,5,0,46,100,1010,505,v001,agent:DataEngineer
2026-11-09,113,13:00,chat,Meridian,6,6,6,0,38,100,997,499,v001,agent:DataEngineer
2026-11-09,113,13:30,chat,Meridian,6,6,6,0,41,100,980,490,v001,agent:DataEngineer
2026-11-09,113,14:00,chat,Meridian,8,7,7,1,64,87.5,998,499,v001,agent:DataEngineer
2026-11-09,113,14:30,chat,Meridian,5,5,5,0,43,100,1076,538,v001,agent:DataEngineer
2026-11-09,113,15:00,chat,Meridian,7,7,7,0,52,100,921,461,v001,agent:DataEngineer
2026-11-09,113,15:30,chat,Meridian,7,7,7,0,49,100,902,451,v001,agent:DataEngineer
2026-11-09,113,16:00,chat,Meridian,5,5,4,0,94,80,998,499,v001,agent:DataEngineer
2026-11-09,113,16:30,chat,Meridian,5,5,5,0,44,100,900,450,v001,agent:DataEngineer
2026-11-09,113,17:00,chat,Meridian,5,5,5,0,52,100,972,486,v001,agent:DataEngineer
2026-11-09,113,17:30,chat,Meridian,3,3,3,0,48,100,885,443,v001,agent:DataEngineer
2026-11-09,113,18:00,chat,Meridian,2,2,2,0,49,100,922,461,v001,agent:DataEngineer
2026-11-09,113,18:30,chat,Meridian,1,1,1,0,46,100,1003,501,v001,agent:DataEngineer
2026-11-09,113,19:00,chat,Meridian,1,1,1,0,43,100,943,471,v001,agent:DataEngineer
2026-11-09,113,19:30,chat,Meridian,1,1,1,0,48,100,921,461,v001,agent:DataEngineer
2026-11-09,113,20:00,chat,Meridian,1,1,1,0,44,100,970,485,v001,agent:DataEngineer
2026-11-09,113,20:30,chat,Meridian,1,1,1,0,36,100,973,486,v001,agent:DataEngineer
2026-11-09,113,21:00,chat,Meridian,1,1,1,0,41,100,960,480,v001,agent:DataEngineer
2026-11-09,113,21:30,chat,Meridian,1,1,1,0,48,100,927,464,v001,agent:DataEngineer
2026-11-09,113,22:00,chat,Meridian,1,1,1,0,49,100,1035,517,v001,agent:DataEngineer
2026-11-09,113,22:30,chat,Meridian,1,1,1,0,45,100,902,451,v001,agent:DataEngineer
2026-11-09,113,23:00,chat,Meridian,1,1,1,0,43,100,977,488,v001,agent:DataEngineer
2026-11-09,113,23:30,chat,Meridian,0,0,0,0,0,0,0,0,v001,agent:DataEngineer
2026-11-10,114,00:00,voice,Meridian,0,0,0,0,0,0,0,0,v001,agent:DataEngineer
2026-11-10,114,00:30,voice,Meridian,1,1,1,0,11,100,1929,1929,v001,agent:DataEngineer
2026-11-10,114,01:00,voice,Meridian,0,0,0,0,0,0,0,0,v001,agent:DataEngineer
2026-11-10,114,01:30,voice,Meridian,1,1,1,0,12,100,1888,1888,v001,agent:DataEngineer
2026-11-10,114,02:00,voice,Meridian,1,1,1,0,11,100,1839,1839,v001,agent:DataEngineer
2026-11-10,114,02:30,voice,Meridian,0,0,0,0,0,0,0,0,v001,agent:DataEngineer
2026-11-10,114,03:00,voice,Meridian,0,0,0,0,0,0,0,0,v001,agent:DataEngineer
2026-11-10,114,03:30,voice,Meridian,1,1,1,0,13,100,1961,1961,v001,agent:DataEngineer
2026-11-10,114,04:00,voice,Meridian,0,0,0,0,0,0,0,0,v001,agent:DataEngineer
2026-11-10,114,04:30,voice,Meridian,1,1,1,0,13,100,1864,1864,v001,agent:DataEngineer
2026-11-10,114,05:00,voice,Meridian,0,0,0,0,0,0,0,0,v001,agent:DataEngineer
2026-11-10,114,05:30,voice,Meridian,0,0,0,0,0,0,0,0,v001,agent:DataEngineer
2026-11-10,114,06:00,voice,Meridian,1,1,1,0,12,100,2106,2106,v001,agent:DataEngineer
2026-11-10,114,06:30,voice,Meridian,1,1,1,0,12,100,1937,1937,v001,agent:DataEngineer
2026-11-10,114,07:00,voice,Meridian,1,1,1,0,12,100,1594,1594,v001,agent:DataEngineer
2026-11-10,114,07:30,voice,Meridian,1,1,1,0,11,100,2006,2006,v001,agent:DataEngineer
2026-11-10,114,08:00,voice,Meridian,2,2,2,0,9,100,1913,1913,v001,agent:DataEngineer
2026-11-10,114,08:30,voice,Meridian,2,2,2,0,12,100,1681,1681,v001,agent:DataEngineer
2026-11-10,114,09:00,voice,Meridian,4,4,4,0,10,100,1677,1677,v001,agent:DataEngineer
2026-11-10,114,09:30,voice,Meridian,4,4,4,0,14,100,1706,1706,v001,agent:DataEngineer
2026-11-10,114,10:00,voice,Meridian,4,3,3,1,63,75,1839,1839,v001,agent:DataEngineer
2026-11-10,114,10:30,voice,Meridian,4,4,4,0,12,100,1654,1654,v001,agent:DataEngineer
2026-11-10,114,11:00,voice,Meridian,4,3,3,1,63,75,1606,1606,v001,agent:DataEngineer
2026-11-10,114,11:30,voice,Meridian,5,5,5,0,15,100,1675,1675,v001,agent:DataEngineer
2026-11-10,114,12:00,voice,Meridian,4,4,3,0,72,75,2045,2045,v001,agent:DataEngineer
2026-11-10,114,12:30,voice,Meridian,4,4,4,0,11,100,1660,1660,v001,agent:DataEngineer
2026-11-10,114,13:00,voice,Meridian,4,4,4,0,13,100,1916,1916,v001,agent:DataEngineer
2026-11-10,114,13:30,voice,Meridian,2,2,2,0,12,100,1790,1790,v001,agent:DataEngineer
2026-11-10,114,14:00,voice,Meridian,3,3,3,0,12,100,1730,1730,v001,agent:DataEngineer
2026-11-10,114,14:30,voice,Meridian,4,4,3,0,69,75,2049,2049,v001,agent:DataEngineer
2026-11-10,114,15:00,voice,Meridian,4,4,4,0,15,100,1967,1967,v001,agent:DataEngineer
2026-11-10,114,15:30,voice,Meridian,4,4,4,0,11,100,1910,1910,v001,agent:DataEngineer
2026-11-10,114,16:00,voice,Meridian,4,4,4,0,12,100,1669,1669,v001,agent:DataEngineer
2026-11-10,114,16:30,voice,Meridian,2,2,2,0,10,100,1746,1746,v001,agent:DataEngineer
2026-11-10,114,17:00,voice,Meridian,2,2,2,0,10,100,1939,1939,v001,agent:DataEngineer
2026-11-10,114,17:30,voice,Meridian,1,1,1,0,12,100,1967,1967,v001,agent:DataEngineer
2026-11-10,114,18:00,voice,Meridian,1,1,1,0,13,100,1776,1776,v001,agent:DataEngineer
2026-11-10,114,18:30,voice,Meridian,1,1,1,0,13,100,1779,1779,v001,agent:DataEngineer
2026-11-10,114,19:00,voice,Meridian,1,1,1,0,12,100,1996,1996,v001,agent:DataEngineer
2026-11-10,114,19:30,voice,Meridian,1,1,1,0,14,100,1711,1711,v001,agent:DataEngineer
2026-11-10,114,20:00,voice,Meridian,1,1,1,0,13,100,1753,1753,v001,agent:DataEngineer
2026-11-10,114,20:30,voice,Meridian,1,1,1,0,11,100,1837,1837,v001,agent:DataEngineer
2026-11-10,114,21:00,voice,Meridian,0,0,0,0,0,0,0,0,v001,agent:DataEngineer
2026-11-10,114,21:30,voice,Meridian,1,1,1,0,12,100,1859,1859,v001,agent:DataEngineer
2026-11-10,114,22:00,voice,Meridian,1,1,1,0,11,100,1866,1866,v001,agent:DataEngineer
2026-11-10,114,22:30,voice,Meridian,1,1,1,0,13,100,1854,1854,v001,agent:DataEngineer
2026-11-10,114,23:00,voice,Meridian,0,0,0,0,0,0,0,0,v001,agent:DataEngineer
2026-11-10,114,23:30,voice,Meridian,0,0,0,0,0,0,0,0,v001,agent:DataEngineer
2026-11-10,114,00:00,chat,Meridian,1,1,1,0,42,100,1141,571,v001,agent:DataEngineer
2026-11-10,114,00:30,chat,Meridian,1,1,1,0,52,100,1256,628,v001,agent:DataEngineer
2026-11-10,114,01:00,chat,Meridian,1,1,1,0,47,100,1053,527,v001,agent:DataEngineer
2026-11-10,114,01:30,chat,Meridian,1,1,1,0,47,100,1109,554,v001,agent:DataEngineer
2026-11-10,114,02:00,chat,Meridian,1,1,1,0,50,100,1193,596,v001,agent:DataEngineer
2026-11-10,114,02:30,chat,Meridian,1,1,1,0,44,100,1040,520,v001,agent:DataEngineer
2026-11-10,114,03:00,chat,Meridian,1,1,1,0,47,100,1030,515,v001,agent:DataEngineer
2026-11-10,114,03:30,chat,Meridian,1,1,1,0,50,100,1030,515,v001,agent:DataEngineer
2026-11-10,114,04:00,chat,Meridian,1,1,1,0,50,100,1080,540,v001,agent:DataEngineer
2026-11-10,114,04:30,chat,Meridian,1,1,1,0,37,100,1074,537,v001,agent:DataEngineer
2026-11-10,114,05:00,chat,Meridian,1,1,1,0,48,100,1120,560,v001,agent:DataEngineer
2026-11-10,114,05:30,chat,Meridian,1,1,1,0,52,100,1073,537,v001,agent:DataEngineer
2026-11-10,114,06:00,chat,Meridian,1,1,1,0,44,100,995,497,v001,agent:DataEngineer
2026-11-10,114,06:30,chat,Meridian,1,1,1,0,49,100,939,469,v001,agent:DataEngineer
2026-11-10,114,07:00,chat,Meridian,2,2,2,0,43,100,1036,518,v001,agent:DataEngineer
2026-11-10,114,07:30,chat,Meridian,2,2,2,0,41,100,951,475,v001,agent:DataEngineer
2026-11-10,114,08:00,chat,Meridian,3,3,3,0,42,100,1069,535,v001,agent:DataEngineer
2026-11-10,114,08:30,chat,Meridian,5,5,5,0,48,100,1105,552,v001,agent:DataEngineer
2026-11-10,114,09:00,chat,Meridian,6,6,5,0,89,83.3,1079,539,v001,agent:DataEngineer
2026-11-10,114,09:30,chat,Meridian,7,6,6,1,65,85.7,1116,558,v001,agent:DataEngineer
2026-11-10,114,10:00,chat,Meridian,12,11,11,1,52,91.7,1199,599,v001,agent:DataEngineer
2026-11-10,114,10:30,chat,Meridian,7,6,6,1,67,85.7,1059,530,v001,agent:DataEngineer
2026-11-10,114,11:00,chat,Meridian,11,10,9,1,87,81.8,1047,523,v001,agent:DataEngineer
2026-11-10,114,11:30,chat,Meridian,8,7,7,1,75,87.5,1090,545,v001,agent:DataEngineer
2026-11-10,114,12:00,chat,Meridian,8,8,8,0,49,100,1146,573,v001,agent:DataEngineer
2026-11-10,114,12:30,chat,Meridian,6,6,5,0,82,83.3,965,482,v001,agent:DataEngineer
2026-11-10,114,13:00,chat,Meridian,7,7,7,0,47,100,985,492,v001,agent:DataEngineer
2026-11-10,114,13:30,chat,Meridian,7,7,7,0,43,100,1138,569,v001,agent:DataEngineer
2026-11-10,114,14:00,chat,Meridian,7,6,6,1,78,85.7,1130,565,v001,agent:DataEngineer
2026-11-10,114,14:30,chat,Meridian,8,8,7,0,83,87.5,989,495,v001,agent:DataEngineer
2026-11-10,114,15:00,chat,Meridian,6,6,5,0,78,83.3,1067,533,v001,agent:DataEngineer
2026-11-10,114,15:30,chat,Meridian,9,9,9,0,39,100,1080,540,v001,agent:DataEngineer
2026-11-10,114,16:00,chat,Meridian,6,6,6,0,43,100,1039,520,v001,agent:DataEngineer
2026-11-10,114,16:30,chat,Meridian,7,7,7,0,45,100,1069,535,v001,agent:DataEngineer
2026-11-10,114,17:00,chat,Meridian,6,6,6,0,50,100,1111,556,v001,agent:DataEngineer
2026-11-10,114,17:30,chat,Meridian,4,4,3,0,116,75,1090,545,v001,agent:DataEngineer
2026-11-10,114,18:00,chat,Meridian,2,2,2,0,39,100,1022,511,v001,agent:DataEngineer
2026-11-10,114,18:30,chat,Meridian,1,1,1,0,39,100,1102,551,v001,agent:DataEngineer
2026-11-10,114,19:00,chat,Meridian,1,1,1,0,43,100,1062,531,v001,agent:DataEngineer
2026-11-10,114,19:30,chat,Meridian,1,1,1,0,45,100,1030,515,v001,agent:DataEngineer
2026-11-10,114,20:00,chat,Meridian,1,1,1,0,41,100,1175,588,v001,agent:DataEngineer
2026-11-10,114,20:30,chat,Meridian,1,1,1,0,43,100,1056,528,v001,agent:DataEngineer
2026-11-10,114,21:00,chat,Meridian,1,1,1,0,47,100,942,471,v001,agent:DataEngineer
2026-11-10,114,21:30,chat,Meridian,1,1,1,0,42,100,975,488,v001,agent:DataEngineer
2026-11-10,114,22:00,chat,Meridian,1,1,1,0,50,100,1054,527,v001,agent:DataEngineer
2026-11-10,114,22:30,chat,Meridian,1,1,1,0,47,100,1040,520,v001,agent:DataEngineer
2026-11-10,114,23:00,chat,Meridian,1,1,1,0,54,100,1098,549,v001,agent:DataEngineer
2026-11-10,114,23:30,chat,Meridian,1,1,1,0,38,100,954,477,v001,agent:DataEngineer
2026-11-11,115,00:00,voice,Meridian,0,0,0,0,0,0,0,0,v001,agent:DataEngineer
2026-11-11,115,00:30,voice,Meridian,1,1,1,0,13,100,1738,1738,v001,agent:DataEngineer
2026-11-11,115,01:00,voice,Meridian,1,1,1,0,11,100,1740,1740,v001,agent:DataEngineer
2026-11-11,115,01:30,voice,Meridian,1,1,1,0,12,100,1724,1724,v001,agent:DataEngineer
2026-11-11,115,02:00,voice,Meridian,0,0,0,0,0,0,0,0,v001,agent:DataEngineer
2026-11-11,115,02:30,voice,Meridian,0,0,0,0,0,0,0,0,v001,agent:DataEngineer
2026-11-11,115,03:00,voice,Meridian,0,0,0,0,0,0,0,0,v001,agent:DataEngineer
2026-11-11,115,03:30,voice,Meridian,0,0,0,0,0,0,0,0,v001,agent:DataEngineer
2026-11-11,115,04:00,voice,Meridian,0,0,0,0,0,0,0,0,v001,agent:DataEngineer
2026-11-11,115,04:30,voice,Meridian,0,0,0,0,0,0,0,0,v001,agent:DataEngineer
2026-11-11,115,05:00,voice,Meridian,1,1,1,0,12,100,1631,1631,v001,agent:DataEngineer
2026-11-11,115,05:30,voice,Meridian,0,0,0,0,0,0,0,0,v001,agent:DataEngineer
2026-11-11,115,06:00,voice,Meridian,1,1,1,0,14,100,1647,1647,v001,agent:DataEngineer
2026-11-11,115,06:30,voice,Meridian,1,1,1,0,14,100,1839,1839,v001,agent:DataEngineer
2026-11-11,115,07:00,voice,Meridian,1,1,1,0,11,100,1539,1539,v001,agent:DataEngineer
2026-11-11,115,07:30,voice,Meridian,1,1,1,0,12,100,1816,1816,v001,agent:DataEngineer
2026-11-11,115,08:00,voice,Meridian,2,2,2,0,11,100,1588,1588,v001,agent:DataEngineer
2026-11-11,115,08:30,voice,Meridian,2,2,2,0,12,100,1722,1722,v001,agent:DataEngineer
2026-11-11,115,09:00,voice,Meridian,4,4,4,0,12,100,1591,1591,v001,agent:DataEngineer
2026-11-11,115,09:30,voice,Meridian,4,4,4,0,12,100,1702,1702,v001,agent:DataEngineer
2026-11-11,115,10:00,voice,Meridian,4,4,4,0,11,100,1631,1631,v001,agent:DataEngineer
2026-11-11,115,10:30,voice,Meridian,3,3,3,0,13,100,1650,1650,v001,agent:DataEngineer
2026-11-11,115,11:00,voice,Meridian,5,4,4,1,54,80,1645,1645,v001,agent:DataEngineer
2026-11-11,115,11:30,voice,Meridian,4,4,4,0,11,100,1782,1782,v001,agent:DataEngineer
2026-11-11,115,12:00,voice,Meridian,3,3,3,0,10,100,1670,1670,v001,agent:DataEngineer
2026-11-11,115,12:30,voice,Meridian,3,3,3,0,12,100,1798,1798,v001,agent:DataEngineer
2026-11-11,115,13:00,voice,Meridian,3,3,3,0,13,100,1662,1662,v001,agent:DataEngineer
2026-11-11,115,13:30,voice,Meridian,3,3,3,0,14,100,1751,1751,v001,agent:DataEngineer
2026-11-11,115,14:00,voice,Meridian,3,3,3,0,15,100,1802,1802,v001,agent:DataEngineer
2026-11-11,115,14:30,voice,Meridian,5,4,4,1,41,80,1782,1782,v001,agent:DataEngineer
2026-11-11,115,15:00,voice,Meridian,4,4,4,0,13,100,1694,1694,v001,agent:DataEngineer
2026-11-11,115,15:30,voice,Meridian,3,3,3,0,12,100,1817,1817,v001,agent:DataEngineer
2026-11-11,115,16:00,voice,Meridian,4,4,4,0,13,100,1819,1819,v001,agent:DataEngineer
2026-11-11,115,16:30,voice,Meridian,3,3,3,0,13,100,1737,1737,v001,agent:DataEngineer
2026-11-11,115,17:00,voice,Meridian,2,2,2,0,12,100,1756,1756,v001,agent:DataEngineer
2026-11-11,115,17:30,voice,Meridian,2,2,2,0,12,100,1692,1692,v001,agent:DataEngineer
2026-11-11,115,18:00,voice,Meridian,1,1,1,0,11,100,1870,1870,v001,agent:DataEngineer
2026-11-11,115,18:30,voice,Meridian,1,1,1,0,11,100,1776,1776,v001,agent:DataEngineer
2026-11-11,115,19:00,voice,Meridian,1,1,1,0,11,100,1797,1797,v001,agent:DataEngineer
2026-11-11,115,19:30,voice,Meridian,1,1,1,0,12,100,1595,1595,v001,agent:DataEngineer
2026-11-11,115,20:00,voice,Meridian,1,1,1,0,13,100,1946,1946,v001,agent:DataEngineer
2026-11-11,115,20:30,voice,Meridian,1,1,1,0,11,100,1746,1746,v001,agent:DataEngineer
2026-11-11,115,21:00,voice,Meridian,0,0,0,0,0,0,0,0,v001,agent:DataEngineer
2026-11-11,115,21:30,voice,Meridian,0,0,0,0,0,0,0,0,v001,agent:DataEngineer
2026-11-11,115,22:00,voice,Meridian,0,0,0,0,0,0,0,0,v001,agent:DataEngineer
2026-11-11,115,22:30,voice,Meridian,0,0,0,0,0,0,0,0,v001,agent:DataEngineer
2026-11-11,115,23:00,voice,Meridian,0,0,0,0,0,0,0,0,v001,agent:DataEngineer
2026-11-11,115,23:30,voice,Meridian,1,1,1,0,12,100,1688,1688,v001,agent:DataEngineer
2026-11-11,115,00:00,chat,Meridian,1,1,1,0,43,100,968,484,v001,agent:DataEngineer
2026-11-11,115,00:30,chat,Meridian,1,1,1,0,42,100,1161,580,v001,agent:DataEngineer
2026-11-11,115,01:00,chat,Meridian,1,1,1,0,45,100,992,496,v001,agent:DataEngineer
2026-11-11,115,01:30,chat,Meridian,1,1,1,0,41,100,1083,541,v001,agent:DataEngineer
2026-11-11,115,02:00,chat,Meridian,1,1,1,0,57,100,1142,571,v001,agent:DataEngineer
2026-11-11,115,02:30,chat,Meridian,1,1,1,0,49,100,1009,505,v001,agent:DataEngineer
2026-11-11,115,03:00,chat,Meridian,1,1,1,0,43,100,1010,505,v001,agent:DataEngineer
2026-11-11,115,03:30,chat,Meridian,1,1,1,0,43,100,1062,531,v001,agent:DataEngineer
2026-11-11,115,04:00,chat,Meridian,1,1,1,0,51,100,1034,517,v001,agent:DataEngineer
2026-11-11,115,04:30,chat,Meridian,1,1,1,0,47,100,1064,532,v001,agent:DataEngineer
2026-11-11,115,05:00,chat,Meridian,1,1,1,0,45,100,981,490,v001,agent:DataEngineer
2026-11-11,115,05:30,chat,Meridian,1,1,1,0,39,100,1038,519,v001,agent:DataEngineer
2026-11-11,115,06:00,chat,Meridian,1,1,1,0,39,100,1042,521,v001,agent:DataEngineer
2026-11-11,115,06:30,chat,Meridian,1,1,1,0,50,100,1066,533,v001,agent:DataEngineer
2026-11-11,115,07:00,chat,Meridian,2,2,2,0,41,100,1031,516,v001,agent:DataEngineer
2026-11-11,115,07:30,chat,Meridian,2,2,2,0,45,100,1073,537,v001,agent:DataEngineer
2026-11-11,115,08:00,chat,Meridian,3,3,3,0,36,100,1033,517,v001,agent:DataEngineer
2026-11-11,115,08:30,chat,Meridian,4,4,4,0,39,100,1145,572,v001,agent:DataEngineer
2026-11-11,115,09:00,chat,Meridian,6,6,6,0,44,100,947,473,v001,agent:DataEngineer
2026-11-11,115,09:30,chat,Meridian,7,7,7,0,41,100,1041,520,v001,agent:DataEngineer
2026-11-11,115,10:00,chat,Meridian,8,8,8,0,41,100,1010,505,v001,agent:DataEngineer
2026-11-11,115,10:30,chat,Meridian,8,8,8,0,44,100,936,468,v001,agent:DataEngineer
2026-11-11,115,11:00,chat,Meridian,10,9,9,1,52,90,1059,530,v001,agent:DataEngineer
2026-11-11,115,11:30,chat,Meridian,7,7,7,0,49,100,1130,565,v001,agent:DataEngineer
2026-11-11,115,12:00,chat,Meridian,10,9,9,1,55,90,990,495,v001,agent:DataEngineer
2026-11-11,115,12:30,chat,Meridian,6,6,6,0,48,100,1097,548,v001,agent:DataEngineer
2026-11-11,115,13:00,chat,Meridian,7,7,7,0,42,100,1032,516,v001,agent:DataEngineer
2026-11-11,115,13:30,chat,Meridian,7,7,7,0,41,100,1063,532,v001,agent:DataEngineer
2026-11-11,115,14:00,chat,Meridian,6,5,5,1,95,83.3,1025,512,v001,agent:DataEngineer
2026-11-11,115,14:30,chat,Meridian,8,7,7,1,70,87.5,1074,537,v001,agent:DataEngineer
2026-11-11,115,15:00,chat,Meridian,7,7,7,0,46,100,1254,627,v001,agent:DataEngineer
2026-11-11,115,15:30,chat,Meridian,8,7,6,1,197,75,1060,530,v001,agent:DataEngineer
2026-11-11,115,16:00,chat,Meridian,6,6,6,0,47,100,1035,517,v001,agent:DataEngineer
2026-11-11,115,16:30,chat,Meridian,6,6,6,0,46,100,1033,517,v001,agent:DataEngineer
2026-11-11,115,17:00,chat,Meridian,4,4,4,0,49,100,1013,506,v001,agent:DataEngineer
2026-11-11,115,17:30,chat,Meridian,3,3,3,0,40,100,984,492,v001,agent:DataEngineer
2026-11-11,115,18:00,chat,Meridian,2,2,2,0,43,100,1170,585,v001,agent:DataEngineer
2026-11-11,115,18:30,chat,Meridian,2,2,2,0,40,100,978,489,v001,agent:DataEngineer
2026-11-11,115,19:00,chat,Meridian,2,2,2,0,49,100,1014,507,v001,agent:DataEngineer
2026-11-11,115,19:30,chat,Meridian,1,1,1,0,45,100,1042,521,v001,agent:DataEngineer
2026-11-11,115,20:00,chat,Meridian,1,1,1,0,40,100,1143,571,v001,agent:DataEngineer
2026-11-11,115,20:30,chat,Meridian,1,1,1,0,49,100,1095,548,v001,agent:DataEngineer
2026-11-11,115,21:00,chat,Meridian,1,1,1,0,46,100,1054,527,v001,agent:DataEngineer
2026-11-11,115,21:30,chat,Meridian,1,1,1,0,45,100,997,498,v001,agent:DataEngineer
2026-11-11,115,22:00,chat,Meridian,1,1,1,0,41,100,879,439,v001,agent:DataEngineer
2026-11-11,115,22:30,chat,Meridian,1,1,1,0,41,100,1017,509,v001,agent:DataEngineer
2026-11-11,115,23:00,chat,Meridian,1,1,1,0,46,100,1090,545,v001,agent:DataEngineer
2026-11-11,115,23:30,chat,Meridian,1,1,1,0,41,100,1016,508,v001,agent:DataEngineer
2026-11-12,116,00:00,voice,Meridian,1,1,1,0,12,100,1612,1612,v001,agent:DataEngineer
2026-11-12,116,00:30,voice,Meridian,0,0,0,0,0,0,0,0,v001,agent:DataEngineer
2026-11-12,116,01:00,voice,Meridian,0,0,0,0,0,0,0,0,v001,agent:DataEngineer
2026-11-12,116,01:30,voice,Meridian,1,1,1,0,11,100,1720,1720,v001,agent:DataEngineer
2026-11-12,116,02:00,voice,Meridian,0,0,0,0,0,0,0,0,v001,agent:DataEngineer
2026-11-12,116,02:30,voice,Meridian,1,1,1,0,10,100,1865,1865,v001,agent:DataEngineer
2026-11-12,116,03:00,voice,Meridian,1,1,1,0,12,100,1533,1533,v001,agent:DataEngineer
2026-11-12,116,03:30,voice,Meridian,0,0,0,0,0,0,0,0,v001,agent:DataEngineer
2026-11-12,116,04:00,voice,Meridian,0,0,0,0,0,0,0,0,v001,agent:DataEngineer
2026-11-12,116,04:30,voice,Meridian,0,0,0,0,0,0,0,0,v001,agent:DataEngineer
2026-11-12,116,05:00,voice,Meridian,0,0,0,0,0,0,0,0,v001,agent:DataEngineer
2026-11-12,116,05:30,voice,Meridian,0,0,0,0,0,0,0,0,v001,agent:DataEngineer
2026-11-12,116,06:00,voice,Meridian,0,0,0,0,0,0,0,0,v001,agent:DataEngineer
2026-11-12,116,06:30,voice,Meridian,1,1,1,0,11,100,1620,1620,v001,agent:DataEngineer
2026-11-12,116,07:00,voice,Meridian,1,1,1,0,15,100,1455,1455,v001,agent:DataEngineer
2026-11-12,116,07:30,voice,Meridian,1,1,1,0,14,100,1548,1548,v001,agent:DataEngineer
2026-11-12,116,08:00,voice,Meridian,1,1,1,0,11,100,1586,1586,v001,agent:DataEngineer
2026-11-12,116,08:30,voice,Meridian,2,2,2,0,12,100,1605,1605,v001,agent:DataEngineer
2026-11-12,116,09:00,voice,Meridian,2,2,2,0,12,100,1703,1703,v001,agent:DataEngineer
2026-11-12,116,09:30,voice,Meridian,3,3,3,0,11,100,1650,1650,v001,agent:DataEngineer
2026-11-12,116,10:00,voice,Meridian,4,4,4,0,12,100,1817,1817,v001,agent:DataEngineer
2026-11-12,116,10:30,voice,Meridian,4,4,4,0,12,100,1752,1752,v001,agent:DataEngineer
2026-11-12,116,11:00,voice,Meridian,4,4,4,0,12,100,1770,1770,v001,agent:DataEngineer
2026-11-12,116,11:30,voice,Meridian,3,3,3,0,11,100,1531,1531,v001,agent:DataEngineer
2026-11-12,116,12:00,voice,Meridian,3,3,3,0,12,100,1516,1516,v001,agent:DataEngineer
2026-11-12,116,12:30,voice,Meridian,3,3,3,0,11,100,1498,1498,v001,agent:DataEngineer
2026-11-12,116,13:00,voice,Meridian,4,4,4,0,12,100,1583,1583,v001,agent:DataEngineer
2026-11-12,116,13:30,voice,Meridian,3,3,3,0,12,100,1644,1644,v001,agent:DataEngineer
2026-11-12,116,14:00,voice,Meridian,5,4,4,1,50,80,1648,1648,v001,agent:DataEngineer
2026-11-12,116,14:30,voice,Meridian,3,3,3,0,12,100,1728,1728,v001,agent:DataEngineer
2026-11-12,116,15:00,voice,Meridian,4,4,4,0,13,100,1817,1817,v001,agent:DataEngineer
2026-11-12,116,15:30,voice,Meridian,3,3,3,0,12,100,1727,1727,v001,agent:DataEngineer
2026-11-12,116,16:00,voice,Meridian,3,3,3,0,14,100,1725,1725,v001,agent:DataEngineer
2026-11-12,116,16:30,voice,Meridian,2,2,2,0,11,100,1641,1641,v001,agent:DataEngineer
2026-11-12,116,17:00,voice,Meridian,2,2,2,0,12,100,1645,1645,v001,agent:DataEngineer
2026-11-12,116,17:30,voice,Meridian,2,2,2,0,12,100,1647,1647,v001,agent:DataEngineer
2026-11-12,116,18:00,voice,Meridian,1,1,1,0,12,100,1685,1685,v001,agent:DataEngineer
2026-11-12,116,18:30,voice,Meridian,1,1,1,0,11,100,1906,1906,v001,agent:DataEngineer
2026-11-12,116,19:00,voice,Meridian,1,1,1,0,13,100,1551,1551,v001,agent:DataEngineer
2026-11-12,116,19:30,voice,Meridian,0,0,0,0,0,0,0,0,v001,agent:DataEngineer
2026-11-12,116,20:00,voice,Meridian,0,0,0,0,0,0,0,0,v001,agent:DataEngineer
2026-11-12,116,20:30,voice,Meridian,0,0,0,0,0,0,0,0,v001,agent:DataEngineer
2026-11-12,116,21:00,voice,Meridian,0,0,0,0,0,0,0,0,v001,agent:DataEngineer
2026-11-12,116,21:30,voice,Meridian,0,0,0,0,0,0,0,0,v001,agent:DataEngineer
2026-11-12,116,22:00,voice,Meridian,1,1,1,0,14,100,1709,1709,v001,agent:DataEngineer
2026-11-12,116,22:30,voice,Meridian,0,0,0,0,0,0,0,0,v001,agent:DataEngineer
2026-11-12,116,23:00,voice,Meridian,1,1,1,0,15,100,1596,1596,v001,agent:DataEngineer
2026-11-12,116,23:30,voice,Meridian,0,0,0,0,0,0,0,0,v001,agent:DataEngineer
2026-11-12,116,00:00,chat,Meridian,1,1,1,0,37,100,1112,556,v001,agent:DataEngineer
2026-11-12,116,00:30,chat,Meridian,1,1,1,0,43,100,978,489,v001,agent:DataEngineer
2026-11-12,116,01:00,chat,Meridian,1,1,1,0,43,100,1068,534,v001,agent:DataEngineer
2026-11-12,116,01:30,chat,Meridian,1,1,1,0,48,100,1002,501,v001,agent:DataEngineer
2026-11-12,116,02:00,chat,Meridian,1,1,1,0,44,100,993,496,v001,agent:DataEngineer
2026-11-12,116,02:30,chat,Meridian,1,1,1,0,44,100,1006,503,v001,agent:DataEngineer
2026-11-12,116,03:00,chat,Meridian,1,1,1,0,41,100,941,471,v001,agent:DataEngineer
2026-11-12,116,03:30,chat,Meridian,1,1,1,0,43,100,922,461,v001,agent:DataEngineer
2026-11-12,116,04:00,chat,Meridian,1,1,1,0,40,100,979,489,v001,agent:DataEngineer
2026-11-12,116,04:30,chat,Meridian,1,1,1,0,46,100,975,488,v001,agent:DataEngineer
2026-11-12,116,05:00,chat,Meridian,1,1,1,0,39,100,1072,536,v001,agent:DataEngineer
2026-11-12,116,05:30,chat,Meridian,1,1,1,0,46,100,1091,545,v001,agent:DataEngineer
2026-11-12,116,06:00,chat,Meridian,1,1,1,0,52,100,927,463,v001,agent:DataEngineer
2026-11-12,116,06:30,chat,Meridian,1,1,1,0,47,100,972,486,v001,agent:DataEngineer
2026-11-12,116,07:00,chat,Meridian,2,2,2,0,43,100,1011,505,v001,agent:DataEngineer
2026-11-12,116,07:30,chat,Meridian,2,2,2,0,50,100,1021,511,v001,agent:DataEngineer
2026-11-12,116,08:00,chat,Meridian,3,3,3,0,47,100,966,483,v001,agent:DataEngineer
2026-11-12,116,08:30,chat,Meridian,3,3,3,0,38,100,1069,534,v001,agent:DataEngineer
2026-11-12,116,09:00,chat,Meridian,6,6,6,0,38,100,1098,549,v001,agent:DataEngineer
2026-11-12,116,09:30,chat,Meridian,6,6,6,0,48,100,995,498,v001,agent:DataEngineer
2026-11-12,116,10:00,chat,Meridian,5,5,5,0,45,100,1020,510,v001,agent:DataEngineer
2026-11-12,116,10:30,chat,Meridian,7,6,6,1,93,85.7,941,471,v001,agent:DataEngineer
2026-11-12,116,11:00,chat,Meridian,9,8,8,1,62,88.9,961,480,v001,agent:DataEngineer
2026-11-12,116,11:30,chat,Meridian,7,6,6,1,67,85.7,1068,534,v001,agent:DataEngineer
2026-11-12,116,12:00,chat,Meridian,8,7,7,1,65,87.5,975,487,v001,agent:DataEngineer
2026-11-12,116,12:30,chat,Meridian,4,4,4,0,47,100,959,480,v001,agent:DataEngineer
2026-11-12,116,13:00,chat,Meridian,6,6,6,0,41,100,988,494,v001,agent:DataEngineer
2026-11-12,116,13:30,chat,Meridian,6,6,5,0,77,83.3,984,492,v001,agent:DataEngineer
2026-11-12,116,14:00,chat,Meridian,7,7,6,0,76,85.7,1002,501,v001,agent:DataEngineer
2026-11-12,116,14:30,chat,Meridian,7,7,7,0,44,100,921,460,v001,agent:DataEngineer
2026-11-12,116,15:00,chat,Meridian,8,7,7,1,62,87.5,970,485,v001,agent:DataEngineer
2026-11-12,116,15:30,chat,Meridian,6,6,5,0,85,83.3,966,483,v001,agent:DataEngineer
2026-11-12,116,16:00,chat,Meridian,4,4,4,0,46,100,899,449,v001,agent:DataEngineer
2026-11-12,116,16:30,chat,Meridian,4,4,4,0,45,100,949,475,v001,agent:DataEngineer
2026-11-12,116,17:00,chat,Meridian,4,4,4,0,40,100,1054,527,v001,agent:DataEngineer
2026-11-12,116,17:30,chat,Meridian,3,3,3,0,42,100,885,443,v001,agent:DataEngineer
2026-11-12,116,18:00,chat,Meridian,2,2,2,0,45,100,983,491,v001,agent:DataEngineer
2026-11-12,116,18:30,chat,Meridian,1,1,1,0,41,100,936,468,v001,agent:DataEngineer
2026-11-12,116,19:00,chat,Meridian,2,2,2,0,40,100,986,493,v001,agent:DataEngineer
2026-11-12,116,19:30,chat,Meridian,1,1,1,0,43,100,844,422,v001,agent:DataEngineer
2026-11-12,116,20:00,chat,Meridian,1,1,1,0,40,100,1024,512,v001,agent:DataEngineer
2026-11-12,116,20:30,chat,Meridian,1,1,1,0,44,100,847,423,v001,agent:DataEngineer
2026-11-12,116,21:00,chat,Meridian,1,1,1,0,46,100,1015,508,v001,agent:DataEngineer
2026-11-12,116,21:30,chat,Meridian,1,1,1,0,50,100,1028,514,v001,agent:DataEngineer
2026-11-12,116,22:00,chat,Meridian,1,1,1,0,47,100,919,459,v001,agent:DataEngineer
2026-11-12,116,22:30,chat,Meridian,1,1,1,0,46,100,937,468,v001,agent:DataEngineer
2026-11-12,116,23:00,chat,Meridian,1,1,1,0,44,100,902,451,v001,agent:DataEngineer
2026-11-12,116,23:30,chat,Meridian,1,1,1,0,48,100,944,472,v001,agent:DataEngineer
2026-11-13,117,00:00,voice,Meridian,0,0,0,0,0,0,0,0,v001,agent:DataEngineer
2026-11-13,117,00:30,voice,Meridian,0,0,0,0,0,0,0,0,v001,agent:DataEngineer
2026-11-13,117,01:00,voice,Meridian,0,0,0,0,0,0,0,0,v001,agent:DataEngineer
2026-11-13,117,01:30,voice,Meridian,0,0,0,0,0,0,0,0,v001,agent:DataEngineer
2026-11-13,117,02:00,voice,Meridian,0,0,0,0,0,0,0,0,v001,agent:DataEngineer
2026-11-13,117,02:30,voice,Meridian,0,0,0,0,0,0,0,0,v001,agent:DataEngineer
2026-11-13,117,03:00,voice,Meridian,0,0,0,0,0,0,0,0,v001,agent:DataEngineer
2026-11-13,117,03:30,voice,Meridian,1,1,1,0,14,100,1572,1572,v001,agent:DataEngineer
2026-11-13,117,04:00,voice,Meridian,0,0,0,0,0,0,0,0,v001,agent:DataEngineer
2026-11-13,117,04:30,voice,Meridian,0,0,0,0,0,0,0,0,v001,agent:DataEngineer
2026-11-13,117,05:00,voice,Meridian,0,0,0,0,0,0,0,0,v001,agent:DataEngineer
2026-11-13,117,05:30,voice,Meridian,1,1,1,0,11,100,1542,1542,v001,agent:DataEngineer
2026-11-13,117,06:00,voice,Meridian,0,0,0,0,0,0,0,0,v001,agent:DataEngineer
2026-11-13,117,06:30,voice,Meridian,1,1,1,0,12,100,1536,1536,v001,agent:DataEngineer
2026-11-13,117,07:00,voice,Meridian,1,1,1,0,12,100,1508,1508,v001,agent:DataEngineer
2026-11-13,117,07:30,voice,Meridian,1,1,1,0,12,100,1620,1620,v001,agent:DataEngineer
2026-11-13,117,08:00,voice,Meridian,2,2,2,0,10,100,1704,1704,v001,agent:DataEngineer
2026-11-13,117,08:30,voice,Meridian,1,1,1,0,14,100,1666,1666,v001,agent:DataEngineer
2026-11-13,117,09:00,voice,Meridian,2,2,2,0,13,100,1573,1573,v001,agent:DataEngineer
2026-11-13,117,09:30,voice,Meridian,2,2,2,0,10,100,1656,1656,v001,agent:DataEngineer
2026-11-13,117,10:00,voice,Meridian,3,3,3,0,10,100,1697,1697,v001,agent:DataEngineer
2026-11-13,117,10:30,voice,Meridian,3,3,3,0,13,100,1480,1480,v001,agent:DataEngineer
2026-11-13,117,11:00,voice,Meridian,3,3,3,0,12,100,1732,1732,v001,agent:DataEngineer
2026-11-13,117,11:30,voice,Meridian,3,3,3,0,12,100,1787,1787,v001,agent:DataEngineer
2026-11-13,117,12:00,voice,Meridian,3,3,3,0,13,100,1450,1450,v001,agent:DataEngineer
2026-11-13,117,12:30,voice,Meridian,2,2,2,0,13,100,1712,1712,v001,agent:DataEngineer
2026-11-13,117,13:00,voice,Meridian,2,2,2,0,12,100,1713,1713,v001,agent:DataEngineer
2026-11-13,117,13:30,voice,Meridian,2,2,2,0,12,100,1642,1642,v001,agent:DataEngineer
2026-11-13,117,14:00,voice,Meridian,3,2,2,1,113,66.7,1508,1508,v001,agent:DataEngineer
2026-11-13,117,14:30,voice,Meridian,2,2,2,0,13,100,1594,1594,v001,agent:DataEngineer
2026-11-13,117,15:00,voice,Meridian,3,3,3,0,13,100,1665,1665,v001,agent:DataEngineer
2026-11-13,117,15:30,voice,Meridian,3,3,3,0,10,100,1701,1701,v001,agent:DataEngineer
2026-11-13,117,16:00,voice,Meridian,3,3,3,0,11,100,1692,1692,v001,agent:DataEngineer
2026-11-13,117,16:30,voice,Meridian,2,2,2,0,10,100,1443,1443,v001,agent:DataEngineer
2026-11-13,117,17:00,voice,Meridian,2,2,2,0,15,100,1768,1768,v001,agent:DataEngineer
2026-11-13,117,17:30,voice,Meridian,1,1,1,0,11,100,1652,1652,v001,agent:DataEngineer
2026-11-13,117,18:00,voice,Meridian,1,1,1,0,11,100,1423,1423,v001,agent:DataEngineer
2026-11-13,117,18:30,voice,Meridian,1,1,1,0,14,100,1488,1488,v001,agent:DataEngineer
2026-11-13,117,19:00,voice,Meridian,1,1,1,0,15,100,1657,1657,v001,agent:DataEngineer
2026-11-13,117,19:30,voice,Meridian,1,1,1,0,12,100,1650,1650,v001,agent:DataEngineer
2026-11-13,117,20:00,voice,Meridian,0,0,0,0,0,0,0,0,v001,agent:DataEngineer
2026-11-13,117,20:30,voice,Meridian,0,0,0,0,0,0,0,0,v001,agent:DataEngineer
2026-11-13,117,21:00,voice,Meridian,1,1,1,0,10,100,1523,1523,v001,agent:DataEngineer
2026-11-13,117,21:30,voice,Meridian,0,0,0,0,0,0,0,0,v001,agent:DataEngineer
2026-11-13,117,22:00,voice,Meridian,0,0,0,0,0,0,0,0,v001,agent:DataEngineer
2026-11-13,117,22:30,voice,Meridian,0,0,0,0,0,0,0,0,v001,agent:DataEngineer
2026-11-13,117,23:00,voice,Meridian,0,0,0,0,0,0,0,0,v001,agent:DataEngineer
2026-11-13,117,23:30,voice,Meridian,0,0,0,0,0,0,0,0,v001,agent:DataEngineer
2026-11-13,117,00:00,chat,Meridian,0,0,0,0,0,0,0,0,v001,agent:DataEngineer
2026-11-13,117,00:30,chat,Meridian,1,1,1,0,38,100,973,487,v001,agent:DataEngineer
2026-11-13,117,01:00,chat,Meridian,1,1,1,0,46,100,1076,538,v001,agent:DataEngineer
2026-11-13,117,01:30,chat,Meridian,1,1,1,0,54,100,952,476,v001,agent:DataEngineer
2026-11-13,117,02:00,chat,Meridian,1,1,1,0,49,100,953,476,v001,agent:DataEngineer
2026-11-13,117,02:30,chat,Meridian,1,1,1,0,43,100,1059,529,v001,agent:DataEngineer
2026-11-13,117,03:00,chat,Meridian,1,1,1,0,44,100,1023,511,v001,agent:DataEngineer
2026-11-13,117,03:30,chat,Meridian,1,1,1,0,44,100,1013,506,v001,agent:DataEngineer
2026-11-13,117,04:00,chat,Meridian,1,1,1,0,47,100,1021,510,v001,agent:DataEngineer
2026-11-13,117,04:30,chat,Meridian,1,1,1,0,41,100,987,494,v001,agent:DataEngineer
2026-11-13,117,05:00,chat,Meridian,0,0,0,0,0,0,0,0,v001,agent:DataEngineer
2026-11-13,117,05:30,chat,Meridian,1,1,1,0,44,100,1039,519,v001,agent:DataEngineer
2026-11-13,117,06:00,chat,Meridian,0,0,0,0,0,0,0,0,v001,agent:DataEngineer
2026-11-13,117,06:30,chat,Meridian,1,1,1,0,46,100,994,497,v001,agent:DataEngineer
2026-11-13,117,07:00,chat,Meridian,1,1,1,0,45,100,1018,509,v001,agent:DataEngineer
2026-11-13,117,07:30,chat,Meridian,2,2,2,0,40,100,1019,509,v001,agent:DataEngineer
2026-11-13,117,08:00,chat,Meridian,2,2,2,0,42,100,1097,549,v001,agent:DataEngineer
2026-11-13,117,08:30,chat,Meridian,2,2,2,0,47,100,1020,510,v001,agent:DataEngineer
2026-11-13,117,09:00,chat,Meridian,5,5,4,0,92,80,1107,554,v001,agent:DataEngineer
2026-11-13,117,09:30,chat,Meridian,5,5,5,0,44,100,1016,508,v001,agent:DataEngineer
2026-11-13,117,10:00,chat,Meridian,6,5,5,1,95,83.3,973,487,v001,agent:DataEngineer
2026-11-13,117,10:30,chat,Meridian,5,5,5,0,44,100,958,479,v001,agent:DataEngineer
2026-11-13,117,11:00,chat,Meridian,7,6,6,1,73,85.7,1141,570,v001,agent:DataEngineer
2026-11-13,117,11:30,chat,Meridian,5,5,5,0,51,100,1026,513,v001,agent:DataEngineer
2026-11-13,117,12:00,chat,Meridian,5,5,5,0,43,100,942,471,v001,agent:DataEngineer
2026-11-13,117,12:30,chat,Meridian,5,5,4,0,109,80,1099,550,v001,agent:DataEngineer
2026-11-13,117,13:00,chat,Meridian,5,5,5,0,47,100,903,452,v001,agent:DataEngineer
2026-11-13,117,13:30,chat,Meridian,5,5,5,0,43,100,997,499,v001,agent:DataEngineer
2026-11-13,117,14:00,chat,Meridian,4,4,4,0,46,100,1050,525,v001,agent:DataEngineer
2026-11-13,117,14:30,chat,Meridian,5,5,4,0,113,80,1057,529,v001,agent:DataEngineer
2026-11-13,117,15:00,chat,Meridian,6,5,5,1,90,83.3,988,494,v001,agent:DataEngineer
2026-11-13,117,15:30,chat,Meridian,5,4,4,1,112,80,1172,586,v001,agent:DataEngineer
2026-11-13,117,16:00,chat,Meridian,4,4,4,0,45,100,962,481,v001,agent:DataEngineer
2026-11-13,117,16:30,chat,Meridian,4,4,4,0,42,100,1001,501,v001,agent:DataEngineer
2026-11-13,117,17:00,chat,Meridian,3,3,3,0,44,100,1080,540,v001,agent:DataEngineer
2026-11-13,117,17:30,chat,Meridian,2,2,2,0,46,100,1036,518,v001,agent:DataEngineer
2026-11-13,117,18:00,chat,Meridian,2,2,2,0,46,100,1014,507,v001,agent:DataEngineer
2026-11-13,117,18:30,chat,Meridian,1,1,1,0,51,100,1060,530,v001,agent:DataEngineer
2026-11-13,117,19:00,chat,Meridian,1,1,1,0,52,100,990,495,v001,agent:DataEngineer
2026-11-13,117,19:30,chat,Meridian,1,1,1,0,39,100,940,470,v001,agent:DataEngineer
2026-11-13,117,20:00,chat,Meridian,1,1,1,0,41,100,883,441,v001,agent:DataEngineer
2026-11-13,117,20:30,chat,Meridian,1,1,1,0,49,100,1017,508,v001,agent:DataEngineer
2026-11-13,117,21:00,chat,Meridian,1,1,1,0,51,100,1027,514,v001,agent:DataEngineer
2026-11-13,117,21:30,chat,Meridian,0,0,0,0,0,0,0,0,v001,agent:DataEngineer
2026-11-13,117,22:00,chat,Meridian,1,1,1,0,43,100,998,499,v001,agent:DataEngineer
2026-11-13,117,22:30,chat,Meridian,0,0,0,0,0,0,0,0,v001,agent:DataEngineer
2026-11-13,117,23:00,chat,Meridian,1,1,1,0,49,100,1021,511,v001,agent:DataEngineer
2026-11-13,117,23:30,chat,Meridian,1,1,1,0,51,100,1006,503,v001,agent:DataEngineer
2026-11-14,118,00:00,voice,Meridian,0,0,0,0,0,0,0,0,v001,agent:DataEngineer
2026-11-14,118,00:30,voice,Meridian,0,0,0,0,0,0,0,0,v001,agent:DataEngineer
2026-11-14,118,01:00,voice,Meridian,0,0,0,0,0,0,0,0,v001,agent:DataEngineer
2026-11-14,118,01:30,voice,Meridian,0,0,0,0,0,0,0,0,v001,agent:DataEngineer
2026-11-14,118,02:00,voice,Meridian,0,0,0,0,0,0,0,0,v001,agent:DataEngineer
2026-11-14,118,02:30,voice,Meridian,0,0,0,0,0,0,0,0,v001,agent:DataEngineer
2026-11-14,118,03:00,voice,Meridian,0,0,0,0,0,0,0,0,v001,agent:DataEngineer
2026-11-14,118,03:30,voice,Meridian,0,0,0,0,0,0,0,0,v001,agent:DataEngineer
2026-11-14,118,04:00,voice,Meridian,0,0,0,0,0,0,0,0,v001,agent:DataEngineer
2026-11-14,118,04:30,voice,Meridian,0,0,0,0,0,0,0,0,v001,agent:DataEngineer
2026-11-14,118,05:00,voice,Meridian,0,0,0,0,0,0,0,0,v001,agent:DataEngineer
2026-11-14,118,05:30,voice,Meridian,0,0,0,0,0,0,0,0,v001,agent:DataEngineer
2026-11-14,118,06:00,voice,Meridian,0,0,0,0,0,0,0,0,v001,agent:DataEngineer
2026-11-14,118,06:30,voice,Meridian,0,0,0,0,0,0,0,0,v001,agent:DataEngineer
2026-11-14,118,07:00,voice,Meridian,1,1,1,0,13,100,1649,1649,v001,agent:DataEngineer
2026-11-14,118,07:30,voice,Meridian,1,1,1,0,12,100,1909,1909,v001,agent:DataEngineer
2026-11-14,118,08:00,voice,Meridian,1,1,1,0,12,100,1584,1584,v001,agent:DataEngineer
2026-11-14,118,08:30,voice,Meridian,1,1,1,0,12,100,1741,1741,v001,agent:DataEngineer
2026-11-14,118,09:00,voice,Meridian,1,1,1,0,12,100,1865,1865,v001,agent:DataEngineer
2026-11-14,118,09:30,voice,Meridian,1,1,1,0,13,100,1648,1648,v001,agent:DataEngineer
2026-11-14,118,10:00,voice,Meridian,2,2,1,0,219,50,1501,1501,v001,agent:DataEngineer
2026-11-14,118,10:30,voice,Meridian,2,1,1,1,235,50,1597,1597,v001,agent:DataEngineer
2026-11-14,118,11:00,voice,Meridian,2,2,2,0,11,100,1699,1699,v001,agent:DataEngineer
2026-11-14,118,11:30,voice,Meridian,2,2,2,0,12,100,1584,1584,v001,agent:DataEngineer
2026-11-14,118,12:00,voice,Meridian,2,2,2,0,12,100,1588,1588,v001,agent:DataEngineer
2026-11-14,118,12:30,voice,Meridian,1,1,1,0,11,100,1615,1615,v001,agent:DataEngineer
2026-11-14,118,13:00,voice,Meridian,1,1,1,0,12,100,1713,1713,v001,agent:DataEngineer
2026-11-14,118,13:30,voice,Meridian,2,2,2,0,10,100,1618,1618,v001,agent:DataEngineer
2026-11-14,118,14:00,voice,Meridian,2,2,2,0,12,100,1597,1597,v001,agent:DataEngineer
2026-11-14,118,14:30,voice,Meridian,1,1,1,0,13,100,1598,1598,v001,agent:DataEngineer
2026-11-14,118,15:00,voice,Meridian,2,2,2,0,14,100,1682,1682,v001,agent:DataEngineer
2026-11-14,118,15:30,voice,Meridian,1,1,1,0,11,100,1602,1602,v001,agent:DataEngineer
2026-11-14,118,16:00,voice,Meridian,2,2,2,0,14,100,1675,1675,v001,agent:DataEngineer
2026-11-14,118,16:30,voice,Meridian,1,1,1,0,10,100,1592,1592,v001,agent:DataEngineer
2026-11-14,118,17:00,voice,Meridian,1,1,1,0,12,100,1536,1536,v001,agent:DataEngineer
2026-11-14,118,17:30,voice,Meridian,1,1,1,0,14,100,1565,1565,v001,agent:DataEngineer
2026-11-14,118,18:00,voice,Meridian,1,1,1,0,11,100,1606,1606,v001,agent:DataEngineer
2026-11-14,118,18:30,voice,Meridian,0,0,0,0,0,0,0,0,v001,agent:DataEngineer
2026-11-14,118,19:00,voice,Meridian,0,0,0,0,0,0,0,0,v001,agent:DataEngineer
2026-11-14,118,19:30,voice,Meridian,0,0,0,0,0,0,0,0,v001,agent:DataEngineer
2026-11-14,118,20:00,voice,Meridian,0,0,0,0,0,0,0,0,v001,agent:DataEngineer
2026-11-14,118,20:30,voice,Meridian,0,0,0,0,0,0,0,0,v001,agent:DataEngineer
2026-11-14,118,21:00,voice,Meridian,0,0,0,0,0,0,0,0,v001,agent:DataEngineer
2026-11-14,118,21:30,voice,Meridian,0,0,0,0,0,0,0,0,v001,agent:DataEngineer
2026-11-14,118,22:00,voice,Meridian,0,0,0,0,0,0,0,0,v001,agent:DataEngineer
2026-11-14,118,22:30,voice,Meridian,0,0,0,0,0,0,0,0,v001,agent:DataEngineer
2026-11-14,118,23:00,voice,Meridian,0,0,0,0,0,0,0,0,v001,agent:DataEngineer
2026-11-14,118,23:30,voice,Meridian,0,0,0,0,0,0,0,0,v001,agent:DataEngineer
2026-11-14,118,00:00,chat,Meridian,0,0,0,0,0,0,0,0,v001,agent:DataEngineer
2026-11-14,118,00:30,chat,Meridian,0,0,0,0,0,0,0,0,v001,agent:DataEngineer
2026-11-14,118,01:00,chat,Meridian,0,0,0,0,0,0,0,0,v001,agent:DataEngineer
2026-11-14,118,01:30,chat,Meridian,0,0,0,0,0,0,0,0,v001,agent:DataEngineer
2026-11-14,118,02:00,chat,Meridian,0,0,0,0,0,0,0,0,v001,agent:DataEngineer
2026-11-14,118,02:30,chat,Meridian,0,0,0,0,0,0,0,0,v001,agent:DataEngineer
2026-11-14,118,03:00,chat,Meridian,0,0,0,0,0,0,0,0,v001,agent:DataEngineer
2026-11-14,118,03:30,chat,Meridian,0,0,0,0,0,0,0,0,v001,agent:DataEngineer
2026-11-14,118,04:00,chat,Meridian,0,0,0,0,0,0,0,0,v001,agent:DataEngineer
2026-11-14,118,04:30,chat,Meridian,0,0,0,0,0,0,0,0,v001,agent:DataEngineer
2026-11-14,118,05:00,chat,Meridian,0,0,0,0,0,0,0,0,v001,agent:DataEngineer
2026-11-14,118,05:30,chat,Meridian,0,0,0,0,0,0,0,0,v001,agent:DataEngineer
2026-11-14,118,06:00,chat,Meridian,0,0,0,0,0,0,0,0,v001,agent:DataEngineer
2026-11-14,118,06:30,chat,Meridian,1,1,1,0,45,100,932,466,v001,agent:DataEngineer
2026-11-14,118,07:00,chat,Meridian,1,1,1,0,51,100,1056,528,v001,agent:DataEngineer
2026-11-14,118,07:30,chat,Meridian,1,1,1,0,49,100,911,455,v001,agent:DataEngineer
2026-11-14,118,08:00,chat,Meridian,2,2,2,0,49,100,1014,507,v001,agent:DataEngineer
2026-11-14,118,08:30,chat,Meridian,2,2,2,0,39,100,946,473,v001,agent:DataEngineer
2026-11-14,118,09:00,chat,Meridian,2,2,2,0,43,100,997,499,v001,agent:DataEngineer
2026-11-14,118,09:30,chat,Meridian,3,3,3,0,48,100,942,471,v001,agent:DataEngineer
2026-11-14,118,10:00,chat,Meridian,4,3,3,1,133,75,987,494,v001,agent:DataEngineer
2026-11-14,118,10:30,chat,Meridian,4,4,4,0,48,100,966,483,v001,agent:DataEngineer
2026-11-14,118,11:00,chat,Meridian,3,2,2,1,202,66.7,1027,513,v001,agent:DataEngineer
2026-11-14,118,11:30,chat,Meridian,3,3,3,0,49,100,1090,545,v001,agent:DataEngineer
2026-11-14,118,12:00,chat,Meridian,2,2,2,0,48,100,1085,542,v001,agent:DataEngineer
2026-11-14,118,12:30,chat,Meridian,3,3,3,0,45,100,1010,505,v001,agent:DataEngineer
2026-11-14,118,13:00,chat,Meridian,3,3,3,0,49,100,993,496,v001,agent:DataEngineer
2026-11-14,118,13:30,chat,Meridian,3,3,3,0,40,100,1117,559,v001,agent:DataEngineer
2026-11-14,118,14:00,chat,Meridian,3,3,3,0,41,100,911,456,v001,agent:DataEngineer
2026-11-14,118,14:30,chat,Meridian,3,3,3,0,41,100,916,458,v001,agent:DataEngineer
2026-11-14,118,15:00,chat,Meridian,3,3,3,0,39,100,980,490,v001,agent:DataEngineer
2026-11-14,118,15:30,chat,Meridian,3,3,3,0,38,100,977,489,v001,agent:DataEngineer
2026-11-14,118,16:00,chat,Meridian,3,3,3,0,57,100,941,470,v001,agent:DataEngineer
2026-11-14,118,16:30,chat,Meridian,2,2,2,0,47,100,960,480,v001,agent:DataEngineer
2026-11-14,118,17:00,chat,Meridian,2,2,2,0,42,100,997,498,v001,agent:DataEngineer
2026-11-14,118,17:30,chat,Meridian,1,1,1,0,56,100,991,496,v001,agent:DataEngineer
2026-11-14,118,18:00,chat,Meridian,1,1,1,0,38,100,981,491,v001,agent:DataEngineer
2026-11-14,118,18:30,chat,Meridian,1,1,1,0,46,100,982,491,v001,agent:DataEngineer
2026-11-14,118,19:00,chat,Meridian,1,1,1,0,43,100,986,493,v001,agent:DataEngineer
2026-11-14,118,19:30,chat,Meridian,1,1,1,0,38,100,966,483,v001,agent:DataEngineer
2026-11-14,118,20:00,chat,Meridian,0,0,0,0,0,0,0,0,v001,agent:DataEngineer
2026-11-14,118,20:30,chat,Meridian,1,1,1,0,43,100,989,494,v001,agent:DataEngineer
2026-11-14,118,21:00,chat,Meridian,0,0,0,0,0,0,0,0,v001,agent:DataEngineer
2026-11-14,118,21:30,chat,Meridian,0,0,0,0,0,0,0,0,v001,agent:DataEngineer
2026-11-14,118,22:00,chat,Meridian,1,1,1,0,46,100,969,484,v001,agent:DataEngineer
2026-11-14,118,22:30,chat,Meridian,0,0,0,0,0,0,0,0,v001,agent:DataEngineer
2026-11-14,118,23:00,chat,Meridian,0,0,0,0,0,0,0,0,v001,agent:DataEngineer
2026-11-14,118,23:30,chat,Meridian,0,0,0,0,0,0,0,0,v001,agent:DataEngineer
2026-11-15,119,00:00,voice,Meridian,0,0,0,0,0,0,0,0,v001,agent:DataEngineer
2026-11-15,119,00:30,voice,Meridian,0,0,0,0,0,0,0,0,v001,agent:DataEngineer
2026-11-15,119,01:00,voice,Meridian,0,0,0,0,0,0,0,0,v001,agent:DataEngineer
2026-11-15,119,01:30,voice,Meridian,0,0,0,0,0,0,0,0,v001,agent:DataEngineer
2026-11-15,119,02:00,voice,Meridian,0,0,0,0,0,0,0,0,v001,agent:DataEngineer
2026-11-15,119,02:30,voice,Meridian,0,0,0,0,0,0,0,0,v001,agent:DataEngineer
2026-11-15,119,03:00,voice,Meridian,0,0,0,0,0,0,0,0,v001,agent:DataEngineer
2026-11-15,119,03:30,voice,Meridian,0,0,0,0,0,0,0,0,v001,agent:DataEngineer
2026-11-15,119,04:00,voice,Meridian,0,0,0,0,0,0,0,0,v001,agent:DataEngineer
2026-11-15,119,04:30,voice,Meridian,0,0,0,0,0,0,0,0,v001,agent:DataEngineer
2026-11-15,119,05:00,voice,Meridian,0,0,0,0,0,0,0,0,v001,agent:DataEngineer
2026-11-15,119,05:30,voice,Meridian,0,0,0,0,0,0,0,0,v001,agent:DataEngineer
2026-11-15,119,06:00,voice,Meridian,0,0,0,0,0,0,0,0,v001,agent:DataEngineer
2026-11-15,119,06:30,voice,Meridian,0,0,0,0,0,0,0,0,v001,agent:DataEngineer
2026-11-15,119,07:00,voice,Meridian,0,0,0,0,0,0,0,0,v001,agent:DataEngineer
2026-11-15,119,07:30,voice,Meridian,1,1,1,0,13,100,1560,1560,v001,agent:DataEngineer
2026-11-15,119,08:00,voice,Meridian,1,1,1,0,12,100,1737,1737,v001,agent:DataEngineer
2026-11-15,119,08:30,voice,Meridian,1,1,1,0,9,100,1892,1892,v001,agent:DataEngineer
2026-11-15,119,09:00,voice,Meridian,1,1,1,0,12,100,1787,1787,v001,agent:DataEngineer
2026-11-15,119,09:30,voice,Meridian,2,2,2,0,11,100,1597,1597,v001,agent:DataEngineer
2026-11-15,119,10:00,voice,Meridian,2,2,2,0,11,100,1667,1667,v001,agent:DataEngineer
2026-11-15,119,10:30,voice,Meridian,2,2,2,0,11,100,1528,1528,v001,agent:DataEngineer
2026-11-15,119,11:00,voice,Meridian,2,2,2,0,12,100,1636,1636,v001,agent:DataEngineer
2026-11-15,119,11:30,voice,Meridian,2,2,2,0,13,100,1772,1772,v001,agent:DataEngineer
2026-11-15,119,12:00,voice,Meridian,2,2,2,0,12,100,1641,1641,v001,agent:DataEngineer
2026-11-15,119,12:30,voice,Meridian,2,2,2,0,11,100,1702,1702,v001,agent:DataEngineer
2026-11-15,119,13:00,voice,Meridian,2,2,2,0,11,100,1686,1686,v001,agent:DataEngineer
2026-11-15,119,13:30,voice,Meridian,1,1,1,0,13,100,1675,1675,v001,agent:DataEngineer
2026-11-15,119,14:00,voice,Meridian,1,1,1,0,13,100,1700,1700,v001,agent:DataEngineer
2026-11-15,119,14:30,voice,Meridian,2,2,2,0,13,100,1777,1777,v001,agent:DataEngineer
2026-11-15,119,15:00,voice,Meridian,2,2,2,0,12,100,1669,1669,v001,agent:DataEngineer
2026-11-15,119,15:30,voice,Meridian,1,1,1,0,13,100,1727,1727,v001,agent:DataEngineer
2026-11-15,119,16:00,voice,Meridian,2,1,1,1,231,50,1612,1612,v001,agent:DataEngineer
2026-11-15,119,16:30,voice,Meridian,1,1,1,0,11,100,1788,1788,v001,agent:DataEngineer
2026-11-15,119,17:00,voice,Meridian,1,1,1,0,13,100,1805,1805,v001,agent:DataEngineer
2026-11-15,119,17:30,voice,Meridian,1,1,1,0,12,100,1678,1678,v001,agent:DataEngineer
2026-11-15,119,18:00,voice,Meridian,1,1,1,0,11,100,1679,1679,v001,agent:DataEngineer
2026-11-15,119,18:30,voice,Meridian,0,0,0,0,0,0,0,0,v001,agent:DataEngineer
2026-11-15,119,19:00,voice,Meridian,0,0,0,0,0,0,0,0,v001,agent:DataEngineer
2026-11-15,119,19:30,voice,Meridian,0,0,0,0,0,0,0,0,v001,agent:DataEngineer
2026-11-15,119,20:00,voice,Meridian,0,0,0,0,0,0,0,0,v001,agent:DataEngineer
2026-11-15,119,20:30,voice,Meridian,0,0,0,0,0,0,0,0,v001,agent:DataEngineer
2026-11-15,119,21:00,voice,Meridian,0,0,0,0,0,0,0,0,v001,agent:DataEngineer
2026-11-15,119,21:30,voice,Meridian,0,0,0,0,0,0,0,0,v001,agent:DataEngineer
2026-11-15,119,22:00,voice,Meridian,0,0,0,0,0,0,0,0,v001,agent:DataEngineer
2026-11-15,119,22:30,voice,Meridian,0,0,0,0,0,0,0,0,v001,agent:DataEngineer
2026-11-15,119,23:00,voice,Meridian,0,0,0,0,0,0,0,0,v001,agent:DataEngineer
2026-11-15,119,23:30,voice,Meridian,0,0,0,0,0,0,0,0,v001,agent:DataEngineer
2026-11-15,119,00:00,chat,Meridian,0,0,0,0,0,0,0,0,v001,agent:DataEngineer
2026-11-15,119,00:30,chat,Meridian,0,0,0,0,0,0,0,0,v001,agent:DataEngineer
2026-11-15,119,01:00,chat,Meridian,0,0,0,0,0,0,0,0,v001,agent:DataEngineer
2026-11-15,119,01:30,chat,Meridian,0,0,0,0,0,0,0,0,v001,agent:DataEngineer
2026-11-15,119,02:00,chat,Meridian,0,0,0,0,0,0,0,0,v001,agent:DataEngineer
2026-11-15,119,02:30,chat,Meridian,0,0,0,0,0,0,0,0,v001,agent:DataEngineer
2026-11-15,119,03:00,chat,Meridian,0,0,0,0,0,0,0,0,v001,agent:DataEngineer
2026-11-15,119,03:30,chat,Meridian,0,0,0,0,0,0,0,0,v001,agent:DataEngineer
2026-11-15,119,04:00,chat,Meridian,1,1,1,0,54,100,984,492,v001,agent:DataEngineer
2026-11-15,119,04:30,chat,Meridian,1,1,1,0,44,100,1090,545,v001,agent:DataEngineer
2026-11-15,119,05:00,chat,Meridian,0,0,0,0,0,0,0,0,v001,agent:DataEngineer
2026-11-15,119,05:30,chat,Meridian,0,0,0,0,0,0,0,0,v001,agent:DataEngineer
2026-11-15,119,06:00,chat,Meridian,0,0,0,0,0,0,0,0,v001,agent:DataEngineer
2026-11-15,119,06:30,chat,Meridian,1,1,1,0,43,100,978,489,v001,agent:DataEngineer
2026-11-15,119,07:00,chat,Meridian,1,1,1,0,41,100,1022,511,v001,agent:DataEngineer
2026-11-15,119,07:30,chat,Meridian,1,1,1,0,39,100,1030,515,v001,agent:DataEngineer
2026-11-15,119,08:00,chat,Meridian,1,1,1,0,47,100,959,480,v001,agent:DataEngineer
2026-11-15,119,08:30,chat,Meridian,2,2,2,0,44,100,1023,511,v001,agent:DataEngineer
2026-11-15,119,09:00,chat,Meridian,2,2,2,0,48,100,1043,522,v001,agent:DataEngineer
2026-11-15,119,09:30,chat,Meridian,3,3,3,0,39,100,1053,527,v001,agent:DataEngineer
2026-11-15,119,10:00,chat,Meridian,3,3,3,0,44,100,994,497,v001,agent:DataEngineer
2026-11-15,119,10:30,chat,Meridian,4,4,4,0,52,100,1082,541,v001,agent:DataEngineer
2026-11-15,119,11:00,chat,Meridian,3,3,3,0,46,100,1001,500,v001,agent:DataEngineer
2026-11-15,119,11:30,chat,Meridian,3,3,3,0,38,100,1007,504,v001,agent:DataEngineer
2026-11-15,119,12:00,chat,Meridian,5,4,4,1,100,80,1059,529,v001,agent:DataEngineer
2026-11-15,119,12:30,chat,Meridian,2,2,2,0,44,100,992,496,v001,agent:DataEngineer
2026-11-15,119,13:00,chat,Meridian,4,3,3,1,145,75,941,471,v001,agent:DataEngineer
2026-11-15,119,13:30,chat,Meridian,3,3,3,0,46,100,945,472,v001,agent:DataEngineer
2026-11-15,119,14:00,chat,Meridian,3,3,3,0,40,100,1006,503,v001,agent:DataEngineer
2026-11-15,119,14:30,chat,Meridian,3,3,3,0,44,100,1071,535,v001,agent:DataEngineer
2026-11-15,119,15:00,chat,Meridian,4,4,4,0,42,100,1175,587,v001,agent:DataEngineer
2026-11-15,119,15:30,chat,Meridian,3,3,3,0,46,100,1052,526,v001,agent:DataEngineer
2026-11-15,119,16:00,chat,Meridian,2,2,2,0,41,100,1136,568,v001,agent:DataEngineer
2026-11-15,119,16:30,chat,Meridian,2,2,2,0,43,100,1011,506,v001,agent:DataEngineer
2026-11-15,119,17:00,chat,Meridian,2,2,2,0,43,100,956,478,v001,agent:DataEngineer
2026-11-15,119,17:30,chat,Meridian,2,2,2,0,41,100,1019,510,v001,agent:DataEngineer
2026-11-15,119,18:00,chat,Meridian,1,1,1,0,38,100,1100,550,v001,agent:DataEngineer
2026-11-15,119,18:30,chat,Meridian,1,1,1,0,43,100,974,487,v001,agent:DataEngineer
2026-11-15,119,19:00,chat,Meridian,1,1,1,0,50,100,994,497,v001,agent:DataEngineer
2026-11-15,119,19:30,chat,Meridian,1,1,1,0,49,100,932,466,v001,agent:DataEngineer
2026-11-15,119,20:00,chat,Meridian,0,0,0,0,0,0,0,0,v001,agent:DataEngineer
2026-11-15,119,20:30,chat,Meridian,0,0,0,0,0,0,0,0,v001,agent:DataEngineer
2026-11-15,119,21:00,chat,Meridian,0,0,0,0,0,0,0,0,v001,agent:DataEngineer
2026-11-15,119,21:30,chat,Meridian,0,0,0,0,0,0,0,0,v001,agent:DataEngineer
2026-11-15,119,22:00,chat,Meridian,0,0,0,0,0,0,0,0,v001,agent:DataEngineer
2026-11-15,119,22:30,chat,Meridian,0,0,0,0,0,0,0,0,v001,agent:DataEngineer
2026-11-15,119,23:00,chat,Meridian,0,0,0,0,0,0,0,0,v001,agent:DataEngineer
2026-11-15,119,23:30,chat,Meridian,1,1,1,0,40,100,1207,604,v001,agent:DataEngineer
2026-11-16,120,00:00,voice,Meridian,0,0,0,0,0,0,0,0,v001,agent:DataEngineer
2026-11-16,120,00:30,voice,Meridian,0,0,0,0,0,0,0,0,v001,agent:DataEngineer
2026-11-16,120,01:00,voice,Meridian,1,1,1,0,11,100,1653,1653,v001,agent:DataEngineer
2026-11-16,120,01:30,voice,Meridian,0,0,0,0,0,0,0,0,v001,agent:DataEngineer
2026-11-16,120,02:00,voice,Meridian,0,0,0,0,0,0,0,0,v001,agent:DataEngineer
2026-11-16,120,02:30,voice,Meridian,1,1,1,0,12,100,1721,1721,v001,agent:DataEngineer
2026-11-16,120,03:00,voice,Meridian,0,0,0,0,0,0,0,0,v001,agent:DataEngineer
2026-11-16,120,03:30,voice,Meridian,1,1,1,0,12,100,1675,1675,v001,agent:DataEngineer
2026-11-16,120,04:00,voice,Meridian,1,1,1,0,12,100,1862,1862,v001,agent:DataEngineer
2026-11-16,120,04:30,voice,Meridian,0,0,0,0,0,0,0,0,v001,agent:DataEngineer
2026-11-16,120,05:00,voice,Meridian,1,1,1,0,12,100,1764,1764,v001,agent:DataEngineer
2026-11-16,120,05:30,voice,Meridian,0,0,0,0,0,0,0,0,v001,agent:DataEngineer
2026-11-16,120,06:00,voice,Meridian,0,0,0,0,0,0,0,0,v001,agent:DataEngineer
2026-11-16,120,06:30,voice,Meridian,1,1,1,0,12,100,1679,1679,v001,agent:DataEngineer
2026-11-16,120,07:00,voice,Meridian,1,1,1,0,12,100,1761,1761,v001,agent:DataEngineer
2026-11-16,120,07:30,voice,Meridian,1,1,1,0,11,100,1835,1835,v001,agent:DataEngineer
2026-11-16,120,08:00,voice,Meridian,1,1,1,0,11,100,1953,1953,v001,agent:DataEngineer
2026-11-16,120,08:30,voice,Meridian,2,2,2,0,12,100,1697,1697,v001,agent:DataEngineer
2026-11-16,120,09:00,voice,Meridian,3,3,3,0,14,100,1874,1874,v001,agent:DataEngineer
2026-11-16,120,09:30,voice,Meridian,3,3,3,0,12,100,1852,1852,v001,agent:DataEngineer
2026-11-16,120,10:00,voice,Meridian,4,4,4,0,13,100,1967,1967,v001,agent:DataEngineer
2026-11-16,120,10:30,voice,Meridian,4,4,4,0,13,100,1728,1728,v001,agent:DataEngineer
2026-11-16,120,11:00,voice,Meridian,3,3,3,0,12,100,1813,1813,v001,agent:DataEngineer
2026-11-16,120,11:30,voice,Meridian,4,3,3,1,69,75,1779,1779,v001,agent:DataEngineer
2026-11-16,120,12:00,voice,Meridian,4,4,4,0,12,100,1873,1873,v001,agent:DataEngineer
2026-11-16,120,12:30,voice,Meridian,4,4,4,0,11,100,1746,1746,v001,agent:DataEngineer
2026-11-16,120,13:00,voice,Meridian,3,3,3,0,12,100,1577,1577,v001,agent:DataEngineer
2026-11-16,120,13:30,voice,Meridian,3,3,3,0,11,100,1854,1854,v001,agent:DataEngineer
2026-11-16,120,14:00,voice,Meridian,4,4,4,0,12,100,1778,1778,v001,agent:DataEngineer
2026-11-16,120,14:30,voice,Meridian,4,3,3,1,71,75,1913,1913,v001,agent:DataEngineer
2026-11-16,120,15:00,voice,Meridian,3,3,3,0,13,100,1950,1950,v001,agent:DataEngineer
2026-11-16,120,15:30,voice,Meridian,3,3,3,0,13,100,1901,1901,v001,agent:DataEngineer
2026-11-16,120,16:00,voice,Meridian,4,4,4,0,11,100,1734,1734,v001,agent:DataEngineer
2026-11-16,120,16:30,voice,Meridian,3,3,3,0,13,100,1919,1919,v001,agent:DataEngineer
2026-11-16,120,17:00,voice,Meridian,2,2,2,0,10,100,1942,1942,v001,agent:DataEngineer
2026-11-16,120,17:30,voice,Meridian,1,1,1,0,11,100,1708,1708,v001,agent:DataEngineer
2026-11-16,120,18:00,voice,Meridian,1,1,1,0,12,100,1815,1815,v001,agent:DataEngineer
2026-11-16,120,18:30,voice,Meridian,1,1,1,0,12,100,1797,1797,v001,agent:DataEngineer
2026-11-16,120,19:00,voice,Meridian,1,1,1,0,13,100,1949,1949,v001,agent:DataEngineer
2026-11-16,120,19:30,voice,Meridian,1,1,1,0,11,100,1749,1749,v001,agent:DataEngineer
2026-11-16,120,20:00,voice,Meridian,1,1,1,0,10,100,1683,1683,v001,agent:DataEngineer
2026-11-16,120,20:30,voice,Meridian,0,0,0,0,0,0,0,0,v001,agent:DataEngineer
2026-11-16,120,21:00,voice,Meridian,0,0,0,0,0,0,0,0,v001,agent:DataEngineer
2026-11-16,120,21:30,voice,Meridian,0,0,0,0,0,0,0,0,v001,agent:DataEngineer
2026-11-16,120,22:00,voice,Meridian,0,0,0,0,0,0,0,0,v001,agent:DataEngineer
2026-11-16,120,22:30,voice,Meridian,0,0,0,0,0,0,0,0,v001,agent:DataEngineer
2026-11-16,120,23:00,voice,Meridian,1,1,1,0,11,100,1651,1651,v001,agent:DataEngineer
2026-11-16,120,23:30,voice,Meridian,0,0,0,0,0,0,0,0,v001,agent:DataEngineer
2026-11-16,120,00:00,chat,Meridian,1,1,1,0,42,100,956,478,v001,agent:DataEngineer
2026-11-16,120,00:30,chat,Meridian,1,1,1,0,36,100,995,497,v001,agent:DataEngineer
2026-11-16,120,01:00,chat,Meridian,1,1,1,0,46,100,942,471,v001,agent:DataEngineer
2026-11-16,120,01:30,chat,Meridian,1,1,1,0,49,100,954,477,v001,agent:DataEngineer
2026-11-16,120,02:00,chat,Meridian,1,1,1,0,42,100,1076,538,v001,agent:DataEngineer
2026-11-16,120,02:30,chat,Meridian,1,1,1,0,51,100,975,488,v001,agent:DataEngineer
2026-11-16,120,03:00,chat,Meridian,1,1,1,0,41,100,984,492,v001,agent:DataEngineer
2026-11-16,120,03:30,chat,Meridian,1,1,1,0,43,100,923,461,v001,agent:DataEngineer
2026-11-16,120,04:00,chat,Meridian,1,1,1,0,43,100,890,445,v001,agent:DataEngineer
2026-11-16,120,04:30,chat,Meridian,1,1,1,0,45,100,1069,534,v001,agent:DataEngineer
2026-11-16,120,05:00,chat,Meridian,1,1,1,0,50,100,995,497,v001,agent:DataEngineer
2026-11-16,120,05:30,chat,Meridian,1,1,1,0,51,100,1115,558,v001,agent:DataEngineer
2026-11-16,120,06:00,chat,Meridian,1,1,1,0,47,100,930,465,v001,agent:DataEngineer
2026-11-16,120,06:30,chat,Meridian,1,1,1,0,54,100,908,454,v001,agent:DataEngineer
2026-11-16,120,07:00,chat,Meridian,1,1,1,0,45,100,971,485,v001,agent:DataEngineer
2026-11-16,120,07:30,chat,Meridian,2,2,2,0,43,100,1043,521,v001,agent:DataEngineer
2026-11-16,120,08:00,chat,Meridian,3,3,3,0,35,100,1023,511,v001,agent:DataEngineer
2026-11-16,120,08:30,chat,Meridian,3,3,3,0,44,100,1020,510,v001,agent:DataEngineer
2026-11-16,120,09:00,chat,Meridian,5,5,5,0,39,100,961,480,v001,agent:DataEngineer
2026-11-16,120,09:30,chat,Meridian,6,6,6,0,40,100,1093,546,v001,agent:DataEngineer
2026-11-16,120,10:00,chat,Meridian,9,8,8,1,47,88.9,1057,528,v001,agent:DataEngineer
2026-11-16,120,10:30,chat,Meridian,9,8,8,1,48,88.9,1075,538,v001,agent:DataEngineer
2026-11-16,120,11:00,chat,Meridian,9,8,8,1,75,88.9,1039,520,v001,agent:DataEngineer
2026-11-16,120,11:30,chat,Meridian,6,6,6,0,44,100,875,437,v001,agent:DataEngineer
2026-11-16,120,12:00,chat,Meridian,5,5,4,0,102,80,1026,513,v001,agent:DataEngineer
2026-11-16,120,12:30,chat,Meridian,6,6,6,0,47,100,939,470,v001,agent:DataEngineer
2026-11-16,120,13:00,chat,Meridian,7,7,7,0,45,100,1098,549,v001,agent:DataEngineer
2026-11-16,120,13:30,chat,Meridian,7,7,7,0,45,100,952,476,v001,agent:DataEngineer
2026-11-16,120,14:00,chat,Meridian,11,10,10,1,57,90.9,971,485,v001,agent:DataEngineer
2026-11-16,120,14:30,chat,Meridian,5,5,5,0,42,100,983,491,v001,agent:DataEngineer
2026-11-16,120,15:00,chat,Meridian,7,7,7,0,47,100,947,473,v001,agent:DataEngineer
2026-11-16,120,15:30,chat,Meridian,7,6,6,1,62,85.7,1140,570,v001,agent:DataEngineer
2026-11-16,120,16:00,chat,Meridian,7,7,7,0,42,100,1044,522,v001,agent:DataEngineer
2026-11-16,120,16:30,chat,Meridian,4,4,4,0,47,100,978,489,v001,agent:DataEngineer
2026-11-16,120,17:00,chat,Meridian,3,3,3,0,47,100,1040,520,v001,agent:DataEngineer
2026-11-16,120,17:30,chat,Meridian,3,3,3,0,43,100,1093,547,v001,agent:DataEngineer
2026-11-16,120,18:00,chat,Meridian,2,2,2,0,45,100,1070,535,v001,agent:DataEngineer
2026-11-16,120,18:30,chat,Meridian,2,2,2,0,49,100,966,483,v001,agent:DataEngineer
2026-11-16,120,19:00,chat,Meridian,2,2,2,0,45,100,1007,503,v001,agent:DataEngineer
2026-11-16,120,19:30,chat,Meridian,1,1,1,0,42,100,1082,541,v001,agent:DataEngineer
2026-11-16,120,20:00,chat,Meridian,1,1,1,0,49,100,1011,505,v001,agent:DataEngineer
2026-11-16,120,20:30,chat,Meridian,1,1,1,0,43,100,1076,538,v001,agent:DataEngineer
2026-11-16,120,21:00,chat,Meridian,1,1,1,0,36,100,1092,546,v001,agent:DataEngineer
2026-11-16,120,21:30,chat,Meridian,1,1,1,0,43,100,882,441,v001,agent:DataEngineer
2026-11-16,120,22:00,chat,Meridian,1,1,1,0,49,100,952,476,v001,agent:DataEngineer
2026-11-16,120,22:30,chat,Meridian,1,1,1,0,50,100,1094,547,v001,agent:DataEngineer
2026-11-16,120,23:00,chat,Meridian,1,1,1,0,50,100,1033,516,v001,agent:DataEngineer
2026-11-16,120,23:30,chat,Meridian,1,1,1,0,44,100,1029,515,v001,agent:DataEngineer
