date,day,interval_start,channel,offered,handled,handled_in_sl,abandoned,asa_sec,sl_pct,aht_sec,aht_agent_sec
2026-07-20,1,00:00,voice,0,0,0,0,0,0,0,0
2026-07-20,1,00:30,voice,0,0,0,0,0,0,0,0
2026-07-20,1,01:00,voice,0,0,0,0,0,0,0,0
2026-07-20,1,01:30,voice,0,0,0,0,0,0,0,0
2026-07-20,1,02:00,voice,0,0,0,0,0,0,0,0
2026-07-20,1,02:30,voice,0,0,0,0,0,0,0,0
2026-07-20,1,03:00,voice,0,0,0,0,0,0,0,0
2026-07-20,1,03:30,voice,0,0,0,0,0,0,0,0
2026-07-20,1,04:00,voice,0,0,0,0,0,0,0,0
2026-07-20,1,04:30,voice,0,0,0,0,0,0,0,0
2026-07-20,1,05:00,voice,0,0,0,0,0,0,0,0
2026-07-20,1,05:30,voice,0,0,0,0,0,0,0,0
2026-07-20,1,06:00,voice,0,0,0,0,0,0,0,0
2026-07-20,1,06:30,voice,0,0,0,0,0,0,0,0
2026-07-20,1,07:00,voice,0,0,0,0,0,0,0,0
2026-07-20,1,07:30,voice,0,0,0,0,0,0,0,0
2026-07-20,1,08:00,voice,0,0,0,0,0,0,0,0
2026-07-20,1,08:30,voice,0,0,0,0,0,0,0,0
2026-07-20,1,09:00,voice,0,0,0,0,0,0,0,0
2026-07-20,1,09:30,voice,0,0,0,0,0,0,0,0
2026-07-20,1,10:00,voice,0,0,0,0,0,0,0,0
2026-07-20,1,10:30,voice,0,0,0,0,0,0,0,0
2026-07-20,1,11:00,voice,0,0,0,0,0,0,0,0
2026-07-20,1,11:30,voice,0,0,0,0,0,0,0,0
2026-07-20,1,12:00,voice,0,0,0,0,0,0,0,0
2026-07-20,1,12:30,voice,0,0,0,0,0,0,0,0
2026-07-20,1,13:00,voice,0,0,0,0,0,0,0,0
2026-07-20,1,13:30,voice,0,0,0,0,0,0,0,0
2026-07-20,1,14:00,voice,0,0,0,0,0,0,0,0
2026-07-20,1,14:30,voice,0,0,0,0,0,0,0,0
2026-07-20,1,15:00,voice,0,0,0,0,0,0,0,0
2026-07-20,1,15:30,voice,0,0,0,0,0,0,0,0
2026-07-20,1,16:00,voice,0,0,0,0,0,0,0,0
2026-07-20,1,16:30,voice,0,0,0,0,0,0,0,0
2026-07-20,1,17:00,voice,0,0,0,0,0,0,0,0
2026-07-20,1,17:30,voice,0,0,0,0,0,0,0,0
2026-07-20,1,18:00,voice,0,0,0,0,0,0,0,0
2026-07-20,1,18:30,voice,0,0,0,0,0,0,0,0
2026-07-20,1,19:00,voice,0,0,0,0,0,0,0,0
2026-07-20,1,19:30,voice,0,0,0,0,0,0,0,0
2026-07-20,1,20:00,voice,0,0,0,0,0,0,0,0
2026-07-20,1,20:30,voice,0,0,0,0,0,0,0,0
2026-07-20,1,21:00,voice,0,0,0,0,0,0,0,0
2026-07-20,1,21:30,voice,0,0,0,0,0,0,0,0
2026-07-20,1,22:00,voice,0,0,0,0,0,0,0,0
2026-07-20,1,22:30,voice,0,0,0,0,0,0,0,0
2026-07-20,1,23:00,voice,0,0,0,0,0,0,0,0
2026-07-20,1,23:30,voice,0,0,0,0,0,0,0,0
2026-07-20,1,00:00,chat,0,0,0,0,0,0,0,0
2026-07-20,1,00:30,chat,0,0,0,0,0,0,0,0
2026-07-20,1,01:00,chat,0,0,0,0,0,0,0,0
2026-07-20,1,01:30,chat,0,0,0,0,0,0,0,0
2026-07-20,1,02:00,chat,0,0,0,0,0,0,0,0
2026-07-20,1,02:30,chat,0,0,0,0,0,0,0,0
2026-07-20,1,03:00,chat,0,0,0,0,0,0,0,0
2026-07-20,1,03:30,chat,0,0,0,0,0,0,0,0
2026-07-20,1,04:00,chat,0,0,0,0,0,0,0,0
2026-07-20,1,04:30,chat,0,0,0,0,0,0,0,0
2026-07-20,1,05:00,chat,0,0,0,0,0,0,0,0
2026-07-20,1,05:30,chat,0,0,0,0,0,0,0,0
2026-07-20,1,06:00,chat,0,0,0,0,0,0,0,0
2026-07-20,1,06:30,chat,0,0,0,0,0,0,0,0
2026-07-20,1,07:00,chat,0,0,0,0,0,0,0,0
2026-07-20,1,07:30,chat,0,0,0,0,0,0,0,0
2026-07-20,1,08:00,chat,0,0,0,0,0,0,0,0
2026-07-20,1,08:30,chat,0,0,0,0,0,0,0,0
2026-07-20,1,09:00,chat,0,0,0,0,0,0,0,0
2026-07-20,1,09:30,chat,0,0,0,0,0,0,0,0
2026-07-20,1,10:00,chat,0,0,0,0,0,0,0,0
2026-07-20,1,10:30,chat,0,0,0,0,0,0,0,0
2026-07-20,1,11:00,chat,0,0,0,0,0,0,0,0
2026-07-20,1,11:30,chat,0,0,0,0,0,0,0,0
2026-07-20,1,12:00,chat,0,0,0,0,0,0,0,0
2026-07-20,1,12:30,chat,0,0,0,0,0,0,0,0
2026-07-20,1,13:00,chat,0,0,0,0,0,0,0,0
2026-07-20,1,13:30,chat,0,0,0,0,0,0,0,0
2026-07-20,1,14:00,chat,0,0,0,0,0,0,0,0
2026-07-20,1,14:30,chat,0,0,0,0,0,0,0,0
2026-07-20,1,15:00,chat,0,0,0,0,0,0,0,0
2026-07-20,1,15:30,chat,0,0,0,0,0,0,0,0
2026-07-20,1,16:00,chat,0,0,0,0,0,0,0,0
2026-07-20,1,16:30,chat,0,0,0,0,0,0,0,0
2026-07-20,1,17:00,chat,0,0,0,0,0,0,0,0
2026-07-20,1,17:30,chat,0,0,0,0,0,0,0,0
2026-07-20,1,18:00,chat,0,0,0,0,0,0,0,0
2026-07-20,1,18:30,chat,0,0,0,0,0,0,0,0
2026-07-20,1,19:00,chat,0,0,0,0,0,0,0,0
2026-07-20,1,19:30,chat,0,0,0,0,0,0,0,0
2026-07-20,1,20:00,chat,0,0,0,0,0,0,0,0
2026-07-20,1,20:30,chat,0,0,0,0,0,0,0,0
2026-07-20,1,21:00,chat,0,0,0,0,0,0,0,0
2026-07-20,1,21:30,chat,0,0,0,0,0,0,0,0
2026-07-20,1,22:00,chat,0,0,0,0,0,0,0,0
2026-07-20,1,22:30,chat,0,0,0,0,0,0,0,0
2026-07-20,1,23:00,chat,0,0,0,0,0,0,0,0
2026-07-20,1,23:30,chat,0,0,0,0,0,0,0,0
2026-07-21,2,00:00,voice,0,0,0,0,0,0,0,0
2026-07-21,2,00:30,voice,0,0,0,0,0,0,0,0
2026-07-21,2,01:00,voice,0,0,0,0,0,0,0,0
2026-07-21,2,01:30,voice,0,0,0,0,0,0,0,0
2026-07-21,2,02:00,voice,0,0,0,0,0,0,0,0
2026-07-21,2,02:30,voice,0,0,0,0,0,0,0,0
2026-07-21,2,03:00,voice,0,0,0,0,0,0,0,0
2026-07-21,2,03:30,voice,0,0,0,0,0,0,0,0
2026-07-21,2,04:00,voice,0,0,0,0,0,0,0,0
2026-07-21,2,04:30,voice,0,0,0,0,0,0,0,0
2026-07-21,2,05:00,voice,0,0,0,0,0,0,0,0
2026-07-21,2,05:30,voice,0,0,0,0,0,0,0,0
2026-07-21,2,06:00,voice,0,0,0,0,0,0,0,0
2026-07-21,2,06:30,voice,0,0,0,0,0,0,0,0
2026-07-21,2,07:00,voice,0,0,0,0,0,0,0,0
2026-07-21,2,07:30,voice,1,1,1,0,12,100,1690,1690
2026-07-21,2,08:00,voice,1,1,1,0,13,100,2055,2055
2026-07-21,2,08:30,voice,1,1,1,0,12,100,1891,1891
2026-07-21,2,09:00,voice,1,1,1,0,13,100,1811,1811
2026-07-21,2,09:30,voice,2,2,2,0,12,100,2056,2056
2026-07-21,2,10:00,voice,1,1,1,0,15,100,1979,1979
2026-07-21,2,10:30,voice,1,1,1,0,11,100,1800,1800
2026-07-21,2,11:00,voice,1,1,1,0,15,100,1749,1749
2026-07-21,2,11:30,voice,2,1,1,1,205,50,1886,1886
2026-07-21,2,12:00,voice,1,1,1,0,12,100,1884,1884
2026-07-21,2,12:30,voice,1,1,1,0,13,100,1971,1971
2026-07-21,2,13:00,voice,1,1,1,0,13,100,1940,1940
2026-07-21,2,13:30,voice,1,1,1,0,13,100,1641,1641
2026-07-21,2,14:00,voice,1,1,1,0,12,100,1972,1972
2026-07-21,2,14:30,voice,2,2,2,0,11,100,1831,1831
2026-07-21,2,15:00,voice,1,1,1,0,14,100,1889,1889
2026-07-21,2,15:30,voice,1,1,1,0,11,100,1944,1944
2026-07-21,2,16:00,voice,1,1,1,0,11,100,1740,1740
2026-07-21,2,16:30,voice,1,1,1,0,12,100,1641,1641
2026-07-21,2,17:00,voice,1,1,1,0,11,100,1802,1802
2026-07-21,2,17:30,voice,1,1,1,0,15,100,1903,1903
2026-07-21,2,18:00,voice,1,1,1,0,12,100,1767,1767
2026-07-21,2,18:30,voice,1,1,1,0,12,100,1836,1836
2026-07-21,2,19:00,voice,0,0,0,0,0,0,0,0
2026-07-21,2,19:30,voice,0,0,0,0,0,0,0,0
2026-07-21,2,20:00,voice,0,0,0,0,0,0,0,0
2026-07-21,2,20:30,voice,0,0,0,0,0,0,0,0
2026-07-21,2,21:00,voice,0,0,0,0,0,0,0,0
2026-07-21,2,21:30,voice,0,0,0,0,0,0,0,0
2026-07-21,2,22:00,voice,0,0,0,0,0,0,0,0
2026-07-21,2,22:30,voice,0,0,0,0,0,0,0,0
2026-07-21,2,23:00,voice,0,0,0,0,0,0,0,0
2026-07-21,2,23:30,voice,0,0,0,0,0,0,0,0
2026-07-21,2,00:00,chat,0,0,0,0,0,0,0,0
2026-07-21,2,00:30,chat,0,0,0,0,0,0,0,0
2026-07-21,2,01:00,chat,0,0,0,0,0,0,0,0
2026-07-21,2,01:30,chat,1,1,1,0,40,100,1174,587
2026-07-21,2,02:00,chat,0,0,0,0,0,0,0,0
2026-07-21,2,02:30,chat,0,0,0,0,0,0,0,0
2026-07-21,2,03:00,chat,0,0,0,0,0,0,0,0
2026-07-21,2,03:30,chat,0,0,0,0,0,0,0,0
2026-07-21,2,04:00,chat,0,0,0,0,0,0,0,0
2026-07-21,2,04:30,chat,1,1,1,0,53,100,1083,542
2026-07-21,2,05:00,chat,1,1,1,0,45,100,1247,624
2026-07-21,2,05:30,chat,0,0,0,0,0,0,0,0
2026-07-21,2,06:00,chat,0,0,0,0,0,0,0,0
2026-07-21,2,06:30,chat,0,0,0,0,0,0,0,0
2026-07-21,2,07:00,chat,1,1,1,0,48,100,1121,560
2026-07-21,2,07:30,chat,1,1,1,0,45,100,1092,546
2026-07-21,2,08:00,chat,1,1,1,0,47,100,1050,525
2026-07-21,2,08:30,chat,2,2,2,0,38,100,1108,554
2026-07-21,2,09:00,chat,3,3,3,0,56,100,1075,537
2026-07-21,2,09:30,chat,3,3,3,0,44,100,1030,515
2026-07-21,2,10:00,chat,3,3,3,0,47,100,1111,555
2026-07-21,2,10:30,chat,4,3,3,1,133,75,1038,519
2026-07-21,2,11:00,chat,4,3,3,1,149,75,1152,576
2026-07-21,2,11:30,chat,3,3,3,0,47,100,1123,561
2026-07-21,2,12:00,chat,3,3,3,0,46,100,1157,579
2026-07-21,2,12:30,chat,3,3,3,0,49,100,1142,571
2026-07-21,2,13:00,chat,2,2,2,0,52,100,1197,599
2026-07-21,2,13:30,chat,3,3,3,0,49,100,1222,611
2026-07-21,2,14:00,chat,2,2,2,0,47,100,1212,606
2026-07-21,2,14:30,chat,3,3,3,0,36,100,1027,513
2026-07-21,2,15:00,chat,3,3,3,0,43,100,1210,605
2026-07-21,2,15:30,chat,2,2,2,0,43,100,1130,565
2026-07-21,2,16:00,chat,3,3,3,0,48,100,1175,587
2026-07-21,2,16:30,chat,2,2,2,0,46,100,1123,561
2026-07-21,2,17:00,chat,1,1,1,0,41,100,1205,602
2026-07-21,2,17:30,chat,1,1,1,0,43,100,1175,588
2026-07-21,2,18:00,chat,1,1,1,0,43,100,1194,597
2026-07-21,2,18:30,chat,1,1,1,0,48,100,1115,558
2026-07-21,2,19:00,chat,1,1,1,0,49,100,1369,684
2026-07-21,2,19:30,chat,0,0,0,0,0,0,0,0
2026-07-21,2,20:00,chat,0,0,0,0,0,0,0,0
2026-07-21,2,20:30,chat,0,0,0,0,0,0,0,0
2026-07-21,2,21:00,chat,0,0,0,0,0,0,0,0
2026-07-21,2,21:30,chat,0,0,0,0,0,0,0,0
2026-07-21,2,22:00,chat,0,0,0,0,0,0,0,0
2026-07-21,2,22:30,chat,0,0,0,0,0,0,0,0
2026-07-21,2,23:00,chat,0,0,0,0,0,0,0,0
2026-07-21,2,23:30,chat,0,0,0,0,0,0,0,0
2026-07-22,3,00:00,voice,0,0,0,0,0,0,0,0
2026-07-22,3,00:30,voice,0,0,0,0,0,0,0,0
2026-07-22,3,01:00,voice,0,0,0,0,0,0,0,0
2026-07-22,3,01:30,voice,0,0,0,0,0,0,0,0
2026-07-22,3,02:00,voice,0,0,0,0,0,0,0,0
2026-07-22,3,02:30,voice,0,0,0,0,0,0,0,0
2026-07-22,3,03:00,voice,0,0,0,0,0,0,0,0
2026-07-22,3,03:30,voice,0,0,0,0,0,0,0,0
2026-07-22,3,04:00,voice,0,0,0,0,0,0,0,0
2026-07-22,3,04:30,voice,0,0,0,0,0,0,0,0
2026-07-22,3,05:00,voice,0,0,0,0,0,0,0,0
2026-07-22,3,05:30,voice,0,0,0,0,0,0,0,0
2026-07-22,3,06:00,voice,0,0,0,0,0,0,0,0
2026-07-22,3,06:30,voice,0,0,0,0,0,0,0,0
2026-07-22,3,07:00,voice,0,0,0,0,0,0,0,0
2026-07-22,3,07:30,voice,1,1,1,0,11,100,1972,1972
2026-07-22,3,08:00,voice,1,1,1,0,13,100,1994,1994
2026-07-22,3,08:30,voice,1,1,1,0,10,100,1845,1845
2026-07-22,3,09:00,voice,1,1,1,0,12,100,1858,1858
2026-07-22,3,09:30,voice,1,1,1,0,10,100,1628,1628
2026-07-22,3,10:00,voice,2,2,2,0,11,100,1806,1806
2026-07-22,3,10:30,voice,2,2,2,0,15,100,1811,1811
2026-07-22,3,11:00,voice,2,2,2,0,10,100,1932,1932
2026-07-22,3,11:30,voice,1,1,1,0,11,100,1760,1760
2026-07-22,3,12:00,voice,1,1,1,0,13,100,1836,1836
2026-07-22,3,12:30,voice,1,1,1,0,16,100,1768,1768
2026-07-22,3,13:00,voice,1,1,1,0,13,100,1714,1714
2026-07-22,3,13:30,voice,1,1,1,0,13,100,1734,1734
2026-07-22,3,14:00,voice,1,1,1,0,12,100,1803,1803
2026-07-22,3,14:30,voice,1,1,1,0,10,100,2000,2000
2026-07-22,3,15:00,voice,2,2,2,0,12,100,1699,1699
2026-07-22,3,15:30,voice,1,1,1,0,11,100,1673,1673
2026-07-22,3,16:00,voice,2,1,1,1,271,50,1910,1910
2026-07-22,3,16:30,voice,1,1,1,0,10,100,1795,1795
2026-07-22,3,17:00,voice,1,1,1,0,12,100,1811,1811
2026-07-22,3,17:30,voice,1,1,1,0,11,100,1712,1712
2026-07-22,3,18:00,voice,1,1,1,0,12,100,1939,1939
2026-07-22,3,18:30,voice,0,0,0,0,0,0,0,0
2026-07-22,3,19:00,voice,0,0,0,0,0,0,0,0
2026-07-22,3,19:30,voice,0,0,0,0,0,0,0,0
2026-07-22,3,20:00,voice,0,0,0,0,0,0,0,0
2026-07-22,3,20:30,voice,0,0,0,0,0,0,0,0
2026-07-22,3,21:00,voice,0,0,0,0,0,0,0,0
2026-07-22,3,21:30,voice,0,0,0,0,0,0,0,0
2026-07-22,3,22:00,voice,0,0,0,0,0,0,0,0
2026-07-22,3,22:30,voice,0,0,0,0,0,0,0,0
2026-07-22,3,23:00,voice,0,0,0,0,0,0,0,0
2026-07-22,3,23:30,voice,0,0,0,0,0,0,0,0
2026-07-22,3,00:00,chat,0,0,0,0,0,0,0,0
2026-07-22,3,00:30,chat,0,0,0,0,0,0,0,0
2026-07-22,3,01:00,chat,0,0,0,0,0,0,0,0
2026-07-22,3,01:30,chat,0,0,0,0,0,0,0,0
2026-07-22,3,02:00,chat,0,0,0,0,0,0,0,0
2026-07-22,3,02:30,chat,0,0,0,0,0,0,0,0
2026-07-22,3,03:00,chat,0,0,0,0,0,0,0,0
2026-07-22,3,03:30,chat,0,0,0,0,0,0,0,0
2026-07-22,3,04:00,chat,0,0,0,0,0,0,0,0
2026-07-22,3,04:30,chat,1,1,1,0,49,100,1150,575
2026-07-22,3,05:00,chat,0,0,0,0,0,0,0,0
2026-07-22,3,05:30,chat,1,1,1,0,48,100,959,479
2026-07-22,3,06:00,chat,0,0,0,0,0,0,0,0
2026-07-22,3,06:30,chat,1,1,1,0,44,100,1085,542
2026-07-22,3,07:00,chat,1,1,1,0,43,100,1092,546
2026-07-22,3,07:30,chat,1,1,1,0,43,100,1037,519
2026-07-22,3,08:00,chat,1,1,1,0,36,100,1037,518
2026-07-22,3,08:30,chat,2,2,2,0,46,100,1010,505
2026-07-22,3,09:00,chat,2,2,2,0,45,100,978,489
2026-07-22,3,09:30,chat,3,2,2,1,193,66.7,981,491
2026-07-22,3,10:00,chat,3,3,3,0,41,100,1100,550
2026-07-22,3,10:30,chat,3,3,3,0,42,100,1075,538
2026-07-22,3,11:00,chat,3,3,2,0,188,66.7,1101,550
2026-07-22,3,11:30,chat,2,2,2,0,58,100,908,454
2026-07-22,3,12:00,chat,3,3,3,0,42,100,1069,534
2026-07-22,3,12:30,chat,4,4,4,0,47,100,1041,521
2026-07-22,3,13:00,chat,2,2,2,0,41,100,1039,519
2026-07-22,3,13:30,chat,3,3,3,0,54,100,996,498
2026-07-22,3,14:00,chat,2,2,2,0,45,100,1032,516
2026-07-22,3,14:30,chat,3,3,3,0,41,100,964,482
2026-07-22,3,15:00,chat,3,3,2,0,175,66.7,1106,553
2026-07-22,3,15:30,chat,3,2,2,1,201,66.7,1186,593
2026-07-22,3,16:00,chat,3,3,3,0,43,100,980,490
2026-07-22,3,16:30,chat,2,2,2,0,43,100,1149,575
2026-07-22,3,17:00,chat,2,2,2,0,44,100,950,475
2026-07-22,3,17:30,chat,1,1,1,0,45,100,1022,511
2026-07-22,3,18:00,chat,1,1,1,0,48,100,1153,576
2026-07-22,3,18:30,chat,1,1,1,0,45,100,1014,507
2026-07-22,3,19:00,chat,1,1,1,0,31,100,1020,510
2026-07-22,3,19:30,chat,1,1,1,0,40,100,1023,511
2026-07-22,3,20:00,chat,0,0,0,0,0,0,0,0
2026-07-22,3,20:30,chat,1,1,1,0,53,100,1206,603
2026-07-22,3,21:00,chat,1,1,1,0,53,100,1082,541
2026-07-22,3,21:30,chat,0,0,0,0,0,0,0,0
2026-07-22,3,22:00,chat,0,0,0,0,0,0,0,0
2026-07-22,3,22:30,chat,0,0,0,0,0,0,0,0
2026-07-22,3,23:00,chat,0,0,0,0,0,0,0,0
2026-07-22,3,23:30,chat,0,0,0,0,0,0,0,0
2026-07-23,4,00:00,voice,0,0,0,0,0,0,0,0
2026-07-23,4,00:30,voice,0,0,0,0,0,0,0,0
2026-07-23,4,01:00,voice,0,0,0,0,0,0,0,0
2026-07-23,4,01:30,voice,0,0,0,0,0,0,0,0
2026-07-23,4,02:00,voice,0,0,0,0,0,0,0,0
2026-07-23,4,02:30,voice,0,0,0,0,0,0,0,0
2026-07-23,4,03:00,voice,0,0,0,0,0,0,0,0
2026-07-23,4,03:30,voice,0,0,0,0,0,0,0,0
2026-07-23,4,04:00,voice,0,0,0,0,0,0,0,0
2026-07-23,4,04:30,voice,0,0,0,0,0,0,0,0
2026-07-23,4,05:00,voice,0,0,0,0,0,0,0,0
2026-07-23,4,05:30,voice,0,0,0,0,0,0,0,0
2026-07-23,4,06:00,voice,0,0,0,0,0,0,0,0
2026-07-23,4,06:30,voice,0,0,0,0,0,0,0,0
2026-07-23,4,07:00,voice,0,0,0,0,0,0,0,0
2026-07-23,4,07:30,voice,1,1,1,0,11,100,1918,1918
2026-07-23,4,08:00,voice,1,1,1,0,12,100,1906,1906
2026-07-23,4,08:30,voice,1,1,1,0,12,100,1906,1906
2026-07-23,4,09:00,voice,1,1,1,0,13,100,2026,2026
2026-07-23,4,09:30,voice,1,1,1,0,12,100,1936,1936
2026-07-23,4,10:00,voice,1,1,1,0,12,100,2009,2009
2026-07-23,4,10:30,voice,2,2,2,0,14,100,1999,1999
2026-07-23,4,11:00,voice,1,1,1,0,11,100,1965,1965
2026-07-23,4,11:30,voice,1,1,1,0,11,100,2129,2129
2026-07-23,4,12:00,voice,1,1,1,0,11,100,1854,1854
2026-07-23,4,12:30,voice,1,1,1,0,10,100,1868,1868
2026-07-23,4,13:00,voice,1,1,1,0,13,100,1914,1914
2026-07-23,4,13:30,voice,1,1,1,0,12,100,2042,2042
2026-07-23,4,14:00,voice,1,1,1,0,14,100,2006,2006
2026-07-23,4,14:30,voice,1,1,1,0,11,100,1937,1937
2026-07-23,4,15:00,voice,2,1,1,1,231,50,2044,2044
2026-07-23,4,15:30,voice,1,1,1,0,13,100,1966,1966
2026-07-23,4,16:00,voice,1,1,1,0,10,100,2006,2006
2026-07-23,4,16:30,voice,1,1,1,0,13,100,1942,1942
2026-07-23,4,17:00,voice,1,1,1,0,14,100,2072,2072
2026-07-23,4,17:30,voice,1,1,1,0,12,100,1994,1994
2026-07-23,4,18:00,voice,0,0,0,0,0,0,0,0
2026-07-23,4,18:30,voice,0,0,0,0,0,0,0,0
2026-07-23,4,19:00,voice,0,0,0,0,0,0,0,0
2026-07-23,4,19:30,voice,0,0,0,0,0,0,0,0
2026-07-23,4,20:00,voice,0,0,0,0,0,0,0,0
2026-07-23,4,20:30,voice,0,0,0,0,0,0,0,0
2026-07-23,4,21:00,voice,0,0,0,0,0,0,0,0
2026-07-23,4,21:30,voice,0,0,0,0,0,0,0,0
2026-07-23,4,22:00,voice,0,0,0,0,0,0,0,0
2026-07-23,4,22:30,voice,0,0,0,0,0,0,0,0
2026-07-23,4,23:00,voice,0,0,0,0,0,0,0,0
2026-07-23,4,23:30,voice,0,0,0,0,0,0,0,0
2026-07-23,4,00:00,chat,0,0,0,0,0,0,0,0
2026-07-23,4,00:30,chat,0,0,0,0,0,0,0,0
2026-07-23,4,01:00,chat,0,0,0,0,0,0,0,0
2026-07-23,4,01:30,chat,0,0,0,0,0,0,0,0
2026-07-23,4,02:00,chat,0,0,0,0,0,0,0,0
2026-07-23,4,02:30,chat,0,0,0,0,0,0,0,0
2026-07-23,4,03:00,chat,0,0,0,0,0,0,0,0
2026-07-23,4,03:30,chat,0,0,0,0,0,0,0,0
2026-07-23,4,04:00,chat,0,0,0,0,0,0,0,0
2026-07-23,4,04:30,chat,0,0,0,0,0,0,0,0
2026-07-23,4,05:00,chat,0,0,0,0,0,0,0,0
2026-07-23,4,05:30,chat,0,0,0,0,0,0,0,0
2026-07-23,4,06:00,chat,0,0,0,0,0,0,0,0
2026-07-23,4,06:30,chat,1,1,1,0,50,100,1027,514
2026-07-23,4,07:00,chat,1,1,1,0,47,100,936,468
2026-07-23,4,07:30,chat,1,1,1,0,43,100,1118,559
2026-07-23,4,08:00,chat,1,1,1,0,51,100,1016,508
2026-07-23,4,08:30,chat,2,2,2,0,44,100,997,498
2026-07-23,4,09:00,chat,2,2,2,0,51,100,1073,536
2026-07-23,4,09:30,chat,2,2,2,0,45,100,1023,511
2026-07-23,4,10:00,chat,3,3,3,0,41,100,938,469
2026-07-23,4,10:30,chat,3,3,3,0,42,100,996,498
2026-07-23,4,11:00,chat,2,2,2,0,46,100,891,445
2026-07-23,4,11:30,chat,3,3,3,0,42,100,1041,521
2026-07-23,4,12:00,chat,3,2,2,1,269,66.7,972,486
2026-07-23,4,12:30,chat,2,2,2,0,44,100,919,460
2026-07-23,4,13:00,chat,2,2,2,0,43,100,1059,530
2026-07-23,4,13:30,chat,2,2,2,0,41,100,915,457
2026-07-23,4,14:00,chat,2,2,2,0,44,100,1047,524
2026-07-23,4,14:30,chat,3,3,3,0,39,100,1025,513
2026-07-23,4,15:00,chat,3,3,3,0,43,100,1131,565
2026-07-23,4,15:30,chat,3,2,2,1,213,66.7,958,479
2026-07-23,4,16:00,chat,2,2,2,0,36,100,1028,514
2026-07-23,4,16:30,chat,2,2,2,0,41,100,968,484
2026-07-23,4,17:00,chat,1,1,1,0,39,100,1037,518
2026-07-23,4,17:30,chat,1,1,1,0,42,100,1014,507
2026-07-23,4,18:00,chat,1,1,1,0,44,100,1075,538
2026-07-23,4,18:30,chat,1,1,1,0,45,100,1174,587
2026-07-23,4,19:00,chat,1,1,1,0,44,100,1036,518
2026-07-23,4,19:30,chat,0,0,0,0,0,0,0,0
2026-07-23,4,20:00,chat,1,1,1,0,46,100,1073,536
2026-07-23,4,20:30,chat,0,0,0,0,0,0,0,0
2026-07-23,4,21:00,chat,0,0,0,0,0,0,0,0
2026-07-23,4,21:30,chat,0,0,0,0,0,0,0,0
2026-07-23,4,22:00,chat,0,0,0,0,0,0,0,0
2026-07-23,4,22:30,chat,0,0,0,0,0,0,0,0
2026-07-23,4,23:00,chat,0,0,0,0,0,0,0,0
2026-07-23,4,23:30,chat,0,0,0,0,0,0,0,0
2026-07-24,5,00:00,voice,0,0,0,0,0,0,0,0
2026-07-24,5,00:30,voice,0,0,0,0,0,0,0,0
2026-07-24,5,01:00,voice,0,0,0,0,0,0,0,0
2026-07-24,5,01:30,voice,0,0,0,0,0,0,0,0
2026-07-24,5,02:00,voice,0,0,0,0,0,0,0,0
2026-07-24,5,02:30,voice,0,0,0,0,0,0,0,0
2026-07-24,5,03:00,voice,0,0,0,0,0,0,0,0
2026-07-24,5,03:30,voice,0,0,0,0,0,0,0,0
2026-07-24,5,04:00,voice,0,0,0,0,0,0,0,0
2026-07-24,5,04:30,voice,0,0,0,0,0,0,0,0
2026-07-24,5,05:00,voice,0,0,0,0,0,0,0,0
2026-07-24,5,05:30,voice,0,0,0,0,0,0,0,0
2026-07-24,5,06:00,voice,0,0,0,0,0,0,0,0
2026-07-24,5,06:30,voice,0,0,0,0,0,0,0,0
2026-07-24,5,07:00,voice,0,0,0,0,0,0,0,0
2026-07-24,5,07:30,voice,0,0,0,0,0,0,0,0
2026-07-24,5,08:00,voice,1,1,1,0,11,100,2249,2249
2026-07-24,5,08:30,voice,1,1,1,0,12,100,2242,2242
2026-07-24,5,09:00,voice,1,1,1,0,12,100,1968,1968
2026-07-24,5,09:30,voice,1,1,1,0,14,100,2126,2126
2026-07-24,5,10:00,voice,2,2,2,0,14,100,2082,2082
2026-07-24,5,10:30,voice,2,2,2,0,12,100,2008,2008
2026-07-24,5,11:00,voice,2,1,1,1,231,50,1937,1937
2026-07-24,5,11:30,voice,1,1,1,0,10,100,2093,2093
2026-07-24,5,12:00,voice,1,1,1,0,12,100,2016,2016
2026-07-24,5,12:30,voice,1,1,1,0,12,100,2183,2183
2026-07-24,5,13:00,voice,1,1,1,0,13,100,2193,2193
2026-07-24,5,13:30,voice,1,1,1,0,12,100,2103,2103
2026-07-24,5,14:00,voice,1,1,1,0,12,100,2199,2199
2026-07-24,5,14:30,voice,1,1,1,0,13,100,1930,1930
2026-07-24,5,15:00,voice,1,1,1,0,11,100,1935,1935
2026-07-24,5,15:30,voice,1,1,1,0,11,100,1944,1944
2026-07-24,5,16:00,voice,1,1,1,0,12,100,1687,1687
2026-07-24,5,16:30,voice,1,1,1,0,11,100,1936,1936
2026-07-24,5,17:00,voice,1,1,1,0,12,100,1847,1847
2026-07-24,5,17:30,voice,1,1,1,0,11,100,1874,1874
2026-07-24,5,18:00,voice,1,1,1,0,13,100,2125,2125
2026-07-24,5,18:30,voice,0,0,0,0,0,0,0,0
2026-07-24,5,19:00,voice,0,0,0,0,0,0,0,0
2026-07-24,5,19:30,voice,0,0,0,0,0,0,0,0
2026-07-24,5,20:00,voice,0,0,0,0,0,0,0,0
2026-07-24,5,20:30,voice,0,0,0,0,0,0,0,0
2026-07-24,5,21:00,voice,0,0,0,0,0,0,0,0
2026-07-24,5,21:30,voice,0,0,0,0,0,0,0,0
2026-07-24,5,22:00,voice,0,0,0,0,0,0,0,0
2026-07-24,5,22:30,voice,0,0,0,0,0,0,0,0
2026-07-24,5,23:00,voice,0,0,0,0,0,0,0,0
2026-07-24,5,23:30,voice,0,0,0,0,0,0,0,0
2026-07-24,5,00:00,chat,0,0,0,0,0,0,0,0
2026-07-24,5,00:30,chat,0,0,0,0,0,0,0,0
2026-07-24,5,01:00,chat,0,0,0,0,0,0,0,0
2026-07-24,5,01:30,chat,0,0,0,0,0,0,0,0
2026-07-24,5,02:00,chat,1,1,1,0,47,100,1088,544
2026-07-24,5,02:30,chat,0,0,0,0,0,0,0,0
2026-07-24,5,03:00,chat,0,0,0,0,0,0,0,0
2026-07-24,5,03:30,chat,0,0,0,0,0,0,0,0
2026-07-24,5,04:00,chat,0,0,0,0,0,0,0,0
2026-07-24,5,04:30,chat,0,0,0,0,0,0,0,0
2026-07-24,5,05:00,chat,0,0,0,0,0,0,0,0
2026-07-24,5,05:30,chat,1,1,1,0,38,100,1156,578
2026-07-24,5,06:00,chat,0,0,0,0,0,0,0,0
2026-07-24,5,06:30,chat,1,1,1,0,51,100,1052,526
2026-07-24,5,07:00,chat,1,1,1,0,51,100,1084,542
2026-07-24,5,07:30,chat,1,1,1,0,44,100,1097,549
2026-07-24,5,08:00,chat,1,1,1,0,38,100,1101,551
2026-07-24,5,08:30,chat,1,1,1,0,40,100,1195,598
2026-07-24,5,09:00,chat,3,3,3,0,47,100,1128,564
2026-07-24,5,09:30,chat,3,3,3,0,47,100,1041,520
2026-07-24,5,10:00,chat,3,3,3,0,49,100,1064,532
2026-07-24,5,10:30,chat,3,3,3,0,47,100,1159,580
2026-07-24,5,11:00,chat,2,2,2,0,45,100,1020,510
2026-07-24,5,11:30,chat,3,2,2,1,188,66.7,1129,564
2026-07-24,5,12:00,chat,2,2,2,0,52,100,1023,511
2026-07-24,5,12:30,chat,3,2,2,1,195,66.7,1018,509
2026-07-24,5,13:00,chat,2,2,2,0,46,100,1195,597
2026-07-24,5,13:30,chat,2,2,2,0,47,100,1088,544
2026-07-24,5,14:00,chat,2,2,2,0,42,100,1022,511
2026-07-24,5,14:30,chat,2,2,2,0,40,100,1066,533
2026-07-24,5,15:00,chat,2,2,2,0,44,100,1072,536
2026-07-24,5,15:30,chat,2,2,2,0,42,100,1142,571
2026-07-24,5,16:00,chat,2,2,2,0,52,100,1057,529
2026-07-24,5,16:30,chat,2,2,2,0,52,100,1085,542
2026-07-24,5,17:00,chat,1,1,1,0,44,100,1125,563
2026-07-24,5,17:30,chat,1,1,1,0,39,100,1104,552
2026-07-24,5,18:00,chat,1,1,1,0,40,100,1013,506
2026-07-24,5,18:30,chat,1,1,1,0,47,100,1134,567
2026-07-24,5,19:00,chat,1,1,1,0,52,100,1016,508
2026-07-24,5,19:30,chat,1,1,1,0,47,100,1175,588
2026-07-24,5,20:00,chat,0,0,0,0,0,0,0,0
2026-07-24,5,20:30,chat,0,0,0,0,0,0,0,0
2026-07-24,5,21:00,chat,0,0,0,0,0,0,0,0
2026-07-24,5,21:30,chat,1,1,1,0,42,100,1175,588
2026-07-24,5,22:00,chat,0,0,0,0,0,0,0,0
2026-07-24,5,22:30,chat,0,0,0,0,0,0,0,0
2026-07-24,5,23:00,chat,0,0,0,0,0,0,0,0
2026-07-24,5,23:30,chat,1,1,1,0,45,100,1121,561
2026-07-25,6,00:00,voice,0,0,0,0,0,0,0,0
2026-07-25,6,00:30,voice,0,0,0,0,0,0,0,0
2026-07-25,6,01:00,voice,0,0,0,0,0,0,0,0
2026-07-25,6,01:30,voice,0,0,0,0,0,0,0,0
2026-07-25,6,02:00,voice,0,0,0,0,0,0,0,0
2026-07-25,6,02:30,voice,0,0,0,0,0,0,0,0
2026-07-25,6,03:00,voice,0,0,0,0,0,0,0,0
2026-07-25,6,03:30,voice,0,0,0,0,0,0,0,0
2026-07-25,6,04:00,voice,0,0,0,0,0,0,0,0
2026-07-25,6,04:30,voice,0,0,0,0,0,0,0,0
2026-07-25,6,05:00,voice,0,0,0,0,0,0,0,0
2026-07-25,6,05:30,voice,0,0,0,0,0,0,0,0
2026-07-25,6,06:00,voice,0,0,0,0,0,0,0,0
2026-07-25,6,06:30,voice,0,0,0,0,0,0,0,0
2026-07-25,6,07:00,voice,0,0,0,0,0,0,0,0
2026-07-25,6,07:30,voice,0,0,0,0,0,0,0,0
2026-07-25,6,08:00,voice,0,0,0,0,0,0,0,0
2026-07-25,6,08:30,voice,0,0,0,0,0,0,0,0
2026-07-25,6,09:00,voice,0,0,0,0,0,0,0,0
2026-07-25,6,09:30,voice,1,1,1,0,12,100,2070,2070
2026-07-25,6,10:00,voice,1,1,1,0,10,100,2131,2131
2026-07-25,6,10:30,voice,1,1,1,0,11,100,2034,2034
2026-07-25,6,11:00,voice,1,1,1,0,13,100,1867,1867
2026-07-25,6,11:30,voice,1,1,1,0,11,100,1973,1973
2026-07-25,6,12:00,voice,0,0,0,0,0,0,0,0
2026-07-25,6,12:30,voice,1,1,1,0,11,100,2279,2279
2026-07-25,6,13:00,voice,0,0,0,0,0,0,0,0
2026-07-25,6,13:30,voice,0,0,0,0,0,0,0,0
2026-07-25,6,14:00,voice,1,1,1,0,13,100,2008,2008
2026-07-25,6,14:30,voice,1,1,1,0,11,100,2031,2031
2026-07-25,6,15:00,voice,0,0,0,0,0,0,0,0
2026-07-25,6,15:30,voice,1,1,1,0,12,100,2099,2099
2026-07-25,6,16:00,voice,0,0,0,0,0,0,0,0
2026-07-25,6,16:30,voice,1,1,1,0,12,100,1992,1992
2026-07-25,6,17:00,voice,0,0,0,0,0,0,0,0
2026-07-25,6,17:30,voice,0,0,0,0,0,0,0,0
2026-07-25,6,18:00,voice,0,0,0,0,0,0,0,0
2026-07-25,6,18:30,voice,0,0,0,0,0,0,0,0
2026-07-25,6,19:00,voice,0,0,0,0,0,0,0,0
2026-07-25,6,19:30,voice,0,0,0,0,0,0,0,0
2026-07-25,6,20:00,voice,0,0,0,0,0,0,0,0
2026-07-25,6,20:30,voice,0,0,0,0,0,0,0,0
2026-07-25,6,21:00,voice,0,0,0,0,0,0,0,0
2026-07-25,6,21:30,voice,0,0,0,0,0,0,0,0
2026-07-25,6,22:00,voice,0,0,0,0,0,0,0,0
2026-07-25,6,22:30,voice,0,0,0,0,0,0,0,0
2026-07-25,6,23:00,voice,0,0,0,0,0,0,0,0
2026-07-25,6,23:30,voice,0,0,0,0,0,0,0,0
2026-07-25,6,00:00,chat,0,0,0,0,0,0,0,0
2026-07-25,6,00:30,chat,0,0,0,0,0,0,0,0
2026-07-25,6,01:00,chat,0,0,0,0,0,0,0,0
2026-07-25,6,01:30,chat,0,0,0,0,0,0,0,0
2026-07-25,6,02:00,chat,0,0,0,0,0,0,0,0
2026-07-25,6,02:30,chat,0,0,0,0,0,0,0,0
2026-07-25,6,03:00,chat,0,0,0,0,0,0,0,0
2026-07-25,6,03:30,chat,0,0,0,0,0,0,0,0
2026-07-25,6,04:00,chat,0,0,0,0,0,0,0,0
2026-07-25,6,04:30,chat,0,0,0,0,0,0,0,0
2026-07-25,6,05:00,chat,0,0,0,0,0,0,0,0
2026-07-25,6,05:30,chat,0,0,0,0,0,0,0,0
2026-07-25,6,06:00,chat,0,0,0,0,0,0,0,0
2026-07-25,6,06:30,chat,0,0,0,0,0,0,0,0
2026-07-25,6,07:00,chat,0,0,0,0,0,0,0,0
2026-07-25,6,07:30,chat,1,1,1,0,44,100,1153,577
2026-07-25,6,08:00,chat,1,1,1,0,38,100,1226,613
2026-07-25,6,08:30,chat,1,1,1,0,45,100,1129,564
2026-07-25,6,09:00,chat,1,1,1,0,48,100,1051,526
2026-07-25,6,09:30,chat,1,1,1,0,49,100,1167,583
2026-07-25,6,10:00,chat,1,1,1,0,43,100,1192,596
2026-07-25,6,10:30,chat,1,1,1,0,47,100,1014,507
2026-07-25,6,11:00,chat,1,1,1,0,44,100,1151,576
2026-07-25,6,11:30,chat,1,1,1,0,48,100,1193,597
2026-07-25,6,12:00,chat,1,1,1,0,40,100,1143,572
2026-07-25,6,12:30,chat,1,0,0,1,1443,0,1154,577
2026-07-25,6,13:00,chat,1,1,1,0,46,100,1080,540
2026-07-25,6,13:30,chat,1,1,1,0,43,100,1140,570
2026-07-25,6,14:00,chat,1,1,1,0,42,100,1237,619
2026-07-25,6,14:30,chat,1,1,1,0,45,100,1090,545
2026-07-25,6,15:00,chat,1,1,1,0,45,100,1165,583
2026-07-25,6,15:30,chat,1,1,1,0,46,100,1092,546
2026-07-25,6,16:00,chat,1,1,1,0,54,100,1065,533
2026-07-25,6,16:30,chat,1,1,1,0,41,100,1135,568
2026-07-25,6,17:00,chat,1,1,1,0,39,100,993,496
2026-07-25,6,17:30,chat,1,1,1,0,45,100,1083,541
2026-07-25,6,18:00,chat,1,1,1,0,40,100,963,481
2026-07-25,6,18:30,chat,0,0,0,0,0,0,0,0
2026-07-25,6,19:00,chat,0,0,0,0,0,0,0,0
2026-07-25,6,19:30,chat,0,0,0,0,0,0,0,0
2026-07-25,6,20:00,chat,0,0,0,0,0,0,0,0
2026-07-25,6,20:30,chat,0,0,0,0,0,0,0,0
2026-07-25,6,21:00,chat,0,0,0,0,0,0,0,0
2026-07-25,6,21:30,chat,0,0,0,0,0,0,0,0
2026-07-25,6,22:00,chat,0,0,0,0,0,0,0,0
2026-07-25,6,22:30,chat,0,0,0,0,0,0,0,0
2026-07-25,6,23:00,chat,0,0,0,0,0,0,0,0
2026-07-25,6,23:30,chat,0,0,0,0,0,0,0,0
2026-07-26,7,00:00,voice,0,0,0,0,0,0,0,0
2026-07-26,7,00:30,voice,0,0,0,0,0,0,0,0
2026-07-26,7,01:00,voice,0,0,0,0,0,0,0,0
2026-07-26,7,01:30,voice,0,0,0,0,0,0,0,0
2026-07-26,7,02:00,voice,0,0,0,0,0,0,0,0
2026-07-26,7,02:30,voice,0,0,0,0,0,0,0,0
2026-07-26,7,03:00,voice,0,0,0,0,0,0,0,0
2026-07-26,7,03:30,voice,0,0,0,0,0,0,0,0
2026-07-26,7,04:00,voice,0,0,0,0,0,0,0,0
2026-07-26,7,04:30,voice,0,0,0,0,0,0,0,0
2026-07-26,7,05:00,voice,0,0,0,0,0,0,0,0
2026-07-26,7,05:30,voice,0,0,0,0,0,0,0,0
2026-07-26,7,06:00,voice,0,0,0,0,0,0,0,0
2026-07-26,7,06:30,voice,0,0,0,0,0,0,0,0
2026-07-26,7,07:00,voice,0,0,0,0,0,0,0,0
2026-07-26,7,07:30,voice,0,0,0,0,0,0,0,0
2026-07-26,7,08:00,voice,0,0,0,0,0,0,0,0
2026-07-26,7,08:30,voice,0,0,0,0,0,0,0,0
2026-07-26,7,09:00,voice,1,1,1,0,12,100,1951,1951
2026-07-26,7,09:30,voice,1,1,1,0,11,100,2151,2151
2026-07-26,7,10:00,voice,1,1,1,0,13,100,1956,1956
2026-07-26,7,10:30,voice,1,1,1,0,10,100,2015,2015
2026-07-26,7,11:00,voice,1,1,1,0,12,100,1959,1959
2026-07-26,7,11:30,voice,1,1,1,0,12,100,2239,2239
2026-07-26,7,12:00,voice,1,1,1,0,14,100,2168,2168
2026-07-26,7,12:30,voice,1,1,1,0,13,100,2056,2056
2026-07-26,7,13:00,voice,0,0,0,0,0,0,0,0
2026-07-26,7,13:30,voice,1,1,1,0,11,100,1955,1955
2026-07-26,7,14:00,voice,1,1,1,0,14,100,1897,1897
2026-07-26,7,14:30,voice,1,1,1,0,12,100,2224,2224
2026-07-26,7,15:00,voice,1,1,1,0,11,100,2001,2001
2026-07-26,7,15:30,voice,1,1,1,0,12,100,1828,1828
2026-07-26,7,16:00,voice,0,0,0,0,0,0,0,0
2026-07-26,7,16:30,voice,0,0,0,0,0,0,0,0
2026-07-26,7,17:00,voice,0,0,0,0,0,0,0,0
2026-07-26,7,17:30,voice,0,0,0,0,0,0,0,0
2026-07-26,7,18:00,voice,0,0,0,0,0,0,0,0
2026-07-26,7,18:30,voice,0,0,0,0,0,0,0,0
2026-07-26,7,19:00,voice,0,0,0,0,0,0,0,0
2026-07-26,7,19:30,voice,0,0,0,0,0,0,0,0
2026-07-26,7,20:00,voice,0,0,0,0,0,0,0,0
2026-07-26,7,20:30,voice,0,0,0,0,0,0,0,0
2026-07-26,7,21:00,voice,0,0,0,0,0,0,0,0
2026-07-26,7,21:30,voice,0,0,0,0,0,0,0,0
2026-07-26,7,22:00,voice,0,0,0,0,0,0,0,0
2026-07-26,7,22:30,voice,0,0,0,0,0,0,0,0
2026-07-26,7,23:00,voice,0,0,0,0,0,0,0,0
2026-07-26,7,23:30,voice,0,0,0,0,0,0,0,0
2026-07-26,7,00:00,chat,0,0,0,0,0,0,0,0
2026-07-26,7,00:30,chat,0,0,0,0,0,0,0,0
2026-07-26,7,01:00,chat,0,0,0,0,0,0,0,0
2026-07-26,7,01:30,chat,0,0,0,0,0,0,0,0
2026-07-26,7,02:00,chat,0,0,0,0,0,0,0,0
2026-07-26,7,02:30,chat,0,0,0,0,0,0,0,0
2026-07-26,7,03:00,chat,0,0,0,0,0,0,0,0
2026-07-26,7,03:30,chat,0,0,0,0,0,0,0,0
2026-07-26,7,04:00,chat,0,0,0,0,0,0,0,0
2026-07-26,7,04:30,chat,0,0,0,0,0,0,0,0
2026-07-26,7,05:00,chat,0,0,0,0,0,0,0,0
2026-07-26,7,05:30,chat,0,0,0,0,0,0,0,0
2026-07-26,7,06:00,chat,0,0,0,0,0,0,0,0
2026-07-26,7,06:30,chat,0,0,0,0,0,0,0,0
2026-07-26,7,07:00,chat,0,0,0,0,0,0,0,0
2026-07-26,7,07:30,chat,1,1,1,0,44,100,1132,566
2026-07-26,7,08:00,chat,1,1,1,0,48,100,1147,573
2026-07-26,7,08:30,chat,1,1,1,0,48,100,987,493
2026-07-26,7,09:00,chat,1,1,1,0,40,100,1034,517
2026-07-26,7,09:30,chat,1,1,1,0,46,100,1023,512
2026-07-26,7,10:00,chat,1,1,1,0,41,100,1040,520
2026-07-26,7,10:30,chat,2,2,1,0,444,50,930,465
2026-07-26,7,11:00,chat,1,1,1,0,43,100,938,469
2026-07-26,7,11:30,chat,2,2,2,0,55,100,1066,533
2026-07-26,7,12:00,chat,2,1,1,1,383,50,900,450
2026-07-26,7,12:30,chat,2,2,2,0,44,100,986,493
2026-07-26,7,13:00,chat,1,1,1,0,47,100,992,496
2026-07-26,7,13:30,chat,1,1,1,0,45,100,986,493
2026-07-26,7,14:00,chat,1,1,1,0,48,100,1047,523
2026-07-26,7,14:30,chat,1,1,1,0,47,100,935,468
2026-07-26,7,15:00,chat,1,1,1,0,39,100,966,483
2026-07-26,7,15:30,chat,1,1,1,0,40,100,992,496
2026-07-26,7,16:00,chat,1,1,1,0,47,100,984,492
2026-07-26,7,16:30,chat,1,1,1,0,48,100,972,486
2026-07-26,7,17:00,chat,1,1,1,0,45,100,1083,541
2026-07-26,7,17:30,chat,1,1,1,0,41,100,1032,516
2026-07-26,7,18:00,chat,1,1,1,0,48,100,1113,557
2026-07-26,7,18:30,chat,1,1,1,0,52,100,1060,530
2026-07-26,7,19:00,chat,0,0,0,0,0,0,0,0
2026-07-26,7,19:30,chat,0,0,0,0,0,0,0,0
2026-07-26,7,20:00,chat,0,0,0,0,0,0,0,0
2026-07-26,7,20:30,chat,0,0,0,0,0,0,0,0
2026-07-26,7,21:00,chat,0,0,0,0,0,0,0,0
2026-07-26,7,21:30,chat,0,0,0,0,0,0,0,0
2026-07-26,7,22:00,chat,0,0,0,0,0,0,0,0
2026-07-26,7,22:30,chat,0,0,0,0,0,0,0,0
2026-07-26,7,23:00,chat,0,0,0,0,0,0,0,0
2026-07-26,7,23:30,chat,0,0,0,0,0,0,0,0
2026-07-27,8,00:00,voice,0,0,0,0,0,0,0,0
2026-07-27,8,00:30,voice,0,0,0,0,0,0,0,0
2026-07-27,8,01:00,voice,0,0,0,0,0,0,0,0
2026-07-27,8,01:30,voice,0,0,0,0,0,0,0,0
2026-07-27,8,02:00,voice,0,0,0,0,0,0,0,0
2026-07-27,8,02:30,voice,0,0,0,0,0,0,0,0
2026-07-27,8,03:00,voice,0,0,0,0,0,0,0,0
2026-07-27,8,03:30,voice,0,0,0,0,0,0,0,0
2026-07-27,8,04:00,voice,0,0,0,0,0,0,0,0
2026-07-27,8,04:30,voice,0,0,0,0,0,0,0,0
2026-07-27,8,05:00,voice,0,0,0,0,0,0,0,0
2026-07-27,8,05:30,voice,0,0,0,0,0,0,0,0
2026-07-27,8,06:00,voice,0,0,0,0,0,0,0,0
2026-07-27,8,06:30,voice,0,0,0,0,0,0,0,0
2026-07-27,8,07:00,voice,0,0,0,0,0,0,0,0
2026-07-27,8,07:30,voice,1,1,1,0,14,100,2243,2243
2026-07-27,8,08:00,voice,1,1,1,0,11,100,2255,2255
2026-07-27,8,08:30,voice,1,1,1,0,12,100,2168,2168
2026-07-27,8,09:00,voice,1,1,1,0,13,100,1878,1878
2026-07-27,8,09:30,voice,2,2,2,0,13,100,1989,1989
2026-07-27,8,10:00,voice,1,1,1,0,11,100,1836,1836
2026-07-27,8,10:30,voice,2,2,2,0,12,100,1936,1936
2026-07-27,8,11:00,voice,2,2,2,0,11,100,2110,2110
2026-07-27,8,11:30,voice,2,2,2,0,12,100,2090,2090
2026-07-27,8,12:00,voice,1,1,1,0,13,100,2015,2015
2026-07-27,8,12:30,voice,2,2,2,0,14,100,1971,1971
2026-07-27,8,13:00,voice,1,1,1,0,10,100,2094,2094
2026-07-27,8,13:30,voice,2,2,2,0,14,100,1942,1942
2026-07-27,8,14:00,voice,2,2,2,0,13,100,1983,1983
2026-07-27,8,14:30,voice,1,1,1,0,12,100,1944,1944
2026-07-27,8,15:00,voice,2,2,2,0,11,100,1862,1862
2026-07-27,8,15:30,voice,2,1,1,1,198,50,2228,2228
2026-07-27,8,16:00,voice,1,1,1,0,10,100,2135,2135
2026-07-27,8,16:30,voice,1,1,1,0,12,100,2011,2011
2026-07-27,8,17:00,voice,1,1,1,0,10,100,2037,2037
2026-07-27,8,17:30,voice,1,1,1,0,11,100,1898,1898
2026-07-27,8,18:00,voice,1,1,1,0,11,100,2098,2098
2026-07-27,8,18:30,voice,0,0,0,0,0,0,0,0
2026-07-27,8,19:00,voice,0,0,0,0,0,0,0,0
2026-07-27,8,19:30,voice,0,0,0,0,0,0,0,0
2026-07-27,8,20:00,voice,0,0,0,0,0,0,0,0
2026-07-27,8,20:30,voice,0,0,0,0,0,0,0,0
2026-07-27,8,21:00,voice,0,0,0,0,0,0,0,0
2026-07-27,8,21:30,voice,0,0,0,0,0,0,0,0
2026-07-27,8,22:00,voice,0,0,0,0,0,0,0,0
2026-07-27,8,22:30,voice,0,0,0,0,0,0,0,0
2026-07-27,8,23:00,voice,0,0,0,0,0,0,0,0
2026-07-27,8,23:30,voice,0,0,0,0,0,0,0,0
2026-07-27,8,00:00,chat,0,0,0,0,0,0,0,0
2026-07-27,8,00:30,chat,0,0,0,0,0,0,0,0
2026-07-27,8,01:00,chat,0,0,0,0,0,0,0,0
2026-07-27,8,01:30,chat,1,1,1,0,43,100,1006,503
2026-07-27,8,02:00,chat,0,0,0,0,0,0,0,0
2026-07-27,8,02:30,chat,0,0,0,0,0,0,0,0
2026-07-27,8,03:00,chat,0,0,0,0,0,0,0,0
2026-07-27,8,03:30,chat,0,0,0,0,0,0,0,0
2026-07-27,8,04:00,chat,0,0,0,0,0,0,0,0
2026-07-27,8,04:30,chat,1,1,1,0,43,100,1119,560
2026-07-27,8,05:00,chat,0,0,0,0,0,0,0,0
2026-07-27,8,05:30,chat,0,0,0,0,0,0,0,0
2026-07-27,8,06:00,chat,0,0,0,0,0,0,0,0
2026-07-27,8,06:30,chat,1,1,1,0,45,100,1074,537
2026-07-27,8,07:00,chat,1,1,1,0,37,100,1162,581
2026-07-27,8,07:30,chat,1,1,1,0,49,100,1064,532
2026-07-27,8,08:00,chat,1,1,1,0,42,100,1046,523
2026-07-27,8,08:30,chat,2,2,2,0,48,100,1164,582
2026-07-27,8,09:00,chat,2,2,1,0,401,50,1127,564
2026-07-27,8,09:30,chat,2,2,2,0,48,100,1011,505
2026-07-27,8,10:00,chat,4,4,3,0,129,75,1076,538
2026-07-27,8,10:30,chat,3,3,3,0,46,100,1143,572
2026-07-27,8,11:00,chat,4,3,3,1,131,75,1055,528
2026-07-27,8,11:30,chat,4,3,3,1,135,75,1202,601
2026-07-27,8,12:00,chat,3,3,3,0,52,100,1140,570
2026-07-27,8,12:30,chat,3,3,3,0,46,100,1136,568
2026-07-27,8,13:00,chat,2,2,2,0,50,100,1038,519
2026-07-27,8,13:30,chat,3,3,3,0,43,100,1124,562
2026-07-27,8,14:00,chat,3,3,3,0,39,100,1084,542
2026-07-27,8,14:30,chat,3,3,3,0,38,100,954,477
2026-07-27,8,15:00,chat,3,3,3,0,39,100,967,483
2026-07-27,8,15:30,chat,3,3,3,0,39,100,1060,530
2026-07-27,8,16:00,chat,3,3,3,0,45,100,1183,591
2026-07-27,8,16:30,chat,3,3,3,0,49,100,1011,505
2026-07-27,8,17:00,chat,1,1,1,0,44,100,987,493
2026-07-27,8,17:30,chat,1,1,1,0,40,100,1263,632
2026-07-27,8,18:00,chat,1,1,1,0,46,100,1025,512
2026-07-27,8,18:30,chat,1,1,1,0,48,100,1073,537
2026-07-27,8,19:00,chat,1,1,1,0,37,100,1153,577
2026-07-27,8,19:30,chat,0,0,0,0,0,0,0,0
2026-07-27,8,20:00,chat,1,1,1,0,47,100,1150,575
2026-07-27,8,20:30,chat,1,1,1,0,48,100,1078,539
2026-07-27,8,21:00,chat,0,0,0,0,0,0,0,0
2026-07-27,8,21:30,chat,0,0,0,0,0,0,0,0
2026-07-27,8,22:00,chat,1,1,1,0,53,100,1175,588
2026-07-27,8,22:30,chat,1,1,1,0,45,100,1100,550
2026-07-27,8,23:00,chat,1,1,1,0,44,100,1198,599
2026-07-27,8,23:30,chat,0,0,0,0,0,0,0,0
2026-07-28,9,00:00,voice,0,0,0,0,0,0,0,0
2026-07-28,9,00:30,voice,0,0,0,0,0,0,0,0
2026-07-28,9,01:00,voice,0,0,0,0,0,0,0,0
2026-07-28,9,01:30,voice,0,0,0,0,0,0,0,0
2026-07-28,9,02:00,voice,0,0,0,0,0,0,0,0
2026-07-28,9,02:30,voice,0,0,0,0,0,0,0,0
2026-07-28,9,03:00,voice,0,0,0,0,0,0,0,0
2026-07-28,9,03:30,voice,0,0,0,0,0,0,0,0
2026-07-28,9,04:00,voice,0,0,0,0,0,0,0,0
2026-07-28,9,04:30,voice,0,0,0,0,0,0,0,0
2026-07-28,9,05:00,voice,0,0,0,0,0,0,0,0
2026-07-28,9,05:30,voice,0,0,0,0,0,0,0,0
2026-07-28,9,06:00,voice,0,0,0,0,0,0,0,0
2026-07-28,9,06:30,voice,0,0,0,0,0,0,0,0
2026-07-28,9,07:00,voice,0,0,0,0,0,0,0,0
2026-07-28,9,07:30,voice,0,0,0,0,0,0,0,0
2026-07-28,9,08:00,voice,1,1,1,0,12,100,1814,1814
2026-07-28,9,08:30,voice,1,1,1,0,11,100,1859,1859
2026-07-28,9,09:00,voice,1,1,1,0,12,100,1770,1770
2026-07-28,9,09:30,voice,1,1,1,0,13,100,2030,2030
2026-07-28,9,10:00,voice,2,2,1,0,238,50,2135,2135
2026-07-28,9,10:30,voice,2,2,2,0,12,100,2270,2270
2026-07-28,9,11:00,voice,2,2,2,0,10,100,2094,2094
2026-07-28,9,11:30,voice,2,2,2,0,13,100,1877,1877
2026-07-28,9,12:00,voice,2,1,1,1,261,50,1786,1786
2026-07-28,9,12:30,voice,1,1,1,0,13,100,1824,1824
2026-07-28,9,13:00,voice,1,1,1,0,12,100,1976,1976
2026-07-28,9,13:30,voice,1,1,1,0,12,100,1962,1962
2026-07-28,9,14:00,voice,2,2,2,0,11,100,1947,1947
2026-07-28,9,14:30,voice,2,2,2,0,14,100,1896,1896
2026-07-28,9,15:00,voice,2,2,2,0,13,100,1934,1934
2026-07-28,9,15:30,voice,1,1,1,0,12,100,1967,1967
2026-07-28,9,16:00,voice,1,1,1,0,10,100,2035,2035
2026-07-28,9,16:30,voice,1,1,1,0,12,100,1875,1875
2026-07-28,9,17:00,voice,1,1,1,0,13,100,2093,2093
2026-07-28,9,17:30,voice,1,1,1,0,12,100,2279,2279
2026-07-28,9,18:00,voice,1,1,1,0,10,100,1697,1697
2026-07-28,9,18:30,voice,0,0,0,0,0,0,0,0
2026-07-28,9,19:00,voice,0,0,0,0,0,0,0,0
2026-07-28,9,19:30,voice,0,0,0,0,0,0,0,0
2026-07-28,9,20:00,voice,0,0,0,0,0,0,0,0
2026-07-28,9,20:30,voice,0,0,0,0,0,0,0,0
2026-07-28,9,21:00,voice,0,0,0,0,0,0,0,0
2026-07-28,9,21:30,voice,0,0,0,0,0,0,0,0
2026-07-28,9,22:00,voice,0,0,0,0,0,0,0,0
2026-07-28,9,22:30,voice,0,0,0,0,0,0,0,0
2026-07-28,9,23:00,voice,0,0,0,0,0,0,0,0
2026-07-28,9,23:30,voice,0,0,0,0,0,0,0,0
2026-07-28,9,00:00,chat,0,0,0,0,0,0,0,0
2026-07-28,9,00:30,chat,0,0,0,0,0,0,0,0
2026-07-28,9,01:00,chat,0,0,0,0,0,0,0,0
2026-07-28,9,01:30,chat,0,0,0,0,0,0,0,0
2026-07-28,9,02:00,chat,0,0,0,0,0,0,0,0
2026-07-28,9,02:30,chat,0,0,0,0,0,0,0,0
2026-07-28,9,03:00,chat,0,0,0,0,0,0,0,0
2026-07-28,9,03:30,chat,0,0,0,0,0,0,0,0
2026-07-28,9,04:00,chat,0,0,0,0,0,0,0,0
2026-07-28,9,04:30,chat,0,0,0,0,0,0,0,0
2026-07-28,9,05:00,chat,0,0,0,0,0,0,0,0
2026-07-28,9,05:30,chat,0,0,0,0,0,0,0,0
2026-07-28,9,06:00,chat,0,0,0,0,0,0,0,0
2026-07-28,9,06:30,chat,1,1,1,0,46,100,1034,517
2026-07-28,9,07:00,chat,1,1,1,0,49,100,1094,547
2026-07-28,9,07:30,chat,1,1,1,0,51,100,1165,582
2026-07-28,9,08:00,chat,2,2,2,0,42,100,1078,539
2026-07-28,9,08:30,chat,2,2,2,0,54,100,1056,528
2026-07-28,9,09:00,chat,3,3,3,0,42,100,1101,550
2026-07-28,9,09:30,chat,2,2,2,0,47,100,1074,537
2026-07-28,9,10:00,chat,3,3,3,0,46,100,1072,536
2026-07-28,9,10:30,chat,2,2,2,0,47,100,1112,556
2026-07-28,9,11:00,chat,4,3,3,1,129,75,1128,564
2026-07-28,9,11:30,chat,3,2,2,1,181,66.7,1066,533
2026-07-28,9,12:00,chat,3,3,3,0,47,100,990,495
2026-07-28,9,12:30,chat,3,3,3,0,40,100,1075,538
2026-07-28,9,13:00,chat,4,4,4,0,42,100,1095,548
2026-07-28,9,13:30,chat,3,3,3,0,47,100,1126,563
2026-07-28,9,14:00,chat,3,3,3,0,51,100,1106,553
2026-07-28,9,14:30,chat,3,3,3,0,42,100,1097,548
2026-07-28,9,15:00,chat,3,3,2,0,223,66.7,1004,502
2026-07-28,9,15:30,chat,3,3,3,0,47,100,1102,551
2026-07-28,9,16:00,chat,2,2,2,0,37,100,1044,522
2026-07-28,9,16:30,chat,2,2,2,0,45,100,1171,585
2026-07-28,9,17:00,chat,2,2,2,0,41,100,1015,507
2026-07-28,9,17:30,chat,1,1,1,0,46,100,1172,586
2026-07-28,9,18:00,chat,1,1,1,0,47,100,1088,544
2026-07-28,9,18:30,chat,1,1,1,0,44,100,1010,505
2026-07-28,9,19:00,chat,1,1,1,0,46,100,1043,522
2026-07-28,9,19:30,chat,1,1,1,0,47,100,1108,554
2026-07-28,9,20:00,chat,0,0,0,0,0,0,0,0
2026-07-28,9,20:30,chat,1,1,1,0,51,100,995,498
2026-07-28,9,21:00,chat,0,0,0,0,0,0,0,0
2026-07-28,9,21:30,chat,0,0,0,0,0,0,0,0
2026-07-28,9,22:00,chat,0,0,0,0,0,0,0,0
2026-07-28,9,22:30,chat,0,0,0,0,0,0,0,0
2026-07-28,9,23:00,chat,0,0,0,0,0,0,0,0
2026-07-28,9,23:30,chat,0,0,0,0,0,0,0,0
2026-07-29,10,00:00,voice,0,0,0,0,0,0,0,0
2026-07-29,10,00:30,voice,0,0,0,0,0,0,0,0
2026-07-29,10,01:00,voice,0,0,0,0,0,0,0,0
2026-07-29,10,01:30,voice,0,0,0,0,0,0,0,0
2026-07-29,10,02:00,voice,0,0,0,0,0,0,0,0
2026-07-29,10,02:30,voice,0,0,0,0,0,0,0,0
2026-07-29,10,03:00,voice,0,0,0,0,0,0,0,0
2026-07-29,10,03:30,voice,0,0,0,0,0,0,0,0
2026-07-29,10,04:00,voice,0,0,0,0,0,0,0,0
2026-07-29,10,04:30,voice,0,0,0,0,0,0,0,0
2026-07-29,10,05:00,voice,0,0,0,0,0,0,0,0
2026-07-29,10,05:30,voice,0,0,0,0,0,0,0,0
2026-07-29,10,06:00,voice,0,0,0,0,0,0,0,0
2026-07-29,10,06:30,voice,0,0,0,0,0,0,0,0
2026-07-29,10,07:00,voice,0,0,0,0,0,0,0,0
2026-07-29,10,07:30,voice,1,1,1,0,11,100,1984,1984
2026-07-29,10,08:00,voice,1,1,1,0,13,100,2045,2045
2026-07-29,10,08:30,voice,1,1,1,0,12,100,2093,2093
2026-07-29,10,09:00,voice,1,1,1,0,12,100,2026,2026
2026-07-29,10,09:30,voice,2,2,2,0,11,100,2161,2161
2026-07-29,10,10:00,voice,2,2,2,0,13,100,2195,2195
2026-07-29,10,10:30,voice,2,2,2,0,10,100,1801,1801
2026-07-29,10,11:00,voice,2,2,2,0,13,100,2020,2020
2026-07-29,10,11:30,voice,2,2,2,0,12,100,2356,2356
2026-07-29,10,12:00,voice,2,2,2,0,10,100,1928,1928
2026-07-29,10,12:30,voice,1,1,1,0,15,100,2031,2031
2026-07-29,10,13:00,voice,1,1,1,0,13,100,1998,1998
2026-07-29,10,13:30,voice,1,1,1,0,14,100,2026,2026
2026-07-29,10,14:00,voice,1,1,1,0,12,100,1983,1983
2026-07-29,10,14:30,voice,2,1,1,1,218,50,2180,2180
2026-07-29,10,15:00,voice,2,2,2,0,11,100,2068,2068
2026-07-29,10,15:30,voice,1,1,1,0,13,100,2050,2050
2026-07-29,10,16:00,voice,1,1,1,0,13,100,1939,1939
2026-07-29,10,16:30,voice,1,1,1,0,12,100,2087,2087
2026-07-29,10,17:00,voice,1,1,1,0,12,100,1888,1888
2026-07-29,10,17:30,voice,1,1,1,0,10,100,2064,2064
2026-07-29,10,18:00,voice,1,1,1,0,12,100,2307,2307
2026-07-29,10,18:30,voice,1,1,1,0,13,100,1945,1945
2026-07-29,10,19:00,voice,0,0,0,0,0,0,0,0
2026-07-29,10,19:30,voice,0,0,0,0,0,0,0,0
2026-07-29,10,20:00,voice,0,0,0,0,0,0,0,0
2026-07-29,10,20:30,voice,0,0,0,0,0,0,0,0
2026-07-29,10,21:00,voice,0,0,0,0,0,0,0,0
2026-07-29,10,21:30,voice,0,0,0,0,0,0,0,0
2026-07-29,10,22:00,voice,0,0,0,0,0,0,0,0
2026-07-29,10,22:30,voice,0,0,0,0,0,0,0,0
2026-07-29,10,23:00,voice,0,0,0,0,0,0,0,0
2026-07-29,10,23:30,voice,0,0,0,0,0,0,0,0
2026-07-29,10,00:00,chat,0,0,0,0,0,0,0,0
2026-07-29,10,00:30,chat,0,0,0,0,0,0,0,0
2026-07-29,10,01:00,chat,0,0,0,0,0,0,0,0
2026-07-29,10,01:30,chat,0,0,0,0,0,0,0,0
2026-07-29,10,02:00,chat,0,0,0,0,0,0,0,0
2026-07-29,10,02:30,chat,0,0,0,0,0,0,0,0
2026-07-29,10,03:00,chat,0,0,0,0,0,0,0,0
2026-07-29,10,03:30,chat,1,1,1,0,45,100,1097,548
2026-07-29,10,04:00,chat,0,0,0,0,0,0,0,0
2026-07-29,10,04:30,chat,0,0,0,0,0,0,0,0
2026-07-29,10,05:00,chat,0,0,0,0,0,0,0,0
2026-07-29,10,05:30,chat,1,1,1,0,45,100,1064,532
2026-07-29,10,06:00,chat,0,0,0,0,0,0,0,0
2026-07-29,10,06:30,chat,1,1,1,0,54,100,1144,572
2026-07-29,10,07:00,chat,1,1,1,0,46,100,978,489
2026-07-29,10,07:30,chat,1,1,1,0,47,100,1087,543
2026-07-29,10,08:00,chat,1,1,1,0,37,100,1064,532
2026-07-29,10,08:30,chat,2,2,2,0,47,100,973,486
2026-07-29,10,09:00,chat,3,3,3,0,50,100,989,494
2026-07-29,10,09:30,chat,4,4,4,0,42,100,1083,541
2026-07-29,10,10:00,chat,4,3,3,1,122,75,1013,507
2026-07-29,10,10:30,chat,3,3,3,0,45,100,1004,502
2026-07-29,10,11:00,chat,3,3,3,0,44,100,1138,569
2026-07-29,10,11:30,chat,3,3,3,0,53,100,1007,503
2026-07-29,10,12:00,chat,3,3,3,0,54,100,1164,582
2026-07-29,10,12:30,chat,3,3,3,0,42,100,1063,531
2026-07-29,10,13:00,chat,3,3,3,0,53,100,1027,514
2026-07-29,10,13:30,chat,2,2,2,0,46,100,1115,558
2026-07-29,10,14:00,chat,3,3,3,0,51,100,1046,523
2026-07-29,10,14:30,chat,3,2,2,1,200,66.7,1125,562
2026-07-29,10,15:00,chat,3,3,3,0,50,100,1040,520
2026-07-29,10,15:30,chat,3,3,3,0,40,100,1027,513
2026-07-29,10,16:00,chat,3,3,3,0,43,100,1070,535
2026-07-29,10,16:30,chat,2,2,2,0,44,100,1063,532
2026-07-29,10,17:00,chat,2,2,2,0,52,100,1066,533
2026-07-29,10,17:30,chat,2,2,2,0,39,100,1092,546
2026-07-29,10,18:00,chat,1,1,1,0,39,100,1101,550
2026-07-29,10,18:30,chat,1,1,1,0,40,100,1005,502
2026-07-29,10,19:00,chat,1,1,1,0,42,100,1238,619
2026-07-29,10,19:30,chat,1,1,1,0,36,100,1116,558
2026-07-29,10,20:00,chat,0,0,0,0,0,0,0,0
2026-07-29,10,20:30,chat,1,1,1,0,45,100,1108,554
2026-07-29,10,21:00,chat,0,0,0,0,0,0,0,0
2026-07-29,10,21:30,chat,0,0,0,0,0,0,0,0
2026-07-29,10,22:00,chat,0,0,0,0,0,0,0,0
2026-07-29,10,22:30,chat,0,0,0,0,0,0,0,0
2026-07-29,10,23:00,chat,0,0,0,0,0,0,0,0
2026-07-29,10,23:30,chat,0,0,0,0,0,0,0,0
2026-07-30,11,00:00,voice,0,0,0,0,0,0,0,0
2026-07-30,11,00:30,voice,0,0,0,0,0,0,0,0
2026-07-30,11,01:00,voice,0,0,0,0,0,0,0,0
2026-07-30,11,01:30,voice,0,0,0,0,0,0,0,0
2026-07-30,11,02:00,voice,0,0,0,0,0,0,0,0
2026-07-30,11,02:30,voice,0,0,0,0,0,0,0,0
2026-07-30,11,03:00,voice,0,0,0,0,0,0,0,0
2026-07-30,11,03:30,voice,0,0,0,0,0,0,0,0
2026-07-30,11,04:00,voice,0,0,0,0,0,0,0,0
2026-07-30,11,04:30,voice,0,0,0,0,0,0,0,0
2026-07-30,11,05:00,voice,0,0,0,0,0,0,0,0
2026-07-30,11,05:30,voice,0,0,0,0,0,0,0,0
2026-07-30,11,06:00,voice,0,0,0,0,0,0,0,0
2026-07-30,11,06:30,voice,0,0,0,0,0,0,0,0
2026-07-30,11,07:00,voice,0,0,0,0,0,0,0,0
2026-07-30,11,07:30,voice,0,0,0,0,0,0,0,0
2026-07-30,11,08:00,voice,1,1,1,0,14,100,1960,1960
2026-07-30,11,08:30,voice,1,1,1,0,10,100,2004,2004
2026-07-30,11,09:00,voice,1,1,1,0,11,100,2173,2173
2026-07-30,11,09:30,voice,1,1,1,0,11,100,2157,2157
2026-07-30,11,10:00,voice,2,2,2,0,15,100,2220,2220
2026-07-30,11,10:30,voice,2,2,2,0,10,100,2279,2279
2026-07-30,11,11:00,voice,1,1,1,0,11,100,1932,1932
2026-07-30,11,11:30,voice,2,1,1,1,277,50,2098,2098
2026-07-30,11,12:00,voice,1,1,1,0,9,100,1953,1953
2026-07-30,11,12:30,voice,1,1,1,0,12,100,1989,1989
2026-07-30,11,13:00,voice,1,1,1,0,12,100,2042,2042
2026-07-30,11,13:30,voice,1,1,1,0,12,100,2046,2046
2026-07-30,11,14:00,voice,1,1,1,0,12,100,2000,2000
2026-07-30,11,14:30,voice,1,1,1,0,14,100,1951,1951
2026-07-30,11,15:00,voice,1,1,1,0,11,100,2057,2057
2026-07-30,11,15:30,voice,2,2,2,0,13,100,1980,1980
2026-07-30,11,16:00,voice,1,1,1,0,13,100,2139,2139
2026-07-30,11,16:30,voice,1,1,1,0,13,100,2007,2007
2026-07-30,11,17:00,voice,1,1,1,0,12,100,2130,2130
2026-07-30,11,17:30,voice,1,1,1,0,12,100,2040,2040
2026-07-30,11,18:00,voice,1,1,1,0,13,100,2340,2340
2026-07-30,11,18:30,voice,0,0,0,0,0,0,0,0
2026-07-30,11,19:00,voice,0,0,0,0,0,0,0,0
2026-07-30,11,19:30,voice,0,0,0,0,0,0,0,0
2026-07-30,11,20:00,voice,0,0,0,0,0,0,0,0
2026-07-30,11,20:30,voice,0,0,0,0,0,0,0,0
2026-07-30,11,21:00,voice,0,0,0,0,0,0,0,0
2026-07-30,11,21:30,voice,0,0,0,0,0,0,0,0
2026-07-30,11,22:00,voice,0,0,0,0,0,0,0,0
2026-07-30,11,22:30,voice,0,0,0,0,0,0,0,0
2026-07-30,11,23:00,voice,0,0,0,0,0,0,0,0
2026-07-30,11,23:30,voice,0,0,0,0,0,0,0,0
2026-07-30,11,00:00,chat,0,0,0,0,0,0,0,0
2026-07-30,11,00:30,chat,0,0,0,0,0,0,0,0
2026-07-30,11,01:00,chat,0,0,0,0,0,0,0,0
2026-07-30,11,01:30,chat,0,0,0,0,0,0,0,0
2026-07-30,11,02:00,chat,0,0,0,0,0,0,0,0
2026-07-30,11,02:30,chat,0,0,0,0,0,0,0,0
2026-07-30,11,03:00,chat,0,0,0,0,0,0,0,0
2026-07-30,11,03:30,chat,0,0,0,0,0,0,0,0
2026-07-30,11,04:00,chat,0,0,0,0,0,0,0,0
2026-07-30,11,04:30,chat,0,0,0,0,0,0,0,0
2026-07-30,11,05:00,chat,0,0,0,0,0,0,0,0
2026-07-30,11,05:30,chat,0,0,0,0,0,0,0,0
2026-07-30,11,06:00,chat,1,1,1,0,42,100,1144,572
2026-07-30,11,06:30,chat,1,1,1,0,50,100,1102,551
2026-07-30,11,07:00,chat,1,1,1,0,42,100,1135,568
2026-07-30,11,07:30,chat,1,1,1,0,48,100,1013,506
2026-07-30,11,08:00,chat,1,1,1,0,47,100,1049,525
2026-07-30,11,08:30,chat,2,2,2,0,45,100,1234,617
2026-07-30,11,09:00,chat,2,2,2,0,51,100,1020,510
2026-07-30,11,09:30,chat,2,2,2,0,42,100,1094,547
2026-07-30,11,10:00,chat,3,3,3,0,42,100,1106,553
2026-07-30,11,10:30,chat,2,2,2,0,44,100,996,498
2026-07-30,11,11:00,chat,3,3,3,0,46,100,1106,553
2026-07-30,11,11:30,chat,3,2,2,1,265,66.7,1125,562
2026-07-30,11,12:00,chat,3,2,2,1,231,66.7,1181,590
2026-07-30,11,12:30,chat,2,2,2,0,50,100,1049,524
2026-07-30,11,13:00,chat,3,3,3,0,43,100,1117,558
2026-07-30,11,13:30,chat,2,2,2,0,44,100,1044,522
2026-07-30,11,14:00,chat,3,3,3,0,41,100,1097,549
2026-07-30,11,14:30,chat,2,2,2,0,48,100,1180,590
2026-07-30,11,15:00,chat,2,2,2,0,43,100,1106,553
2026-07-30,11,15:30,chat,2,2,2,0,49,100,1015,507
2026-07-30,11,16:00,chat,2,2,2,0,44,100,1160,580
2026-07-30,11,16:30,chat,2,2,2,0,46,100,1120,560
2026-07-30,11,17:00,chat,1,1,1,0,42,100,1075,538
2026-07-30,11,17:30,chat,2,2,2,0,47,100,1070,535
2026-07-30,11,18:00,chat,1,1,1,0,48,100,1111,555
2026-07-30,11,18:30,chat,1,1,1,0,45,100,1132,566
2026-07-30,11,19:00,chat,1,1,1,0,55,100,1139,570
2026-07-30,11,19:30,chat,0,0,0,0,0,0,0,0
2026-07-30,11,20:00,chat,0,0,0,0,0,0,0,0
2026-07-30,11,20:30,chat,0,0,0,0,0,0,0,0
2026-07-30,11,21:00,chat,0,0,0,0,0,0,0,0
2026-07-30,11,21:30,chat,0,0,0,0,0,0,0,0
2026-07-30,11,22:00,chat,0,0,0,0,0,0,0,0
2026-07-30,11,22:30,chat,0,0,0,0,0,0,0,0
2026-07-30,11,23:00,chat,0,0,0,0,0,0,0,0
2026-07-30,11,23:30,chat,0,0,0,0,0,0,0,0
2026-07-31,12,00:00,voice,0,0,0,0,0,0,0,0
2026-07-31,12,00:30,voice,0,0,0,0,0,0,0,0
2026-07-31,12,01:00,voice,0,0,0,0,0,0,0,0
2026-07-31,12,01:30,voice,0,0,0,0,0,0,0,0
2026-07-31,12,02:00,voice,0,0,0,0,0,0,0,0
2026-07-31,12,02:30,voice,0,0,0,0,0,0,0,0
2026-07-31,12,03:00,voice,0,0,0,0,0,0,0,0
2026-07-31,12,03:30,voice,0,0,0,0,0,0,0,0
2026-07-31,12,04:00,voice,0,0,0,0,0,0,0,0
2026-07-31,12,04:30,voice,0,0,0,0,0,0,0,0
2026-07-31,12,05:00,voice,0,0,0,0,0,0,0,0
2026-07-31,12,05:30,voice,0,0,0,0,0,0,0,0
2026-07-31,12,06:00,voice,0,0,0,0,0,0,0,0
2026-07-31,12,06:30,voice,0,0,0,0,0,0,0,0
2026-07-31,12,07:00,voice,0,0,0,0,0,0,0,0
2026-07-31,12,07:30,voice,1,1,1,0,12,100,2155,2155
2026-07-31,12,08:00,voice,1,1,1,0,13,100,2123,2123
2026-07-31,12,08:30,voice,1,1,1,0,12,100,2114,2114
2026-07-31,12,09:00,voice,1,1,1,0,13,100,2029,2029
2026-07-31,12,09:30,voice,1,1,1,0,14,100,2030,2030
2026-07-31,12,10:00,voice,1,1,1,0,11,100,2259,2259
2026-07-31,12,10:30,voice,1,1,1,0,11,100,2058,2058
2026-07-31,12,11:00,voice,2,2,2,0,11,100,1850,1850
2026-07-31,12,11:30,voice,1,1,1,0,15,100,2106,2106
2026-07-31,12,12:00,voice,1,1,1,0,11,100,1829,1829
2026-07-31,12,12:30,voice,1,1,1,0,12,100,2030,2030
2026-07-31,12,13:00,voice,1,1,1,0,12,100,1983,1983
2026-07-31,12,13:30,voice,1,1,1,0,12,100,1982,1982
2026-07-31,12,14:00,voice,1,1,1,0,10,100,2024,2024
2026-07-31,12,14:30,voice,1,1,1,0,10,100,2296,2296
2026-07-31,12,15:00,voice,1,1,1,0,11,100,2075,2075
2026-07-31,12,15:30,voice,2,1,1,1,235,50,2018,2018
2026-07-31,12,16:00,voice,1,1,1,0,15,100,2047,2047
2026-07-31,12,16:30,voice,1,1,1,0,12,100,1889,1889
2026-07-31,12,17:00,voice,1,1,1,0,13,100,1891,1891
2026-07-31,12,17:30,voice,1,1,1,0,12,100,1858,1858
2026-07-31,12,18:00,voice,1,1,1,0,10,100,2038,2038
2026-07-31,12,18:30,voice,1,1,1,0,13,100,1935,1935
2026-07-31,12,19:00,voice,0,0,0,0,0,0,0,0
2026-07-31,12,19:30,voice,0,0,0,0,0,0,0,0
2026-07-31,12,20:00,voice,0,0,0,0,0,0,0,0
2026-07-31,12,20:30,voice,0,0,0,0,0,0,0,0
2026-07-31,12,21:00,voice,0,0,0,0,0,0,0,0
2026-07-31,12,21:30,voice,0,0,0,0,0,0,0,0
2026-07-31,12,22:00,voice,0,0,0,0,0,0,0,0
2026-07-31,12,22:30,voice,0,0,0,0,0,0,0,0
2026-07-31,12,23:00,voice,0,0,0,0,0,0,0,0
2026-07-31,12,23:30,voice,0,0,0,0,0,0,0,0
2026-07-31,12,00:00,chat,0,0,0,0,0,0,0,0
2026-07-31,12,00:30,chat,1,1,1,0,45,100,1049,525
2026-07-31,12,01:00,chat,0,0,0,0,0,0,0,0
2026-07-31,12,01:30,chat,0,0,0,0,0,0,0,0
2026-07-31,12,02:00,chat,0,0,0,0,0,0,0,0
2026-07-31,12,02:30,chat,0,0,0,0,0,0,0,0
2026-07-31,12,03:00,chat,0,0,0,0,0,0,0,0
2026-07-31,12,03:30,chat,0,0,0,0,0,0,0,0
2026-07-31,12,04:00,chat,0,0,0,0,0,0,0,0
2026-07-31,12,04:30,chat,1,1,1,0,42,100,1037,518
2026-07-31,12,05:00,chat,0,0,0,0,0,0,0,0
2026-07-31,12,05:30,chat,0,0,0,0,0,0,0,0
2026-07-31,12,06:00,chat,0,0,0,0,0,0,0,0
2026-07-31,12,06:30,chat,0,0,0,0,0,0,0,0
2026-07-31,12,07:00,chat,1,1,1,0,43,100,1002,501
2026-07-31,12,07:30,chat,1,1,1,0,43,100,1128,564
2026-07-31,12,08:00,chat,1,1,1,0,43,100,1067,533
2026-07-31,12,08:30,chat,2,2,2,0,40,100,1060,530
2026-07-31,12,09:00,chat,2,2,2,0,46,100,1007,504
2026-07-31,12,09:30,chat,2,2,2,0,40,100,982,491
2026-07-31,12,10:00,chat,2,2,2,0,46,100,879,439
2026-07-31,12,10:30,chat,3,2,2,1,182,66.7,1032,516
2026-07-31,12,11:00,chat,3,3,3,0,53,100,1063,532
2026-07-31,12,11:30,chat,3,3,3,0,45,100,1055,527
2026-07-31,12,12:00,chat,2,2,2,0,45,100,1004,502
2026-07-31,12,12:30,chat,3,2,2,1,203,66.7,1118,559
2026-07-31,12,13:00,chat,3,3,3,0,43,100,999,499
2026-07-31,12,13:30,chat,2,2,2,0,48,100,1166,583
2026-07-31,12,14:00,chat,3,3,3,0,43,100,1035,518
2026-07-31,12,14:30,chat,3,3,3,0,52,100,1023,511
2026-07-31,12,15:00,chat,2,2,2,0,52,100,1057,529
2026-07-31,12,15:30,chat,2,2,2,0,48,100,1052,526
2026-07-31,12,16:00,chat,2,2,2,0,36,100,1007,504
2026-07-31,12,16:30,chat,2,2,2,0,41,100,1052,526
2026-07-31,12,17:00,chat,2,2,2,0,45,100,1170,585
2026-07-31,12,17:30,chat,1,1,1,0,43,100,1093,547
2026-07-31,12,18:00,chat,1,1,1,0,40,100,1017,508
2026-07-31,12,18:30,chat,1,1,1,0,51,100,1007,503
2026-07-31,12,19:00,chat,1,1,1,0,43,100,1072,536
2026-07-31,12,19:30,chat,0,0,0,0,0,0,0,0
2026-07-31,12,20:00,chat,0,0,0,0,0,0,0,0
2026-07-31,12,20:30,chat,0,0,0,0,0,0,0,0
2026-07-31,12,21:00,chat,0,0,0,0,0,0,0,0
2026-07-31,12,21:30,chat,0,0,0,0,0,0,0,0
2026-07-31,12,22:00,chat,0,0,0,0,0,0,0,0
2026-07-31,12,22:30,chat,0,0,0,0,0,0,0,0
2026-07-31,12,23:00,chat,0,0,0,0,0,0,0,0
2026-07-31,12,23:30,chat,0,0,0,0,0,0,0,0
2026-08-01,13,00:00,voice,0,0,0,0,0,0,0,0
2026-08-01,13,00:30,voice,0,0,0,0,0,0,0,0
2026-08-01,13,01:00,voice,0,0,0,0,0,0,0,0
2026-08-01,13,01:30,voice,0,0,0,0,0,0,0,0
2026-08-01,13,02:00,voice,0,0,0,0,0,0,0,0
2026-08-01,13,02:30,voice,0,0,0,0,0,0,0,0
2026-08-01,13,03:00,voice,0,0,0,0,0,0,0,0
2026-08-01,13,03:30,voice,0,0,0,0,0,0,0,0
2026-08-01,13,04:00,voice,0,0,0,0,0,0,0,0
2026-08-01,13,04:30,voice,0,0,0,0,0,0,0,0
2026-08-01,13,05:00,voice,0,0,0,0,0,0,0,0
2026-08-01,13,05:30,voice,0,0,0,0,0,0,0,0
2026-08-01,13,06:00,voice,0,0,0,0,0,0,0,0
2026-08-01,13,06:30,voice,0,0,0,0,0,0,0,0
2026-08-01,13,07:00,voice,0,0,0,0,0,0,0,0
2026-08-01,13,07:30,voice,0,0,0,0,0,0,0,0
2026-08-01,13,08:00,voice,0,0,0,0,0,0,0,0
2026-08-01,13,08:30,voice,0,0,0,0,0,0,0,0
2026-08-01,13,09:00,voice,0,0,0,0,0,0,0,0
2026-08-01,13,09:30,voice,1,1,1,0,13,100,1999,1999
2026-08-01,13,10:00,voice,0,0,0,0,0,0,0,0
2026-08-01,13,10:30,voice,1,1,1,0,11,100,2095,2095
2026-08-01,13,11:00,voice,1,1,1,0,14,100,1823,1823
2026-08-01,13,11:30,voice,1,1,1,0,11,100,2116,2116
2026-08-01,13,12:00,voice,1,1,1,0,13,100,2114,2114
2026-08-01,13,12:30,voice,0,0,0,0,0,0,0,0
2026-08-01,13,13:00,voice,1,1,1,0,12,100,2165,2165
2026-08-01,13,13:30,voice,1,1,1,0,12,100,1853,1853
2026-08-01,13,14:00,voice,1,1,1,0,13,100,1962,1962
2026-08-01,13,14:30,voice,1,1,1,0,14,100,2051,2051
2026-08-01,13,15:00,voice,0,0,0,0,0,0,0,0
2026-08-01,13,15:30,voice,1,1,1,0,13,100,2168,2168
2026-08-01,13,16:00,voice,1,1,1,0,10,100,2273,2273
2026-08-01,13,16:30,voice,1,1,1,0,11,100,1877,1877
2026-08-01,13,17:00,voice,0,0,0,0,0,0,0,0
2026-08-01,13,17:30,voice,0,0,0,0,0,0,0,0
2026-08-01,13,18:00,voice,0,0,0,0,0,0,0,0
2026-08-01,13,18:30,voice,0,0,0,0,0,0,0,0
2026-08-01,13,19:00,voice,0,0,0,0,0,0,0,0
2026-08-01,13,19:30,voice,0,0,0,0,0,0,0,0
2026-08-01,13,20:00,voice,0,0,0,0,0,0,0,0
2026-08-01,13,20:30,voice,0,0,0,0,0,0,0,0
2026-08-01,13,21:00,voice,0,0,0,0,0,0,0,0
2026-08-01,13,21:30,voice,0,0,0,0,0,0,0,0
2026-08-01,13,22:00,voice,0,0,0,0,0,0,0,0
2026-08-01,13,22:30,voice,0,0,0,0,0,0,0,0
2026-08-01,13,23:00,voice,0,0,0,0,0,0,0,0
2026-08-01,13,23:30,voice,0,0,0,0,0,0,0,0
2026-08-01,13,00:00,chat,0,0,0,0,0,0,0,0
2026-08-01,13,00:30,chat,0,0,0,0,0,0,0,0
2026-08-01,13,01:00,chat,0,0,0,0,0,0,0,0
2026-08-01,13,01:30,chat,0,0,0,0,0,0,0,0
2026-08-01,13,02:00,chat,0,0,0,0,0,0,0,0
2026-08-01,13,02:30,chat,0,0,0,0,0,0,0,0
2026-08-01,13,03:00,chat,0,0,0,0,0,0,0,0
2026-08-01,13,03:30,chat,0,0,0,0,0,0,0,0
2026-08-01,13,04:00,chat,0,0,0,0,0,0,0,0
2026-08-01,13,04:30,chat,0,0,0,0,0,0,0,0
2026-08-01,13,05:00,chat,0,0,0,0,0,0,0,0
2026-08-01,13,05:30,chat,0,0,0,0,0,0,0,0
2026-08-01,13,06:00,chat,0,0,0,0,0,0,0,0
2026-08-01,13,06:30,chat,0,0,0,0,0,0,0,0
2026-08-01,13,07:00,chat,0,0,0,0,0,0,0,0
2026-08-01,13,07:30,chat,1,1,1,0,39,100,1209,604
2026-08-01,13,08:00,chat,1,1,1,0,47,100,1094,547
2026-08-01,13,08:30,chat,1,1,1,0,54,100,1088,544
2026-08-01,13,09:00,chat,1,1,1,0,44,100,1103,551
2026-08-01,13,09:30,chat,1,1,1,0,39,100,1177,589
2026-08-01,13,10:00,chat,2,1,1,1,432,50,1147,574
2026-08-01,13,10:30,chat,1,1,1,0,41,100,1090,545
2026-08-01,13,11:00,chat,1,1,1,0,39,100,1153,576
2026-08-01,13,11:30,chat,1,1,1,0,45,100,1073,537
2026-08-01,13,12:00,chat,2,2,2,0,43,100,1084,542
2026-08-01,13,12:30,chat,1,1,1,0,42,100,1100,550
2026-08-01,13,13:00,chat,1,1,1,0,46,100,1161,581
2026-08-01,13,13:30,chat,1,1,1,0,53,100,1096,548
2026-08-01,13,14:00,chat,1,1,1,0,49,100,1191,595
2026-08-01,13,14:30,chat,1,1,1,0,52,100,1160,580
2026-08-01,13,15:00,chat,1,1,1,0,50,100,1026,513
2026-08-01,13,15:30,chat,1,1,1,0,46,100,961,481
2026-08-01,13,16:00,chat,1,1,1,0,44,100,1100,550
2026-08-01,13,16:30,chat,1,1,1,0,44,100,1178,589
2026-08-01,13,17:00,chat,1,1,1,0,46,100,1172,586
2026-08-01,13,17:30,chat,1,1,1,0,39,100,1098,549
2026-08-01,13,18:00,chat,1,1,1,0,52,100,1052,526
2026-08-01,13,18:30,chat,0,0,0,0,0,0,0,0
2026-08-01,13,19:00,chat,0,0,0,0,0,0,0,0
2026-08-01,13,19:30,chat,0,0,0,0,0,0,0,0
2026-08-01,13,20:00,chat,0,0,0,0,0,0,0,0
2026-08-01,13,20:30,chat,0,0,0,0,0,0,0,0
2026-08-01,13,21:00,chat,0,0,0,0,0,0,0,0
2026-08-01,13,21:30,chat,0,0,0,0,0,0,0,0
2026-08-01,13,22:00,chat,0,0,0,0,0,0,0,0
2026-08-01,13,22:30,chat,0,0,0,0,0,0,0,0
2026-08-01,13,23:00,chat,0,0,0,0,0,0,0,0
2026-08-01,13,23:30,chat,0,0,0,0,0,0,0,0
2026-08-02,14,00:00,voice,0,0,0,0,0,0,0,0
2026-08-02,14,00:30,voice,0,0,0,0,0,0,0,0
2026-08-02,14,01:00,voice,0,0,0,0,0,0,0,0
2026-08-02,14,01:30,voice,0,0,0,0,0,0,0,0
2026-08-02,14,02:00,voice,0,0,0,0,0,0,0,0
2026-08-02,14,02:30,voice,0,0,0,0,0,0,0,0
2026-08-02,14,03:00,voice,0,0,0,0,0,0,0,0
2026-08-02,14,03:30,voice,0,0,0,0,0,0,0,0
2026-08-02,14,04:00,voice,0,0,0,0,0,0,0,0
2026-08-02,14,04:30,voice,0,0,0,0,0,0,0,0
2026-08-02,14,05:00,voice,0,0,0,0,0,0,0,0
2026-08-02,14,05:30,voice,0,0,0,0,0,0,0,0
2026-08-02,14,06:00,voice,0,0,0,0,0,0,0,0
2026-08-02,14,06:30,voice,0,0,0,0,0,0,0,0
2026-08-02,14,07:00,voice,0,0,0,0,0,0,0,0
2026-08-02,14,07:30,voice,0,0,0,0,0,0,0,0
2026-08-02,14,08:00,voice,0,0,0,0,0,0,0,0
2026-08-02,14,08:30,voice,0,0,0,0,0,0,0,0
2026-08-02,14,09:00,voice,1,1,1,0,11,100,2202,2202
2026-08-02,14,09:30,voice,1,1,1,0,16,100,1929,1929
2026-08-02,14,10:00,voice,1,1,1,0,13,100,1960,1960
2026-08-02,14,10:30,voice,1,1,1,0,12,100,1986,1986
2026-08-02,14,11:00,voice,1,1,1,0,12,100,2022,2022
2026-08-02,14,11:30,voice,1,1,1,0,9,100,1836,1836
2026-08-02,14,12:00,voice,1,1,1,0,13,100,2153,2153
2026-08-02,14,12:30,voice,1,1,1,0,14,100,1884,1884
2026-08-02,14,13:00,voice,1,1,0,0,832,0,1995,1995
2026-08-02,14,13:30,voice,1,1,1,0,12,100,2109,2109
2026-08-02,14,14:00,voice,1,1,1,0,11,100,2006,2006
2026-08-02,14,14:30,voice,1,1,1,0,14,100,1893,1893
2026-08-02,14,15:00,voice,1,1,1,0,13,100,2028,2028
2026-08-02,14,15:30,voice,1,1,1,0,13,100,1880,1880
2026-08-02,14,16:00,voice,1,1,1,0,13,100,2076,2076
2026-08-02,14,16:30,voice,1,1,1,0,10,100,2064,2064
2026-08-02,14,17:00,voice,1,1,1,0,11,100,2099,2099
2026-08-02,14,17:30,voice,0,0,0,0,0,0,0,0
2026-08-02,14,18:00,voice,0,0,0,0,0,0,0,0
2026-08-02,14,18:30,voice,0,0,0,0,0,0,0,0
2026-08-02,14,19:00,voice,0,0,0,0,0,0,0,0
2026-08-02,14,19:30,voice,0,0,0,0,0,0,0,0
2026-08-02,14,20:00,voice,0,0,0,0,0,0,0,0
2026-08-02,14,20:30,voice,0,0,0,0,0,0,0,0
2026-08-02,14,21:00,voice,0,0,0,0,0,0,0,0
2026-08-02,14,21:30,voice,0,0,0,0,0,0,0,0
2026-08-02,14,22:00,voice,0,0,0,0,0,0,0,0
2026-08-02,14,22:30,voice,0,0,0,0,0,0,0,0
2026-08-02,14,23:00,voice,0,0,0,0,0,0,0,0
2026-08-02,14,23:30,voice,0,0,0,0,0,0,0,0
2026-08-02,14,00:00,chat,0,0,0,0,0,0,0,0
2026-08-02,14,00:30,chat,0,0,0,0,0,0,0,0
2026-08-02,14,01:00,chat,0,0,0,0,0,0,0,0
2026-08-02,14,01:30,chat,0,0,0,0,0,0,0,0
2026-08-02,14,02:00,chat,0,0,0,0,0,0,0,0
2026-08-02,14,02:30,chat,0,0,0,0,0,0,0,0
2026-08-02,14,03:00,chat,0,0,0,0,0,0,0,0
2026-08-02,14,03:30,chat,0,0,0,0,0,0,0,0
2026-08-02,14,04:00,chat,0,0,0,0,0,0,0,0
2026-08-02,14,04:30,chat,0,0,0,0,0,0,0,0
2026-08-02,14,05:00,chat,0,0,0,0,0,0,0,0
2026-08-02,14,05:30,chat,0,0,0,0,0,0,0,0
2026-08-02,14,06:00,chat,0,0,0,0,0,0,0,0
2026-08-02,14,06:30,chat,0,0,0,0,0,0,0,0
2026-08-02,14,07:00,chat,0,0,0,0,0,0,0,0
2026-08-02,14,07:30,chat,1,1,1,0,41,100,1105,553
2026-08-02,14,08:00,chat,1,1,1,0,51,100,1073,536
2026-08-02,14,08:30,chat,1,1,1,0,42,100,991,496
2026-08-02,14,09:00,chat,1,1,1,0,46,100,1113,557
2026-08-02,14,09:30,chat,2,2,2,0,43,100,1107,554
2026-08-02,14,10:00,chat,2,2,2,0,42,100,1068,534
2026-08-02,14,10:30,chat,2,2,2,0,55,100,1116,558
2026-08-02,14,11:00,chat,2,2,2,0,46,100,1168,584
2026-08-02,14,11:30,chat,2,2,2,0,44,100,1045,522
2026-08-02,14,12:00,chat,2,2,2,0,40,100,1059,529
2026-08-02,14,12:30,chat,2,2,2,0,46,100,1091,545
2026-08-02,14,13:00,chat,1,1,1,0,45,100,990,495
2026-08-02,14,13:30,chat,1,1,1,0,42,100,969,485
2026-08-02,14,14:00,chat,2,1,1,1,378,50,1095,547
2026-08-02,14,14:30,chat,2,2,2,0,43,100,1064,532
2026-08-02,14,15:00,chat,2,2,2,0,40,100,1081,541
2026-08-02,14,15:30,chat,2,2,2,0,46,100,1044,522
2026-08-02,14,16:00,chat,2,2,2,0,44,100,1214,607
2026-08-02,14,16:30,chat,1,1,1,0,56,100,1140,570
2026-08-02,14,17:00,chat,1,1,1,0,40,100,1102,551
2026-08-02,14,17:30,chat,1,1,1,0,52,100,1032,516
2026-08-02,14,18:00,chat,1,1,1,0,43,100,1044,522
2026-08-02,14,18:30,chat,1,1,1,0,44,100,1060,530
2026-08-02,14,19:00,chat,0,0,0,0,0,0,0,0
2026-08-02,14,19:30,chat,0,0,0,0,0,0,0,0
2026-08-02,14,20:00,chat,0,0,0,0,0,0,0,0
2026-08-02,14,20:30,chat,0,0,0,0,0,0,0,0
2026-08-02,14,21:00,chat,0,0,0,0,0,0,0,0
2026-08-02,14,21:30,chat,0,0,0,0,0,0,0,0
2026-08-02,14,22:00,chat,0,0,0,0,0,0,0,0
2026-08-02,14,22:30,chat,0,0,0,0,0,0,0,0
2026-08-02,14,23:00,chat,0,0,0,0,0,0,0,0
2026-08-02,14,23:30,chat,0,0,0,0,0,0,0,0
2026-08-03,15,00:00,voice,0,0,0,0,0,0,0,0
2026-08-03,15,00:30,voice,0,0,0,0,0,0,0,0
2026-08-03,15,01:00,voice,0,0,0,0,0,0,0,0
2026-08-03,15,01:30,voice,0,0,0,0,0,0,0,0
2026-08-03,15,02:00,voice,0,0,0,0,0,0,0,0
2026-08-03,15,02:30,voice,0,0,0,0,0,0,0,0
2026-08-03,15,03:00,voice,0,0,0,0,0,0,0,0
2026-08-03,15,03:30,voice,0,0,0,0,0,0,0,0
2026-08-03,15,04:00,voice,0,0,0,0,0,0,0,0
2026-08-03,15,04:30,voice,0,0,0,0,0,0,0,0
2026-08-03,15,05:00,voice,0,0,0,0,0,0,0,0
2026-08-03,15,05:30,voice,0,0,0,0,0,0,0,0
2026-08-03,15,06:00,voice,0,0,0,0,0,0,0,0
2026-08-03,15,06:30,voice,0,0,0,0,0,0,0,0
2026-08-03,15,07:00,voice,0,0,0,0,0,0,0,0
2026-08-03,15,07:30,voice,1,1,1,0,12,100,1685,1685
2026-08-03,15,08:00,voice,1,1,1,0,12,100,1944,1944
2026-08-03,15,08:30,voice,1,1,1,0,12,100,1609,1609
2026-08-03,15,09:00,voice,1,1,1,0,11,100,1805,1805
2026-08-03,15,09:30,voice,2,2,2,0,10,100,1822,1822
2026-08-03,15,10:00,voice,2,2,2,0,12,100,1863,1863
2026-08-03,15,10:30,voice,2,2,2,0,12,100,1999,1999
2026-08-03,15,11:00,voice,2,2,2,0,15,100,1769,1769
2026-08-03,15,11:30,voice,1,1,1,0,12,100,1952,1952
2026-08-03,15,12:00,voice,2,2,2,0,13,100,1844,1844
2026-08-03,15,12:30,voice,2,2,2,0,14,100,1870,1870
2026-08-03,15,13:00,voice,1,1,1,0,10,100,1887,1887
2026-08-03,15,13:30,voice,1,1,1,0,11,100,1582,1582
2026-08-03,15,14:00,voice,2,2,2,0,12,100,1913,1913
2026-08-03,15,14:30,voice,2,1,1,1,221,50,1992,1992
2026-08-03,15,15:00,voice,2,2,2,0,10,100,1785,1785
2026-08-03,15,15:30,voice,1,1,1,0,12,100,1964,1964
2026-08-03,15,16:00,voice,1,1,1,0,11,100,1866,1866
2026-08-03,15,16:30,voice,1,1,1,0,11,100,1980,1980
2026-08-03,15,17:00,voice,1,1,1,0,12,100,1784,1784
2026-08-03,15,17:30,voice,1,1,1,0,14,100,1967,1967
2026-08-03,15,18:00,voice,1,1,1,0,14,100,1708,1708
2026-08-03,15,18:30,voice,1,1,1,0,11,100,2008,2008
2026-08-03,15,19:00,voice,0,0,0,0,0,0,0,0
2026-08-03,15,19:30,voice,0,0,0,0,0,0,0,0
2026-08-03,15,20:00,voice,0,0,0,0,0,0,0,0
2026-08-03,15,20:30,voice,0,0,0,0,0,0,0,0
2026-08-03,15,21:00,voice,0,0,0,0,0,0,0,0
2026-08-03,15,21:30,voice,0,0,0,0,0,0,0,0
2026-08-03,15,22:00,voice,0,0,0,0,0,0,0,0
2026-08-03,15,22:30,voice,0,0,0,0,0,0,0,0
2026-08-03,15,23:00,voice,0,0,0,0,0,0,0,0
2026-08-03,15,23:30,voice,0,0,0,0,0,0,0,0
2026-08-03,15,00:00,chat,0,0,0,0,0,0,0,0
2026-08-03,15,00:30,chat,0,0,0,0,0,0,0,0
2026-08-03,15,01:00,chat,1,1,1,0,44,100,988,494
2026-08-03,15,01:30,chat,0,0,0,0,0,0,0,0
2026-08-03,15,02:00,chat,0,0,0,0,0,0,0,0
2026-08-03,15,02:30,chat,1,1,1,0,51,100,1047,524
2026-08-03,15,03:00,chat,1,1,1,0,48,100,1125,563
2026-08-03,15,03:30,chat,0,0,0,0,0,0,0,0
2026-08-03,15,04:00,chat,0,0,0,0,0,0,0,0
2026-08-03,15,04:30,chat,1,1,1,0,44,100,1029,515
2026-08-03,15,05:00,chat,0,0,0,0,0,0,0,0
2026-08-03,15,05:30,chat,0,0,0,0,0,0,0,0
2026-08-03,15,06:00,chat,0,0,0,0,0,0,0,0
2026-08-03,15,06:30,chat,0,0,0,0,0,0,0,0
2026-08-03,15,07:00,chat,1,1,1,0,39,100,1027,513
2026-08-03,15,07:30,chat,1,1,1,0,48,100,1039,519
2026-08-03,15,08:00,chat,1,1,1,0,38,100,1034,517
2026-08-03,15,08:30,chat,2,2,2,0,43,100,1062,531
2026-08-03,15,09:00,chat,3,3,2,0,196,66.7,1032,516
2026-08-03,15,09:30,chat,3,3,3,0,43,100,1039,520
2026-08-03,15,10:00,chat,3,3,3,0,43,100,918,459
2026-08-03,15,10:30,chat,4,4,4,0,44,100,1003,501
2026-08-03,15,11:00,chat,4,3,3,1,149,75,1041,521
2026-08-03,15,11:30,chat,3,3,3,0,39,100,1017,509
2026-08-03,15,12:00,chat,3,3,3,0,39,100,1059,530
2026-08-03,15,12:30,chat,3,3,2,0,209,66.7,1041,520
2026-08-03,15,13:00,chat,2,2,2,0,46,100,895,448
2026-08-03,15,13:30,chat,3,3,3,0,53,100,1019,509
2026-08-03,15,14:00,chat,4,4,4,0,38,100,1042,521
2026-08-03,15,14:30,chat,4,3,3,1,149,75,1049,525
2026-08-03,15,15:00,chat,3,2,2,1,206,66.7,1073,536
2026-08-03,15,15:30,chat,3,3,3,0,47,100,1045,522
2026-08-03,15,16:00,chat,3,3,3,0,47,100,1055,528
2026-08-03,15,16:30,chat,2,2,2,0,41,100,1067,534
2026-08-03,15,17:00,chat,2,2,2,0,44,100,981,490
2026-08-03,15,17:30,chat,1,1,1,0,47,100,1012,506
2026-08-03,15,18:00,chat,1,1,1,0,49,100,1161,580
2026-08-03,15,18:30,chat,1,1,1,0,38,100,935,468
2026-08-03,15,19:00,chat,1,1,1,0,37,100,995,497
2026-08-03,15,19:30,chat,0,0,0,0,0,0,0,0
2026-08-03,15,20:00,chat,1,1,1,0,38,100,1024,512
2026-08-03,15,20:30,chat,0,0,0,0,0,0,0,0
2026-08-03,15,21:00,chat,0,0,0,0,0,0,0,0
2026-08-03,15,21:30,chat,0,0,0,0,0,0,0,0
2026-08-03,15,22:00,chat,0,0,0,0,0,0,0,0
2026-08-03,15,22:30,chat,0,0,0,0,0,0,0,0
2026-08-03,15,23:00,chat,0,0,0,0,0,0,0,0
2026-08-03,15,23:30,chat,0,0,0,0,0,0,0,0
2026-08-04,16,00:00,voice,0,0,0,0,0,0,0,0
2026-08-04,16,00:30,voice,0,0,0,0,0,0,0,0
2026-08-04,16,01:00,voice,0,0,0,0,0,0,0,0
2026-08-04,16,01:30,voice,0,0,0,0,0,0,0,0
2026-08-04,16,02:00,voice,0,0,0,0,0,0,0,0
2026-08-04,16,02:30,voice,0,0,0,0,0,0,0,0
2026-08-04,16,03:00,voice,0,0,0,0,0,0,0,0
2026-08-04,16,03:30,voice,0,0,0,0,0,0,0,0
2026-08-04,16,04:00,voice,0,0,0,0,0,0,0,0
2026-08-04,16,04:30,voice,0,0,0,0,0,0,0,0
2026-08-04,16,05:00,voice,0,0,0,0,0,0,0,0
2026-08-04,16,05:30,voice,0,0,0,0,0,0,0,0
2026-08-04,16,06:00,voice,0,0,0,0,0,0,0,0
2026-08-04,16,06:30,voice,0,0,0,0,0,0,0,0
2026-08-04,16,07:00,voice,0,0,0,0,0,0,0,0
2026-08-04,16,07:30,voice,1,1,1,0,11,100,1993,1993
2026-08-04,16,08:00,voice,1,1,1,0,11,100,2141,2141
2026-08-04,16,08:30,voice,1,1,1,0,11,100,2401,2401
2026-08-04,16,09:00,voice,1,1,1,0,13,100,2108,2108
2026-08-04,16,09:30,voice,2,2,2,0,13,100,1909,1909
2026-08-04,16,10:00,voice,2,2,2,0,12,100,1891,1891
2026-08-04,16,10:30,voice,2,1,1,1,248,50,2021,2021
2026-08-04,16,11:00,voice,2,2,2,0,12,100,2123,2123
2026-08-04,16,11:30,voice,2,2,2,0,11,100,2075,2075
2026-08-04,16,12:00,voice,1,1,1,0,13,100,1969,1969
2026-08-04,16,12:30,voice,2,2,2,0,11,100,2282,2282
2026-08-04,16,13:00,voice,1,1,1,0,12,100,2070,2070
2026-08-04,16,13:30,voice,1,1,1,0,12,100,2026,2026
2026-08-04,16,14:00,voice,2,2,2,0,11,100,1973,1973
2026-08-04,16,14:30,voice,2,2,2,0,12,100,2146,2146
2026-08-04,16,15:00,voice,2,2,2,0,12,100,2045,2045
2026-08-04,16,15:30,voice,1,1,1,0,13,100,1833,1833
2026-08-04,16,16:00,voice,2,2,1,0,191,50,1998,1998
2026-08-04,16,16:30,voice,1,1,1,0,10,100,2138,2138
2026-08-04,16,17:00,voice,1,1,1,0,12,100,2222,2222
2026-08-04,16,17:30,voice,1,1,1,0,10,100,2090,2090
2026-08-04,16,18:00,voice,1,1,1,0,13,100,2003,2003
2026-08-04,16,18:30,voice,0,0,0,0,0,0,0,0
2026-08-04,16,19:00,voice,0,0,0,0,0,0,0,0
2026-08-04,16,19:30,voice,0,0,0,0,0,0,0,0
2026-08-04,16,20:00,voice,0,0,0,0,0,0,0,0
2026-08-04,16,20:30,voice,0,0,0,0,0,0,0,0
2026-08-04,16,21:00,voice,0,0,0,0,0,0,0,0
2026-08-04,16,21:30,voice,0,0,0,0,0,0,0,0
2026-08-04,16,22:00,voice,0,0,0,0,0,0,0,0
2026-08-04,16,22:30,voice,0,0,0,0,0,0,0,0
2026-08-04,16,23:00,voice,0,0,0,0,0,0,0,0
2026-08-04,16,23:30,voice,0,0,0,0,0,0,0,0
2026-08-04,16,00:00,chat,0,0,0,0,0,0,0,0
2026-08-04,16,00:30,chat,0,0,0,0,0,0,0,0
2026-08-04,16,01:00,chat,0,0,0,0,0,0,0,0
2026-08-04,16,01:30,chat,0,0,0,0,0,0,0,0
2026-08-04,16,02:00,chat,1,1,1,0,45,100,1136,568
2026-08-04,16,02:30,chat,0,0,0,0,0,0,0,0
2026-08-04,16,03:00,chat,0,0,0,0,0,0,0,0
2026-08-04,16,03:30,chat,0,0,0,0,0,0,0,0
2026-08-04,16,04:00,chat,0,0,0,0,0,0,0,0
2026-08-04,16,04:30,chat,1,1,1,0,38,100,1243,621
2026-08-04,16,05:00,chat,0,0,0,0,0,0,0,0
2026-08-04,16,05:30,chat,0,0,0,0,0,0,0,0
2026-08-04,16,06:00,chat,0,0,0,0,0,0,0,0
2026-08-04,16,06:30,chat,1,1,1,0,43,100,1224,612
2026-08-04,16,07:00,chat,1,1,1,0,46,100,1063,532
2026-08-04,16,07:30,chat,1,1,1,0,46,100,1082,541
2026-08-04,16,08:00,chat,2,2,2,0,43,100,1167,584
2026-08-04,16,08:30,chat,2,2,2,0,48,100,1135,568
2026-08-04,16,09:00,chat,2,2,2,0,50,100,1065,532
2026-08-04,16,09:30,chat,3,3,3,0,44,100,1152,576
2026-08-04,16,10:00,chat,3,3,3,0,47,100,967,483
2026-08-04,16,10:30,chat,3,3,3,0,41,100,1145,572
2026-08-04,16,11:00,chat,3,2,2,1,197,66.7,1118,559
2026-08-04,16,11:30,chat,4,4,4,0,44,100,1152,576
2026-08-04,16,12:00,chat,3,3,3,0,48,100,1127,564
2026-08-04,16,12:30,chat,3,3,3,0,48,100,1076,538
2026-08-04,16,13:00,chat,2,2,2,0,48,100,1293,646
2026-08-04,16,13:30,chat,3,3,2,0,209,66.7,1097,549
2026-08-04,16,14:00,chat,3,3,3,0,47,100,1036,518
2026-08-04,16,14:30,chat,3,2,2,1,166,66.7,1178,589
2026-08-04,16,15:00,chat,3,3,2,0,156,66.7,1149,575
2026-08-04,16,15:30,chat,3,3,3,0,45,100,1128,564
2026-08-04,16,16:00,chat,3,3,3,0,46,100,1078,539
2026-08-04,16,16:30,chat,2,2,2,0,42,100,1226,613
2026-08-04,16,17:00,chat,2,2,2,0,48,100,1238,619
2026-08-04,16,17:30,chat,2,2,2,0,42,100,1203,602
2026-08-04,16,18:00,chat,1,1,1,0,49,100,1115,558
2026-08-04,16,18:30,chat,1,1,1,0,44,100,1099,549
2026-08-04,16,19:00,chat,1,1,1,0,43,100,1053,527
2026-08-04,16,19:30,chat,0,0,0,0,0,0,0,0
2026-08-04,16,20:00,chat,0,0,0,0,0,0,0,0
2026-08-04,16,20:30,chat,0,0,0,0,0,0,0,0
2026-08-04,16,21:00,chat,0,0,0,0,0,0,0,0
2026-08-04,16,21:30,chat,1,1,1,0,40,100,1082,541
2026-08-04,16,22:00,chat,1,1,1,0,41,100,1189,595
2026-08-04,16,22:30,chat,0,0,0,0,0,0,0,0
2026-08-04,16,23:00,chat,0,0,0,0,0,0,0,0
2026-08-04,16,23:30,chat,0,0,0,0,0,0,0,0
2026-08-05,17,00:00,voice,0,0,0,0,0,0,0,0
2026-08-05,17,00:30,voice,0,0,0,0,0,0,0,0
2026-08-05,17,01:00,voice,0,0,0,0,0,0,0,0
2026-08-05,17,01:30,voice,0,0,0,0,0,0,0,0
2026-08-05,17,02:00,voice,0,0,0,0,0,0,0,0
2026-08-05,17,02:30,voice,0,0,0,0,0,0,0,0
2026-08-05,17,03:00,voice,0,0,0,0,0,0,0,0
2026-08-05,17,03:30,voice,0,0,0,0,0,0,0,0
2026-08-05,17,04:00,voice,0,0,0,0,0,0,0,0
2026-08-05,17,04:30,voice,0,0,0,0,0,0,0,0
2026-08-05,17,05:00,voice,0,0,0,0,0,0,0,0
2026-08-05,17,05:30,voice,0,0,0,0,0,0,0,0
2026-08-05,17,06:00,voice,0,0,0,0,0,0,0,0
2026-08-05,17,06:30,voice,0,0,0,0,0,0,0,0
2026-08-05,17,07:00,voice,0,0,0,0,0,0,0,0
2026-08-05,17,07:30,voice,1,1,1,0,12,100,1958,1958
2026-08-05,17,08:00,voice,1,1,1,0,12,100,2062,2062
2026-08-05,17,08:30,voice,1,1,1,0,12,100,1759,1759
2026-08-05,17,09:00,voice,1,1,1,0,11,100,2047,2047
2026-08-05,17,09:30,voice,1,1,1,0,12,100,1754,1754
2026-08-05,17,10:00,voice,2,2,2,0,12,100,1905,1905
2026-08-05,17,10:30,voice,2,2,2,0,13,100,1783,1783
2026-08-05,17,11:00,voice,2,2,2,0,13,100,1931,1931
2026-08-05,17,11:30,voice,2,1,1,1,245,50,1719,1719
2026-08-05,17,12:00,voice,1,1,1,0,9,100,1719,1719
2026-08-05,17,12:30,voice,1,1,1,0,13,100,1914,1914
2026-08-05,17,13:00,voice,1,1,1,0,12,100,1931,1931
2026-08-05,17,13:30,voice,1,1,1,0,12,100,1755,1755
2026-08-05,17,14:00,voice,1,1,1,0,12,100,1838,1838
2026-08-05,17,14:30,voice,1,1,1,0,13,100,1949,1949
2026-08-05,17,15:00,voice,1,1,1,0,11,100,1669,1669
2026-08-05,17,15:30,voice,1,1,1,0,13,100,1787,1787
2026-08-05,17,16:00,voice,1,1,1,0,13,100,1716,1716
2026-08-05,17,16:30,voice,1,1,1,0,12,100,1905,1905
2026-08-05,17,17:00,voice,1,1,1,0,13,100,1928,1928
2026-08-05,17,17:30,voice,1,1,1,0,12,100,1789,1789
2026-08-05,17,18:00,voice,1,1,1,0,12,100,1978,1978
2026-08-05,17,18:30,voice,1,1,1,0,12,100,1974,1974
2026-08-05,17,19:00,voice,0,0,0,0,0,0,0,0
2026-08-05,17,19:30,voice,0,0,0,0,0,0,0,0
2026-08-05,17,20:00,voice,0,0,0,0,0,0,0,0
2026-08-05,17,20:30,voice,0,0,0,0,0,0,0,0
2026-08-05,17,21:00,voice,0,0,0,0,0,0,0,0
2026-08-05,17,21:30,voice,0,0,0,0,0,0,0,0
2026-08-05,17,22:00,voice,0,0,0,0,0,0,0,0
2026-08-05,17,22:30,voice,0,0,0,0,0,0,0,0
2026-08-05,17,23:00,voice,0,0,0,0,0,0,0,0
2026-08-05,17,23:30,voice,0,0,0,0,0,0,0,0
2026-08-05,17,00:00,chat,1,1,1,0,35,100,1115,558
2026-08-05,17,00:30,chat,0,0,0,0,0,0,0,0
2026-08-05,17,01:00,chat,0,0,0,0,0,0,0,0
2026-08-05,17,01:30,chat,0,0,0,0,0,0,0,0
2026-08-05,17,02:00,chat,0,0,0,0,0,0,0,0
2026-08-05,17,02:30,chat,0,0,0,0,0,0,0,0
2026-08-05,17,03:00,chat,0,0,0,0,0,0,0,0
2026-08-05,17,03:30,chat,0,0,0,0,0,0,0,0
2026-08-05,17,04:00,chat,0,0,0,0,0,0,0,0
2026-08-05,17,04:30,chat,0,0,0,0,0,0,0,0
2026-08-05,17,05:00,chat,0,0,0,0,0,0,0,0
2026-08-05,17,05:30,chat,0,0,0,0,0,0,0,0
2026-08-05,17,06:00,chat,1,1,1,0,38,100,1136,568
2026-08-05,17,06:30,chat,1,1,1,0,42,100,1294,647
2026-08-05,17,07:00,chat,1,1,1,0,42,100,1034,517
2026-08-05,17,07:30,chat,1,1,1,0,46,100,1250,625
2026-08-05,17,08:00,chat,1,1,1,0,47,100,1104,552
2026-08-05,17,08:30,chat,2,2,2,0,40,100,1091,545
2026-08-05,17,09:00,chat,2,2,2,0,45,100,1082,541
2026-08-05,17,09:30,chat,2,2,2,0,46,100,1193,597
2026-08-05,17,10:00,chat,2,2,2,0,49,100,1225,612
2026-08-05,17,10:30,chat,3,3,3,0,46,100,1244,622
2026-08-05,17,11:00,chat,2,2,2,0,38,100,1240,620
2026-08-05,17,11:30,chat,3,2,2,1,217,66.7,1001,501
2026-08-05,17,12:00,chat,3,3,3,0,42,100,1138,569
2026-08-05,17,12:30,chat,2,2,2,0,40,100,1080,540
2026-08-05,17,13:00,chat,2,2,2,0,47,100,1152,576
2026-08-05,17,13:30,chat,2,2,2,0,49,100,1177,589
2026-08-05,17,14:00,chat,2,2,2,0,48,100,1115,558
2026-08-05,17,14:30,chat,3,3,3,0,50,100,1139,569
2026-08-05,17,15:00,chat,3,3,3,0,56,100,1087,544
2026-08-05,17,15:30,chat,4,3,3,1,140,75,1050,525
2026-08-05,17,16:00,chat,2,2,2,0,42,100,1136,568
2026-08-05,17,16:30,chat,2,2,2,0,49,100,1170,585
2026-08-05,17,17:00,chat,1,1,1,0,50,100,1101,550
2026-08-05,17,17:30,chat,1,1,1,0,50,100,1009,505
2026-08-05,17,18:00,chat,1,1,1,0,44,100,1157,578
2026-08-05,17,18:30,chat,1,1,1,0,44,100,1100,550
2026-08-05,17,19:00,chat,1,1,1,0,49,100,1165,583
2026-08-05,17,19:30,chat,1,1,1,0,51,100,1213,607
2026-08-05,17,20:00,chat,1,1,1,0,42,100,1152,576
2026-08-05,17,20:30,chat,1,1,1,0,37,100,1207,603
2026-08-05,17,21:00,chat,0,0,0,0,0,0,0,0
2026-08-05,17,21:30,chat,0,0,0,0,0,0,0,0
2026-08-05,17,22:00,chat,0,0,0,0,0,0,0,0
2026-08-05,17,22:30,chat,0,0,0,0,0,0,0,0
2026-08-05,17,23:00,chat,0,0,0,0,0,0,0,0
2026-08-05,17,23:30,chat,0,0,0,0,0,0,0,0
2026-08-06,18,00:00,voice,0,0,0,0,0,0,0,0
2026-08-06,18,00:30,voice,0,0,0,0,0,0,0,0
2026-08-06,18,01:00,voice,0,0,0,0,0,0,0,0
2026-08-06,18,01:30,voice,0,0,0,0,0,0,0,0
2026-08-06,18,02:00,voice,0,0,0,0,0,0,0,0
2026-08-06,18,02:30,voice,0,0,0,0,0,0,0,0
2026-08-06,18,03:00,voice,0,0,0,0,0,0,0,0
2026-08-06,18,03:30,voice,0,0,0,0,0,0,0,0
2026-08-06,18,04:00,voice,0,0,0,0,0,0,0,0
2026-08-06,18,04:30,voice,0,0,0,0,0,0,0,0
2026-08-06,18,05:00,voice,0,0,0,0,0,0,0,0
2026-08-06,18,05:30,voice,0,0,0,0,0,0,0,0
2026-08-06,18,06:00,voice,0,0,0,0,0,0,0,0
2026-08-06,18,06:30,voice,0,0,0,0,0,0,0,0
2026-08-06,18,07:00,voice,0,0,0,0,0,0,0,0
2026-08-06,18,07:30,voice,1,1,1,0,12,100,1990,1990
2026-08-06,18,08:00,voice,1,1,1,0,12,100,1940,1940
2026-08-06,18,08:30,voice,1,1,1,0,11,100,1920,1920
2026-08-06,18,09:00,voice,1,1,1,0,12,100,1886,1886
2026-08-06,18,09:30,voice,1,1,1,0,11,100,1991,1991
2026-08-06,18,10:00,voice,2,2,2,0,13,100,1991,1991
2026-08-06,18,10:30,voice,2,2,2,0,11,100,1824,1824
2026-08-06,18,11:00,voice,1,1,1,0,12,100,1766,1766
2026-08-06,18,11:30,voice,2,1,1,1,217,50,1809,1809
2026-08-06,18,12:00,voice,1,1,1,0,10,100,2015,2015
2026-08-06,18,12:30,voice,2,2,2,0,12,100,1988,1988
2026-08-06,18,13:00,voice,1,1,1,0,13,100,1723,1723
2026-08-06,18,13:30,voice,1,1,1,0,11,100,2023,2023
2026-08-06,18,14:00,voice,1,1,1,0,13,100,2017,2017
2026-08-06,18,14:30,voice,1,1,1,0,11,100,1987,1987
2026-08-06,18,15:00,voice,1,1,1,0,13,100,1974,1974
2026-08-06,18,15:30,voice,1,1,1,0,14,100,1985,1985
2026-08-06,18,16:00,voice,1,1,1,0,13,100,1827,1827
2026-08-06,18,16:30,voice,1,1,1,0,12,100,2109,2109
2026-08-06,18,17:00,voice,1,1,1,0,12,100,1829,1829
2026-08-06,18,17:30,voice,1,1,1,0,11,100,2011,2011
2026-08-06,18,18:00,voice,1,1,1,0,14,100,2045,2045
2026-08-06,18,18:30,voice,1,1,1,0,13,100,1855,1855
2026-08-06,18,19:00,voice,0,0,0,0,0,0,0,0
2026-08-06,18,19:30,voice,0,0,0,0,0,0,0,0
2026-08-06,18,20:00,voice,0,0,0,0,0,0,0,0
2026-08-06,18,20:30,voice,0,0,0,0,0,0,0,0
2026-08-06,18,21:00,voice,0,0,0,0,0,0,0,0
2026-08-06,18,21:30,voice,0,0,0,0,0,0,0,0
2026-08-06,18,22:00,voice,0,0,0,0,0,0,0,0
2026-08-06,18,22:30,voice,0,0,0,0,0,0,0,0
2026-08-06,18,23:00,voice,0,0,0,0,0,0,0,0
2026-08-06,18,23:30,voice,0,0,0,0,0,0,0,0
2026-08-06,18,00:00,chat,0,0,0,0,0,0,0,0
2026-08-06,18,00:30,chat,1,1,1,0,41,100,1041,520
2026-08-06,18,01:00,chat,0,0,0,0,0,0,0,0
2026-08-06,18,01:30,chat,0,0,0,0,0,0,0,0
2026-08-06,18,02:00,chat,0,0,0,0,0,0,0,0
2026-08-06,18,02:30,chat,0,0,0,0,0,0,0,0
2026-08-06,18,03:00,chat,0,0,0,0,0,0,0,0
2026-08-06,18,03:30,chat,0,0,0,0,0,0,0,0
2026-08-06,18,04:00,chat,0,0,0,0,0,0,0,0
2026-08-06,18,04:30,chat,0,0,0,0,0,0,0,0
2026-08-06,18,05:00,chat,0,0,0,0,0,0,0,0
2026-08-06,18,05:30,chat,0,0,0,0,0,0,0,0
2026-08-06,18,06:00,chat,1,1,1,0,44,100,1064,532
2026-08-06,18,06:30,chat,1,1,1,0,44,100,1080,540
2026-08-06,18,07:00,chat,1,1,1,0,45,100,1122,561
2026-08-06,18,07:30,chat,1,1,1,0,47,100,1087,543
2026-08-06,18,08:00,chat,1,1,1,0,39,100,1034,517
2026-08-06,18,08:30,chat,1,1,1,0,39,100,1137,569
2026-08-06,18,09:00,chat,2,2,2,0,54,100,998,499
2026-08-06,18,09:30,chat,3,3,3,0,42,100,1135,568
2026-08-06,18,10:00,chat,3,3,3,0,48,100,1176,588
2026-08-06,18,10:30,chat,3,3,3,0,39,100,1176,588
2026-08-06,18,11:00,chat,3,2,2,1,202,66.7,960,480
2026-08-06,18,11:30,chat,3,3,3,0,46,100,968,484
2026-08-06,18,12:00,chat,2,2,2,0,45,100,1061,531
2026-08-06,18,12:30,chat,2,2,2,0,45,100,1118,559
2026-08-06,18,13:00,chat,2,2,2,0,42,100,1118,559
2026-08-06,18,13:30,chat,2,2,2,0,46,100,1053,526
2026-08-06,18,14:00,chat,2,2,2,0,38,100,1138,569
2026-08-06,18,14:30,chat,3,2,2,1,239,66.7,983,491
2026-08-06,18,15:00,chat,3,3,3,0,36,100,1055,528
2026-08-06,18,15:30,chat,3,3,3,0,42,100,1148,574
2026-08-06,18,16:00,chat,2,2,2,0,44,100,1047,524
2026-08-06,18,16:30,chat,2,2,2,0,51,100,958,479
2026-08-06,18,17:00,chat,1,1,1,0,41,100,1093,547
2026-08-06,18,17:30,chat,1,1,1,0,48,100,1150,575
2026-08-06,18,18:00,chat,1,1,1,0,37,100,1107,554
2026-08-06,18,18:30,chat,1,1,1,0,45,100,1164,582
2026-08-06,18,19:00,chat,1,1,1,0,54,100,1191,596
2026-08-06,18,19:30,chat,1,1,1,0,48,100,1094,547
2026-08-06,18,20:00,chat,0,0,0,0,0,0,0,0
2026-08-06,18,20:30,chat,0,0,0,0,0,0,0,0
2026-08-06,18,21:00,chat,0,0,0,0,0,0,0,0
2026-08-06,18,21:30,chat,0,0,0,0,0,0,0,0
2026-08-06,18,22:00,chat,1,1,1,0,47,100,1061,531
2026-08-06,18,22:30,chat,0,0,0,0,0,0,0,0
2026-08-06,18,23:00,chat,0,0,0,0,0,0,0,0
2026-08-06,18,23:30,chat,1,1,1,0,42,100,1079,540
2026-08-07,19,00:00,voice,0,0,0,0,0,0,0,0
2026-08-07,19,00:30,voice,0,0,0,0,0,0,0,0
2026-08-07,19,01:00,voice,0,0,0,0,0,0,0,0
2026-08-07,19,01:30,voice,0,0,0,0,0,0,0,0
2026-08-07,19,02:00,voice,0,0,0,0,0,0,0,0
2026-08-07,19,02:30,voice,0,0,0,0,0,0,0,0
2026-08-07,19,03:00,voice,0,0,0,0,0,0,0,0
2026-08-07,19,03:30,voice,0,0,0,0,0,0,0,0
2026-08-07,19,04:00,voice,0,0,0,0,0,0,0,0
2026-08-07,19,04:30,voice,0,0,0,0,0,0,0,0
2026-08-07,19,05:00,voice,0,0,0,0,0,0,0,0
2026-08-07,19,05:30,voice,0,0,0,0,0,0,0,0
2026-08-07,19,06:00,voice,0,0,0,0,0,0,0,0
2026-08-07,19,06:30,voice,0,0,0,0,0,0,0,0
2026-08-07,19,07:00,voice,0,0,0,0,0,0,0,0
2026-08-07,19,07:30,voice,1,1,1,0,14,100,1974,1974
2026-08-07,19,08:00,voice,1,1,1,0,12,100,1962,1962
2026-08-07,19,08:30,voice,1,1,1,0,11,100,2165,2165
2026-08-07,19,09:00,voice,1,1,1,0,11,100,2018,2018
2026-08-07,19,09:30,voice,1,1,1,0,12,100,1893,1893
2026-08-07,19,10:00,voice,1,1,1,0,13,100,2095,2095
2026-08-07,19,10:30,voice,2,2,2,0,11,100,1976,1976
2026-08-07,19,11:00,voice,2,1,1,1,212,50,2483,2483
2026-08-07,19,11:30,voice,2,2,2,0,13,100,2043,2043
2026-08-07,19,12:00,voice,1,1,1,0,11,100,1991,1991
2026-08-07,19,12:30,voice,1,1,1,0,13,100,2012,2012
2026-08-07,19,13:00,voice,2,2,2,0,11,100,2057,2057
2026-08-07,19,13:30,voice,2,2,2,0,13,100,2007,2007
2026-08-07,19,14:00,voice,1,1,1,0,13,100,1860,1860
2026-08-07,19,14:30,voice,1,1,1,0,9,100,2048,2048
2026-08-07,19,15:00,voice,1,1,1,0,12,100,2183,2183
2026-08-07,19,15:30,voice,1,1,1,0,13,100,2126,2126
2026-08-07,19,16:00,voice,1,1,1,0,12,100,2171,2171
2026-08-07,19,16:30,voice,1,1,1,0,15,100,1910,1910
2026-08-07,19,17:00,voice,1,1,1,0,13,100,2038,2038
2026-08-07,19,17:30,voice,1,1,1,0,11,100,2087,2087
2026-08-07,19,18:00,voice,1,1,1,0,11,100,2057,2057
2026-08-07,19,18:30,voice,0,0,0,0,0,0,0,0
2026-08-07,19,19:00,voice,0,0,0,0,0,0,0,0
2026-08-07,19,19:30,voice,0,0,0,0,0,0,0,0
2026-08-07,19,20:00,voice,0,0,0,0,0,0,0,0
2026-08-07,19,20:30,voice,0,0,0,0,0,0,0,0
2026-08-07,19,21:00,voice,0,0,0,0,0,0,0,0
2026-08-07,19,21:30,voice,0,0,0,0,0,0,0,0
2026-08-07,19,22:00,voice,0,0,0,0,0,0,0,0
2026-08-07,19,22:30,voice,0,0,0,0,0,0,0,0
2026-08-07,19,23:00,voice,0,0,0,0,0,0,0,0
2026-08-07,19,23:30,voice,0,0,0,0,0,0,0,0
2026-08-07,19,00:00,chat,0,0,0,0,0,0,0,0
2026-08-07,19,00:30,chat,0,0,0,0,0,0,0,0
2026-08-07,19,01:00,chat,0,0,0,0,0,0,0,0
2026-08-07,19,01:30,chat,0,0,0,0,0,0,0,0
2026-08-07,19,02:00,chat,0,0,0,0,0,0,0,0
2026-08-07,19,02:30,chat,0,0,0,0,0,0,0,0
2026-08-07,19,03:00,chat,0,0,0,0,0,0,0,0
2026-08-07,19,03:30,chat,0,0,0,0,0,0,0,0
2026-08-07,19,04:00,chat,0,0,0,0,0,0,0,0
2026-08-07,19,04:30,chat,1,1,1,0,48,100,976,488
2026-08-07,19,05:00,chat,0,0,0,0,0,0,0,0
2026-08-07,19,05:30,chat,1,1,1,0,48,100,1096,548
2026-08-07,19,06:00,chat,1,1,1,0,46,100,966,483
2026-08-07,19,06:30,chat,1,1,1,0,53,100,1098,549
2026-08-07,19,07:00,chat,1,1,1,0,41,100,919,459
2026-08-07,19,07:30,chat,1,1,1,0,46,100,1163,581
2026-08-07,19,08:00,chat,1,1,1,0,39,100,1033,517
2026-08-07,19,08:30,chat,2,2,2,0,50,100,1064,532
2026-08-07,19,09:00,chat,2,2,2,0,46,100,1007,503
2026-08-07,19,09:30,chat,3,2,2,1,231,66.7,961,481
2026-08-07,19,10:00,chat,3,3,3,0,50,100,1042,521
2026-08-07,19,10:30,chat,3,2,2,1,203,66.7,1066,533
2026-08-07,19,11:00,chat,3,3,3,0,50,100,1041,520
2026-08-07,19,11:30,chat,3,3,3,0,47,100,965,482
2026-08-07,19,12:00,chat,2,2,2,0,42,100,937,469
2026-08-07,19,12:30,chat,2,2,2,0,46,100,1043,521
2026-08-07,19,13:00,chat,2,2,2,0,41,100,1046,523
2026-08-07,19,13:30,chat,2,2,2,0,48,100,1084,542
2026-08-07,19,14:00,chat,2,2,2,0,47,100,1035,517
2026-08-07,19,14:30,chat,2,2,2,0,48,100,1044,522
2026-08-07,19,15:00,chat,2,2,2,0,44,100,966,483
2026-08-07,19,15:30,chat,3,3,3,0,48,100,1045,523
2026-08-07,19,16:00,chat,3,3,3,0,44,100,1082,541
2026-08-07,19,16:30,chat,2,2,2,0,39,100,949,475
2026-08-07,19,17:00,chat,2,2,2,0,45,100,1090,545
2026-08-07,19,17:30,chat,1,1,1,0,45,100,1015,508
2026-08-07,19,18:00,chat,1,1,1,0,46,100,1063,532
2026-08-07,19,18:30,chat,1,1,1,0,37,100,1007,503
2026-08-07,19,19:00,chat,1,1,1,0,48,100,1146,573
2026-08-07,19,19:30,chat,0,0,0,0,0,0,0,0
2026-08-07,19,20:00,chat,1,1,1,0,44,100,1057,529
2026-08-07,19,20:30,chat,0,0,0,0,0,0,0,0
2026-08-07,19,21:00,chat,0,0,0,0,0,0,0,0
2026-08-07,19,21:30,chat,0,0,0,0,0,0,0,0
2026-08-07,19,22:00,chat,0,0,0,0,0,0,0,0
2026-08-07,19,22:30,chat,0,0,0,0,0,0,0,0
2026-08-07,19,23:00,chat,0,0,0,0,0,0,0,0
2026-08-07,19,23:30,chat,0,0,0,0,0,0,0,0
2026-08-08,20,00:00,voice,0,0,0,0,0,0,0,0
2026-08-08,20,00:30,voice,0,0,0,0,0,0,0,0
2026-08-08,20,01:00,voice,0,0,0,0,0,0,0,0
2026-08-08,20,01:30,voice,0,0,0,0,0,0,0,0
2026-08-08,20,02:00,voice,0,0,0,0,0,0,0,0
2026-08-08,20,02:30,voice,0,0,0,0,0,0,0,0
2026-08-08,20,03:00,voice,0,0,0,0,0,0,0,0
2026-08-08,20,03:30,voice,0,0,0,0,0,0,0,0
2026-08-08,20,04:00,voice,0,0,0,0,0,0,0,0
2026-08-08,20,04:30,voice,0,0,0,0,0,0,0,0
2026-08-08,20,05:00,voice,0,0,0,0,0,0,0,0
2026-08-08,20,05:30,voice,0,0,0,0,0,0,0,0
2026-08-08,20,06:00,voice,0,0,0,0,0,0,0,0
2026-08-08,20,06:30,voice,0,0,0,0,0,0,0,0
2026-08-08,20,07:00,voice,0,0,0,0,0,0,0,0
2026-08-08,20,07:30,voice,0,0,0,0,0,0,0,0
2026-08-08,20,08:00,voice,0,0,0,0,0,0,0,0
2026-08-08,20,08:30,voice,0,0,0,0,0,0,0,0
2026-08-08,20,09:00,voice,1,1,1,0,11,100,2078,2078
2026-08-08,20,09:30,voice,1,1,1,0,14,100,1821,1821
2026-08-08,20,10:00,voice,1,1,1,0,12,100,1908,1908
2026-08-08,20,10:30,voice,1,1,1,0,11,100,2023,2023
2026-08-08,20,11:00,voice,1,1,1,0,12,100,1993,1993
2026-08-08,20,11:30,voice,1,1,1,0,14,100,2028,2028
2026-08-08,20,12:00,voice,1,1,1,0,12,100,1984,1984
2026-08-08,20,12:30,voice,0,0,0,0,0,0,0,0
2026-08-08,20,13:00,voice,1,1,1,0,14,100,2387,2387
2026-08-08,20,13:30,voice,0,0,0,0,0,0,0,0
2026-08-08,20,14:00,voice,1,1,1,0,13,100,2105,2105
2026-08-08,20,14:30,voice,1,1,1,0,12,100,1989,1989
2026-08-08,20,15:00,voice,1,1,1,0,13,100,2060,2060
2026-08-08,20,15:30,voice,1,1,1,0,14,100,2134,2134
2026-08-08,20,16:00,voice,1,1,1,0,11,100,1910,1910
2026-08-08,20,16:30,voice,1,1,1,0,12,100,1963,1963
2026-08-08,20,17:00,voice,0,0,0,0,0,0,0,0
2026-08-08,20,17:30,voice,0,0,0,0,0,0,0,0
2026-08-08,20,18:00,voice,0,0,0,0,0,0,0,0
2026-08-08,20,18:30,voice,0,0,0,0,0,0,0,0
2026-08-08,20,19:00,voice,0,0,0,0,0,0,0,0
2026-08-08,20,19:30,voice,0,0,0,0,0,0,0,0
2026-08-08,20,20:00,voice,0,0,0,0,0,0,0,0
2026-08-08,20,20:30,voice,0,0,0,0,0,0,0,0
2026-08-08,20,21:00,voice,0,0,0,0,0,0,0,0
2026-08-08,20,21:30,voice,0,0,0,0,0,0,0,0
2026-08-08,20,22:00,voice,0,0,0,0,0,0,0,0
2026-08-08,20,22:30,voice,0,0,0,0,0,0,0,0
2026-08-08,20,23:00,voice,0,0,0,0,0,0,0,0
2026-08-08,20,23:30,voice,0,0,0,0,0,0,0,0
2026-08-08,20,00:00,chat,0,0,0,0,0,0,0,0
2026-08-08,20,00:30,chat,0,0,0,0,0,0,0,0
2026-08-08,20,01:00,chat,0,0,0,0,0,0,0,0
2026-08-08,20,01:30,chat,0,0,0,0,0,0,0,0
2026-08-08,20,02:00,chat,0,0,0,0,0,0,0,0
2026-08-08,20,02:30,chat,0,0,0,0,0,0,0,0
2026-08-08,20,03:00,chat,0,0,0,0,0,0,0,0
2026-08-08,20,03:30,chat,0,0,0,0,0,0,0,0
2026-08-08,20,04:00,chat,0,0,0,0,0,0,0,0
2026-08-08,20,04:30,chat,0,0,0,0,0,0,0,0
2026-08-08,20,05:00,chat,0,0,0,0,0,0,0,0
2026-08-08,20,05:30,chat,0,0,0,0,0,0,0,0
2026-08-08,20,06:00,chat,0,0,0,0,0,0,0,0
2026-08-08,20,06:30,chat,0,0,0,0,0,0,0,0
2026-08-08,20,07:00,chat,0,0,0,0,0,0,0,0
2026-08-08,20,07:30,chat,0,0,0,0,0,0,0,0
2026-08-08,20,08:00,chat,1,1,1,0,45,100,1219,610
2026-08-08,20,08:30,chat,1,1,1,0,51,100,995,498
2026-08-08,20,09:00,chat,1,1,1,0,44,100,1241,620
2026-08-08,20,09:30,chat,2,2,2,0,44,100,1072,536
2026-08-08,20,10:00,chat,2,2,2,0,39,100,1027,513
2026-08-08,20,10:30,chat,1,1,1,0,49,100,1054,527
2026-08-08,20,11:00,chat,1,1,1,0,45,100,992,496
2026-08-08,20,11:30,chat,1,1,1,0,52,100,1136,568
2026-08-08,20,12:00,chat,2,1,1,1,362,50,1063,531
2026-08-08,20,12:30,chat,1,1,1,0,50,100,1102,551
2026-08-08,20,13:00,chat,1,1,1,0,47,100,1263,631
2026-08-08,20,13:30,chat,1,1,1,0,47,100,1043,522
2026-08-08,20,14:00,chat,2,2,2,0,41,100,1053,526
2026-08-08,20,14:30,chat,2,2,2,0,47,100,944,472
2026-08-08,20,15:00,chat,2,2,2,0,43,100,999,500
2026-08-08,20,15:30,chat,2,2,2,0,47,100,1098,549
2026-08-08,20,16:00,chat,1,1,1,0,47,100,1101,551
2026-08-08,20,16:30,chat,1,1,1,0,49,100,1089,545
2026-08-08,20,17:00,chat,1,1,1,0,43,100,1027,514
2026-08-08,20,17:30,chat,1,1,1,0,44,100,1070,535
2026-08-08,20,18:00,chat,1,1,1,0,50,100,1178,589
2026-08-08,20,18:30,chat,1,1,1,0,49,100,1050,525
2026-08-08,20,19:00,chat,0,0,0,0,0,0,0,0
2026-08-08,20,19:30,chat,0,0,0,0,0,0,0,0
2026-08-08,20,20:00,chat,0,0,0,0,0,0,0,0
2026-08-08,20,20:30,chat,0,0,0,0,0,0,0,0
2026-08-08,20,21:00,chat,0,0,0,0,0,0,0,0
2026-08-08,20,21:30,chat,0,0,0,0,0,0,0,0
2026-08-08,20,22:00,chat,0,0,0,0,0,0,0,0
2026-08-08,20,22:30,chat,0,0,0,0,0,0,0,0
2026-08-08,20,23:00,chat,0,0,0,0,0,0,0,0
2026-08-08,20,23:30,chat,0,0,0,0,0,0,0,0
2026-08-09,21,00:00,voice,0,0,0,0,0,0,0,0
2026-08-09,21,00:30,voice,0,0,0,0,0,0,0,0
2026-08-09,21,01:00,voice,0,0,0,0,0,0,0,0
2026-08-09,21,01:30,voice,0,0,0,0,0,0,0,0
2026-08-09,21,02:00,voice,0,0,0,0,0,0,0,0
2026-08-09,21,02:30,voice,0,0,0,0,0,0,0,0
2026-08-09,21,03:00,voice,0,0,0,0,0,0,0,0
2026-08-09,21,03:30,voice,0,0,0,0,0,0,0,0
2026-08-09,21,04:00,voice,0,0,0,0,0,0,0,0
2026-08-09,21,04:30,voice,0,0,0,0,0,0,0,0
2026-08-09,21,05:00,voice,0,0,0,0,0,0,0,0
2026-08-09,21,05:30,voice,0,0,0,0,0,0,0,0
2026-08-09,21,06:00,voice,0,0,0,0,0,0,0,0
2026-08-09,21,06:30,voice,0,0,0,0,0,0,0,0
2026-08-09,21,07:00,voice,0,0,0,0,0,0,0,0
2026-08-09,21,07:30,voice,0,0,0,0,0,0,0,0
2026-08-09,21,08:00,voice,0,0,0,0,0,0,0,0
2026-08-09,21,08:30,voice,0,0,0,0,0,0,0,0
2026-08-09,21,09:00,voice,0,0,0,0,0,0,0,0
2026-08-09,21,09:30,voice,1,1,1,0,12,100,1726,1726
2026-08-09,21,10:00,voice,1,1,1,0,12,100,1927,1927
2026-08-09,21,10:30,voice,1,1,1,0,12,100,1857,1857
2026-08-09,21,11:00,voice,1,1,1,0,13,100,1875,1875
2026-08-09,21,11:30,voice,1,1,1,0,13,100,1795,1795
2026-08-09,21,12:00,voice,1,1,1,0,12,100,1790,1790
2026-08-09,21,12:30,voice,0,0,0,0,0,0,0,0
2026-08-09,21,13:00,voice,1,1,1,0,13,100,1990,1990
2026-08-09,21,13:30,voice,1,1,1,0,12,100,1812,1812
2026-08-09,21,14:00,voice,1,1,1,0,13,100,1905,1905
2026-08-09,21,14:30,voice,1,1,1,0,13,100,1945,1945
2026-08-09,21,15:00,voice,1,1,1,0,12,100,1763,1763
2026-08-09,21,15:30,voice,1,1,1,0,11,100,1892,1892
2026-08-09,21,16:00,voice,1,1,1,0,12,100,1909,1909
2026-08-09,21,16:30,voice,1,1,1,0,12,100,1862,1862
2026-08-09,21,17:00,voice,0,0,0,0,0,0,0,0
2026-08-09,21,17:30,voice,0,0,0,0,0,0,0,0
2026-08-09,21,18:00,voice,0,0,0,0,0,0,0,0
2026-08-09,21,18:30,voice,0,0,0,0,0,0,0,0
2026-08-09,21,19:00,voice,0,0,0,0,0,0,0,0
2026-08-09,21,19:30,voice,0,0,0,0,0,0,0,0
2026-08-09,21,20:00,voice,0,0,0,0,0,0,0,0
2026-08-09,21,20:30,voice,0,0,0,0,0,0,0,0
2026-08-09,21,21:00,voice,0,0,0,0,0,0,0,0
2026-08-09,21,21:30,voice,0,0,0,0,0,0,0,0
2026-08-09,21,22:00,voice,0,0,0,0,0,0,0,0
2026-08-09,21,22:30,voice,0,0,0,0,0,0,0,0
2026-08-09,21,23:00,voice,0,0,0,0,0,0,0,0
2026-08-09,21,23:30,voice,0,0,0,0,0,0,0,0
2026-08-09,21,00:00,chat,0,0,0,0,0,0,0,0
2026-08-09,21,00:30,chat,0,0,0,0,0,0,0,0
2026-08-09,21,01:00,chat,0,0,0,0,0,0,0,0
2026-08-09,21,01:30,chat,0,0,0,0,0,0,0,0
2026-08-09,21,02:00,chat,0,0,0,0,0,0,0,0
2026-08-09,21,02:30,chat,0,0,0,0,0,0,0,0
2026-08-09,21,03:00,chat,0,0,0,0,0,0,0,0
2026-08-09,21,03:30,chat,0,0,0,0,0,0,0,0
2026-08-09,21,04:00,chat,0,0,0,0,0,0,0,0
2026-08-09,21,04:30,chat,0,0,0,0,0,0,0,0
2026-08-09,21,05:00,chat,0,0,0,0,0,0,0,0
2026-08-09,21,05:30,chat,0,0,0,0,0,0,0,0
2026-08-09,21,06:00,chat,0,0,0,0,0,0,0,0
2026-08-09,21,06:30,chat,0,0,0,0,0,0,0,0
2026-08-09,21,07:00,chat,0,0,0,0,0,0,0,0
2026-08-09,21,07:30,chat,1,1,1,0,43,100,1104,552
2026-08-09,21,08:00,chat,1,1,1,0,41,100,1121,560
2026-08-09,21,08:30,chat,1,1,1,0,46,100,1124,562
2026-08-09,21,09:00,chat,1,1,1,0,50,100,1123,562
2026-08-09,21,09:30,chat,1,1,1,0,43,100,1094,547
2026-08-09,21,10:00,chat,2,1,1,1,467,50,1179,589
2026-08-09,21,10:30,chat,2,2,2,0,38,100,1022,511
2026-08-09,21,11:00,chat,2,2,2,0,50,100,1052,526
2026-08-09,21,11:30,chat,2,2,2,0,49,100,1046,523
2026-08-09,21,12:00,chat,2,2,2,0,53,100,1041,520
2026-08-09,21,12:30,chat,1,1,1,0,41,100,1199,600
2026-08-09,21,13:00,chat,2,2,2,0,40,100,1028,514
2026-08-09,21,13:30,chat,1,1,1,0,41,100,1108,554
2026-08-09,21,14:00,chat,1,1,1,0,43,100,1314,657
2026-08-09,21,14:30,chat,1,1,1,0,41,100,1039,519
2026-08-09,21,15:00,chat,1,1,1,0,46,100,975,487
2026-08-09,21,15:30,chat,1,1,1,0,50,100,1172,586
2026-08-09,21,16:00,chat,1,1,1,0,44,100,1157,579
2026-08-09,21,16:30,chat,1,1,1,0,47,100,1103,551
2026-08-09,21,17:00,chat,1,1,1,0,44,100,1034,517
2026-08-09,21,17:30,chat,1,1,1,0,38,100,1198,599
2026-08-09,21,18:00,chat,1,1,1,0,39,100,1068,534
2026-08-09,21,18:30,chat,0,0,0,0,0,0,0,0
2026-08-09,21,19:00,chat,1,1,1,0,47,100,1052,526
2026-08-09,21,19:30,chat,0,0,0,0,0,0,0,0
2026-08-09,21,20:00,chat,0,0,0,0,0,0,0,0
2026-08-09,21,20:30,chat,0,0,0,0,0,0,0,0
2026-08-09,21,21:00,chat,0,0,0,0,0,0,0,0
2026-08-09,21,21:30,chat,0,0,0,0,0,0,0,0
2026-08-09,21,22:00,chat,0,0,0,0,0,0,0,0
2026-08-09,21,22:30,chat,0,0,0,0,0,0,0,0
2026-08-09,21,23:00,chat,0,0,0,0,0,0,0,0
2026-08-09,21,23:30,chat,0,0,0,0,0,0,0,0
2026-08-10,22,00:00,voice,0,0,0,0,0,0,0,0
2026-08-10,22,00:30,voice,0,0,0,0,0,0,0,0
2026-08-10,22,01:00,voice,0,0,0,0,0,0,0,0
2026-08-10,22,01:30,voice,0,0,0,0,0,0,0,0
2026-08-10,22,02:00,voice,0,0,0,0,0,0,0,0
2026-08-10,22,02:30,voice,0,0,0,0,0,0,0,0
2026-08-10,22,03:00,voice,0,0,0,0,0,0,0,0
2026-08-10,22,03:30,voice,0,0,0,0,0,0,0,0
2026-08-10,22,04:00,voice,0,0,0,0,0,0,0,0
2026-08-10,22,04:30,voice,0,0,0,0,0,0,0,0
2026-08-10,22,05:00,voice,0,0,0,0,0,0,0,0
2026-08-10,22,05:30,voice,0,0,0,0,0,0,0,0
2026-08-10,22,06:00,voice,0,0,0,0,0,0,0,0
2026-08-10,22,06:30,voice,0,0,0,0,0,0,0,0
2026-08-10,22,07:00,voice,0,0,0,0,0,0,0,0
2026-08-10,22,07:30,voice,1,1,1,0,15,100,2040,2040
2026-08-10,22,08:00,voice,1,1,1,0,13,100,1895,1895
2026-08-10,22,08:30,voice,1,1,1,0,11,100,1864,1864
2026-08-10,22,09:00,voice,1,1,1,0,14,100,2064,2064
2026-08-10,22,09:30,voice,1,1,1,0,12,100,1811,1811
2026-08-10,22,10:00,voice,2,2,2,0,14,100,1863,1863
2026-08-10,22,10:30,voice,2,2,2,0,11,100,1808,1808
2026-08-10,22,11:00,voice,2,2,2,0,10,100,1885,1885
2026-08-10,22,11:30,voice,2,2,2,0,12,100,1905,1905
2026-08-10,22,12:00,voice,2,2,2,0,10,100,1900,1900
2026-08-10,22,12:30,voice,1,1,1,0,12,100,1846,1846
2026-08-10,22,13:00,voice,2,1,1,1,219,50,2029,2029
2026-08-10,22,13:30,voice,1,1,1,0,12,100,1908,1908
2026-08-10,22,14:00,voice,2,2,2,0,14,100,1913,1913
2026-08-10,22,14:30,voice,1,1,1,0,13,100,1812,1812
2026-08-10,22,15:00,voice,1,1,1,0,12,100,2004,2004
2026-08-10,22,15:30,voice,1,1,1,0,11,100,1837,1837
2026-08-10,22,16:00,voice,1,1,1,0,12,100,1961,1961
2026-08-10,22,16:30,voice,1,1,1,0,12,100,1992,1992
2026-08-10,22,17:00,voice,1,1,1,0,12,100,1774,1774
2026-08-10,22,17:30,voice,1,1,1,0,11,100,1731,1731
2026-08-10,22,18:00,voice,1,1,1,0,12,100,1921,1921
2026-08-10,22,18:30,voice,1,1,1,0,11,100,1972,1972
2026-08-10,22,19:00,voice,0,0,0,0,0,0,0,0
2026-08-10,22,19:30,voice,0,0,0,0,0,0,0,0
2026-08-10,22,20:00,voice,0,0,0,0,0,0,0,0
2026-08-10,22,20:30,voice,0,0,0,0,0,0,0,0
2026-08-10,22,21:00,voice,0,0,0,0,0,0,0,0
2026-08-10,22,21:30,voice,0,0,0,0,0,0,0,0
2026-08-10,22,22:00,voice,0,0,0,0,0,0,0,0
2026-08-10,22,22:30,voice,0,0,0,0,0,0,0,0
2026-08-10,22,23:00,voice,0,0,0,0,0,0,0,0
2026-08-10,22,23:30,voice,0,0,0,0,0,0,0,0
2026-08-10,22,00:00,chat,0,0,0,0,0,0,0,0
2026-08-10,22,00:30,chat,0,0,0,0,0,0,0,0
2026-08-10,22,01:00,chat,0,0,0,0,0,0,0,0
2026-08-10,22,01:30,chat,1,1,1,0,41,100,1104,552
2026-08-10,22,02:00,chat,1,1,1,0,51,100,1199,600
2026-08-10,22,02:30,chat,0,0,0,0,0,0,0,0
2026-08-10,22,03:00,chat,0,0,0,0,0,0,0,0
2026-08-10,22,03:30,chat,0,0,0,0,0,0,0,0
2026-08-10,22,04:00,chat,0,0,0,0,0,0,0,0
2026-08-10,22,04:30,chat,0,0,0,0,0,0,0,0
2026-08-10,22,05:00,chat,0,0,0,0,0,0,0,0
2026-08-10,22,05:30,chat,1,1,1,0,39,100,959,480
2026-08-10,22,06:00,chat,0,0,0,0,0,0,0,0
2026-08-10,22,06:30,chat,0,0,0,0,0,0,0,0
2026-08-10,22,07:00,chat,1,1,1,0,50,100,1226,613
2026-08-10,22,07:30,chat,1,1,1,0,46,100,1139,570
2026-08-10,22,08:00,chat,1,1,1,0,39,100,1117,559
2026-08-10,22,08:30,chat,1,1,1,0,43,100,1212,606
2026-08-10,22,09:00,chat,2,2,2,0,46,100,1273,637
2026-08-10,22,09:30,chat,3,2,2,1,188,66.7,1174,587
2026-08-10,22,10:00,chat,4,4,4,0,46,100,1104,552
2026-08-10,22,10:30,chat,4,3,3,1,120,75,1129,564
2026-08-10,22,11:00,chat,4,4,4,0,48,100,1195,598
2026-08-10,22,11:30,chat,2,2,2,0,41,100,1180,590
2026-08-10,22,12:00,chat,3,3,3,0,54,100,1107,553
2026-08-10,22,12:30,chat,2,2,2,0,50,100,1185,593
2026-08-10,22,13:00,chat,2,2,2,0,47,100,1156,578
2026-08-10,22,13:30,chat,2,2,2,0,40,100,1260,630
2026-08-10,22,14:00,chat,3,3,3,0,46,100,1063,532
2026-08-10,22,14:30,chat,3,3,3,0,42,100,1095,548
2026-08-10,22,15:00,chat,3,3,3,0,38,100,1152,576
2026-08-10,22,15:30,chat,3,3,3,0,43,100,1282,641
2026-08-10,22,16:00,chat,3,3,3,0,51,100,1192,596
2026-08-10,22,16:30,chat,2,2,2,0,40,100,1117,559
2026-08-10,22,17:00,chat,1,1,1,0,39,100,1182,591
2026-08-10,22,17:30,chat,1,1,1,0,46,100,1114,557
2026-08-10,22,18:00,chat,1,1,1,0,49,100,1206,603
2026-08-10,22,18:30,chat,1,1,1,0,43,100,1123,562
2026-08-10,22,19:00,chat,1,1,1,0,40,100,1092,546
2026-08-10,22,19:30,chat,1,1,1,0,58,100,1083,541
2026-08-10,22,20:00,chat,1,1,1,0,41,100,1122,561
2026-08-10,22,20:30,chat,0,0,0,0,0,0,0,0
2026-08-10,22,21:00,chat,0,0,0,0,0,0,0,0
2026-08-10,22,21:30,chat,0,0,0,0,0,0,0,0
2026-08-10,22,22:00,chat,0,0,0,0,0,0,0,0
2026-08-10,22,22:30,chat,0,0,0,0,0,0,0,0
2026-08-10,22,23:00,chat,1,1,1,0,47,100,1081,540
2026-08-10,22,23:30,chat,0,0,0,0,0,0,0,0
2026-08-11,23,00:00,voice,0,0,0,0,0,0,0,0
2026-08-11,23,00:30,voice,0,0,0,0,0,0,0,0
2026-08-11,23,01:00,voice,0,0,0,0,0,0,0,0
2026-08-11,23,01:30,voice,0,0,0,0,0,0,0,0
2026-08-11,23,02:00,voice,0,0,0,0,0,0,0,0
2026-08-11,23,02:30,voice,0,0,0,0,0,0,0,0
2026-08-11,23,03:00,voice,0,0,0,0,0,0,0,0
2026-08-11,23,03:30,voice,0,0,0,0,0,0,0,0
2026-08-11,23,04:00,voice,0,0,0,0,0,0,0,0
2026-08-11,23,04:30,voice,0,0,0,0,0,0,0,0
2026-08-11,23,05:00,voice,0,0,0,0,0,0,0,0
2026-08-11,23,05:30,voice,0,0,0,0,0,0,0,0
2026-08-11,23,06:00,voice,0,0,0,0,0,0,0,0
2026-08-11,23,06:30,voice,0,0,0,0,0,0,0,0
2026-08-11,23,07:00,voice,1,1,1,0,12,100,1945,1945
2026-08-11,23,07:30,voice,1,1,1,0,11,100,2082,2082
2026-08-11,23,08:00,voice,1,1,1,0,14,100,2139,2139
2026-08-11,23,08:30,voice,1,1,1,0,12,100,2194,2194
2026-08-11,23,09:00,voice,1,1,1,0,14,100,1801,1801
2026-08-11,23,09:30,voice,1,1,1,0,12,100,1972,1972
2026-08-11,23,10:00,voice,2,1,1,1,279,50,2097,2097
2026-08-11,23,10:30,voice,2,2,2,0,12,100,2034,2034
2026-08-11,23,11:00,voice,2,2,2,0,12,100,2026,2026
2026-08-11,23,11:30,voice,2,2,2,0,17,100,1979,1979
2026-08-11,23,12:00,voice,2,2,2,0,11,100,1969,1969
2026-08-11,23,12:30,voice,1,1,1,0,10,100,2098,2098
2026-08-11,23,13:00,voice,2,2,2,0,10,100,2134,2134
2026-08-11,23,13:30,voice,1,1,1,0,11,100,1944,1944
2026-08-11,23,14:00,voice,2,2,2,0,12,100,2253,2253
2026-08-11,23,14:30,voice,2,2,2,0,12,100,1886,1886
2026-08-11,23,15:00,voice,2,2,2,0,12,100,1916,1916
2026-08-11,23,15:30,voice,2,2,2,0,12,100,2289,2289
2026-08-11,23,16:00,voice,2,2,2,0,12,100,2033,2033
2026-08-11,23,16:30,voice,1,1,1,0,12,100,2100,2100
2026-08-11,23,17:00,voice,1,1,1,0,13,100,1927,1927
2026-08-11,23,17:30,voice,1,1,1,0,13,100,2038,2038
2026-08-11,23,18:00,voice,1,1,1,0,12,100,1795,1795
2026-08-11,23,18:30,voice,0,0,0,0,0,0,0,0
2026-08-11,23,19:00,voice,0,0,0,0,0,0,0,0
2026-08-11,23,19:30,voice,0,0,0,0,0,0,0,0
2026-08-11,23,20:00,voice,0,0,0,0,0,0,0,0
2026-08-11,23,20:30,voice,0,0,0,0,0,0,0,0
2026-08-11,23,21:00,voice,0,0,0,0,0,0,0,0
2026-08-11,23,21:30,voice,0,0,0,0,0,0,0,0
2026-08-11,23,22:00,voice,0,0,0,0,0,0,0,0
2026-08-11,23,22:30,voice,0,0,0,0,0,0,0,0
2026-08-11,23,23:00,voice,0,0,0,0,0,0,0,0
2026-08-11,23,23:30,voice,0,0,0,0,0,0,0,0
2026-08-11,23,00:00,chat,0,0,0,0,0,0,0,0
2026-08-11,23,00:30,chat,0,0,0,0,0,0,0,0
2026-08-11,23,01:00,chat,0,0,0,0,0,0,0,0
2026-08-11,23,01:30,chat,0,0,0,0,0,0,0,0
2026-08-11,23,02:00,chat,0,0,0,0,0,0,0,0
2026-08-11,23,02:30,chat,0,0,0,0,0,0,0,0
2026-08-11,23,03:00,chat,0,0,0,0,0,0,0,0
2026-08-11,23,03:30,chat,0,0,0,0,0,0,0,0
2026-08-11,23,04:00,chat,0,0,0,0,0,0,0,0
2026-08-11,23,04:30,chat,1,1,1,0,50,100,977,489
2026-08-11,23,05:00,chat,1,1,1,0,48,100,991,496
2026-08-11,23,05:30,chat,0,0,0,0,0,0,0,0
2026-08-11,23,06:00,chat,0,0,0,0,0,0,0,0
2026-08-11,23,06:30,chat,1,1,1,0,42,100,963,482
2026-08-11,23,07:00,chat,1,1,1,0,47,100,1091,546
2026-08-11,23,07:30,chat,1,1,1,0,51,100,1098,549
2026-08-11,23,08:00,chat,1,1,1,0,46,100,1216,608
2026-08-11,23,08:30,chat,2,2,2,0,40,100,1072,536
2026-08-11,23,09:00,chat,2,2,2,0,39,100,1034,517
2026-08-11,23,09:30,chat,3,3,3,0,39,100,1106,553
2026-08-11,23,10:00,chat,4,4,4,0,43,100,1273,636
2026-08-11,23,10:30,chat,4,4,3,0,137,75,1085,543
2026-08-11,23,11:00,chat,4,3,3,1,151,75,1292,646
2026-08-11,23,11:30,chat,4,3,3,1,146,75,1024,512
2026-08-11,23,12:00,chat,4,4,4,0,51,100,1095,547
2026-08-11,23,12:30,chat,3,3,3,0,41,100,1059,530
2026-08-11,23,13:00,chat,2,2,2,0,46,100,1060,530
2026-08-11,23,13:30,chat,3,2,2,1,271,66.7,1108,554
2026-08-11,23,14:00,chat,3,3,3,0,49,100,1032,516
2026-08-11,23,14:30,chat,3,3,2,0,225,66.7,1073,537
2026-08-11,23,15:00,chat,3,3,3,0,51,100,1157,579
2026-08-11,23,15:30,chat,3,3,3,0,40,100,1148,574
2026-08-11,23,16:00,chat,3,3,3,0,44,100,1123,562
2026-08-11,23,16:30,chat,2,2,2,0,35,100,1185,592
2026-08-11,23,17:00,chat,1,1,1,0,41,100,1189,595
2026-08-11,23,17:30,chat,1,1,1,0,45,100,1074,537
2026-08-11,23,18:00,chat,1,1,1,0,47,100,1112,556
2026-08-11,23,18:30,chat,1,1,1,0,41,100,1054,527
2026-08-11,23,19:00,chat,1,1,1,0,47,100,1071,536
2026-08-11,23,19:30,chat,1,1,1,0,48,100,1065,533
2026-08-11,23,20:00,chat,0,0,0,0,0,0,0,0
2026-08-11,23,20:30,chat,1,1,1,0,41,100,1010,505
2026-08-11,23,21:00,chat,1,1,1,0,46,100,1103,552
2026-08-11,23,21:30,chat,0,0,0,0,0,0,0,0
2026-08-11,23,22:00,chat,0,0,0,0,0,0,0,0
2026-08-11,23,22:30,chat,0,0,0,0,0,0,0,0
2026-08-11,23,23:00,chat,1,1,1,0,46,100,1179,590
2026-08-11,23,23:30,chat,1,1,1,0,45,100,1018,509
2026-08-12,24,00:00,voice,0,0,0,0,0,0,0,0
2026-08-12,24,00:30,voice,0,0,0,0,0,0,0,0
2026-08-12,24,01:00,voice,0,0,0,0,0,0,0,0
2026-08-12,24,01:30,voice,0,0,0,0,0,0,0,0
2026-08-12,24,02:00,voice,0,0,0,0,0,0,0,0
2026-08-12,24,02:30,voice,0,0,0,0,0,0,0,0
2026-08-12,24,03:00,voice,0,0,0,0,0,0,0,0
2026-08-12,24,03:30,voice,0,0,0,0,0,0,0,0
2026-08-12,24,04:00,voice,0,0,0,0,0,0,0,0
2026-08-12,24,04:30,voice,0,0,0,0,0,0,0,0
2026-08-12,24,05:00,voice,0,0,0,0,0,0,0,0
2026-08-12,24,05:30,voice,0,0,0,0,0,0,0,0
2026-08-12,24,06:00,voice,0,0,0,0,0,0,0,0
2026-08-12,24,06:30,voice,0,0,0,0,0,0,0,0
2026-08-12,24,07:00,voice,0,0,0,0,0,0,0,0
2026-08-12,24,07:30,voice,1,1,1,0,12,100,2045,2045
2026-08-12,24,08:00,voice,1,1,1,0,12,100,2004,2004
2026-08-12,24,08:30,voice,1,1,1,0,12,100,2247,2247
2026-08-12,24,09:00,voice,1,1,1,0,11,100,1819,1819
2026-08-12,24,09:30,voice,1,1,1,0,12,100,2074,2074
2026-08-12,24,10:00,voice,1,1,1,0,12,100,2129,2129
2026-08-12,24,10:30,voice,2,2,2,0,13,100,2282,2282
2026-08-12,24,11:00,voice,2,2,2,0,11,100,1946,1946
2026-08-12,24,11:30,voice,2,2,2,0,12,100,2061,2061
2026-08-12,24,12:00,voice,2,2,2,0,10,100,2075,2075
2026-08-12,24,12:30,voice,2,1,1,1,257,50,2119,2119
2026-08-12,24,13:00,voice,1,1,1,0,13,100,2108,2108
2026-08-12,24,13:30,voice,1,1,1,0,11,100,2206,2206
2026-08-12,24,14:00,voice,2,2,2,0,12,100,2166,2166
2026-08-12,24,14:30,voice,1,1,1,0,13,100,2230,2230
2026-08-12,24,15:00,voice,1,1,1,0,12,100,1961,1961
2026-08-12,24,15:30,voice,1,1,1,0,14,100,1914,1914
2026-08-12,24,16:00,voice,1,1,1,0,12,100,2043,2043
2026-08-12,24,16:30,voice,1,1,1,0,12,100,2009,2009
2026-08-12,24,17:00,voice,1,1,1,0,11,100,1966,1966
2026-08-12,24,17:30,voice,1,1,1,0,10,100,2108,2108
2026-08-12,24,18:00,voice,1,1,1,0,11,100,1985,1985
2026-08-12,24,18:30,voice,1,1,1,0,15,100,2043,2043
2026-08-12,24,19:00,voice,0,0,0,0,0,0,0,0
2026-08-12,24,19:30,voice,0,0,0,0,0,0,0,0
2026-08-12,24,20:00,voice,0,0,0,0,0,0,0,0
2026-08-12,24,20:30,voice,0,0,0,0,0,0,0,0
2026-08-12,24,21:00,voice,0,0,0,0,0,0,0,0
2026-08-12,24,21:30,voice,0,0,0,0,0,0,0,0
2026-08-12,24,22:00,voice,0,0,0,0,0,0,0,0
2026-08-12,24,22:30,voice,0,0,0,0,0,0,0,0
2026-08-12,24,23:00,voice,0,0,0,0,0,0,0,0
2026-08-12,24,23:30,voice,0,0,0,0,0,0,0,0
2026-08-12,24,00:00,chat,0,0,0,0,0,0,0,0
2026-08-12,24,00:30,chat,0,0,0,0,0,0,0,0
2026-08-12,24,01:00,chat,0,0,0,0,0,0,0,0
2026-08-12,24,01:30,chat,0,0,0,0,0,0,0,0
2026-08-12,24,02:00,chat,0,0,0,0,0,0,0,0
2026-08-12,24,02:30,chat,0,0,0,0,0,0,0,0
2026-08-12,24,03:00,chat,0,0,0,0,0,0,0,0
2026-08-12,24,03:30,chat,0,0,0,0,0,0,0,0
2026-08-12,24,04:00,chat,0,0,0,0,0,0,0,0
2026-08-12,24,04:30,chat,0,0,0,0,0,0,0,0
2026-08-12,24,05:00,chat,0,0,0,0,0,0,0,0
2026-08-12,24,05:30,chat,0,0,0,0,0,0,0,0
2026-08-12,24,06:00,chat,0,0,0,0,0,0,0,0
2026-08-12,24,06:30,chat,1,1,1,0,42,100,1266,633
2026-08-12,24,07:00,chat,1,1,1,0,33,100,1057,529
2026-08-12,24,07:30,chat,1,1,1,0,38,100,1022,511
2026-08-12,24,08:00,chat,1,1,1,0,54,100,1105,553
2026-08-12,24,08:30,chat,2,2,2,0,45,100,1074,537
2026-08-12,24,09:00,chat,2,2,2,0,49,100,1134,567
2026-08-12,24,09:30,chat,3,2,2,1,236,66.7,1102,551
2026-08-12,24,10:00,chat,3,3,3,0,53,100,1220,610
2026-08-12,24,10:30,chat,3,3,3,0,49,100,1144,572
2026-08-12,24,11:00,chat,4,3,3,1,153,75,1034,517
2026-08-12,24,11:30,chat,3,3,3,0,47,100,1174,587
2026-08-12,24,12:00,chat,2,2,2,0,45,100,1070,535
2026-08-12,24,12:30,chat,2,2,2,0,49,100,1166,583
2026-08-12,24,13:00,chat,2,2,2,0,45,100,1069,535
2026-08-12,24,13:30,chat,2,2,2,0,46,100,1146,573
2026-08-12,24,14:00,chat,3,3,3,0,46,100,1157,578
2026-08-12,24,14:30,chat,3,3,3,0,48,100,1091,546
2026-08-12,24,15:00,chat,3,3,3,0,50,100,1073,537
2026-08-12,24,15:30,chat,3,3,3,0,47,100,1199,600
2026-08-12,24,16:00,chat,2,2,2,0,41,100,1203,602
2026-08-12,24,16:30,chat,2,2,2,0,44,100,961,480
2026-08-12,24,17:00,chat,1,1,1,0,46,100,1163,581
2026-08-12,24,17:30,chat,2,2,2,0,51,100,1091,545
2026-08-12,24,18:00,chat,1,1,1,0,46,100,1135,568
2026-08-12,24,18:30,chat,1,1,1,0,46,100,1091,545
2026-08-12,24,19:00,chat,1,1,1,0,52,100,1155,578
2026-08-12,24,19:30,chat,1,1,1,0,46,100,1138,569
2026-08-12,24,20:00,chat,0,0,0,0,0,0,0,0
2026-08-12,24,20:30,chat,0,0,0,0,0,0,0,0
2026-08-12,24,21:00,chat,1,1,1,0,35,100,985,492
2026-08-12,24,21:30,chat,1,1,1,0,47,100,982,491
2026-08-12,24,22:00,chat,0,0,0,0,0,0,0,0
2026-08-12,24,22:30,chat,1,1,1,0,48,100,992,496
2026-08-12,24,23:00,chat,1,1,1,0,46,100,1120,560
2026-08-12,24,23:30,chat,0,0,0,0,0,0,0,0
2026-08-13,25,00:00,voice,0,0,0,0,0,0,0,0
2026-08-13,25,00:30,voice,0,0,0,0,0,0,0,0
2026-08-13,25,01:00,voice,0,0,0,0,0,0,0,0
2026-08-13,25,01:30,voice,0,0,0,0,0,0,0,0
2026-08-13,25,02:00,voice,0,0,0,0,0,0,0,0
2026-08-13,25,02:30,voice,0,0,0,0,0,0,0,0
2026-08-13,25,03:00,voice,0,0,0,0,0,0,0,0
2026-08-13,25,03:30,voice,0,0,0,0,0,0,0,0
2026-08-13,25,04:00,voice,0,0,0,0,0,0,0,0
2026-08-13,25,04:30,voice,0,0,0,0,0,0,0,0
2026-08-13,25,05:00,voice,0,0,0,0,0,0,0,0
2026-08-13,25,05:30,voice,0,0,0,0,0,0,0,0
2026-08-13,25,06:00,voice,0,0,0,0,0,0,0,0
2026-08-13,25,06:30,voice,0,0,0,0,0,0,0,0
2026-08-13,25,07:00,voice,0,0,0,0,0,0,0,0
2026-08-13,25,07:30,voice,1,1,1,0,10,100,2052,2052
2026-08-13,25,08:00,voice,1,1,1,0,13,100,2358,2358
2026-08-13,25,08:30,voice,1,1,1,0,12,100,2108,2108
2026-08-13,25,09:00,voice,1,1,1,0,11,100,2001,2001
2026-08-13,25,09:30,voice,1,1,1,0,12,100,2263,2263
2026-08-13,25,10:00,voice,2,1,1,1,251,50,1947,1947
2026-08-13,25,10:30,voice,2,2,2,0,13,100,2051,2051
2026-08-13,25,11:00,voice,2,2,2,0,11,100,1978,1978
2026-08-13,25,11:30,voice,2,2,2,0,10,100,2256,2256
2026-08-13,25,12:00,voice,2,2,2,0,11,100,2210,2210
2026-08-13,25,12:30,voice,2,2,2,0,13,100,2055,2055
2026-08-13,25,13:00,voice,1,1,1,0,11,100,2173,2173
2026-08-13,25,13:30,voice,1,1,1,0,12,100,2281,2281
2026-08-13,25,14:00,voice,1,1,1,0,10,100,1974,1974
2026-08-13,25,14:30,voice,1,1,1,0,11,100,2266,2266
2026-08-13,25,15:00,voice,2,2,2,0,13,100,2254,2254
2026-08-13,25,15:30,voice,2,2,2,0,12,100,2061,2061
2026-08-13,25,16:00,voice,2,2,2,0,13,100,1948,1948
2026-08-13,25,16:30,voice,2,2,2,0,11,100,2203,2203
2026-08-13,25,17:00,voice,1,1,1,0,11,100,2106,2106
2026-08-13,25,17:30,voice,1,1,1,0,11,100,2270,2270
2026-08-13,25,18:00,voice,1,1,1,0,12,100,2150,2150
2026-08-13,25,18:30,voice,0,0,0,0,0,0,0,0
2026-08-13,25,19:00,voice,0,0,0,0,0,0,0,0
2026-08-13,25,19:30,voice,0,0,0,0,0,0,0,0
2026-08-13,25,20:00,voice,0,0,0,0,0,0,0,0
2026-08-13,25,20:30,voice,0,0,0,0,0,0,0,0
2026-08-13,25,21:00,voice,0,0,0,0,0,0,0,0
2026-08-13,25,21:30,voice,0,0,0,0,0,0,0,0
2026-08-13,25,22:00,voice,0,0,0,0,0,0,0,0
2026-08-13,25,22:30,voice,0,0,0,0,0,0,0,0
2026-08-13,25,23:00,voice,0,0,0,0,0,0,0,0
2026-08-13,25,23:30,voice,0,0,0,0,0,0,0,0
2026-08-13,25,00:00,chat,0,0,0,0,0,0,0,0
2026-08-13,25,00:30,chat,0,0,0,0,0,0,0,0
2026-08-13,25,01:00,chat,1,1,1,0,44,100,1183,592
2026-08-13,25,01:30,chat,0,0,0,0,0,0,0,0
2026-08-13,25,02:00,chat,1,1,1,0,37,100,1097,549
2026-08-13,25,02:30,chat,0,0,0,0,0,0,0,0
2026-08-13,25,03:00,chat,0,0,0,0,0,0,0,0
2026-08-13,25,03:30,chat,0,0,0,0,0,0,0,0
2026-08-13,25,04:00,chat,0,0,0,0,0,0,0,0
2026-08-13,25,04:30,chat,0,0,0,0,0,0,0,0
2026-08-13,25,05:00,chat,1,1,1,0,49,100,1079,539
2026-08-13,25,05:30,chat,0,0,0,0,0,0,0,0
2026-08-13,25,06:00,chat,0,0,0,0,0,0,0,0
2026-08-13,25,06:30,chat,1,1,1,0,47,100,1202,601
2026-08-13,25,07:00,chat,1,1,1,0,41,100,1179,590
2026-08-13,25,07:30,chat,1,1,1,0,56,100,1122,561
2026-08-13,25,08:00,chat,2,2,2,0,46,100,1083,542
2026-08-13,25,08:30,chat,1,1,1,0,44,100,1113,556
2026-08-13,25,09:00,chat,2,2,2,0,50,100,1147,573
2026-08-13,25,09:30,chat,2,2,2,0,42,100,1081,540
2026-08-13,25,10:00,chat,3,2,2,1,229,66.7,1123,561
2026-08-13,25,10:30,chat,4,4,4,0,42,100,1092,546
2026-08-13,25,11:00,chat,3,3,3,0,47,100,1116,558
2026-08-13,25,11:30,chat,4,4,4,0,37,100,1191,595
2026-08-13,25,12:00,chat,3,3,3,0,51,100,1209,605
2026-08-13,25,12:30,chat,2,2,2,0,41,100,1095,547
2026-08-13,25,13:00,chat,4,3,3,1,130,75,1032,516
2026-08-13,25,13:30,chat,3,3,3,0,47,100,1189,594
2026-08-13,25,14:00,chat,3,3,3,0,41,100,1068,534
2026-08-13,25,14:30,chat,3,3,3,0,42,100,996,498
2026-08-13,25,15:00,chat,2,2,2,0,46,100,1200,600
2026-08-13,25,15:30,chat,3,3,3,0,40,100,1161,581
2026-08-13,25,16:00,chat,3,3,3,0,43,100,1209,605
2026-08-13,25,16:30,chat,3,3,3,0,45,100,1125,562
2026-08-13,25,17:00,chat,2,2,2,0,49,100,1165,583
2026-08-13,25,17:30,chat,2,2,2,0,50,100,1135,567
2026-08-13,25,18:00,chat,1,1,1,0,47,100,1191,596
2026-08-13,25,18:30,chat,1,1,1,0,54,100,1043,522
2026-08-13,25,19:00,chat,1,1,1,0,48,100,1129,565
2026-08-13,25,19:30,chat,1,1,1,0,40,100,993,497
2026-08-13,25,20:00,chat,0,0,0,0,0,0,0,0
2026-08-13,25,20:30,chat,0,0,0,0,0,0,0,0
2026-08-13,25,21:00,chat,0,0,0,0,0,0,0,0
2026-08-13,25,21:30,chat,0,0,0,0,0,0,0,0
2026-08-13,25,22:00,chat,0,0,0,0,0,0,0,0
2026-08-13,25,22:30,chat,0,0,0,0,0,0,0,0
2026-08-13,25,23:00,chat,0,0,0,0,0,0,0,0
2026-08-13,25,23:30,chat,0,0,0,0,0,0,0,0
2026-08-14,26,00:00,voice,0,0,0,0,0,0,0,0
2026-08-14,26,00:30,voice,0,0,0,0,0,0,0,0
2026-08-14,26,01:00,voice,0,0,0,0,0,0,0,0
2026-08-14,26,01:30,voice,0,0,0,0,0,0,0,0
2026-08-14,26,02:00,voice,0,0,0,0,0,0,0,0
2026-08-14,26,02:30,voice,0,0,0,0,0,0,0,0
2026-08-14,26,03:00,voice,0,0,0,0,0,0,0,0
2026-08-14,26,03:30,voice,0,0,0,0,0,0,0,0
2026-08-14,26,04:00,voice,0,0,0,0,0,0,0,0
2026-08-14,26,04:30,voice,0,0,0,0,0,0,0,0
2026-08-14,26,05:00,voice,0,0,0,0,0,0,0,0
2026-08-14,26,05:30,voice,0,0,0,0,0,0,0,0
2026-08-14,26,06:00,voice,0,0,0,0,0,0,0,0
2026-08-14,26,06:30,voice,0,0,0,0,0,0,0,0
2026-08-14,26,07:00,voice,0,0,0,0,0,0,0,0
2026-08-14,26,07:30,voice,1,1,1,0,11,100,1817,1817
2026-08-14,26,08:00,voice,1,1,1,0,13,100,1750,1750
2026-08-14,26,08:30,voice,1,1,1,0,11,100,1877,1877
2026-08-14,26,09:00,voice,1,1,1,0,13,100,1712,1712
2026-08-14,26,09:30,voice,1,1,1,0,10,100,1809,1809
2026-08-14,26,10:00,voice,1,1,1,0,13,100,1757,1757
2026-08-14,26,10:30,voice,2,1,1,1,237,50,1798,1798
2026-08-14,26,11:00,voice,1,1,1,0,12,100,1742,1742
2026-08-14,26,11:30,voice,2,2,2,0,12,100,1616,1616
2026-08-14,26,12:00,voice,1,1,1,0,12,100,1793,1793
2026-08-14,26,12:30,voice,1,1,1,0,11,100,1793,1793
2026-08-14,26,13:00,voice,1,1,1,0,12,100,1662,1662
2026-08-14,26,13:30,voice,1,1,1,0,12,100,1772,1772
2026-08-14,26,14:00,voice,1,1,1,0,11,100,1822,1822
2026-08-14,26,14:30,voice,1,1,1,0,11,100,1793,1793
2026-08-14,26,15:00,voice,1,1,1,0,12,100,1769,1769
2026-08-14,26,15:30,voice,2,2,2,0,12,100,1966,1966
2026-08-14,26,16:00,voice,1,1,1,0,14,100,1721,1721
2026-08-14,26,16:30,voice,1,1,1,0,13,100,1773,1773
2026-08-14,26,17:00,voice,1,1,1,0,12,100,1846,1846
2026-08-14,26,17:30,voice,1,1,1,0,12,100,1801,1801
2026-08-14,26,18:00,voice,1,1,1,0,13,100,1887,1887
2026-08-14,26,18:30,voice,1,1,1,0,11,100,1890,1890
2026-08-14,26,19:00,voice,0,0,0,0,0,0,0,0
2026-08-14,26,19:30,voice,0,0,0,0,0,0,0,0
2026-08-14,26,20:00,voice,0,0,0,0,0,0,0,0
2026-08-14,26,20:30,voice,0,0,0,0,0,0,0,0
2026-08-14,26,21:00,voice,0,0,0,0,0,0,0,0
2026-08-14,26,21:30,voice,0,0,0,0,0,0,0,0
2026-08-14,26,22:00,voice,0,0,0,0,0,0,0,0
2026-08-14,26,22:30,voice,0,0,0,0,0,0,0,0
2026-08-14,26,23:00,voice,0,0,0,0,0,0,0,0
2026-08-14,26,23:30,voice,0,0,0,0,0,0,0,0
2026-08-14,26,00:00,chat,0,0,0,0,0,0,0,0
2026-08-14,26,00:30,chat,0,0,0,0,0,0,0,0
2026-08-14,26,01:00,chat,0,0,0,0,0,0,0,0
2026-08-14,26,01:30,chat,0,0,0,0,0,0,0,0
2026-08-14,26,02:00,chat,0,0,0,0,0,0,0,0
2026-08-14,26,02:30,chat,0,0,0,0,0,0,0,0
2026-08-14,26,03:00,chat,0,0,0,0,0,0,0,0
2026-08-14,26,03:30,chat,1,1,1,0,44,100,1020,510
2026-08-14,26,04:00,chat,0,0,0,0,0,0,0,0
2026-08-14,26,04:30,chat,0,0,0,0,0,0,0,0
2026-08-14,26,05:00,chat,0,0,0,0,0,0,0,0
2026-08-14,26,05:30,chat,0,0,0,0,0,0,0,0
2026-08-14,26,06:00,chat,0,0,0,0,0,0,0,0
2026-08-14,26,06:30,chat,0,0,0,0,0,0,0,0
2026-08-14,26,07:00,chat,1,1,1,0,46,100,1002,501
2026-08-14,26,07:30,chat,1,1,1,0,53,100,1037,519
2026-08-14,26,08:00,chat,1,1,1,0,42,100,1042,521
2026-08-14,26,08:30,chat,2,2,2,0,47,100,1178,589
2026-08-14,26,09:00,chat,2,2,2,0,40,100,1013,507
2026-08-14,26,09:30,chat,3,3,3,0,47,100,1012,506
2026-08-14,26,10:00,chat,2,2,2,0,35,100,1069,535
2026-08-14,26,10:30,chat,3,3,3,0,38,100,1141,571
2026-08-14,26,11:00,chat,3,2,2,1,206,66.7,942,471
2026-08-14,26,11:30,chat,3,2,2,1,202,66.7,1088,544
2026-08-14,26,12:00,chat,2,2,2,0,44,100,1076,538
2026-08-14,26,12:30,chat,2,2,2,0,47,100,953,476
2026-08-14,26,13:00,chat,2,2,2,0,47,100,1121,561
2026-08-14,26,13:30,chat,2,2,2,0,42,100,975,488
2026-08-14,26,14:00,chat,2,2,2,0,41,100,1013,507
2026-08-14,26,14:30,chat,3,3,3,0,47,100,1045,522
2026-08-14,26,15:00,chat,3,3,3,0,45,100,1125,563
2026-08-14,26,15:30,chat,3,3,3,0,45,100,1040,520
2026-08-14,26,16:00,chat,2,2,2,0,39,100,1084,542
2026-08-14,26,16:30,chat,2,2,2,0,47,100,1044,522
2026-08-14,26,17:00,chat,2,2,2,0,43,100,926,463
2026-08-14,26,17:30,chat,1,1,1,0,38,100,995,498
2026-08-14,26,18:00,chat,1,1,1,0,48,100,1012,506
2026-08-14,26,18:30,chat,1,1,1,0,46,100,1001,501
2026-08-14,26,19:00,chat,1,1,1,0,51,100,1054,527
2026-08-14,26,19:30,chat,1,1,1,0,47,100,949,474
2026-08-14,26,20:00,chat,1,1,1,0,36,100,1050,525
2026-08-14,26,20:30,chat,0,0,0,0,0,0,0,0
2026-08-14,26,21:00,chat,0,0,0,0,0,0,0,0
2026-08-14,26,21:30,chat,0,0,0,0,0,0,0,0
2026-08-14,26,22:00,chat,0,0,0,0,0,0,0,0
2026-08-14,26,22:30,chat,0,0,0,0,0,0,0,0
2026-08-14,26,23:00,chat,0,0,0,0,0,0,0,0
2026-08-14,26,23:30,chat,0,0,0,0,0,0,0,0
2026-08-15,27,00:00,voice,0,0,0,0,0,0,0,0
2026-08-15,27,00:30,voice,0,0,0,0,0,0,0,0
2026-08-15,27,01:00,voice,0,0,0,0,0,0,0,0
2026-08-15,27,01:30,voice,0,0,0,0,0,0,0,0
2026-08-15,27,02:00,voice,0,0,0,0,0,0,0,0
2026-08-15,27,02:30,voice,0,0,0,0,0,0,0,0
2026-08-15,27,03:00,voice,0,0,0,0,0,0,0,0
2026-08-15,27,03:30,voice,0,0,0,0,0,0,0,0
2026-08-15,27,04:00,voice,0,0,0,0,0,0,0,0
2026-08-15,27,04:30,voice,0,0,0,0,0,0,0,0
2026-08-15,27,05:00,voice,0,0,0,0,0,0,0,0
2026-08-15,27,05:30,voice,0,0,0,0,0,0,0,0
2026-08-15,27,06:00,voice,0,0,0,0,0,0,0,0
2026-08-15,27,06:30,voice,0,0,0,0,0,0,0,0
2026-08-15,27,07:00,voice,0,0,0,0,0,0,0,0
2026-08-15,27,07:30,voice,0,0,0,0,0,0,0,0
2026-08-15,27,08:00,voice,0,0,0,0,0,0,0,0
2026-08-15,27,08:30,voice,0,0,0,0,0,0,0,0
2026-08-15,27,09:00,voice,1,1,1,0,12,100,1797,1797
2026-08-15,27,09:30,voice,1,1,1,0,13,100,1718,1718
2026-08-15,27,10:00,voice,1,1,1,0,11,100,1847,1847
2026-08-15,27,10:30,voice,1,1,1,0,12,100,1968,1968
2026-08-15,27,11:00,voice,1,1,1,0,9,100,1781,1781
2026-08-15,27,11:30,voice,1,1,1,0,11,100,1824,1824
2026-08-15,27,12:00,voice,1,1,1,0,11,100,1990,1990
2026-08-15,27,12:30,voice,1,1,1,0,13,100,1854,1854
2026-08-15,27,13:00,voice,0,0,0,0,0,0,0,0
2026-08-15,27,13:30,voice,1,1,1,0,13,100,1597,1597
2026-08-15,27,14:00,voice,1,1,0,0,992,0,1671,1671
2026-08-15,27,14:30,voice,1,1,1,0,14,100,1775,1775
2026-08-15,27,15:00,voice,0,0,0,0,0,0,0,0
2026-08-15,27,15:30,voice,1,1,1,0,12,100,1874,1874
2026-08-15,27,16:00,voice,1,1,1,0,12,100,1750,1750
2026-08-15,27,16:30,voice,1,1,1,0,13,100,1814,1814
2026-08-15,27,17:00,voice,0,0,0,0,0,0,0,0
2026-08-15,27,17:30,voice,0,0,0,0,0,0,0,0
2026-08-15,27,18:00,voice,0,0,0,0,0,0,0,0
2026-08-15,27,18:30,voice,0,0,0,0,0,0,0,0
2026-08-15,27,19:00,voice,0,0,0,0,0,0,0,0
2026-08-15,27,19:30,voice,0,0,0,0,0,0,0,0
2026-08-15,27,20:00,voice,0,0,0,0,0,0,0,0
2026-08-15,27,20:30,voice,0,0,0,0,0,0,0,0
2026-08-15,27,21:00,voice,0,0,0,0,0,0,0,0
2026-08-15,27,21:30,voice,0,0,0,0,0,0,0,0
2026-08-15,27,22:00,voice,0,0,0,0,0,0,0,0
2026-08-15,27,22:30,voice,0,0,0,0,0,0,0,0
2026-08-15,27,23:00,voice,0,0,0,0,0,0,0,0
2026-08-15,27,23:30,voice,0,0,0,0,0,0,0,0
2026-08-15,27,00:00,chat,0,0,0,0,0,0,0,0
2026-08-15,27,00:30,chat,0,0,0,0,0,0,0,0
2026-08-15,27,01:00,chat,0,0,0,0,0,0,0,0
2026-08-15,27,01:30,chat,0,0,0,0,0,0,0,0
2026-08-15,27,02:00,chat,0,0,0,0,0,0,0,0
2026-08-15,27,02:30,chat,0,0,0,0,0,0,0,0
2026-08-15,27,03:00,chat,0,0,0,0,0,0,0,0
2026-08-15,27,03:30,chat,0,0,0,0,0,0,0,0
2026-08-15,27,04:00,chat,0,0,0,0,0,0,0,0
2026-08-15,27,04:30,chat,0,0,0,0,0,0,0,0
2026-08-15,27,05:00,chat,0,0,0,0,0,0,0,0
2026-08-15,27,05:30,chat,0,0,0,0,0,0,0,0
2026-08-15,27,06:00,chat,0,0,0,0,0,0,0,0
2026-08-15,27,06:30,chat,0,0,0,0,0,0,0,0
2026-08-15,27,07:00,chat,1,1,1,0,47,100,1069,534
2026-08-15,27,07:30,chat,1,1,1,0,47,100,1136,568
2026-08-15,27,08:00,chat,1,1,1,0,47,100,1095,547
2026-08-15,27,08:30,chat,1,1,1,0,44,100,1099,550
2026-08-15,27,09:00,chat,1,1,1,0,42,100,1057,529
2026-08-15,27,09:30,chat,1,1,1,0,51,100,1037,519
2026-08-15,27,10:00,chat,2,2,2,0,48,100,977,488
2026-08-15,27,10:30,chat,2,2,2,0,42,100,1179,589
2026-08-15,27,11:00,chat,2,1,1,1,407,50,995,498
2026-08-15,27,11:30,chat,1,1,1,0,43,100,975,487
2026-08-15,27,12:00,chat,1,1,1,0,54,100,1063,532
2026-08-15,27,12:30,chat,1,1,1,0,42,100,1002,501
2026-08-15,27,13:00,chat,1,1,1,0,41,100,1048,524
2026-08-15,27,13:30,chat,1,1,1,0,53,100,1190,595
2026-08-15,27,14:00,chat,1,1,1,0,46,100,1220,610
2026-08-15,27,14:30,chat,2,2,2,0,51,100,1087,543
2026-08-15,27,15:00,chat,1,1,0,0,1773,0,1140,570
2026-08-15,27,15:30,chat,1,1,1,0,48,100,922,461
2026-08-15,27,16:00,chat,1,1,1,0,46,100,1089,545
2026-08-15,27,16:30,chat,1,1,1,0,53,100,1001,501
2026-08-15,27,17:00,chat,1,1,1,0,40,100,1051,526
2026-08-15,27,17:30,chat,1,1,1,0,52,100,1074,537
2026-08-15,27,18:00,chat,1,1,1,0,39,100,1050,525
2026-08-15,27,18:30,chat,1,1,1,0,40,100,1086,543
2026-08-15,27,19:00,chat,0,0,0,0,0,0,0,0
2026-08-15,27,19:30,chat,0,0,0,0,0,0,0,0
2026-08-15,27,20:00,chat,0,0,0,0,0,0,0,0
2026-08-15,27,20:30,chat,0,0,0,0,0,0,0,0
2026-08-15,27,21:00,chat,0,0,0,0,0,0,0,0
2026-08-15,27,21:30,chat,0,0,0,0,0,0,0,0
2026-08-15,27,22:00,chat,0,0,0,0,0,0,0,0
2026-08-15,27,22:30,chat,0,0,0,0,0,0,0,0
2026-08-15,27,23:00,chat,0,0,0,0,0,0,0,0
2026-08-15,27,23:30,chat,0,0,0,0,0,0,0,0
2026-08-16,28,00:00,voice,0,0,0,0,0,0,0,0
2026-08-16,28,00:30,voice,0,0,0,0,0,0,0,0
2026-08-16,28,01:00,voice,0,0,0,0,0,0,0,0
2026-08-16,28,01:30,voice,0,0,0,0,0,0,0,0
2026-08-16,28,02:00,voice,0,0,0,0,0,0,0,0
2026-08-16,28,02:30,voice,0,0,0,0,0,0,0,0
2026-08-16,28,03:00,voice,0,0,0,0,0,0,0,0
2026-08-16,28,03:30,voice,0,0,0,0,0,0,0,0
2026-08-16,28,04:00,voice,0,0,0,0,0,0,0,0
2026-08-16,28,04:30,voice,0,0,0,0,0,0,0,0
2026-08-16,28,05:00,voice,0,0,0,0,0,0,0,0
2026-08-16,28,05:30,voice,0,0,0,0,0,0,0,0
2026-08-16,28,06:00,voice,0,0,0,0,0,0,0,0
2026-08-16,28,06:30,voice,0,0,0,0,0,0,0,0
2026-08-16,28,07:00,voice,0,0,0,0,0,0,0,0
2026-08-16,28,07:30,voice,0,0,0,0,0,0,0,0
2026-08-16,28,08:00,voice,0,0,0,0,0,0,0,0
2026-08-16,28,08:30,voice,0,0,0,0,0,0,0,0
2026-08-16,28,09:00,voice,1,1,1,0,11,100,2078,2078
2026-08-16,28,09:30,voice,1,1,1,0,11,100,1991,1991
2026-08-16,28,10:00,voice,1,1,1,0,11,100,2014,2014
2026-08-16,28,10:30,voice,1,1,1,0,11,100,2100,2100
2026-08-16,28,11:00,voice,1,1,1,0,11,100,1949,1949
2026-08-16,28,11:30,voice,1,1,1,0,12,100,2037,2037
2026-08-16,28,12:00,voice,1,1,1,0,14,100,2064,2064
2026-08-16,28,12:30,voice,1,1,1,0,11,100,2013,2013
2026-08-16,28,13:00,voice,1,1,1,0,15,100,1886,1886
2026-08-16,28,13:30,voice,1,1,1,0,13,100,2093,2093
2026-08-16,28,14:00,voice,1,1,1,0,12,100,2015,2015
2026-08-16,28,14:30,voice,1,1,1,0,11,100,2009,2009
2026-08-16,28,15:00,voice,1,1,1,0,10,100,1818,1818
2026-08-16,28,15:30,voice,1,1,1,0,12,100,1784,1784
2026-08-16,28,16:00,voice,0,0,0,0,0,0,0,0
2026-08-16,28,16:30,voice,1,1,1,0,12,100,2088,2088
2026-08-16,28,17:00,voice,0,0,0,0,0,0,0,0
2026-08-16,28,17:30,voice,0,0,0,0,0,0,0,0
2026-08-16,28,18:00,voice,0,0,0,0,0,0,0,0
2026-08-16,28,18:30,voice,0,0,0,0,0,0,0,0
2026-08-16,28,19:00,voice,0,0,0,0,0,0,0,0
2026-08-16,28,19:30,voice,0,0,0,0,0,0,0,0
2026-08-16,28,20:00,voice,0,0,0,0,0,0,0,0
2026-08-16,28,20:30,voice,0,0,0,0,0,0,0,0
2026-08-16,28,21:00,voice,0,0,0,0,0,0,0,0
2026-08-16,28,21:30,voice,0,0,0,0,0,0,0,0
2026-08-16,28,22:00,voice,0,0,0,0,0,0,0,0
2026-08-16,28,22:30,voice,0,0,0,0,0,0,0,0
2026-08-16,28,23:00,voice,0,0,0,0,0,0,0,0
2026-08-16,28,23:30,voice,0,0,0,0,0,0,0,0
2026-08-16,28,00:00,chat,0,0,0,0,0,0,0,0
2026-08-16,28,00:30,chat,0,0,0,0,0,0,0,0
2026-08-16,28,01:00,chat,0,0,0,0,0,0,0,0
2026-08-16,28,01:30,chat,0,0,0,0,0,0,0,0
2026-08-16,28,02:00,chat,0,0,0,0,0,0,0,0
2026-08-16,28,02:30,chat,0,0,0,0,0,0,0,0
2026-08-16,28,03:00,chat,0,0,0,0,0,0,0,0
2026-08-16,28,03:30,chat,0,0,0,0,0,0,0,0
2026-08-16,28,04:00,chat,0,0,0,0,0,0,0,0
2026-08-16,28,04:30,chat,0,0,0,0,0,0,0,0
2026-08-16,28,05:00,chat,0,0,0,0,0,0,0,0
2026-08-16,28,05:30,chat,0,0,0,0,0,0,0,0
2026-08-16,28,06:00,chat,0,0,0,0,0,0,0,0
2026-08-16,28,06:30,chat,0,0,0,0,0,0,0,0
2026-08-16,28,07:00,chat,0,0,0,0,0,0,0,0
2026-08-16,28,07:30,chat,1,1,1,0,45,100,1131,566
2026-08-16,28,08:00,chat,1,1,1,0,40,100,1138,569
2026-08-16,28,08:30,chat,1,1,1,0,38,100,1114,557
2026-08-16,28,09:00,chat,1,1,1,0,45,100,1033,516
2026-08-16,28,09:30,chat,2,2,2,0,46,100,1157,578
2026-08-16,28,10:00,chat,1,1,1,0,51,100,1190,595
2026-08-16,28,10:30,chat,2,2,2,0,49,100,995,497
2026-08-16,28,11:00,chat,2,2,2,0,52,100,995,498
2026-08-16,28,11:30,chat,2,2,2,0,41,100,1201,600
2026-08-16,28,12:00,chat,1,1,1,0,45,100,1127,564
2026-08-16,28,12:30,chat,1,1,1,0,41,100,1147,574
2026-08-16,28,13:00,chat,1,1,1,0,45,100,1151,576
2026-08-16,28,13:30,chat,2,2,2,0,49,100,1175,587
2026-08-16,28,14:00,chat,1,1,1,0,38,100,1144,572
2026-08-16,28,14:30,chat,1,1,1,0,51,100,1041,520
2026-08-16,28,15:00,chat,2,2,2,0,48,100,1152,576
2026-08-16,28,15:30,chat,2,1,1,1,440,50,1138,569
2026-08-16,28,16:00,chat,1,1,1,0,43,100,1180,590
2026-08-16,28,16:30,chat,1,1,1,0,40,100,1101,550
2026-08-16,28,17:00,chat,1,1,1,0,41,100,1057,528
2026-08-16,28,17:30,chat,1,1,1,0,45,100,1146,573
2026-08-16,28,18:00,chat,1,1,1,0,43,100,1022,511
2026-08-16,28,18:30,chat,1,1,1,0,51,100,1013,507
2026-08-16,28,19:00,chat,1,1,1,0,42,100,1163,582
2026-08-16,28,19:30,chat,0,0,0,0,0,0,0,0
2026-08-16,28,20:00,chat,0,0,0,0,0,0,0,0
2026-08-16,28,20:30,chat,0,0,0,0,0,0,0,0
2026-08-16,28,21:00,chat,0,0,0,0,0,0,0,0
2026-08-16,28,21:30,chat,0,0,0,0,0,0,0,0
2026-08-16,28,22:00,chat,0,0,0,0,0,0,0,0
2026-08-16,28,22:30,chat,0,0,0,0,0,0,0,0
2026-08-16,28,23:00,chat,0,0,0,0,0,0,0,0
2026-08-16,28,23:30,chat,0,0,0,0,0,0,0,0
2026-08-17,29,00:00,voice,0,0,0,0,0,0,0,0
2026-08-17,29,00:30,voice,0,0,0,0,0,0,0,0
2026-08-17,29,01:00,voice,0,0,0,0,0,0,0,0
2026-08-17,29,01:30,voice,0,0,0,0,0,0,0,0
2026-08-17,29,02:00,voice,0,0,0,0,0,0,0,0
2026-08-17,29,02:30,voice,0,0,0,0,0,0,0,0
2026-08-17,29,03:00,voice,0,0,0,0,0,0,0,0
2026-08-17,29,03:30,voice,0,0,0,0,0,0,0,0
2026-08-17,29,04:00,voice,0,0,0,0,0,0,0,0
2026-08-17,29,04:30,voice,0,0,0,0,0,0,0,0
2026-08-17,29,05:00,voice,0,0,0,0,0,0,0,0
2026-08-17,29,05:30,voice,0,0,0,0,0,0,0,0
2026-08-17,29,06:00,voice,0,0,0,0,0,0,0,0
2026-08-17,29,06:30,voice,0,0,0,0,0,0,0,0
2026-08-17,29,07:00,voice,0,0,0,0,0,0,0,0
2026-08-17,29,07:30,voice,1,1,1,0,13,100,2149,2149
2026-08-17,29,08:00,voice,1,1,1,0,11,100,2231,2231
2026-08-17,29,08:30,voice,1,1,1,0,12,100,2046,2046
2026-08-17,29,09:00,voice,1,1,1,0,11,100,2001,2001
2026-08-17,29,09:30,voice,2,2,2,0,13,100,2085,2085
2026-08-17,29,10:00,voice,2,2,2,0,11,100,1971,1971
2026-08-17,29,10:30,voice,2,1,1,1,237,50,2027,2027
2026-08-17,29,11:00,voice,2,2,2,0,13,100,1939,1939
2026-08-17,29,11:30,voice,2,2,2,0,12,100,1981,1981
2026-08-17,29,12:00,voice,2,2,2,0,12,100,1937,1937
2026-08-17,29,12:30,voice,2,2,2,0,15,100,1851,1851
2026-08-17,29,13:00,voice,2,2,2,0,13,100,2205,2205
2026-08-17,29,13:30,voice,1,1,1,0,11,100,2080,2080
2026-08-17,29,14:00,voice,1,1,1,0,10,100,1975,1975
2026-08-17,29,14:30,voice,2,2,2,0,11,100,1853,1853
2026-08-17,29,15:00,voice,2,2,2,0,12,100,2038,2038
2026-08-17,29,15:30,voice,1,1,1,0,12,100,2195,2195
2026-08-17,29,16:00,voice,1,1,1,0,11,100,1841,1841
2026-08-17,29,16:30,voice,1,1,1,0,12,100,2071,2071
2026-08-17,29,17:00,voice,1,1,1,0,14,100,2205,2205
2026-08-17,29,17:30,voice,1,1,1,0,11,100,1928,1928
2026-08-17,29,18:00,voice,1,1,1,0,14,100,2113,2113
2026-08-17,29,18:30,voice,1,1,1,0,10,100,2234,2234
2026-08-17,29,19:00,voice,0,0,0,0,0,0,0,0
2026-08-17,29,19:30,voice,0,0,0,0,0,0,0,0
2026-08-17,29,20:00,voice,0,0,0,0,0,0,0,0
2026-08-17,29,20:30,voice,0,0,0,0,0,0,0,0
2026-08-17,29,21:00,voice,0,0,0,0,0,0,0,0
2026-08-17,29,21:30,voice,0,0,0,0,0,0,0,0
2026-08-17,29,22:00,voice,0,0,0,0,0,0,0,0
2026-08-17,29,22:30,voice,0,0,0,0,0,0,0,0
2026-08-17,29,23:00,voice,0,0,0,0,0,0,0,0
2026-08-17,29,23:30,voice,0,0,0,0,0,0,0,0
2026-08-17,29,00:00,chat,0,0,0,0,0,0,0,0
2026-08-17,29,00:30,chat,0,0,0,0,0,0,0,0
2026-08-17,29,01:00,chat,0,0,0,0,0,0,0,0
2026-08-17,29,01:30,chat,0,0,0,0,0,0,0,0
2026-08-17,29,02:00,chat,0,0,0,0,0,0,0,0
2026-08-17,29,02:30,chat,0,0,0,0,0,0,0,0
2026-08-17,29,03:00,chat,0,0,0,0,0,0,0,0
2026-08-17,29,03:30,chat,0,0,0,0,0,0,0,0
2026-08-17,29,04:00,chat,0,0,0,0,0,0,0,0
2026-08-17,29,04:30,chat,1,1,1,0,49,100,1000,500
2026-08-17,29,05:00,chat,0,0,0,0,0,0,0,0
2026-08-17,29,05:30,chat,0,0,0,0,0,0,0,0
2026-08-17,29,06:00,chat,1,1,1,0,37,100,1066,533
2026-08-17,29,06:30,chat,1,1,1,0,39,100,1027,514
2026-08-17,29,07:00,chat,1,1,1,0,41,100,1131,566
2026-08-17,29,07:30,chat,1,1,1,0,45,100,1007,504
2026-08-17,29,08:00,chat,1,1,1,0,51,100,1077,539
2026-08-17,29,08:30,chat,2,2,2,0,42,100,941,470
2026-08-17,29,09:00,chat,3,3,3,0,45,100,1045,523
2026-08-17,29,09:30,chat,3,3,3,0,41,100,1108,554
2026-08-17,29,10:00,chat,3,2,2,1,224,66.7,1166,583
2026-08-17,29,10:30,chat,4,4,4,0,51,100,994,497
2026-08-17,29,11:00,chat,4,3,3,1,140,75,1152,576
2026-08-17,29,11:30,chat,6,5,5,1,82,83.3,1024,512
2026-08-17,29,12:00,chat,3,3,2,0,237,66.7,1036,518
2026-08-17,29,12:30,chat,3,3,2,0,187,66.7,1043,522
2026-08-17,29,13:00,chat,3,3,3,0,42,100,1031,516
2026-08-17,29,13:30,chat,3,3,3,0,39,100,1120,560
2026-08-17,29,14:00,chat,3,3,3,0,41,100,1101,551
2026-08-17,29,14:30,chat,3,3,3,0,42,100,997,499
2026-08-17,29,15:00,chat,3,3,2,0,240,66.7,1014,507
2026-08-17,29,15:30,chat,3,3,3,0,50,100,1039,519
2026-08-17,29,16:00,chat,2,2,2,0,50,100,1108,554
2026-08-17,29,16:30,chat,2,2,2,0,51,100,1036,518
2026-08-17,29,17:00,chat,2,2,2,0,40,100,1145,572
2026-08-17,29,17:30,chat,1,1,1,0,44,100,1124,562
2026-08-17,29,18:00,chat,1,1,1,0,37,100,1088,544
2026-08-17,29,18:30,chat,1,1,1,0,48,100,1052,526
2026-08-17,29,19:00,chat,1,1,1,0,40,100,1127,563
2026-08-17,29,19:30,chat,1,1,1,0,36,100,1002,501
2026-08-17,29,20:00,chat,0,0,0,0,0,0,0,0
2026-08-17,29,20:30,chat,0,0,0,0,0,0,0,0
2026-08-17,29,21:00,chat,0,0,0,0,0,0,0,0
2026-08-17,29,21:30,chat,0,0,0,0,0,0,0,0
2026-08-17,29,22:00,chat,0,0,0,0,0,0,0,0
2026-08-17,29,22:30,chat,1,1,1,0,48,100,1132,566
2026-08-17,29,23:00,chat,0,0,0,0,0,0,0,0
2026-08-17,29,23:30,chat,0,0,0,0,0,0,0,0
2026-08-18,30,00:00,voice,0,0,0,0,0,0,0,0
2026-08-18,30,00:30,voice,0,0,0,0,0,0,0,0
2026-08-18,30,01:00,voice,0,0,0,0,0,0,0,0
2026-08-18,30,01:30,voice,0,0,0,0,0,0,0,0
2026-08-18,30,02:00,voice,0,0,0,0,0,0,0,0
2026-08-18,30,02:30,voice,0,0,0,0,0,0,0,0
2026-08-18,30,03:00,voice,0,0,0,0,0,0,0,0
2026-08-18,30,03:30,voice,0,0,0,0,0,0,0,0
2026-08-18,30,04:00,voice,0,0,0,0,0,0,0,0
2026-08-18,30,04:30,voice,0,0,0,0,0,0,0,0
2026-08-18,30,05:00,voice,0,0,0,0,0,0,0,0
2026-08-18,30,05:30,voice,0,0,0,0,0,0,0,0
2026-08-18,30,06:00,voice,0,0,0,0,0,0,0,0
2026-08-18,30,06:30,voice,0,0,0,0,0,0,0,0
2026-08-18,30,07:00,voice,0,0,0,0,0,0,0,0
2026-08-18,30,07:30,voice,1,1,1,0,11,100,1978,1978
2026-08-18,30,08:00,voice,1,1,1,0,12,100,1955,1955
2026-08-18,30,08:30,voice,1,1,1,0,10,100,2073,2073
2026-08-18,30,09:00,voice,1,1,1,0,13,100,1899,1899
2026-08-18,30,09:30,voice,2,2,2,0,12,100,2207,2207
2026-08-18,30,10:00,voice,2,1,1,1,231,50,1968,1968
2026-08-18,30,10:30,voice,2,2,2,0,12,100,2224,2224
2026-08-18,30,11:00,voice,2,2,2,0,12,100,1742,1742
2026-08-18,30,11:30,voice,2,2,2,0,12,100,1848,1848
2026-08-18,30,12:00,voice,1,1,1,0,12,100,1826,1826
2026-08-18,30,12:30,voice,2,2,2,0,13,100,1897,1897
2026-08-18,30,13:00,voice,1,1,1,0,10,100,1845,1845
2026-08-18,30,13:30,voice,1,1,1,0,11,100,2027,2027
2026-08-18,30,14:00,voice,1,1,1,0,11,100,2044,2044
2026-08-18,30,14:30,voice,2,2,2,0,13,100,1844,1844
2026-08-18,30,15:00,voice,2,2,2,0,12,100,2098,2098
2026-08-18,30,15:30,voice,2,2,2,0,10,100,1902,1902
2026-08-18,30,16:00,voice,1,1,1,0,10,100,1824,1824
2026-08-18,30,16:30,voice,1,1,1,0,13,100,1837,1837
2026-08-18,30,17:00,voice,1,1,1,0,10,100,1999,1999
2026-08-18,30,17:30,voice,1,1,1,0,12,100,1940,1940
2026-08-18,30,18:00,voice,1,1,1,0,12,100,1978,1978
2026-08-18,30,18:30,voice,1,1,1,0,13,100,1845,1845
2026-08-18,30,19:00,voice,0,0,0,0,0,0,0,0
2026-08-18,30,19:30,voice,0,0,0,0,0,0,0,0
2026-08-18,30,20:00,voice,0,0,0,0,0,0,0,0
2026-08-18,30,20:30,voice,0,0,0,0,0,0,0,0
2026-08-18,30,21:00,voice,0,0,0,0,0,0,0,0
2026-08-18,30,21:30,voice,0,0,0,0,0,0,0,0
2026-08-18,30,22:00,voice,0,0,0,0,0,0,0,0
2026-08-18,30,22:30,voice,0,0,0,0,0,0,0,0
2026-08-18,30,23:00,voice,0,0,0,0,0,0,0,0
2026-08-18,30,23:30,voice,0,0,0,0,0,0,0,0
2026-08-18,30,00:00,chat,1,1,1,0,49,100,1209,604
2026-08-18,30,00:30,chat,1,1,1,0,39,100,1090,545
2026-08-18,30,01:00,chat,0,0,0,0,0,0,0,0
2026-08-18,30,01:30,chat,0,0,0,0,0,0,0,0
2026-08-18,30,02:00,chat,1,1,1,0,43,100,1243,622
2026-08-18,30,02:30,chat,1,1,1,0,49,100,1201,600
2026-08-18,30,03:00,chat,0,0,0,0,0,0,0,0
2026-08-18,30,03:30,chat,0,0,0,0,0,0,0,0
2026-08-18,30,04:00,chat,1,1,1,0,50,100,1177,588
2026-08-18,30,04:30,chat,0,0,0,0,0,0,0,0
2026-08-18,30,05:00,chat,0,0,0,0,0,0,0,0
2026-08-18,30,05:30,chat,0,0,0,0,0,0,0,0
2026-08-18,30,06:00,chat,0,0,0,0,0,0,0,0
2026-08-18,30,06:30,chat,1,1,1,0,45,100,1214,607
2026-08-18,30,07:00,chat,1,1,1,0,47,100,1126,563
2026-08-18,30,07:30,chat,1,1,1,0,49,100,1227,614
2026-08-18,30,08:00,chat,1,1,1,0,49,100,1231,615
2026-08-18,30,08:30,chat,1,1,1,0,38,100,1174,587
2026-08-18,30,09:00,chat,2,2,2,0,44,100,1217,609
2026-08-18,30,09:30,chat,2,2,2,0,46,100,1138,569
2026-08-18,30,10:00,chat,4,4,3,0,164,75,1183,592
2026-08-18,30,10:30,chat,4,4,3,0,111,75,1115,557
2026-08-18,30,11:00,chat,4,3,3,1,124,75,1141,571
2026-08-18,30,11:30,chat,4,4,4,0,43,100,1285,643
2026-08-18,30,12:00,chat,3,3,3,0,44,100,1161,581
2026-08-18,30,12:30,chat,2,2,2,0,44,100,1240,620
2026-08-18,30,13:00,chat,2,2,2,0,48,100,1215,608
2026-08-18,30,13:30,chat,3,2,2,1,212,66.7,1033,517
2026-08-18,30,14:00,chat,2,2,2,0,47,100,1154,577
2026-08-18,30,14:30,chat,3,3,3,0,47,100,1055,528
2026-08-18,30,15:00,chat,3,3,3,0,40,100,1194,597
2026-08-18,30,15:30,chat,3,3,3,0,44,100,1183,592
2026-08-18,30,16:00,chat,2,2,2,0,41,100,1158,579
2026-08-18,30,16:30,chat,2,2,2,0,42,100,1037,519
2026-08-18,30,17:00,chat,2,2,2,0,39,100,1192,596
2026-08-18,30,17:30,chat,1,1,1,0,38,100,1052,526
2026-08-18,30,18:00,chat,1,1,1,0,50,100,1118,559
2026-08-18,30,18:30,chat,1,1,1,0,42,100,1192,596
2026-08-18,30,19:00,chat,1,1,1,0,46,100,1227,613
2026-08-18,30,19:30,chat,0,0,0,0,0,0,0,0
2026-08-18,30,20:00,chat,1,1,1,0,55,100,1100,550
2026-08-18,30,20:30,chat,0,0,0,0,0,0,0,0
2026-08-18,30,21:00,chat,0,0,0,0,0,0,0,0
2026-08-18,30,21:30,chat,1,1,1,0,41,100,1101,551
2026-08-18,30,22:00,chat,0,0,0,0,0,0,0,0
2026-08-18,30,22:30,chat,0,0,0,0,0,0,0,0
2026-08-18,30,23:00,chat,0,0,0,0,0,0,0,0
2026-08-18,30,23:30,chat,0,0,0,0,0,0,0,0
2026-08-19,31,00:00,voice,0,0,0,0,0,0,0,0
2026-08-19,31,00:30,voice,0,0,0,0,0,0,0,0
2026-08-19,31,01:00,voice,0,0,0,0,0,0,0,0
2026-08-19,31,01:30,voice,0,0,0,0,0,0,0,0
2026-08-19,31,02:00,voice,0,0,0,0,0,0,0,0
2026-08-19,31,02:30,voice,0,0,0,0,0,0,0,0
2026-08-19,31,03:00,voice,0,0,0,0,0,0,0,0
2026-08-19,31,03:30,voice,0,0,0,0,0,0,0,0
2026-08-19,31,04:00,voice,0,0,0,0,0,0,0,0
2026-08-19,31,04:30,voice,0,0,0,0,0,0,0,0
2026-08-19,31,05:00,voice,0,0,0,0,0,0,0,0
2026-08-19,31,05:30,voice,0,0,0,0,0,0,0,0
2026-08-19,31,06:00,voice,0,0,0,0,0,0,0,0
2026-08-19,31,06:30,voice,0,0,0,0,0,0,0,0
2026-08-19,31,07:00,voice,0,0,0,0,0,0,0,0
2026-08-19,31,07:30,voice,1,1,1,0,12,100,2159,2159
2026-08-19,31,08:00,voice,1,1,1,0,12,100,2003,2003
2026-08-19,31,08:30,voice,1,1,1,0,12,100,2068,2068
2026-08-19,31,09:00,voice,1,1,1,0,12,100,2059,2059
2026-08-19,31,09:30,voice,1,1,1,0,13,100,2051,2051
2026-08-19,31,10:00,voice,2,2,2,0,14,100,2057,2057
2026-08-19,31,10:30,voice,2,2,2,0,12,100,1916,1916
2026-08-19,31,11:00,voice,2,2,1,0,214,50,2083,2083
2026-08-19,31,11:30,voice,2,2,2,0,14,100,2065,2065
2026-08-19,31,12:00,voice,2,2,2,0,12,100,2033,2033
2026-08-19,31,12:30,voice,2,2,1,0,194,50,2223,2223
2026-08-19,31,13:00,voice,2,2,2,0,12,100,2196,2196
2026-08-19,31,13:30,voice,1,1,1,0,11,100,2032,2032
2026-08-19,31,14:00,voice,2,2,2,0,12,100,2042,2042
2026-08-19,31,14:30,voice,2,2,2,0,12,100,1919,1919
2026-08-19,31,15:00,voice,2,2,2,0,11,100,1971,1971
2026-08-19,31,15:30,voice,2,1,1,1,231,50,1891,1891
2026-08-19,31,16:00,voice,2,2,2,0,12,100,1792,1792
2026-08-19,31,16:30,voice,1,1,1,0,14,100,2205,2205
2026-08-19,31,17:00,voice,1,1,1,0,11,100,1986,1986
2026-08-19,31,17:30,voice,1,1,1,0,14,100,1949,1949
2026-08-19,31,18:00,voice,1,1,1,0,11,100,1949,1949
2026-08-19,31,18:30,voice,0,0,0,0,0,0,0,0
2026-08-19,31,19:00,voice,0,0,0,0,0,0,0,0
2026-08-19,31,19:30,voice,0,0,0,0,0,0,0,0
2026-08-19,31,20:00,voice,0,0,0,0,0,0,0,0
2026-08-19,31,20:30,voice,0,0,0,0,0,0,0,0
2026-08-19,31,21:00,voice,0,0,0,0,0,0,0,0
2026-08-19,31,21:30,voice,0,0,0,0,0,0,0,0
2026-08-19,31,22:00,voice,0,0,0,0,0,0,0,0
2026-08-19,31,22:30,voice,0,0,0,0,0,0,0,0
2026-08-19,31,23:00,voice,0,0,0,0,0,0,0,0
2026-08-19,31,23:30,voice,0,0,0,0,0,0,0,0
2026-08-19,31,00:00,chat,1,1,1,0,38,100,1087,543
2026-08-19,31,00:30,chat,1,1,1,0,39,100,1154,577
2026-08-19,31,01:00,chat,0,0,0,0,0,0,0,0
2026-08-19,31,01:30,chat,0,0,0,0,0,0,0,0
2026-08-19,31,02:00,chat,0,0,0,0,0,0,0,0
2026-08-19,31,02:30,chat,0,0,0,0,0,0,0,0
2026-08-19,31,03:00,chat,1,1,1,0,55,100,962,481
2026-08-19,31,03:30,chat,0,0,0,0,0,0,0,0
2026-08-19,31,04:00,chat,0,0,0,0,0,0,0,0
2026-08-19,31,04:30,chat,0,0,0,0,0,0,0,0
2026-08-19,31,05:00,chat,1,1,1,0,42,100,1167,584
2026-08-19,31,05:30,chat,0,0,0,0,0,0,0,0
2026-08-19,31,06:00,chat,1,1,1,0,41,100,1242,621
2026-08-19,31,06:30,chat,1,1,1,0,45,100,1203,601
2026-08-19,31,07:00,chat,1,1,1,0,45,100,1026,513
2026-08-19,31,07:30,chat,1,1,1,0,45,100,1216,608
2026-08-19,31,08:00,chat,1,1,1,0,41,100,1073,537
2026-08-19,31,08:30,chat,2,2,2,0,41,100,1149,574
2026-08-19,31,09:00,chat,3,3,3,0,36,100,1155,578
2026-08-19,31,09:30,chat,3,3,3,0,37,100,1229,615
2026-08-19,31,10:00,chat,3,3,3,0,49,100,990,495
2026-08-19,31,10:30,chat,4,3,3,1,125,75,1179,589
2026-08-19,31,11:00,chat,4,3,2,1,399,50,1131,566
2026-08-19,31,11:30,chat,3,3,3,0,46,100,1105,553
2026-08-19,31,12:00,chat,4,4,4,0,54,100,1283,642
2026-08-19,31,12:30,chat,2,2,2,0,38,100,1137,569
2026-08-19,31,13:00,chat,2,2,2,0,45,100,950,475
2026-08-19,31,13:30,chat,3,3,3,0,45,100,1120,560
2026-08-19,31,14:00,chat,3,3,3,0,44,100,1083,541
2026-08-19,31,14:30,chat,3,3,3,0,43,100,1139,569
2026-08-19,31,15:00,chat,3,3,3,0,40,100,1016,508
2026-08-19,31,15:30,chat,3,3,3,0,43,100,1130,565
2026-08-19,31,16:00,chat,3,3,3,0,44,100,1048,524
2026-08-19,31,16:30,chat,2,2,2,0,48,100,1071,536
2026-08-19,31,17:00,chat,3,3,3,0,47,100,1137,568
2026-08-19,31,17:30,chat,1,1,1,0,46,100,1132,566
2026-08-19,31,18:00,chat,1,1,1,0,46,100,1097,548
2026-08-19,31,18:30,chat,1,1,1,0,47,100,1152,576
2026-08-19,31,19:00,chat,1,1,1,0,41,100,1017,509
2026-08-19,31,19:30,chat,1,1,1,0,42,100,1042,521
2026-08-19,31,20:00,chat,0,0,0,0,0,0,0,0
2026-08-19,31,20:30,chat,1,1,1,0,46,100,1113,557
2026-08-19,31,21:00,chat,1,1,1,0,47,100,1053,526
2026-08-19,31,21:30,chat,0,0,0,0,0,0,0,0
2026-08-19,31,22:00,chat,0,0,0,0,0,0,0,0
2026-08-19,31,22:30,chat,0,0,0,0,0,0,0,0
2026-08-19,31,23:00,chat,0,0,0,0,0,0,0,0
2026-08-19,31,23:30,chat,0,0,0,0,0,0,0,0
2026-08-20,32,00:00,voice,0,0,0,0,0,0,0,0
2026-08-20,32,00:30,voice,0,0,0,0,0,0,0,0
2026-08-20,32,01:00,voice,0,0,0,0,0,0,0,0
2026-08-20,32,01:30,voice,0,0,0,0,0,0,0,0
2026-08-20,32,02:00,voice,0,0,0,0,0,0,0,0
2026-08-20,32,02:30,voice,0,0,0,0,0,0,0,0
2026-08-20,32,03:00,voice,0,0,0,0,0,0,0,0
2026-08-20,32,03:30,voice,0,0,0,0,0,0,0,0
2026-08-20,32,04:00,voice,0,0,0,0,0,0,0,0
2026-08-20,32,04:30,voice,0,0,0,0,0,0,0,0
2026-08-20,32,05:00,voice,0,0,0,0,0,0,0,0
2026-08-20,32,05:30,voice,0,0,0,0,0,0,0,0
2026-08-20,32,06:00,voice,0,0,0,0,0,0,0,0
2026-08-20,32,06:30,voice,0,0,0,0,0,0,0,0
2026-08-20,32,07:00,voice,0,0,0,0,0,0,0,0
2026-08-20,32,07:30,voice,0,0,0,0,0,0,0,0
2026-08-20,32,08:00,voice,1,1,1,0,10,100,1730,1730
2026-08-20,32,08:30,voice,1,1,1,0,10,100,1977,1977
2026-08-20,32,09:00,voice,1,1,1,0,12,100,1962,1962
2026-08-20,32,09:30,voice,1,1,1,0,15,100,1928,1928
2026-08-20,32,10:00,voice,2,2,2,0,12,100,1897,1897
2026-08-20,32,10:30,voice,2,2,2,0,14,100,1796,1796
2026-08-20,32,11:00,voice,2,2,1,0,249,50,1784,1784
2026-08-20,32,11:30,voice,2,2,2,0,10,100,1937,1937
2026-08-20,32,12:00,voice,1,1,1,0,12,100,2040,2040
2026-08-20,32,12:30,voice,1,1,1,0,13,100,1967,1967
2026-08-20,32,13:00,voice,2,2,2,0,10,100,1934,1934
2026-08-20,32,13:30,voice,2,2,2,0,11,100,1970,1970
2026-08-20,32,14:00,voice,1,1,1,0,14,100,2086,2086
2026-08-20,32,14:30,voice,1,1,1,0,13,100,1767,1767
2026-08-20,32,15:00,voice,2,1,1,1,179,50,2062,2062
2026-08-20,32,15:30,voice,1,1,1,0,12,100,2009,2009
2026-08-20,32,16:00,voice,1,1,1,0,13,100,1955,1955
2026-08-20,32,16:30,voice,1,1,1,0,13,100,1820,1820
2026-08-20,32,17:00,voice,1,1,1,0,12,100,1975,1975
2026-08-20,32,17:30,voice,1,1,1,0,10,100,2317,2317
2026-08-20,32,18:00,voice,1,1,1,0,12,100,1898,1898
2026-08-20,32,18:30,voice,0,0,0,0,0,0,0,0
2026-08-20,32,19:00,voice,0,0,0,0,0,0,0,0
2026-08-20,32,19:30,voice,0,0,0,0,0,0,0,0
2026-08-20,32,20:00,voice,0,0,0,0,0,0,0,0
2026-08-20,32,20:30,voice,0,0,0,0,0,0,0,0
2026-08-20,32,21:00,voice,0,0,0,0,0,0,0,0
2026-08-20,32,21:30,voice,0,0,0,0,0,0,0,0
2026-08-20,32,22:00,voice,0,0,0,0,0,0,0,0
2026-08-20,32,22:30,voice,0,0,0,0,0,0,0,0
2026-08-20,32,23:00,voice,0,0,0,0,0,0,0,0
2026-08-20,32,23:30,voice,0,0,0,0,0,0,0,0
2026-08-20,32,00:00,chat,0,0,0,0,0,0,0,0
2026-08-20,32,00:30,chat,0,0,0,0,0,0,0,0
2026-08-20,32,01:00,chat,0,0,0,0,0,0,0,0
2026-08-20,32,01:30,chat,0,0,0,0,0,0,0,0
2026-08-20,32,02:00,chat,0,0,0,0,0,0,0,0
2026-08-20,32,02:30,chat,0,0,0,0,0,0,0,0
2026-08-20,32,03:00,chat,0,0,0,0,0,0,0,0
2026-08-20,32,03:30,chat,0,0,0,0,0,0,0,0
2026-08-20,32,04:00,chat,0,0,0,0,0,0,0,0
2026-08-20,32,04:30,chat,0,0,0,0,0,0,0,0
2026-08-20,32,05:00,chat,0,0,0,0,0,0,0,0
2026-08-20,32,05:30,chat,0,0,0,0,0,0,0,0
2026-08-20,32,06:00,chat,1,1,1,0,47,100,1117,558
2026-08-20,32,06:30,chat,1,1,1,0,42,100,1109,555
2026-08-20,32,07:00,chat,0,0,0,0,0,0,0,0
2026-08-20,32,07:30,chat,1,1,1,0,46,100,1135,568
2026-08-20,32,08:00,chat,1,1,1,0,43,100,994,497
2026-08-20,32,08:30,chat,2,2,2,0,39,100,1149,574
2026-08-20,32,09:00,chat,3,3,3,0,49,100,1075,538
2026-08-20,32,09:30,chat,3,3,3,0,40,100,1034,517
2026-08-20,32,10:00,chat,3,3,3,0,46,100,1159,579
2026-08-20,32,10:30,chat,3,3,3,0,44,100,1264,632
2026-08-20,32,11:00,chat,2,2,2,0,44,100,1115,558
2026-08-20,32,11:30,chat,3,3,3,0,49,100,1168,584
2026-08-20,32,12:00,chat,3,2,2,1,235,66.7,1166,583
2026-08-20,32,12:30,chat,3,3,3,0,38,100,1083,541
2026-08-20,32,13:00,chat,2,2,2,0,40,100,1119,559
2026-08-20,32,13:30,chat,3,2,2,1,206,66.7,1077,539
2026-08-20,32,14:00,chat,2,2,2,0,39,100,1099,550
2026-08-20,32,14:30,chat,3,3,3,0,46,100,1093,546
2026-08-20,32,15:00,chat,3,3,3,0,50,100,1151,575
2026-08-20,32,15:30,chat,3,3,3,0,44,100,1205,603
2026-08-20,32,16:00,chat,2,2,2,0,52,100,992,496
2026-08-20,32,16:30,chat,2,2,2,0,45,100,1055,527
2026-08-20,32,17:00,chat,2,2,2,0,40,100,1171,585
2026-08-20,32,17:30,chat,1,1,1,0,54,100,1107,554
2026-08-20,32,18:00,chat,1,1,1,0,45,100,1205,603
2026-08-20,32,18:30,chat,1,1,1,0,46,100,1082,541
2026-08-20,32,19:00,chat,1,1,1,0,42,100,1300,650
2026-08-20,32,19:30,chat,0,0,0,0,0,0,0,0
2026-08-20,32,20:00,chat,0,0,0,0,0,0,0,0
2026-08-20,32,20:30,chat,0,0,0,0,0,0,0,0
2026-08-20,32,21:00,chat,0,0,0,0,0,0,0,0
2026-08-20,32,21:30,chat,0,0,0,0,0,0,0,0
2026-08-20,32,22:00,chat,1,1,1,0,54,100,1148,574
2026-08-20,32,22:30,chat,0,0,0,0,0,0,0,0
2026-08-20,32,23:00,chat,0,0,0,0,0,0,0,0
2026-08-20,32,23:30,chat,1,1,1,0,43,100,1103,552
2026-08-21,33,00:00,voice,0,0,0,0,0,0,0,0
2026-08-21,33,00:30,voice,0,0,0,0,0,0,0,0
2026-08-21,33,01:00,voice,0,0,0,0,0,0,0,0
2026-08-21,33,01:30,voice,0,0,0,0,0,0,0,0
2026-08-21,33,02:00,voice,0,0,0,0,0,0,0,0
2026-08-21,33,02:30,voice,0,0,0,0,0,0,0,0
2026-08-21,33,03:00,voice,0,0,0,0,0,0,0,0
2026-08-21,33,03:30,voice,0,0,0,0,0,0,0,0
2026-08-21,33,04:00,voice,0,0,0,0,0,0,0,0
2026-08-21,33,04:30,voice,0,0,0,0,0,0,0,0
2026-08-21,33,05:00,voice,0,0,0,0,0,0,0,0
2026-08-21,33,05:30,voice,0,0,0,0,0,0,0,0
2026-08-21,33,06:00,voice,0,0,0,0,0,0,0,0
2026-08-21,33,06:30,voice,0,0,0,0,0,0,0,0
2026-08-21,33,07:00,voice,0,0,0,0,0,0,0,0
2026-08-21,33,07:30,voice,1,1,1,0,14,100,1858,1858
2026-08-21,33,08:00,voice,1,1,1,0,9,100,1595,1595
2026-08-21,33,08:30,voice,1,1,1,0,12,100,1924,1924
2026-08-21,33,09:00,voice,1,1,1,0,14,100,1910,1910
2026-08-21,33,09:30,voice,1,1,1,0,14,100,1764,1764
2026-08-21,33,10:00,voice,2,1,1,1,280,50,1801,1801
2026-08-21,33,10:30,voice,2,2,2,0,12,100,1832,1832
2026-08-21,33,11:00,voice,2,2,2,0,13,100,1870,1870
2026-08-21,33,11:30,voice,2,2,2,0,12,100,2032,2032
2026-08-21,33,12:00,voice,2,2,2,0,14,100,2002,2002
2026-08-21,33,12:30,voice,1,1,1,0,13,100,1879,1879
2026-08-21,33,13:00,voice,1,1,1,0,13,100,1909,1909
2026-08-21,33,13:30,voice,1,1,1,0,12,100,1970,1970
2026-08-21,33,14:00,voice,1,1,1,0,12,100,2117,2117
2026-08-21,33,14:30,voice,1,1,1,0,12,100,1718,1718
2026-08-21,33,15:00,voice,1,1,1,0,13,100,1884,1884
2026-08-21,33,15:30,voice,1,1,1,0,13,100,1897,1897
2026-08-21,33,16:00,voice,1,1,1,0,13,100,1700,1700
2026-08-21,33,16:30,voice,1,1,1,0,14,100,1911,1911
2026-08-21,33,17:00,voice,1,1,1,0,12,100,1962,1962
2026-08-21,33,17:30,voice,1,1,1,0,12,100,1973,1973
2026-08-21,33,18:00,voice,1,1,1,0,10,100,1780,1780
2026-08-21,33,18:30,voice,0,0,0,0,0,0,0,0
2026-08-21,33,19:00,voice,0,0,0,0,0,0,0,0
2026-08-21,33,19:30,voice,0,0,0,0,0,0,0,0
2026-08-21,33,20:00,voice,0,0,0,0,0,0,0,0
2026-08-21,33,20:30,voice,0,0,0,0,0,0,0,0
2026-08-21,33,21:00,voice,0,0,0,0,0,0,0,0
2026-08-21,33,21:30,voice,0,0,0,0,0,0,0,0
2026-08-21,33,22:00,voice,0,0,0,0,0,0,0,0
2026-08-21,33,22:30,voice,0,0,0,0,0,0,0,0
2026-08-21,33,23:00,voice,0,0,0,0,0,0,0,0
2026-08-21,33,23:30,voice,0,0,0,0,0,0,0,0
2026-08-21,33,00:00,chat,1,1,1,0,42,100,1194,597
2026-08-21,33,00:30,chat,1,1,1,0,46,100,1052,526
2026-08-21,33,01:00,chat,0,0,0,0,0,0,0,0
2026-08-21,33,01:30,chat,0,0,0,0,0,0,0,0
2026-08-21,33,02:00,chat,0,0,0,0,0,0,0,0
2026-08-21,33,02:30,chat,0,0,0,0,0,0,0,0
2026-08-21,33,03:00,chat,0,0,0,0,0,0,0,0
2026-08-21,33,03:30,chat,0,0,0,0,0,0,0,0
2026-08-21,33,04:00,chat,0,0,0,0,0,0,0,0
2026-08-21,33,04:30,chat,0,0,0,0,0,0,0,0
2026-08-21,33,05:00,chat,0,0,0,0,0,0,0,0
2026-08-21,33,05:30,chat,0,0,0,0,0,0,0,0
2026-08-21,33,06:00,chat,0,0,0,0,0,0,0,0
2026-08-21,33,06:30,chat,0,0,0,0,0,0,0,0
2026-08-21,33,07:00,chat,1,1,1,0,39,100,1061,530
2026-08-21,33,07:30,chat,1,1,1,0,46,100,1249,624
2026-08-21,33,08:00,chat,1,1,1,0,46,100,1144,572
2026-08-21,33,08:30,chat,2,2,2,0,56,100,1098,549
2026-08-21,33,09:00,chat,2,2,2,0,52,100,1024,512
2026-08-21,33,09:30,chat,3,2,2,1,213,66.7,1166,583
2026-08-21,33,10:00,chat,2,2,2,0,46,100,1028,514
2026-08-21,33,10:30,chat,3,3,3,0,43,100,941,471
2026-08-21,33,11:00,chat,3,3,3,0,50,100,1097,548
2026-08-21,33,11:30,chat,4,3,3,1,125,75,1022,511
2026-08-21,33,12:00,chat,3,3,3,0,42,100,1050,525
2026-08-21,33,12:30,chat,3,3,3,0,48,100,1124,562
2026-08-21,33,13:00,chat,2,2,2,0,44,100,1205,603
2026-08-21,33,13:30,chat,2,2,2,0,38,100,1089,545
2026-08-21,33,14:00,chat,3,3,3,0,46,100,1108,554
2026-08-21,33,14:30,chat,3,3,2,0,189,66.7,1066,533
2026-08-21,33,15:00,chat,2,2,2,0,43,100,1215,607
2026-08-21,33,15:30,chat,2,2,2,0,46,100,1125,562
2026-08-21,33,16:00,chat,2,2,2,0,43,100,1061,530
2026-08-21,33,16:30,chat,2,2,2,0,43,100,1133,566
2026-08-21,33,17:00,chat,2,2,2,0,43,100,1133,566
2026-08-21,33,17:30,chat,1,1,1,0,39,100,1170,585
2026-08-21,33,18:00,chat,1,1,1,0,43,100,1097,549
2026-08-21,33,18:30,chat,1,1,1,0,40,100,1185,592
2026-08-21,33,19:00,chat,1,1,1,0,46,100,994,497
2026-08-21,33,19:30,chat,0,0,0,0,0,0,0,0
2026-08-21,33,20:00,chat,0,0,0,0,0,0,0,0
2026-08-21,33,20:30,chat,0,0,0,0,0,0,0,0
2026-08-21,33,21:00,chat,0,0,0,0,0,0,0,0
2026-08-21,33,21:30,chat,0,0,0,0,0,0,0,0
2026-08-21,33,22:00,chat,0,0,0,0,0,0,0,0
2026-08-21,33,22:30,chat,0,0,0,0,0,0,0,0
2026-08-21,33,23:00,chat,0,0,0,0,0,0,0,0
2026-08-21,33,23:30,chat,0,0,0,0,0,0,0,0
2026-08-22,34,00:00,voice,0,0,0,0,0,0,0,0
2026-08-22,34,00:30,voice,0,0,0,0,0,0,0,0
2026-08-22,34,01:00,voice,0,0,0,0,0,0,0,0
2026-08-22,34,01:30,voice,0,0,0,0,0,0,0,0
2026-08-22,34,02:00,voice,0,0,0,0,0,0,0,0
2026-08-22,34,02:30,voice,0,0,0,0,0,0,0,0
2026-08-22,34,03:00,voice,0,0,0,0,0,0,0,0
2026-08-22,34,03:30,voice,0,0,0,0,0,0,0,0
2026-08-22,34,04:00,voice,0,0,0,0,0,0,0,0
2026-08-22,34,04:30,voice,0,0,0,0,0,0,0,0
2026-08-22,34,05:00,voice,0,0,0,0,0,0,0,0
2026-08-22,34,05:30,voice,0,0,0,0,0,0,0,0
2026-08-22,34,06:00,voice,0,0,0,0,0,0,0,0
2026-08-22,34,06:30,voice,0,0,0,0,0,0,0,0
2026-08-22,34,07:00,voice,0,0,0,0,0,0,0,0
2026-08-22,34,07:30,voice,0,0,0,0,0,0,0,0
2026-08-22,34,08:00,voice,0,0,0,0,0,0,0,0
2026-08-22,34,08:30,voice,0,0,0,0,0,0,0,0
2026-08-22,34,09:00,voice,1,1,1,0,10,100,1892,1892
2026-08-22,34,09:30,voice,1,1,1,0,12,100,2010,2010
2026-08-22,34,10:00,voice,1,1,1,0,14,100,2101,2101
2026-08-22,34,10:30,voice,1,1,1,0,12,100,1986,1986
2026-08-22,34,11:00,voice,1,1,1,0,12,100,2064,2064
2026-08-22,34,11:30,voice,1,1,1,0,11,100,2268,2268
2026-08-22,34,12:00,voice,1,1,1,0,13,100,1975,1975
2026-08-22,34,12:30,voice,1,1,0,0,1195,0,2295,2295
2026-08-22,34,13:00,voice,1,1,1,0,12,100,2029,2029
2026-08-22,34,13:30,voice,1,1,1,0,11,100,2059,2059
2026-08-22,34,14:00,voice,0,0,0,0,0,0,0,0
2026-08-22,34,14:30,voice,1,1,1,0,12,100,1841,1841
2026-08-22,34,15:00,voice,1,1,1,0,13,100,2182,2182
2026-08-22,34,15:30,voice,1,1,1,0,12,100,2374,2374
2026-08-22,34,16:00,voice,1,1,1,0,12,100,1962,1962
2026-08-22,34,16:30,voice,0,0,0,0,0,0,0,0
2026-08-22,34,17:00,voice,1,1,1,0,12,100,2144,2144
2026-08-22,34,17:30,voice,0,0,0,0,0,0,0,0
2026-08-22,34,18:00,voice,0,0,0,0,0,0,0,0
2026-08-22,34,18:30,voice,0,0,0,0,0,0,0,0
2026-08-22,34,19:00,voice,0,0,0,0,0,0,0,0
2026-08-22,34,19:30,voice,0,0,0,0,0,0,0,0
2026-08-22,34,20:00,voice,0,0,0,0,0,0,0,0
2026-08-22,34,20:30,voice,0,0,0,0,0,0,0,0
2026-08-22,34,21:00,voice,0,0,0,0,0,0,0,0
2026-08-22,34,21:30,voice,0,0,0,0,0,0,0,0
2026-08-22,34,22:00,voice,0,0,0,0,0,0,0,0
2026-08-22,34,22:30,voice,0,0,0,0,0,0,0,0
2026-08-22,34,23:00,voice,0,0,0,0,0,0,0,0
2026-08-22,34,23:30,voice,0,0,0,0,0,0,0,0
2026-08-22,34,00:00,chat,0,0,0,0,0,0,0,0
2026-08-22,34,00:30,chat,0,0,0,0,0,0,0,0
2026-08-22,34,01:00,chat,0,0,0,0,0,0,0,0
2026-08-22,34,01:30,chat,0,0,0,0,0,0,0,0
2026-08-22,34,02:00,chat,0,0,0,0,0,0,0,0
2026-08-22,34,02:30,chat,0,0,0,0,0,0,0,0
2026-08-22,34,03:00,chat,0,0,0,0,0,0,0,0
2026-08-22,34,03:30,chat,0,0,0,0,0,0,0,0
2026-08-22,34,04:00,chat,0,0,0,0,0,0,0,0
2026-08-22,34,04:30,chat,0,0,0,0,0,0,0,0
2026-08-22,34,05:00,chat,0,0,0,0,0,0,0,0
2026-08-22,34,05:30,chat,0,0,0,0,0,0,0,0
2026-08-22,34,06:00,chat,0,0,0,0,0,0,0,0
2026-08-22,34,06:30,chat,0,0,0,0,0,0,0,0
2026-08-22,34,07:00,chat,0,0,0,0,0,0,0,0
2026-08-22,34,07:30,chat,1,1,1,0,41,100,1036,518
2026-08-22,34,08:00,chat,1,1,1,0,49,100,1148,574
2026-08-22,34,08:30,chat,1,1,1,0,47,100,1015,508
2026-08-22,34,09:00,chat,1,1,1,0,45,100,1041,521
2026-08-22,34,09:30,chat,1,1,1,0,49,100,1020,510
2026-08-22,34,10:00,chat,1,1,1,0,52,100,1091,546
2026-08-22,34,10:30,chat,2,2,2,0,45,100,979,490
2026-08-22,34,11:00,chat,2,2,2,0,41,100,1139,570
2026-08-22,34,11:30,chat,2,2,2,0,37,100,949,474
2026-08-22,34,12:00,chat,1,1,1,0,48,100,1125,562
2026-08-22,34,12:30,chat,1,1,1,0,49,100,1028,514
2026-08-22,34,13:00,chat,2,2,2,0,53,100,1066,533
2026-08-22,34,13:30,chat,1,1,1,0,42,100,1049,524
2026-08-22,34,14:00,chat,1,1,1,0,48,100,1022,511
2026-08-22,34,14:30,chat,2,2,2,0,49,100,1063,531
2026-08-22,34,15:00,chat,2,1,1,1,563,50,1133,566
2026-08-22,34,15:30,chat,1,1,1,0,48,100,956,478
2026-08-22,34,16:00,chat,1,1,1,0,38,100,1028,514
2026-08-22,34,16:30,chat,1,1,1,0,44,100,1045,523
2026-08-22,34,17:00,chat,1,1,1,0,54,100,1025,512
2026-08-22,34,17:30,chat,1,1,1,0,47,100,996,498
2026-08-22,34,18:00,chat,1,1,1,0,41,100,1107,553
2026-08-22,34,18:30,chat,0,0,0,0,0,0,0,0
2026-08-22,34,19:00,chat,1,1,1,0,45,100,1009,505
2026-08-22,34,19:30,chat,0,0,0,0,0,0,0,0
2026-08-22,34,20:00,chat,1,1,1,0,42,100,1089,545
2026-08-22,34,20:30,chat,0,0,0,0,0,0,0,0
2026-08-22,34,21:00,chat,0,0,0,0,0,0,0,0
2026-08-22,34,21:30,chat,0,0,0,0,0,0,0,0
2026-08-22,34,22:00,chat,0,0,0,0,0,0,0,0
2026-08-22,34,22:30,chat,0,0,0,0,0,0,0,0
2026-08-22,34,23:00,chat,0,0,0,0,0,0,0,0
2026-08-22,34,23:30,chat,0,0,0,0,0,0,0,0
2026-08-23,35,00:00,voice,0,0,0,0,0,0,0,0
2026-08-23,35,00:30,voice,0,0,0,0,0,0,0,0
2026-08-23,35,01:00,voice,0,0,0,0,0,0,0,0
2026-08-23,35,01:30,voice,0,0,0,0,0,0,0,0
2026-08-23,35,02:00,voice,0,0,0,0,0,0,0,0
2026-08-23,35,02:30,voice,0,0,0,0,0,0,0,0
2026-08-23,35,03:00,voice,0,0,0,0,0,0,0,0
2026-08-23,35,03:30,voice,0,0,0,0,0,0,0,0
2026-08-23,35,04:00,voice,0,0,0,0,0,0,0,0
2026-08-23,35,04:30,voice,0,0,0,0,0,0,0,0
2026-08-23,35,05:00,voice,0,0,0,0,0,0,0,0
2026-08-23,35,05:30,voice,0,0,0,0,0,0,0,0
2026-08-23,35,06:00,voice,0,0,0,0,0,0,0,0
2026-08-23,35,06:30,voice,0,0,0,0,0,0,0,0
2026-08-23,35,07:00,voice,0,0,0,0,0,0,0,0
2026-08-23,35,07:30,voice,0,0,0,0,0,0,0,0
2026-08-23,35,08:00,voice,0,0,0,0,0,0,0,0
2026-08-23,35,08:30,voice,0,0,0,0,0,0,0,0
2026-08-23,35,09:00,voice,0,0,0,0,0,0,0,0
2026-08-23,35,09:30,voice,1,1,1,0,15,100,1924,1924
2026-08-23,35,10:00,voice,1,1,1,0,11,100,2035,2035
2026-08-23,35,10:30,voice,1,1,1,0,13,100,2018,2018
2026-08-23,35,11:00,voice,1,1,1,0,11,100,1914,1914
2026-08-23,35,11:30,voice,1,1,1,0,14,100,1989,1989
2026-08-23,35,12:00,voice,1,1,1,0,12,100,1967,1967
2026-08-23,35,12:30,voice,1,1,1,0,11,100,1866,1866
2026-08-23,35,13:00,voice,1,1,1,0,10,100,1709,1709
2026-08-23,35,13:30,voice,1,1,1,0,12,100,1991,1991
2026-08-23,35,14:00,voice,1,1,1,0,11,100,2210,2210
2026-08-23,35,14:30,voice,1,1,1,0,14,100,1867,1867
2026-08-23,35,15:00,voice,1,1,1,0,11,100,2099,2099
2026-08-23,35,15:30,voice,1,1,1,0,11,100,1979,1979
2026-08-23,35,16:00,voice,1,1,1,0,13,100,2008,2008
2026-08-23,35,16:30,voice,0,0,0,0,0,0,0,0
2026-08-23,35,17:00,voice,0,0,0,0,0,0,0,0
2026-08-23,35,17:30,voice,0,0,0,0,0,0,0,0
2026-08-23,35,18:00,voice,0,0,0,0,0,0,0,0
2026-08-23,35,18:30,voice,0,0,0,0,0,0,0,0
2026-08-23,35,19:00,voice,0,0,0,0,0,0,0,0
2026-08-23,35,19:30,voice,0,0,0,0,0,0,0,0
2026-08-23,35,20:00,voice,0,0,0,0,0,0,0,0
2026-08-23,35,20:30,voice,0,0,0,0,0,0,0,0
2026-08-23,35,21:00,voice,0,0,0,0,0,0,0,0
2026-08-23,35,21:30,voice,0,0,0,0,0,0,0,0
2026-08-23,35,22:00,voice,0,0,0,0,0,0,0,0
2026-08-23,35,22:30,voice,0,0,0,0,0,0,0,0
2026-08-23,35,23:00,voice,0,0,0,0,0,0,0,0
2026-08-23,35,23:30,voice,0,0,0,0,0,0,0,0
2026-08-23,35,00:00,chat,0,0,0,0,0,0,0,0
2026-08-23,35,00:30,chat,0,0,0,0,0,0,0,0
2026-08-23,35,01:00,chat,0,0,0,0,0,0,0,0
2026-08-23,35,01:30,chat,0,0,0,0,0,0,0,0
2026-08-23,35,02:00,chat,0,0,0,0,0,0,0,0
2026-08-23,35,02:30,chat,0,0,0,0,0,0,0,0
2026-08-23,35,03:00,chat,0,0,0,0,0,0,0,0
2026-08-23,35,03:30,chat,0,0,0,0,0,0,0,0
2026-08-23,35,04:00,chat,0,0,0,0,0,0,0,0
2026-08-23,35,04:30,chat,0,0,0,0,0,0,0,0
2026-08-23,35,05:00,chat,0,0,0,0,0,0,0,0
2026-08-23,35,05:30,chat,0,0,0,0,0,0,0,0
2026-08-23,35,06:00,chat,0,0,0,0,0,0,0,0
2026-08-23,35,06:30,chat,0,0,0,0,0,0,0,0
2026-08-23,35,07:00,chat,1,1,1,0,48,100,968,484
2026-08-23,35,07:30,chat,1,1,1,0,48,100,1141,570
2026-08-23,35,08:00,chat,1,1,1,0,46,100,1077,538
2026-08-23,35,08:30,chat,1,1,1,0,45,100,1079,539
2026-08-23,35,09:00,chat,1,1,1,0,47,100,992,496
2026-08-23,35,09:30,chat,2,1,1,1,365,50,949,474
2026-08-23,35,10:00,chat,2,2,2,0,42,100,1172,586
2026-08-23,35,10:30,chat,2,2,2,0,49,100,942,471
2026-08-23,35,11:00,chat,2,2,1,0,396,50,1013,506
2026-08-23,35,11:30,chat,2,2,2,0,45,100,1078,539
2026-08-23,35,12:00,chat,2,2,2,0,45,100,1171,586
2026-08-23,35,12:30,chat,1,1,1,0,49,100,970,485
2026-08-23,35,13:00,chat,1,1,1,0,45,100,1051,525
2026-08-23,35,13:30,chat,1,1,1,0,43,100,1106,553
2026-08-23,35,14:00,chat,1,1,1,0,44,100,1042,521
2026-08-23,35,14:30,chat,1,1,1,0,43,100,1102,551
2026-08-23,35,15:00,chat,1,1,1,0,44,100,1028,514
2026-08-23,35,15:30,chat,1,1,1,0,43,100,1048,524
2026-08-23,35,16:00,chat,1,1,1,0,45,100,1226,613
2026-08-23,35,16:30,chat,1,1,1,0,48,100,1077,539
2026-08-23,35,17:00,chat,1,1,1,0,38,100,1073,537
2026-08-23,35,17:30,chat,1,1,1,0,47,100,1078,539
2026-08-23,35,18:00,chat,1,1,1,0,44,100,1042,521
2026-08-23,35,18:30,chat,0,0,0,0,0,0,0,0
2026-08-23,35,19:00,chat,0,0,0,0,0,0,0,0
2026-08-23,35,19:30,chat,0,0,0,0,0,0,0,0
2026-08-23,35,20:00,chat,0,0,0,0,0,0,0,0
2026-08-23,35,20:30,chat,0,0,0,0,0,0,0,0
2026-08-23,35,21:00,chat,0,0,0,0,0,0,0,0
2026-08-23,35,21:30,chat,0,0,0,0,0,0,0,0
2026-08-23,35,22:00,chat,0,0,0,0,0,0,0,0
2026-08-23,35,22:30,chat,0,0,0,0,0,0,0,0
2026-08-23,35,23:00,chat,0,0,0,0,0,0,0,0
2026-08-23,35,23:30,chat,0,0,0,0,0,0,0,0
2026-08-24,36,00:00,voice,0,0,0,0,0,0,0,0
2026-08-24,36,00:30,voice,0,0,0,0,0,0,0,0
2026-08-24,36,01:00,voice,0,0,0,0,0,0,0,0
2026-08-24,36,01:30,voice,0,0,0,0,0,0,0,0
2026-08-24,36,02:00,voice,0,0,0,0,0,0,0,0
2026-08-24,36,02:30,voice,0,0,0,0,0,0,0,0
2026-08-24,36,03:00,voice,0,0,0,0,0,0,0,0
2026-08-24,36,03:30,voice,0,0,0,0,0,0,0,0
2026-08-24,36,04:00,voice,0,0,0,0,0,0,0,0
2026-08-24,36,04:30,voice,0,0,0,0,0,0,0,0
2026-08-24,36,05:00,voice,0,0,0,0,0,0,0,0
2026-08-24,36,05:30,voice,0,0,0,0,0,0,0,0
2026-08-24,36,06:00,voice,0,0,0,0,0,0,0,0
2026-08-24,36,06:30,voice,0,0,0,0,0,0,0,0
2026-08-24,36,07:00,voice,1,1,1,0,13,100,1854,1854
2026-08-24,36,07:30,voice,1,1,1,0,12,100,1918,1918
2026-08-24,36,08:00,voice,1,1,1,0,14,100,1799,1799
2026-08-24,36,08:30,voice,1,1,1,0,12,100,1904,1904
2026-08-24,36,09:00,voice,1,1,1,0,11,100,1985,1985
2026-08-24,36,09:30,voice,2,2,2,0,13,100,1921,1921
2026-08-24,36,10:00,voice,2,2,2,0,12,100,1738,1738
2026-08-24,36,10:30,voice,2,2,2,0,10,100,1942,1942
2026-08-24,36,11:00,voice,2,2,2,0,11,100,1927,1927
2026-08-24,36,11:30,voice,2,2,2,0,13,100,1760,1760
2026-08-24,36,12:00,voice,2,2,2,0,13,100,2022,2022
2026-08-24,36,12:30,voice,2,2,2,0,15,100,1833,1833
2026-08-24,36,13:00,voice,1,1,1,0,12,100,1848,1848
2026-08-24,36,13:30,voice,2,2,2,0,12,100,1937,1937
2026-08-24,36,14:00,voice,2,2,2,0,12,100,1933,1933
2026-08-24,36,14:30,voice,2,2,2,0,11,100,1953,1953
2026-08-24,36,15:00,voice,2,2,2,0,11,100,1986,1986
2026-08-24,36,15:30,voice,2,1,1,1,206,50,1956,1956
2026-08-24,36,16:00,voice,2,2,2,0,11,100,1995,1995
2026-08-24,36,16:30,voice,1,1,1,0,12,100,1974,1974
2026-08-24,36,17:00,voice,1,1,1,0,12,100,1888,1888
2026-08-24,36,17:30,voice,1,1,1,0,12,100,2008,2008
2026-08-24,36,18:00,voice,1,1,1,0,11,100,1803,1803
2026-08-24,36,18:30,voice,1,1,1,0,11,100,2097,2097
2026-08-24,36,19:00,voice,1,1,1,0,12,100,1928,1928
2026-08-24,36,19:30,voice,0,0,0,0,0,0,0,0
2026-08-24,36,20:00,voice,0,0,0,0,0,0,0,0
2026-08-24,36,20:30,voice,0,0,0,0,0,0,0,0
2026-08-24,36,21:00,voice,0,0,0,0,0,0,0,0
2026-08-24,36,21:30,voice,0,0,0,0,0,0,0,0
2026-08-24,36,22:00,voice,0,0,0,0,0,0,0,0
2026-08-24,36,22:30,voice,0,0,0,0,0,0,0,0
2026-08-24,36,23:00,voice,0,0,0,0,0,0,0,0
2026-08-24,36,23:30,voice,0,0,0,0,0,0,0,0
2026-08-24,36,00:00,chat,1,1,1,0,49,100,1008,499
2026-08-24,36,00:30,chat,0,0,0,0,0,0,0,0
2026-08-24,36,01:00,chat,0,0,0,0,0,0,0,0
2026-08-24,36,01:30,chat,0,0,0,0,0,0,0,0
2026-08-24,36,02:00,chat,0,0,0,0,0,0,0,0
2026-08-24,36,02:30,chat,1,1,1,0,38,100,1085,537
2026-08-24,36,03:00,chat,0,0,0,0,0,0,0,0
2026-08-24,36,03:30,chat,0,0,0,0,0,0,0,0
2026-08-24,36,04:00,chat,0,0,0,0,0,0,0,0
2026-08-24,36,04:30,chat,1,1,1,0,42,100,1045,517
2026-08-24,36,05:00,chat,0,0,0,0,0,0,0,0
2026-08-24,36,05:30,chat,0,0,0,0,0,0,0,0
2026-08-24,36,06:00,chat,0,0,0,0,0,0,0,0
2026-08-24,36,06:30,chat,1,1,1,0,40,100,1044,517
2026-08-24,36,07:00,chat,1,1,1,0,37,100,1025,507
2026-08-24,36,07:30,chat,1,1,1,0,42,100,1014,502
2026-08-24,36,08:00,chat,2,2,2,0,56,100,1097,543
2026-08-24,36,08:30,chat,2,2,2,0,46,100,1014,502
2026-08-24,36,09:00,chat,2,2,2,0,47,100,1093,541
2026-08-24,36,09:30,chat,4,4,4,0,48,100,1103,546
2026-08-24,36,10:00,chat,4,4,4,0,47,100,1055,522
2026-08-24,36,10:30,chat,5,4,3,1,274,60,865,428
2026-08-24,36,11:00,chat,5,4,4,1,109,80,1037,513
2026-08-24,36,11:30,chat,3,3,2,0,202,66.7,1121,555
2026-08-24,36,12:00,chat,3,3,3,0,48,100,874,433
2026-08-24,36,12:30,chat,3,3,3,0,48,100,1046,518
2026-08-24,36,13:00,chat,4,4,4,0,40,100,998,494
2026-08-24,36,13:30,chat,4,4,4,0,56,100,1092,540
2026-08-24,36,14:00,chat,3,3,3,0,39,100,1031,510
2026-08-24,36,14:30,chat,4,3,2,1,391,50,981,486
2026-08-24,36,15:00,chat,4,4,4,0,41,100,1016,503
2026-08-24,36,15:30,chat,3,3,3,0,42,100,1160,574
2026-08-24,36,16:00,chat,3,3,3,0,53,100,1066,528
2026-08-24,36,16:30,chat,2,2,2,0,45,100,1031,510
2026-08-24,36,17:00,chat,2,2,2,0,47,100,982,486
2026-08-24,36,17:30,chat,2,2,2,0,37,100,1082,536
2026-08-24,36,18:00,chat,1,1,1,0,41,100,1044,517
2026-08-24,36,18:30,chat,1,1,1,0,44,100,1101,545
2026-08-24,36,19:00,chat,1,1,1,0,50,100,1062,526
2026-08-24,36,19:30,chat,1,1,1,0,42,100,1148,568
2026-08-24,36,20:00,chat,1,1,1,0,40,100,1069,529
2026-08-24,36,20:30,chat,0,0,0,0,0,0,0,0
2026-08-24,36,21:00,chat,1,1,1,0,41,100,1054,522
2026-08-24,36,21:30,chat,0,0,0,0,0,0,0,0
2026-08-24,36,22:00,chat,0,0,0,0,0,0,0,0
2026-08-24,36,22:30,chat,0,0,0,0,0,0,0,0
2026-08-24,36,23:00,chat,0,0,0,0,0,0,0,0
2026-08-24,36,23:30,chat,0,0,0,0,0,0,0,0
2026-08-25,37,00:00,voice,0,0,0,0,0,0,0,0
2026-08-25,37,00:30,voice,0,0,0,0,0,0,0,0
2026-08-25,37,01:00,voice,0,0,0,0,0,0,0,0
2026-08-25,37,01:30,voice,1,1,1,0,13,100,1820,1820
2026-08-25,37,02:00,voice,0,0,0,0,0,0,0,0
2026-08-25,37,02:30,voice,1,1,1,0,10,100,1806,1806
2026-08-25,37,03:00,voice,0,0,0,0,0,0,0,0
2026-08-25,37,03:30,voice,0,0,0,0,0,0,0,0
2026-08-25,37,04:00,voice,0,0,0,0,0,0,0,0
2026-08-25,37,04:30,voice,1,1,1,0,14,100,1816,1816
2026-08-25,37,05:00,voice,0,0,0,0,0,0,0,0
2026-08-25,37,05:30,voice,0,0,0,0,0,0,0,0
2026-08-25,37,06:00,voice,0,0,0,0,0,0,0,0
2026-08-25,37,06:30,voice,1,1,1,0,13,100,1760,1760
2026-08-25,37,07:00,voice,1,1,1,0,11,100,1875,1875
2026-08-25,37,07:30,voice,1,1,1,0,14,100,1987,1987
2026-08-25,37,08:00,voice,1,1,1,0,13,100,1869,1869
2026-08-25,37,08:30,voice,2,2,2,0,11,100,1921,1921
2026-08-25,37,09:00,voice,2,2,2,0,9,100,1828,1828
2026-08-25,37,09:30,voice,3,3,3,0,11,100,1917,1917
2026-08-25,37,10:00,voice,3,3,2,0,120,66.7,1919,1919
2026-08-25,37,10:30,voice,4,3,3,1,65,75,1861,1861
2026-08-25,37,11:00,voice,3,3,3,0,11,100,1913,1913
2026-08-25,37,11:30,voice,3,3,3,0,11,100,1850,1850
2026-08-25,37,12:00,voice,3,2,1,1,414,33.3,1817,1817
2026-08-25,37,12:30,voice,2,2,2,0,10,100,1850,1850
2026-08-25,37,13:00,voice,2,2,2,0,12,100,1981,1981
2026-08-25,37,13:30,voice,2,2,2,0,11,100,1954,1954
2026-08-25,37,14:00,voice,3,3,2,0,114,66.7,1912,1912
2026-08-25,37,14:30,voice,2,2,2,0,12,100,2013,2013
2026-08-25,37,15:00,voice,3,3,3,0,13,100,1848,1848
2026-08-25,37,15:30,voice,3,3,3,0,12,100,1921,1921
2026-08-25,37,16:00,voice,2,2,2,0,13,100,1655,1655
2026-08-25,37,16:30,voice,2,2,2,0,13,100,1967,1967
2026-08-25,37,17:00,voice,1,1,1,0,13,100,1955,1955
2026-08-25,37,17:30,voice,2,2,2,0,11,100,2015,2015
2026-08-25,37,18:00,voice,1,1,1,0,12,100,1864,1864
2026-08-25,37,18:30,voice,1,1,1,0,13,100,1806,1806
2026-08-25,37,19:00,voice,1,1,1,0,11,100,1980,1980
2026-08-25,37,19:30,voice,1,1,1,0,12,100,1989,1989
2026-08-25,37,20:00,voice,0,0,0,0,0,0,0,0
2026-08-25,37,20:30,voice,0,0,0,0,0,0,0,0
2026-08-25,37,21:00,voice,0,0,0,0,0,0,0,0
2026-08-25,37,21:30,voice,0,0,0,0,0,0,0,0
2026-08-25,37,22:00,voice,0,0,0,0,0,0,0,0
2026-08-25,37,22:30,voice,0,0,0,0,0,0,0,0
2026-08-25,37,23:00,voice,0,0,0,0,0,0,0,0
2026-08-25,37,23:30,voice,0,0,0,0,0,0,0,0
2026-08-25,37,00:00,chat,1,1,1,0,44,100,1159,482
2026-08-25,37,00:30,chat,1,1,1,0,42,100,1342,558
2026-08-25,37,01:00,chat,1,1,1,0,44,100,1497,622
2026-08-25,37,01:30,chat,1,1,1,0,53,100,1380,574
2026-08-25,37,02:00,chat,1,1,1,0,50,100,1238,515
2026-08-25,37,02:30,chat,0,0,0,0,0,0,0,0
2026-08-25,37,03:00,chat,0,0,0,0,0,0,0,0
2026-08-25,37,03:30,chat,1,1,1,0,37,100,1352,562
2026-08-25,37,04:00,chat,1,1,1,0,43,100,1218,506
2026-08-25,37,04:30,chat,1,1,1,0,38,100,1377,572
2026-08-25,37,05:00,chat,0,0,0,0,0,0,0,0
2026-08-25,37,05:30,chat,1,1,1,0,39,100,1470,611
2026-08-25,37,06:00,chat,1,1,1,0,41,100,1257,522
2026-08-25,37,06:30,chat,1,1,1,0,40,100,1311,545
2026-08-25,37,07:00,chat,1,1,1,0,46,100,1341,557
2026-08-25,37,07:30,chat,1,1,1,0,43,100,1268,527
2026-08-25,37,08:00,chat,2,2,2,0,49,100,1209,502
2026-08-25,37,08:30,chat,3,3,3,0,44,100,1390,578
2026-08-25,37,09:00,chat,5,5,5,0,45,100,1419,590
2026-08-25,37,09:30,chat,4,4,3,0,152,75,1387,576
2026-08-25,37,10:00,chat,6,5,3,1,360,50,1276,530
2026-08-25,37,10:30,chat,6,5,4,1,155,66.7,1426,593
2026-08-25,37,11:00,chat,7,6,4,1,274,57.1,1476,613
2026-08-25,37,11:30,chat,7,6,6,1,83,85.7,1270,528
2026-08-25,37,12:00,chat,6,5,1,1,1162,16.7,1358,564
2026-08-25,37,12:30,chat,4,4,4,0,45,100,1186,493
2026-08-25,37,13:00,chat,4,4,4,0,47,100,1388,577
2026-08-25,37,13:30,chat,6,5,5,1,85,83.3,1396,580
2026-08-25,37,14:00,chat,4,4,3,0,147,75,1310,544
2026-08-25,37,14:30,chat,4,3,2,1,519,50,1382,574
2026-08-25,37,15:00,chat,5,5,5,0,43,100,1199,498
2026-08-25,37,15:30,chat,5,5,5,0,45,100,1302,541
2026-08-25,37,16:00,chat,5,5,5,0,53,100,1453,604
2026-08-25,37,16:30,chat,4,4,4,0,50,100,1235,513
2026-08-25,37,17:00,chat,3,3,3,0,49,100,1326,551
2026-08-25,37,17:30,chat,3,3,3,0,47,100,1214,505
2026-08-25,37,18:00,chat,2,2,2,0,44,100,1278,531
2026-08-25,37,18:30,chat,2,2,2,0,45,100,1449,602
2026-08-25,37,19:00,chat,1,1,1,0,52,100,1410,586
2026-08-25,37,19:30,chat,1,1,1,0,41,100,1372,570
2026-08-25,37,20:00,chat,1,1,1,0,47,100,1347,560
2026-08-25,37,20:30,chat,1,1,1,0,46,100,1422,591
2026-08-25,37,21:00,chat,1,1,1,0,44,100,1407,585
2026-08-25,37,21:30,chat,0,0,0,0,0,0,0,0
2026-08-25,37,22:00,chat,1,1,1,0,49,100,1292,537
2026-08-25,37,22:30,chat,1,1,1,0,51,100,1290,536
2026-08-25,37,23:00,chat,1,1,1,0,49,100,1306,543
2026-08-25,37,23:30,chat,0,0,0,0,0,0,0,0
2026-08-26,38,00:00,voice,0,0,0,0,0,0,0,0
2026-08-26,38,00:30,voice,0,0,0,0,0,0,0,0
2026-08-26,38,01:00,voice,0,0,0,0,0,0,0,0
2026-08-26,38,01:30,voice,0,0,0,0,0,0,0,0
2026-08-26,38,02:00,voice,0,0,0,0,0,0,0,0
2026-08-26,38,02:30,voice,0,0,0,0,0,0,0,0
2026-08-26,38,03:00,voice,1,1,1,0,12,100,1745,1745
2026-08-26,38,03:30,voice,0,0,0,0,0,0,0,0
2026-08-26,38,04:00,voice,0,0,0,0,0,0,0,0
2026-08-26,38,04:30,voice,0,0,0,0,0,0,0,0
2026-08-26,38,05:00,voice,0,0,0,0,0,0,0,0
2026-08-26,38,05:30,voice,0,0,0,0,0,0,0,0
2026-08-26,38,06:00,voice,0,0,0,0,0,0,0,0
2026-08-26,38,06:30,voice,1,1,1,0,13,100,1991,1991
2026-08-26,38,07:00,voice,1,1,1,0,13,100,2125,2125
2026-08-26,38,07:30,voice,1,1,1,0,12,100,2050,2050
2026-08-26,38,08:00,voice,1,1,1,0,12,100,1940,1940
2026-08-26,38,08:30,voice,2,2,2,0,10,100,1786,1786
2026-08-26,38,09:00,voice,2,2,2,0,11,100,2096,2096
2026-08-26,38,09:30,voice,2,2,2,0,13,100,1870,1870
2026-08-26,38,10:00,voice,3,3,3,0,12,100,1855,1855
2026-08-26,38,10:30,voice,4,3,3,1,86,75,1890,1890
2026-08-26,38,11:00,voice,3,2,1,1,415,33.3,1823,1823
2026-08-26,38,11:30,voice,3,3,3,0,10,100,1855,1855
2026-08-26,38,12:00,voice,3,3,2,0,124,66.7,1885,1885
2026-08-26,38,12:30,voice,3,3,1,0,349,33.3,1872,1872
2026-08-26,38,13:00,voice,3,3,3,0,11,100,1905,1905
2026-08-26,38,13:30,voice,3,3,3,0,11,100,2004,2004
2026-08-26,38,14:00,voice,3,3,3,0,11,100,2022,2022
2026-08-26,38,14:30,voice,3,3,3,0,12,100,1840,1840
2026-08-26,38,15:00,voice,4,4,4,0,11,100,1897,1897
2026-08-26,38,15:30,voice,3,3,3,0,12,100,1912,1912
2026-08-26,38,16:00,voice,2,2,1,0,219,50,1879,1879
2026-08-26,38,16:30,voice,3,3,3,0,13,100,1984,1984
2026-08-26,38,17:00,voice,2,2,2,0,11,100,1724,1724
2026-08-26,38,17:30,voice,1,1,1,0,10,100,1990,1990
2026-08-26,38,18:00,voice,1,1,1,0,10,100,1757,1757
2026-08-26,38,18:30,voice,1,1,1,0,12,100,1948,1948
2026-08-26,38,19:00,voice,1,1,1,0,14,100,1936,1936
2026-08-26,38,19:30,voice,0,0,0,0,0,0,0,0
2026-08-26,38,20:00,voice,0,0,0,0,0,0,0,0
2026-08-26,38,20:30,voice,1,1,1,0,13,100,1944,1944
2026-08-26,38,21:00,voice,0,0,0,0,0,0,0,0
2026-08-26,38,21:30,voice,0,0,0,0,0,0,0,0
2026-08-26,38,22:00,voice,0,0,0,0,0,0,0,0
2026-08-26,38,22:30,voice,1,1,1,0,12,100,1642,1642
2026-08-26,38,23:00,voice,0,0,0,0,0,0,0,0
2026-08-26,38,23:30,voice,1,1,1,0,13,100,1991,1991
2026-08-26,38,00:00,chat,1,1,1,0,40,100,1434,568
2026-08-26,38,00:30,chat,1,1,1,0,45,100,1418,562
2026-08-26,38,01:00,chat,1,1,1,0,44,100,1299,515
2026-08-26,38,01:30,chat,0,0,0,0,0,0,0,0
2026-08-26,38,02:00,chat,0,0,0,0,0,0,0,0
2026-08-26,38,02:30,chat,1,1,1,0,41,100,1535,608
2026-08-26,38,03:00,chat,0,0,0,0,0,0,0,0
2026-08-26,38,03:30,chat,1,1,1,0,49,100,1468,582
2026-08-26,38,04:00,chat,0,0,0,0,0,0,0,0
2026-08-26,38,04:30,chat,1,1,1,0,42,100,1579,626
2026-08-26,38,05:00,chat,1,1,1,0,46,100,1419,562
2026-08-26,38,05:30,chat,1,1,1,0,49,100,1355,537
2026-08-26,38,06:00,chat,1,1,1,0,44,100,1519,602
2026-08-26,38,06:30,chat,1,1,1,0,47,100,1402,555
2026-08-26,38,07:00,chat,1,1,1,0,47,100,1606,636
2026-08-26,38,07:30,chat,1,1,1,0,46,100,1440,570
2026-08-26,38,08:00,chat,2,2,2,0,36,100,1435,569
2026-08-26,38,08:30,chat,4,4,4,0,43,100,1513,599
2026-08-26,38,09:00,chat,5,4,3,1,304,60,1489,590
2026-08-26,38,09:30,chat,4,3,2,1,396,50,1405,557
2026-08-26,38,10:00,chat,6,6,5,0,72,83.3,1611,638
2026-08-26,38,10:30,chat,7,6,5,1,154,71.4,1415,561
2026-08-26,38,11:00,chat,9,8,4,1,436,44.4,1421,563
2026-08-26,38,11:30,chat,8,7,3,1,613,37.5,1463,580
2026-08-26,38,12:00,chat,5,5,5,0,46,100,1405,557
2026-08-26,38,12:30,chat,5,4,2,1,631,40,1316,521
2026-08-26,38,13:00,chat,5,4,2,1,539,40,1480,586
2026-08-26,38,13:30,chat,6,5,4,1,232,66.7,1503,595
2026-08-26,38,14:00,chat,5,4,3,1,286,60,1330,527
2026-08-26,38,14:30,chat,6,5,3,1,451,50,1737,688
2026-08-26,38,15:00,chat,6,5,3,1,420,50,1401,555
2026-08-26,38,15:30,chat,4,4,3,0,146,75,1427,565
2026-08-26,38,16:00,chat,5,4,2,1,498,40,1547,613
2026-08-26,38,16:30,chat,4,4,3,0,146,75,1320,523
2026-08-26,38,17:00,chat,3,3,2,0,199,66.7,1450,574
2026-08-26,38,17:30,chat,3,3,3,0,49,100,1469,582
2026-08-26,38,18:00,chat,2,2,2,0,39,100,1522,603
2026-08-26,38,18:30,chat,2,2,2,0,52,100,1647,653
2026-08-26,38,19:00,chat,1,1,1,0,37,100,1408,558
2026-08-26,38,19:30,chat,1,1,1,0,44,100,1472,583
2026-08-26,38,20:00,chat,1,1,1,0,45,100,1577,625
2026-08-26,38,20:30,chat,1,1,1,0,46,100,1465,581
2026-08-26,38,21:00,chat,1,1,1,0,34,100,1468,582
2026-08-26,38,21:30,chat,1,1,1,0,48,100,1421,563
2026-08-26,38,22:00,chat,0,0,0,0,0,0,0,0
2026-08-26,38,22:30,chat,1,1,1,0,45,100,1439,570
2026-08-26,38,23:00,chat,1,1,1,0,40,100,1471,583
2026-08-26,38,23:30,chat,1,1,1,0,41,100,1537,609
2026-08-27,39,00:00,voice,0,0,0,0,0,0,0,0
2026-08-27,39,00:30,voice,0,0,0,0,0,0,0,0
2026-08-27,39,01:00,voice,0,0,0,0,0,0,0,0
2026-08-27,39,01:30,voice,0,0,0,0,0,0,0,0
2026-08-27,39,02:00,voice,0,0,0,0,0,0,0,0
2026-08-27,39,02:30,voice,0,0,0,0,0,0,0,0
2026-08-27,39,03:00,voice,0,0,0,0,0,0,0,0
2026-08-27,39,03:30,voice,0,0,0,0,0,0,0,0
2026-08-27,39,04:00,voice,0,0,0,0,0,0,0,0
2026-08-27,39,04:30,voice,0,0,0,0,0,0,0,0
2026-08-27,39,05:00,voice,1,1,1,0,13,100,1800,1800
2026-08-27,39,05:30,voice,0,0,0,0,0,0,0,0
2026-08-27,39,06:00,voice,0,0,0,0,0,0,0,0
2026-08-27,39,06:30,voice,1,1,1,0,11,100,1666,1666
2026-08-27,39,07:00,voice,1,1,1,0,13,100,1819,1819
2026-08-27,39,07:30,voice,1,1,1,0,12,100,1921,1921
2026-08-27,39,08:00,voice,2,2,2,0,13,100,1904,1904
2026-08-27,39,08:30,voice,1,1,1,0,12,100,1952,1952
2026-08-27,39,09:00,voice,2,2,2,0,12,100,1822,1822
2026-08-27,39,09:30,voice,3,3,3,0,12,100,1899,1899
2026-08-27,39,10:00,voice,3,2,2,1,98,66.7,1967,1967
2026-08-27,39,10:30,voice,3,3,3,0,12,100,1916,1916
2026-08-27,39,11:00,voice,3,3,3,0,10,100,1908,1908
2026-08-27,39,11:30,voice,3,2,2,1,119,66.7,1876,1876
2026-08-27,39,12:00,voice,3,3,3,0,13,100,1881,1881
2026-08-27,39,12:30,voice,2,2,2,0,10,100,1917,1917
2026-08-27,39,13:00,voice,2,2,2,0,13,100,1993,1993
2026-08-27,39,13:30,voice,2,2,2,0,13,100,1880,1880
2026-08-27,39,14:00,voice,3,3,3,0,11,100,1769,1769
2026-08-27,39,14:30,voice,2,2,1,0,283,50,1794,1794
2026-08-27,39,15:00,voice,2,2,2,0,12,100,2022,2022
2026-08-27,39,15:30,voice,3,3,3,0,12,100,1749,1749
2026-08-27,39,16:00,voice,4,4,4,0,13,100,1961,1961
2026-08-27,39,16:30,voice,2,2,2,0,10,100,1902,1902
2026-08-27,39,17:00,voice,1,1,1,0,13,100,1849,1849
2026-08-27,39,17:30,voice,2,2,2,0,12,100,1746,1746
2026-08-27,39,18:00,voice,1,1,1,0,14,100,1743,1743
2026-08-27,39,18:30,voice,1,1,1,0,10,100,1976,1976
2026-08-27,39,19:00,voice,1,1,1,0,13,100,1992,1992
2026-08-27,39,19:30,voice,1,1,1,0,10,100,1816,1816
2026-08-27,39,20:00,voice,1,1,1,0,11,100,1967,1967
2026-08-27,39,20:30,voice,0,0,0,0,0,0,0,0
2026-08-27,39,21:00,voice,0,0,0,0,0,0,0,0
2026-08-27,39,21:30,voice,0,0,0,0,0,0,0,0
2026-08-27,39,22:00,voice,0,0,0,0,0,0,0,0
2026-08-27,39,22:30,voice,0,0,0,0,0,0,0,0
2026-08-27,39,23:00,voice,0,0,0,0,0,0,0,0
2026-08-27,39,23:30,voice,0,0,0,0,0,0,0,0
2026-08-27,39,00:00,chat,1,1,1,0,43,100,1420,605
2026-08-27,39,00:30,chat,1,1,1,0,38,100,1357,578
2026-08-27,39,01:00,chat,1,1,1,0,39,100,1307,557
2026-08-27,39,01:30,chat,0,0,0,0,0,0,0,0
2026-08-27,39,02:00,chat,0,0,0,0,0,0,0,0
2026-08-27,39,02:30,chat,0,0,0,0,0,0,0,0
2026-08-27,39,03:00,chat,1,1,1,0,38,100,1315,560
2026-08-27,39,03:30,chat,1,1,1,0,46,100,1343,572
2026-08-27,39,04:00,chat,0,0,0,0,0,0,0,0
2026-08-27,39,04:30,chat,0,0,0,0,0,0,0,0
2026-08-27,39,05:00,chat,1,1,1,0,43,100,1398,595
2026-08-27,39,05:30,chat,1,1,1,0,42,100,1292,550
2026-08-27,39,06:00,chat,1,1,1,0,43,100,1215,518
2026-08-27,39,06:30,chat,1,1,1,0,50,100,1346,573
2026-08-27,39,07:00,chat,1,1,1,0,42,100,1366,582
2026-08-27,39,07:30,chat,1,1,1,0,51,100,1226,522
2026-08-27,39,08:00,chat,2,2,2,0,53,100,1301,554
2026-08-27,39,08:30,chat,3,3,3,0,42,100,1239,528
2026-08-27,39,09:00,chat,3,3,3,0,50,100,1396,595
2026-08-27,39,09:30,chat,5,5,5,0,43,100,1300,554
2026-08-27,39,10:00,chat,6,6,6,0,45,100,1379,588
2026-08-27,39,10:30,chat,6,5,4,1,242,66.7,1226,522
2026-08-27,39,11:00,chat,5,4,2,1,600,40,1303,555
2026-08-27,39,11:30,chat,6,5,5,1,81,83.3,1347,574
2026-08-27,39,12:00,chat,6,6,6,0,42,100,1245,530
2026-08-27,39,12:30,chat,5,4,3,1,353,60,1447,617
2026-08-27,39,13:00,chat,5,4,2,1,613,40,1432,610
2026-08-27,39,13:30,chat,4,4,4,0,46,100,1488,634
2026-08-27,39,14:00,chat,5,5,5,0,40,100,1378,587
2026-08-27,39,14:30,chat,4,4,3,0,175,75,1373,585
2026-08-27,39,15:00,chat,6,6,6,0,43,100,1297,553
2026-08-27,39,15:30,chat,5,5,4,0,100,80,1264,538
2026-08-27,39,16:00,chat,3,3,2,0,216,66.7,1250,532
2026-08-27,39,16:30,chat,3,3,3,0,42,100,1274,543
2026-08-27,39,17:00,chat,3,3,3,0,44,100,1338,570
2026-08-27,39,17:30,chat,2,2,2,0,44,100,1452,618
2026-08-27,39,18:00,chat,1,1,1,0,42,100,1358,579
2026-08-27,39,18:30,chat,1,1,1,0,39,100,1287,548
2026-08-27,39,19:00,chat,1,1,1,0,44,100,1271,541
2026-08-27,39,19:30,chat,1,1,1,0,39,100,1280,545
2026-08-27,39,20:00,chat,1,1,1,0,43,100,1279,545
2026-08-27,39,20:30,chat,1,1,1,0,43,100,1339,571
2026-08-27,39,21:00,chat,1,1,1,0,44,100,1417,604
2026-08-27,39,21:30,chat,1,1,1,0,54,100,1353,577
2026-08-27,39,22:00,chat,1,1,1,0,50,100,1625,692
2026-08-27,39,22:30,chat,1,1,1,0,42,100,1381,588
2026-08-27,39,23:00,chat,1,1,1,0,46,100,1222,521
2026-08-27,39,23:30,chat,1,1,1,0,39,100,1543,657
2026-08-28,40,00:00,voice,0,0,0,0,0,0,0,0
2026-08-28,40,00:30,voice,0,0,0,0,0,0,0,0
2026-08-28,40,01:00,voice,1,1,1,0,13,100,2166,2166
2026-08-28,40,01:30,voice,1,1,1,0,12,100,2058,2058
2026-08-28,40,02:00,voice,0,0,0,0,0,0,0,0
2026-08-28,40,02:30,voice,0,0,0,0,0,0,0,0
2026-08-28,40,03:00,voice,0,0,0,0,0,0,0,0
2026-08-28,40,03:30,voice,0,0,0,0,0,0,0,0
2026-08-28,40,04:00,voice,0,0,0,0,0,0,0,0
2026-08-28,40,04:30,voice,0,0,0,0,0,0,0,0
2026-08-28,40,05:00,voice,1,1,1,0,12,100,1932,1932
2026-08-28,40,05:30,voice,0,0,0,0,0,0,0,0
2026-08-28,40,06:00,voice,1,1,1,0,12,100,1850,1850
2026-08-28,40,06:30,voice,1,1,1,0,14,100,2305,2305
2026-08-28,40,07:00,voice,1,1,1,0,12,100,2265,2265
2026-08-28,40,07:30,voice,1,1,1,0,12,100,2010,2010
2026-08-28,40,08:00,voice,1,1,1,0,12,100,2011,2011
2026-08-28,40,08:30,voice,1,1,1,0,12,100,2020,2020
2026-08-28,40,09:00,voice,2,2,2,0,13,100,1966,1966
2026-08-28,40,09:30,voice,2,2,2,0,11,100,1806,1806
2026-08-28,40,10:00,voice,3,2,2,1,118,66.7,1875,1875
2026-08-28,40,10:30,voice,3,3,2,0,132,66.7,2013,2013
2026-08-28,40,11:00,voice,4,4,4,0,12,100,1978,1978
2026-08-28,40,11:30,voice,3,3,3,0,13,100,1990,1990
2026-08-28,40,12:00,voice,3,3,3,0,13,100,2114,2114
2026-08-28,40,12:30,voice,2,2,2,0,12,100,1976,1976
2026-08-28,40,13:00,voice,2,2,2,0,12,100,1924,1924
2026-08-28,40,13:30,voice,2,2,2,0,14,100,1881,1881
2026-08-28,40,14:00,voice,2,2,2,0,11,100,1916,1916
2026-08-28,40,14:30,voice,2,2,2,0,14,100,2207,2207
2026-08-28,40,15:00,voice,3,3,3,0,10,100,1923,1923
2026-08-28,40,15:30,voice,2,2,2,0,13,100,2223,2223
2026-08-28,40,16:00,voice,2,2,2,0,12,100,2175,2175
2026-08-28,40,16:30,voice,2,2,2,0,14,100,2027,2027
2026-08-28,40,17:00,voice,1,1,1,0,12,100,1870,1870
2026-08-28,40,17:30,voice,1,1,1,0,11,100,1943,1943
2026-08-28,40,18:00,voice,1,1,1,0,11,100,2066,2066
2026-08-28,40,18:30,voice,1,1,1,0,13,100,1823,1823
2026-08-28,40,19:00,voice,1,1,1,0,13,100,1970,1970
2026-08-28,40,19:30,voice,0,0,0,0,0,0,0,0
2026-08-28,40,20:00,voice,0,0,0,0,0,0,0,0
2026-08-28,40,20:30,voice,0,0,0,0,0,0,0,0
2026-08-28,40,21:00,voice,0,0,0,0,0,0,0,0
2026-08-28,40,21:30,voice,0,0,0,0,0,0,0,0
2026-08-28,40,22:00,voice,0,0,0,0,0,0,0,0
2026-08-28,40,22:30,voice,0,0,0,0,0,0,0,0
2026-08-28,40,23:00,voice,0,0,0,0,0,0,0,0
2026-08-28,40,23:30,voice,0,0,0,0,0,0,0,0
2026-08-28,40,00:00,chat,1,1,1,0,37,100,1277,584
2026-08-28,40,00:30,chat,1,1,1,0,45,100,1205,551
2026-08-28,40,01:00,chat,1,1,1,0,52,100,1283,587
2026-08-28,40,01:30,chat,0,0,0,0,0,0,0,0
2026-08-28,40,02:00,chat,1,1,1,0,44,100,1317,602
2026-08-28,40,02:30,chat,0,0,0,0,0,0,0,0
2026-08-28,40,03:00,chat,0,0,0,0,0,0,0,0
2026-08-28,40,03:30,chat,1,1,1,0,43,100,1129,517
2026-08-28,40,04:00,chat,0,0,0,0,0,0,0,0
2026-08-28,40,04:30,chat,1,1,1,0,43,100,1304,596
2026-08-28,40,05:00,chat,1,1,1,0,42,100,1313,601
2026-08-28,40,05:30,chat,0,0,0,0,0,0,0,0
2026-08-28,40,06:00,chat,1,1,1,0,49,100,1244,569
2026-08-28,40,06:30,chat,1,1,1,0,42,100,1289,589
2026-08-28,40,07:00,chat,1,1,1,0,40,100,1221,558
2026-08-28,40,07:30,chat,1,1,1,0,43,100,1381,632
2026-08-28,40,08:00,chat,1,1,1,0,46,100,1310,599
2026-08-28,40,08:30,chat,2,2,2,0,44,100,1153,528
2026-08-28,40,09:00,chat,3,3,3,0,42,100,1230,562
2026-08-28,40,09:30,chat,4,4,4,0,45,100,1140,522
2026-08-28,40,10:00,chat,5,5,4,0,109,80,1186,542
2026-08-28,40,10:30,chat,4,4,3,0,127,75,1164,532
2026-08-28,40,11:00,chat,6,5,4,1,224,66.7,1089,498
2026-08-28,40,11:30,chat,5,5,5,0,50,100,1215,556
2026-08-28,40,12:00,chat,6,5,5,1,87,83.3,1169,535
2026-08-28,40,12:30,chat,4,4,3,0,136,75,1260,576
2026-08-28,40,13:00,chat,4,4,4,0,48,100,1225,560
2026-08-28,40,13:30,chat,5,5,4,0,86,80,1171,536
2026-08-28,40,14:00,chat,4,4,3,0,134,75,1236,565
2026-08-28,40,14:30,chat,4,4,4,0,39,100,1338,612
2026-08-28,40,15:00,chat,5,5,5,0,38,100,1191,545
2026-08-28,40,15:30,chat,5,4,3,1,270,60,1224,560
2026-08-28,40,16:00,chat,5,4,4,1,99,80,1210,554
2026-08-28,40,16:30,chat,4,4,4,0,48,100,1226,561
2026-08-28,40,17:00,chat,3,3,3,0,43,100,1133,518
2026-08-28,40,17:30,chat,2,2,2,0,46,100,1300,595
2026-08-28,40,18:00,chat,2,2,2,0,42,100,1192,545
2026-08-28,40,18:30,chat,1,1,1,0,43,100,1170,535
2026-08-28,40,19:00,chat,1,1,1,0,40,100,1212,555
2026-08-28,40,19:30,chat,1,1,1,0,39,100,1080,494
2026-08-28,40,20:00,chat,1,1,1,0,44,100,1271,581
2026-08-28,40,20:30,chat,0,0,0,0,0,0,0,0
2026-08-28,40,21:00,chat,0,0,0,0,0,0,0,0
2026-08-28,40,21:30,chat,1,1,1,0,42,100,1191,545
2026-08-28,40,22:00,chat,1,1,1,0,48,100,1217,556
2026-08-28,40,22:30,chat,1,1,1,0,50,100,1024,468
2026-08-28,40,23:00,chat,0,0,0,0,0,0,0,0
2026-08-28,40,23:30,chat,1,1,1,0,47,100,1238,566
2026-08-29,41,00:00,voice,0,0,0,0,0,0,0,0
2026-08-29,41,00:30,voice,0,0,0,0,0,0,0,0
2026-08-29,41,01:00,voice,0,0,0,0,0,0,0,0
2026-08-29,41,01:30,voice,0,0,0,0,0,0,0,0
2026-08-29,41,02:00,voice,0,0,0,0,0,0,0,0
2026-08-29,41,02:30,voice,0,0,0,0,0,0,0,0
2026-08-29,41,03:00,voice,0,0,0,0,0,0,0,0
2026-08-29,41,03:30,voice,0,0,0,0,0,0,0,0
2026-08-29,41,04:00,voice,0,0,0,0,0,0,0,0
2026-08-29,41,04:30,voice,0,0,0,0,0,0,0,0
2026-08-29,41,05:00,voice,0,0,0,0,0,0,0,0
2026-08-29,41,05:30,voice,0,0,0,0,0,0,0,0
2026-08-29,41,06:00,voice,0,0,0,0,0,0,0,0
2026-08-29,41,06:30,voice,0,0,0,0,0,0,0,0
2026-08-29,41,07:00,voice,0,0,0,0,0,0,0,0
2026-08-29,41,07:30,voice,1,1,1,0,12,100,2092,2092
2026-08-29,41,08:00,voice,1,1,1,0,12,100,1950,1950
2026-08-29,41,08:30,voice,1,1,1,0,12,100,2030,2030
2026-08-29,41,09:00,voice,1,1,1,0,11,100,2111,2111
2026-08-29,41,09:30,voice,1,1,1,0,12,100,2097,2097
2026-08-29,41,10:00,voice,2,2,2,0,13,100,2221,2221
2026-08-29,41,10:30,voice,2,1,1,1,225,50,2190,2190
2026-08-29,41,11:00,voice,1,1,1,0,12,100,1792,1792
2026-08-29,41,11:30,voice,2,2,2,0,12,100,1837,1837
2026-08-29,41,12:00,voice,1,1,1,0,13,100,2111,2111
2026-08-29,41,12:30,voice,1,1,1,0,12,100,1959,1959
2026-08-29,41,13:00,voice,1,1,1,0,12,100,2021,2021
2026-08-29,41,13:30,voice,2,2,2,0,12,100,2109,2109
2026-08-29,41,14:00,voice,2,2,2,0,12,100,1996,1996
2026-08-29,41,14:30,voice,1,1,1,0,10,100,2061,2061
2026-08-29,41,15:00,voice,1,1,1,0,13,100,2021,2021
2026-08-29,41,15:30,voice,2,2,2,0,10,100,2048,2048
2026-08-29,41,16:00,voice,1,1,1,0,13,100,1964,1964
2026-08-29,41,16:30,voice,1,1,1,0,12,100,2142,2142
2026-08-29,41,17:00,voice,1,1,1,0,13,100,2065,2065
2026-08-29,41,17:30,voice,1,1,1,0,14,100,2118,2118
2026-08-29,41,18:00,voice,1,1,1,0,11,100,2174,2174
2026-08-29,41,18:30,voice,1,1,1,0,13,100,2215,2215
2026-08-29,41,19:00,voice,0,0,0,0,0,0,0,0
2026-08-29,41,19:30,voice,0,0,0,0,0,0,0,0
2026-08-29,41,20:00,voice,0,0,0,0,0,0,0,0
2026-08-29,41,20:30,voice,0,0,0,0,0,0,0,0
2026-08-29,41,21:00,voice,0,0,0,0,0,0,0,0
2026-08-29,41,21:30,voice,0,0,0,0,0,0,0,0
2026-08-29,41,22:00,voice,0,0,0,0,0,0,0,0
2026-08-29,41,22:30,voice,0,0,0,0,0,0,0,0
2026-08-29,41,23:00,voice,0,0,0,0,0,0,0,0
2026-08-29,41,23:30,voice,0,0,0,0,0,0,0,0
2026-08-29,41,00:00,chat,0,0,0,0,0,0,0,0
2026-08-29,41,00:30,chat,0,0,0,0,0,0,0,0
2026-08-29,41,01:00,chat,0,0,0,0,0,0,0,0
2026-08-29,41,01:30,chat,0,0,0,0,0,0,0,0
2026-08-29,41,02:00,chat,0,0,0,0,0,0,0,0
2026-08-29,41,02:30,chat,0,0,0,0,0,0,0,0
2026-08-29,41,03:00,chat,1,1,1,0,40,100,1173,587
2026-08-29,41,03:30,chat,0,0,0,0,0,0,0,0
2026-08-29,41,04:00,chat,0,0,0,0,0,0,0,0
2026-08-29,41,04:30,chat,0,0,0,0,0,0,0,0
2026-08-29,41,05:00,chat,0,0,0,0,0,0,0,0
2026-08-29,41,05:30,chat,0,0,0,0,0,0,0,0
2026-08-29,41,06:00,chat,0,0,0,0,0,0,0,0
2026-08-29,41,06:30,chat,1,1,1,0,40,100,1185,592
2026-08-29,41,07:00,chat,1,1,1,0,44,100,1167,584
2026-08-29,41,07:30,chat,1,1,1,0,47,100,1098,549
2026-08-29,41,08:00,chat,1,1,1,0,39,100,1149,574
2026-08-29,41,08:30,chat,2,2,2,0,43,100,1012,506
2026-08-29,41,09:00,chat,2,2,2,0,42,100,1195,598
2026-08-29,41,09:30,chat,3,3,3,0,46,100,1184,592
2026-08-29,41,10:00,chat,2,2,2,0,52,100,1213,607
2026-08-29,41,10:30,chat,3,3,3,0,42,100,1023,512
2026-08-29,41,11:00,chat,3,3,3,0,43,100,1095,548
2026-08-29,41,11:30,chat,3,2,2,1,259,66.7,1048,524
2026-08-29,41,12:00,chat,4,4,4,0,35,100,1357,679
2026-08-29,41,12:30,chat,3,2,2,1,172,66.7,1175,587
2026-08-29,41,13:00,chat,2,2,2,0,53,100,1025,513
2026-08-29,41,13:30,chat,2,2,2,0,42,100,1092,546
2026-08-29,41,14:00,chat,3,3,3,0,45,100,1059,530
2026-08-29,41,14:30,chat,3,3,3,0,42,100,1098,549
2026-08-29,41,15:00,chat,2,2,2,0,39,100,1083,541
2026-08-29,41,15:30,chat,2,2,2,0,48,100,1051,525
2026-08-29,41,16:00,chat,3,3,3,0,53,100,993,496
2026-08-29,41,16:30,chat,1,1,1,0,44,100,1189,594
2026-08-29,41,17:00,chat,2,2,2,0,44,100,1058,529
2026-08-29,41,17:30,chat,1,1,1,0,44,100,1078,539
2026-08-29,41,18:00,chat,1,1,1,0,43,100,1140,570
2026-08-29,41,18:30,chat,1,1,1,0,50,100,1174,587
2026-08-29,41,19:00,chat,1,1,1,0,52,100,1027,514
2026-08-29,41,19:30,chat,1,1,1,0,43,100,1288,644
2026-08-29,41,20:00,chat,0,0,0,0,0,0,0,0
2026-08-29,41,20:30,chat,0,0,0,0,0,0,0,0
2026-08-29,41,21:00,chat,0,0,0,0,0,0,0,0
2026-08-29,41,21:30,chat,0,0,0,0,0,0,0,0
2026-08-29,41,22:00,chat,0,0,0,0,0,0,0,0
2026-08-29,41,22:30,chat,0,0,0,0,0,0,0,0
2026-08-29,41,23:00,chat,0,0,0,0,0,0,0,0
2026-08-29,41,23:30,chat,0,0,0,0,0,0,0,0
2026-08-30,42,00:00,voice,0,0,0,0,0,0,0,0
2026-08-30,42,00:30,voice,0,0,0,0,0,0,0,0
2026-08-30,42,01:00,voice,0,0,0,0,0,0,0,0
2026-08-30,42,01:30,voice,0,0,0,0,0,0,0,0
2026-08-30,42,02:00,voice,0,0,0,0,0,0,0,0
2026-08-30,42,02:30,voice,0,0,0,0,0,0,0,0
2026-08-30,42,03:00,voice,0,0,0,0,0,0,0,0
2026-08-30,42,03:30,voice,0,0,0,0,0,0,0,0
2026-08-30,42,04:00,voice,0,0,0,0,0,0,0,0
2026-08-30,42,04:30,voice,0,0,0,0,0,0,0,0
2026-08-30,42,05:00,voice,0,0,0,0,0,0,0,0
2026-08-30,42,05:30,voice,0,0,0,0,0,0,0,0
2026-08-30,42,06:00,voice,0,0,0,0,0,0,0,0
2026-08-30,42,06:30,voice,0,0,0,0,0,0,0,0
2026-08-30,42,07:00,voice,0,0,0,0,0,0,0,0
2026-08-30,42,07:30,voice,1,1,1,0,11,100,1971,1971
2026-08-30,42,08:00,voice,1,1,1,0,13,100,1694,1694
2026-08-30,42,08:30,voice,1,1,1,0,12,100,1894,1894
2026-08-30,42,09:00,voice,1,1,1,0,15,100,1737,1737
2026-08-30,42,09:30,voice,2,2,2,0,12,100,2014,2014
2026-08-30,42,10:00,voice,2,2,2,0,9,100,1978,1978
2026-08-30,42,10:30,voice,2,2,2,0,12,100,1875,1875
2026-08-30,42,11:00,voice,2,2,2,0,13,100,1730,1730
2026-08-30,42,11:30,voice,2,2,2,0,12,100,1709,1709
2026-08-30,42,12:00,voice,2,2,2,0,12,100,1840,1840
2026-08-30,42,12:30,voice,2,2,2,0,13,100,1830,1830
2026-08-30,42,13:00,voice,1,1,1,0,10,100,1955,1955
2026-08-30,42,13:30,voice,2,2,2,0,13,100,1935,1935
2026-08-30,42,14:00,voice,2,1,1,1,228,50,1879,1879
2026-08-30,42,14:30,voice,1,1,1,0,11,100,1844,1844
2026-08-30,42,15:00,voice,2,2,2,0,12,100,1649,1649
2026-08-30,42,15:30,voice,2,2,2,0,15,100,2324,2324
2026-08-30,42,16:00,voice,1,1,1,0,14,100,2023,2023
2026-08-30,42,16:30,voice,1,1,1,0,12,100,2206,2206
2026-08-30,42,17:00,voice,1,1,1,0,11,100,1746,1746
2026-08-30,42,17:30,voice,1,1,1,0,11,100,1973,1973
2026-08-30,42,18:00,voice,1,1,1,0,11,100,1869,1869
2026-08-30,42,18:30,voice,1,1,1,0,13,100,2178,2178
2026-08-30,42,19:00,voice,0,0,0,0,0,0,0,0
2026-08-30,42,19:30,voice,0,0,0,0,0,0,0,0
2026-08-30,42,20:00,voice,0,0,0,0,0,0,0,0
2026-08-30,42,20:30,voice,0,0,0,0,0,0,0,0
2026-08-30,42,21:00,voice,0,0,0,0,0,0,0,0
2026-08-30,42,21:30,voice,0,0,0,0,0,0,0,0
2026-08-30,42,22:00,voice,0,0,0,0,0,0,0,0
2026-08-30,42,22:30,voice,0,0,0,0,0,0,0,0
2026-08-30,42,23:00,voice,0,0,0,0,0,0,0,0
2026-08-30,42,23:30,voice,0,0,0,0,0,0,0,0
2026-08-30,42,00:00,chat,0,0,0,0,0,0,0,0
2026-08-30,42,00:30,chat,0,0,0,0,0,0,0,0
2026-08-30,42,01:00,chat,1,1,1,0,56,100,1279,640
2026-08-30,42,01:30,chat,0,0,0,0,0,0,0,0
2026-08-30,42,02:00,chat,0,0,0,0,0,0,0,0
2026-08-30,42,02:30,chat,0,0,0,0,0,0,0,0
2026-08-30,42,03:00,chat,0,0,0,0,0,0,0,0
2026-08-30,42,03:30,chat,0,0,0,0,0,0,0,0
2026-08-30,42,04:00,chat,0,0,0,0,0,0,0,0
2026-08-30,42,04:30,chat,1,1,1,0,46,100,1148,574
2026-08-30,42,05:00,chat,0,0,0,0,0,0,0,0
2026-08-30,42,05:30,chat,1,1,1,0,43,100,1074,537
2026-08-30,42,06:00,chat,0,0,0,0,0,0,0,0
2026-08-30,42,06:30,chat,1,1,1,0,50,100,1163,582
2026-08-30,42,07:00,chat,1,1,1,0,44,100,1206,603
2026-08-30,42,07:30,chat,1,1,1,0,46,100,1065,533
2026-08-30,42,08:00,chat,1,1,1,0,44,100,1102,551
2026-08-30,42,08:30,chat,2,2,2,0,50,100,1000,500
2026-08-30,42,09:00,chat,2,2,2,0,46,100,1103,552
2026-08-30,42,09:30,chat,3,3,3,0,40,100,1085,543
2026-08-30,42,10:00,chat,4,4,4,0,50,100,1181,590
2026-08-30,42,10:30,chat,5,4,4,1,103,80,1189,594
2026-08-30,42,11:00,chat,3,3,3,0,47,100,1116,558
2026-08-30,42,11:30,chat,3,3,3,0,46,100,1124,562
2026-08-30,42,12:00,chat,3,3,3,0,46,100,1080,540
2026-08-30,42,12:30,chat,3,3,3,0,49,100,1077,539
2026-08-30,42,13:00,chat,3,3,3,0,50,100,1088,544
2026-08-30,42,13:30,chat,2,2,2,0,42,100,1090,545
2026-08-30,42,14:00,chat,3,3,3,0,37,100,1213,606
2026-08-30,42,14:30,chat,3,3,3,0,50,100,1258,629
2026-08-30,42,15:00,chat,3,2,2,1,209,66.7,1190,595
2026-08-30,42,15:30,chat,3,3,3,0,44,100,1052,526
2026-08-30,42,16:00,chat,2,2,2,0,41,100,1141,570
2026-08-30,42,16:30,chat,2,2,2,0,48,100,1141,571
2026-08-30,42,17:00,chat,2,2,2,0,45,100,1045,522
2026-08-30,42,17:30,chat,1,1,1,0,43,100,1017,508
2026-08-30,42,18:00,chat,1,1,1,0,39,100,1105,552
2026-08-30,42,18:30,chat,1,1,1,0,41,100,1241,621
2026-08-30,42,19:00,chat,1,1,1,0,43,100,1056,528
2026-08-30,42,19:30,chat,1,1,1,0,51,100,1170,585
2026-08-30,42,20:00,chat,1,1,1,0,44,100,1180,590
2026-08-30,42,20:30,chat,1,1,1,0,45,100,1189,595
2026-08-30,42,21:00,chat,0,0,0,0,0,0,0,0
2026-08-30,42,21:30,chat,1,1,1,0,42,100,1190,595
2026-08-30,42,22:00,chat,0,0,0,0,0,0,0,0
2026-08-30,42,22:30,chat,0,0,0,0,0,0,0,0
2026-08-30,42,23:00,chat,0,0,0,0,0,0,0,0
2026-08-30,42,23:30,chat,0,0,0,0,0,0,0,0
2026-08-31,43,00:00,voice,0,0,0,0,0,0,0,0
2026-08-31,43,00:30,voice,0,0,0,0,0,0,0,0
2026-08-31,43,01:00,voice,1,1,1,0,11,100,1712,1712
2026-08-31,43,01:30,voice,0,0,0,0,0,0,0,0
2026-08-31,43,02:00,voice,0,0,0,0,0,0,0,0
2026-08-31,43,02:30,voice,0,0,0,0,0,0,0,0
2026-08-31,43,03:00,voice,0,0,0,0,0,0,0,0
2026-08-31,43,03:30,voice,0,0,0,0,0,0,0,0
2026-08-31,43,04:00,voice,0,0,0,0,0,0,0,0
2026-08-31,43,04:30,voice,1,1,1,0,14,100,1695,1695
2026-08-31,43,05:00,voice,1,1,1,0,11,100,1809,1809
2026-08-31,43,05:30,voice,0,0,0,0,0,0,0,0
2026-08-31,43,06:00,voice,0,0,0,0,0,0,0,0
2026-08-31,43,06:30,voice,1,1,1,0,14,100,1778,1778
2026-08-31,43,07:00,voice,1,1,1,0,11,100,1788,1788
2026-08-31,43,07:30,voice,1,1,1,0,12,100,2043,2043
2026-08-31,43,08:00,voice,1,1,1,0,11,100,1749,1749
2026-08-31,43,08:30,voice,2,2,2,0,11,100,1870,1870
2026-08-31,43,09:00,voice,3,3,3,0,12,100,1824,1824
2026-08-31,43,09:30,voice,3,2,1,1,438,33.3,1721,1721
2026-08-31,43,10:00,voice,3,2,1,1,450,33.3,1868,1868
2026-08-31,43,10:30,voice,4,3,3,1,78,75,1711,1711
2026-08-31,43,11:00,voice,5,4,1,1,597,20,1732,1732
2026-08-31,43,11:30,voice,3,3,2,0,109,66.7,1971,1971
2026-08-31,43,12:00,voice,3,3,3,0,13,100,1666,1666
2026-08-31,43,12:30,voice,3,3,3,0,12,100,1886,1886
2026-08-31,43,13:00,voice,3,3,2,0,120,66.7,1957,1957
2026-08-31,43,13:30,voice,3,2,1,1,421,33.3,1897,1897
2026-08-31,43,14:00,voice,3,3,3,0,12,100,2097,2097
2026-08-31,43,14:30,voice,4,3,2,1,204,50,2013,2013
2026-08-31,43,15:00,voice,4,4,4,0,10,100,1815,1815
2026-08-31,43,15:30,voice,2,2,1,0,240,50,1724,1724
2026-08-31,43,16:00,voice,2,2,1,0,229,50,1826,1826
2026-08-31,43,16:30,voice,2,2,1,0,292,50,1685,1685
2026-08-31,43,17:00,voice,2,2,1,0,229,50,2067,2067
2026-08-31,43,17:30,voice,2,2,2,0,11,100,2006,2006
2026-08-31,43,18:00,voice,1,1,1,0,13,100,1699,1699
2026-08-31,43,18:30,voice,1,1,1,0,11,100,1928,1928
2026-08-31,43,19:00,voice,1,1,1,0,13,100,1692,1692
2026-08-31,43,19:30,voice,1,1,1,0,13,100,1799,1799
2026-08-31,43,20:00,voice,0,0,0,0,0,0,0,0
2026-08-31,43,20:30,voice,1,1,1,0,12,100,1874,1874
2026-08-31,43,21:00,voice,1,1,1,0,12,100,1826,1826
2026-08-31,43,21:30,voice,0,0,0,0,0,0,0,0
2026-08-31,43,22:00,voice,0,0,0,0,0,0,0,0
2026-08-31,43,22:30,voice,0,0,0,0,0,0,0,0
2026-08-31,43,23:00,voice,1,1,1,0,11,100,1879,1879
2026-08-31,43,23:30,voice,0,0,0,0,0,0,0,0
2026-08-31,43,00:00,chat,1,1,1,0,47,100,1634,590
2026-08-31,43,00:30,chat,1,1,1,0,38,100,1566,566
2026-08-31,43,01:00,chat,1,1,1,0,40,100,1528,552
2026-08-31,43,01:30,chat,1,1,1,0,40,100,1501,543
2026-08-31,43,02:00,chat,1,1,1,0,44,100,1558,563
2026-08-31,43,02:30,chat,1,1,1,0,43,100,1588,574
2026-08-31,43,03:00,chat,1,1,1,0,54,100,1723,623
2026-08-31,43,03:30,chat,1,1,1,0,38,100,1612,583
2026-08-31,43,04:00,chat,1,1,1,0,51,100,1481,535
2026-08-31,43,04:30,chat,1,1,1,0,43,100,1671,604
2026-08-31,43,05:00,chat,1,1,1,0,49,100,1512,546
2026-08-31,43,05:30,chat,1,1,1,0,51,100,1665,601
2026-08-31,43,06:00,chat,1,1,1,0,42,100,1514,547
2026-08-31,43,06:30,chat,1,1,1,0,39,100,1505,544
2026-08-31,43,07:00,chat,1,1,1,0,47,100,1648,595
2026-08-31,43,07:30,chat,2,2,2,0,47,100,1566,566
2026-08-31,43,08:00,chat,2,2,2,0,42,100,1527,552
2026-08-31,43,08:30,chat,4,3,2,1,426,50,1600,578
2026-08-31,43,09:00,chat,5,4,1,1,941,20,1604,580
2026-08-31,43,09:30,chat,8,6,2,2,906,25,1525,551
2026-08-31,43,10:00,chat,6,4,1,2,1127,16.7,1629,589
2026-08-31,43,10:30,chat,6,4,1,2,1167,16.7,1592,575
2026-08-31,43,11:00,chat,5,4,1,1,1049,20,1570,567
2026-08-31,43,11:30,chat,6,4,1,2,1223,16.7,1612,582
2026-08-31,43,12:00,chat,6,5,2,1,634,33.3,1745,630
2026-08-31,43,12:30,chat,5,4,1,1,936,20,1358,491
2026-08-31,43,13:00,chat,6,4,1,2,1183,16.7,1632,590
2026-08-31,43,13:30,chat,6,4,2,2,750,33.3,1641,593
2026-08-31,43,14:00,chat,6,4,2,2,722,33.3,1742,629
2026-08-31,43,14:30,chat,7,5,3,2,599,42.9,1390,502
2026-08-31,43,15:00,chat,9,7,2,2,969,22.2,1613,583
2026-08-31,43,15:30,chat,6,5,3,1,385,50,1594,576
2026-08-31,43,16:00,chat,5,4,1,1,1084,20,1618,585
2026-08-31,43,16:30,chat,5,4,1,1,1115,20,1549,560
2026-08-31,43,17:00,chat,4,3,2,1,528,50,1597,577
2026-08-31,43,17:30,chat,2,2,2,0,50,100,1566,566
2026-08-31,43,18:00,chat,2,2,2,0,45,100,1891,683
2026-08-31,43,18:30,chat,2,2,2,0,46,100,1614,583
2026-08-31,43,19:00,chat,1,1,1,0,37,100,1541,557
2026-08-31,43,19:30,chat,1,1,1,0,51,100,1582,572
2026-08-31,43,20:00,chat,1,1,1,0,44,100,1648,595
2026-08-31,43,20:30,chat,1,1,1,0,46,100,1503,543
2026-08-31,43,21:00,chat,1,1,1,0,48,100,1441,521
2026-08-31,43,21:30,chat,1,1,1,0,35,100,1495,540
2026-08-31,43,22:00,chat,1,1,1,0,51,100,1635,591
2026-08-31,43,22:30,chat,1,1,1,0,49,100,1581,571
2026-08-31,43,23:00,chat,1,1,1,0,50,100,1554,562
2026-08-31,43,23:30,chat,1,1,1,0,45,100,1590,575
2026-09-01,44,00:00,voice,0,0,0,0,0,0,0,0
2026-09-01,44,00:30,voice,0,0,0,0,0,0,0,0
2026-09-01,44,01:00,voice,1,1,1,0,12,100,1947,1947
2026-09-01,44,01:30,voice,0,0,0,0,0,0,0,0
2026-09-01,44,02:00,voice,0,0,0,0,0,0,0,0
2026-09-01,44,02:30,voice,1,1,1,0,13,100,1817,1817
2026-09-01,44,03:00,voice,0,0,0,0,0,0,0,0
2026-09-01,44,03:30,voice,1,1,1,0,14,100,2145,2145
2026-09-01,44,04:00,voice,0,0,0,0,0,0,0,0
2026-09-01,44,04:30,voice,0,0,0,0,0,0,0,0
2026-09-01,44,05:00,voice,1,1,1,0,12,100,2115,2115
2026-09-01,44,05:30,voice,1,1,1,0,12,100,1992,1992
2026-09-01,44,06:00,voice,1,1,1,0,14,100,1879,1879
2026-09-01,44,06:30,voice,1,1,1,0,11,100,2080,2080
2026-09-01,44,07:00,voice,1,1,1,0,10,100,2138,2138
2026-09-01,44,07:30,voice,1,1,1,0,11,100,1846,1846
2026-09-01,44,08:00,voice,1,1,1,0,14,100,1908,1908
2026-09-01,44,08:30,voice,2,2,2,0,10,100,1934,1934
2026-09-01,44,09:00,voice,3,3,3,0,12,100,1727,1727
2026-09-01,44,09:30,voice,4,3,3,1,64,75,2043,2043
2026-09-01,44,10:00,voice,4,3,1,1,556,25,1888,1888
2026-09-01,44,10:30,voice,5,4,3,1,157,60,2025,2025
2026-09-01,44,11:00,voice,5,4,3,1,137,60,2107,2107
2026-09-01,44,11:30,voice,5,4,3,1,158,60,1921,1921
2026-09-01,44,12:00,voice,3,3,1,0,365,33.3,1936,1936
2026-09-01,44,12:30,voice,3,3,1,0,374,33.3,1984,1984
2026-09-01,44,13:00,voice,3,3,3,0,12,100,1948,1948
2026-09-01,44,13:30,voice,3,3,1,0,363,33.3,1848,1848
2026-09-01,44,14:00,voice,3,3,3,0,12,100,1683,1683
2026-09-01,44,14:30,voice,3,3,3,0,14,100,1948,1948
2026-09-01,44,15:00,voice,4,3,3,1,74,75,1941,1941
2026-09-01,44,15:30,voice,3,3,1,0,379,33.3,1832,1832
2026-09-01,44,16:00,voice,3,3,3,0,11,100,1942,1942
2026-09-01,44,16:30,voice,3,3,3,0,13,100,2112,2112
2026-09-01,44,17:00,voice,2,2,1,0,256,50,2033,2033
2026-09-01,44,17:30,voice,1,1,1,0,11,100,2059,2059
2026-09-01,44,18:00,voice,1,1,1,0,12,100,1833,1833
2026-09-01,44,18:30,voice,1,1,1,0,13,100,2052,2052
2026-09-01,44,19:00,voice,1,1,1,0,9,100,1991,1991
2026-09-01,44,19:30,voice,1,1,1,0,10,100,1874,1874
2026-09-01,44,20:00,voice,1,1,1,0,13,100,2129,2129
2026-09-01,44,20:30,voice,0,0,0,0,0,0,0,0
2026-09-01,44,21:00,voice,1,1,1,0,13,100,1917,1917
2026-09-01,44,21:30,voice,0,0,0,0,0,0,0,0
2026-09-01,44,22:00,voice,0,0,0,0,0,0,0,0
2026-09-01,44,22:30,voice,0,0,0,0,0,0,0,0
2026-09-01,44,23:00,voice,0,0,0,0,0,0,0,0
2026-09-01,44,23:30,voice,0,0,0,0,0,0,0,0
2026-09-01,44,00:00,chat,1,1,1,0,59,100,1510,548
2026-09-01,44,00:30,chat,1,1,1,0,51,100,1465,532
2026-09-01,44,01:00,chat,1,1,1,0,41,100,1786,648
2026-09-01,44,01:30,chat,0,0,0,0,0,0,0,0
2026-09-01,44,02:00,chat,1,1,1,0,47,100,1557,566
2026-09-01,44,02:30,chat,1,1,1,0,54,100,1636,594
2026-09-01,44,03:00,chat,0,0,0,0,0,0,0,0
2026-09-01,44,03:30,chat,1,1,1,0,49,100,1577,573
2026-09-01,44,04:00,chat,0,0,0,0,0,0,0,0
2026-09-01,44,04:30,chat,1,1,1,0,55,100,1540,559
2026-09-01,44,05:00,chat,1,1,1,0,47,100,1376,500
2026-09-01,44,05:30,chat,1,1,1,0,47,100,1566,569
2026-09-01,44,06:00,chat,1,1,1,0,42,100,1354,492
2026-09-01,44,06:30,chat,1,1,1,0,38,100,1513,549
2026-09-01,44,07:00,chat,1,1,1,0,42,100,1542,560
2026-09-01,44,07:30,chat,2,2,2,0,45,100,1545,561
2026-09-01,44,08:00,chat,3,3,3,0,41,100,1576,572
2026-09-01,44,08:30,chat,4,3,1,1,750,25,1421,516
2026-09-01,44,09:00,chat,5,4,2,1,554,40,1534,557
2026-09-01,44,09:30,chat,7,5,3,2,583,42.9,1506,547
2026-09-01,44,10:00,chat,8,6,4,2,420,50,1636,594
2026-09-01,44,10:30,chat,8,6,2,2,895,25,1428,518
2026-09-01,44,11:00,chat,7,5,2,2,796,28.6,1441,523
2026-09-01,44,11:30,chat,9,7,3,2,662,33.3,1587,576
2026-09-01,44,12:00,chat,8,6,2,2,1039,25,1568,569
2026-09-01,44,12:30,chat,5,4,2,1,507,40,1378,500
2026-09-01,44,13:00,chat,7,5,1,2,997,14.3,1386,503
2026-09-01,44,13:30,chat,6,5,1,1,1014,16.7,1483,539
2026-09-01,44,14:00,chat,5,4,2,1,596,40,1519,552
2026-09-01,44,14:30,chat,5,4,1,1,947,20,1580,574
2026-09-01,44,15:00,chat,6,5,3,1,478,50,1484,539
2026-09-01,44,15:30,chat,7,5,3,2,500,42.9,1551,563
2026-09-01,44,16:00,chat,5,4,1,1,1172,20,1522,553
2026-09-01,44,16:30,chat,6,5,1,1,1118,16.7,1546,561
2026-09-01,44,17:00,chat,4,3,3,1,147,75,1638,595
2026-09-01,44,17:30,chat,2,2,2,0,47,100,1662,604
2026-09-01,44,18:00,chat,2,2,2,0,46,100,1489,541
2026-09-01,44,18:30,chat,1,1,1,0,37,100,1452,527
2026-09-01,44,19:00,chat,1,1,1,0,41,100,1542,560
2026-09-01,44,19:30,chat,1,1,1,0,45,100,1563,567
2026-09-01,44,20:00,chat,1,1,1,0,43,100,1356,492
2026-09-01,44,20:30,chat,1,1,1,0,38,100,1577,573
2026-09-01,44,21:00,chat,1,1,1,0,44,100,1510,548
2026-09-01,44,21:30,chat,1,1,1,0,37,100,1405,510
2026-09-01,44,22:00,chat,1,1,1,0,46,100,1421,516
2026-09-01,44,22:30,chat,1,1,1,0,42,100,1437,522
2026-09-01,44,23:00,chat,1,1,1,0,41,100,1543,560
2026-09-01,44,23:30,chat,1,1,1,0,44,100,1517,551
2026-09-02,45,00:00,voice,1,1,1,0,11,100,1957,1957
2026-09-02,45,00:30,voice,0,0,0,0,0,0,0,0
2026-09-02,45,01:00,voice,0,0,0,0,0,0,0,0
2026-09-02,45,01:30,voice,1,1,1,0,12,100,1905,1905
2026-09-02,45,02:00,voice,0,0,0,0,0,0,0,0
2026-09-02,45,02:30,voice,0,0,0,0,0,0,0,0
2026-09-02,45,03:00,voice,0,0,0,0,0,0,0,0
2026-09-02,45,03:30,voice,1,1,1,0,11,100,1806,1806
2026-09-02,45,04:00,voice,1,1,1,0,11,100,1927,1927
2026-09-02,45,04:30,voice,1,1,1,0,10,100,1817,1817
2026-09-02,45,05:00,voice,0,0,0,0,0,0,0,0
2026-09-02,45,05:30,voice,1,1,1,0,14,100,1908,1908
2026-09-02,45,06:00,voice,1,1,1,0,11,100,1942,1942
2026-09-02,45,06:30,voice,1,1,1,0,9,100,1824,1824
2026-09-02,45,07:00,voice,1,1,1,0,13,100,1865,1865
2026-09-02,45,07:30,voice,1,1,1,0,11,100,1793,1793
2026-09-02,45,08:00,voice,2,2,2,0,12,100,1806,1806
2026-09-02,45,08:30,voice,3,2,0,1,939,0,1694,1694
2026-09-02,45,09:00,voice,3,2,1,1,418,33.3,1812,1812
2026-09-02,45,09:30,voice,4,3,1,1,567,25,1795,1795
2026-09-02,45,10:00,voice,6,4,1,2,604,16.7,1956,1956
2026-09-02,45,10:30,voice,5,3,0,2,829,0,1791,1791
2026-09-02,45,11:00,voice,6,4,1,2,526,16.7,1854,1854
2026-09-02,45,11:30,voice,4,2,0,2,1004,0,1747,1747
2026-09-02,45,12:00,voice,4,3,1,1,571,25,1890,1890
2026-09-02,45,12:30,voice,4,3,1,1,677,25,1748,1748
2026-09-02,45,13:00,voice,3,2,1,1,394,33.3,1933,1933
2026-09-02,45,13:30,voice,3,2,0,1,863,0,1675,1675
2026-09-02,45,14:00,voice,4,3,1,1,459,25,1878,1878
2026-09-02,45,14:30,voice,4,3,1,1,563,25,1719,1719
2026-09-02,45,15:00,voice,4,3,1,1,444,25,1780,1780
2026-09-02,45,15:30,voice,4,3,1,1,516,25,1787,1787
2026-09-02,45,16:00,voice,4,3,1,1,485,25,1708,1708
2026-09-02,45,16:30,voice,3,2,1,1,394,33.3,1796,1796
2026-09-02,45,17:00,voice,2,1,1,1,206,50,1949,1949
2026-09-02,45,17:30,voice,1,1,1,0,13,100,1911,1911
2026-09-02,45,18:00,voice,1,1,1,0,13,100,1734,1734
2026-09-02,45,18:30,voice,1,1,1,0,10,100,2026,2026
2026-09-02,45,19:00,voice,1,1,1,0,11,100,1822,1822
2026-09-02,45,19:30,voice,1,1,1,0,11,100,1756,1756
2026-09-02,45,20:00,voice,0,0,0,0,0,0,0,0
2026-09-02,45,20:30,voice,0,0,0,0,0,0,0,0
2026-09-02,45,21:00,voice,0,0,0,0,0,0,0,0
2026-09-02,45,21:30,voice,0,0,0,0,0,0,0,0
2026-09-02,45,22:00,voice,1,1,1,0,14,100,1836,1836
2026-09-02,45,22:30,voice,0,0,0,0,0,0,0,0
2026-09-02,45,23:00,voice,0,0,0,0,0,0,0,0
2026-09-02,45,23:30,voice,1,1,1,0,11,100,1879,1879
2026-09-02,45,00:00,chat,1,1,1,0,43,100,1669,541
2026-09-02,45,00:30,chat,1,1,1,0,54,100,1691,548
2026-09-02,45,01:00,chat,1,1,1,0,33,100,1735,562
2026-09-02,45,01:30,chat,1,1,1,0,48,100,1768,573
2026-09-02,45,02:00,chat,1,1,1,0,39,100,1791,580
2026-09-02,45,02:30,chat,1,1,1,0,46,100,1619,525
2026-09-02,45,03:00,chat,1,1,1,0,45,100,1597,517
2026-09-02,45,03:30,chat,1,1,1,0,44,100,1760,570
2026-09-02,45,04:00,chat,1,1,1,0,44,100,1798,583
2026-09-02,45,04:30,chat,1,1,1,0,45,100,1857,602
2026-09-02,45,05:00,chat,1,1,1,0,42,100,1813,588
2026-09-02,45,05:30,chat,1,1,1,0,48,100,1756,569
2026-09-02,45,06:00,chat,1,1,1,0,45,100,1815,588
2026-09-02,45,06:30,chat,1,1,1,0,44,100,1806,585
2026-09-02,45,07:00,chat,1,1,1,0,49,100,1745,565
2026-09-02,45,07:30,chat,2,2,0,0,1498,0,1717,557
2026-09-02,45,08:00,chat,3,2,1,1,821,33.3,1866,605
2026-09-02,45,08:30,chat,4,3,1,1,910,25,1762,571
2026-09-02,45,09:00,chat,6,4,0,2,1519,0,1583,513
2026-09-02,45,09:30,chat,7,4,0,3,1364,0,1776,576
2026-09-02,45,10:00,chat,8,5,1,3,1064,12.5,1683,545
2026-09-02,45,10:30,chat,9,5,0,4,1716,0,1708,553
2026-09-02,45,11:00,chat,8,5,0,3,1743,0,1627,527
2026-09-02,45,11:30,chat,8,5,1,3,1249,12.5,1783,578
2026-09-02,45,12:00,chat,7,4,0,3,1580,0,1928,625
2026-09-02,45,12:30,chat,6,4,0,2,1485,0,1798,583
2026-09-02,45,13:00,chat,7,4,0,3,1483,0,1787,579
2026-09-02,45,13:30,chat,5,3,0,2,1637,0,1756,569
2026-09-02,45,14:00,chat,7,4,0,3,1642,0,1611,522
2026-09-02,45,14:30,chat,7,4,0,3,1536,0,1716,556
2026-09-02,45,15:00,chat,7,4,0,3,1412,0,1957,634
2026-09-02,45,15:30,chat,6,4,1,2,1025,16.7,1591,516
2026-09-02,45,16:00,chat,7,4,0,3,1423,0,1822,590
2026-09-02,45,16:30,chat,5,3,0,2,1447,0,1927,625
2026-09-02,45,17:00,chat,4,3,1,1,772,25,1660,538
2026-09-02,45,17:30,chat,3,2,0,1,1369,0,1779,576
2026-09-02,45,18:00,chat,2,2,1,0,448,50,1800,583
2026-09-02,45,18:30,chat,2,2,1,0,418,50,1766,572
2026-09-02,45,19:00,chat,1,1,1,0,49,100,1857,602
2026-09-02,45,19:30,chat,1,1,1,0,43,100,1729,560
2026-09-02,45,20:00,chat,1,1,1,0,46,100,1759,570
2026-09-02,45,20:30,chat,1,1,1,0,35,100,1874,607
2026-09-02,45,21:00,chat,1,1,1,0,45,100,1832,594
2026-09-02,45,21:30,chat,1,1,1,0,43,100,1688,547
2026-09-02,45,22:00,chat,1,1,1,0,48,100,1761,571
2026-09-02,45,22:30,chat,1,1,1,0,36,100,1922,623
2026-09-02,45,23:00,chat,1,1,1,0,45,100,1819,589
2026-09-02,45,23:30,chat,1,1,1,0,42,100,1804,585
2026-09-03,46,00:00,voice,1,1,1,0,12,100,2058,2058
2026-09-03,46,00:30,voice,0,0,0,0,0,0,0,0
2026-09-03,46,01:00,voice,0,0,0,0,0,0,0,0
2026-09-03,46,01:30,voice,0,0,0,0,0,0,0,0
2026-09-03,46,02:00,voice,0,0,0,0,0,0,0,0
2026-09-03,46,02:30,voice,0,0,0,0,0,0,0,0
2026-09-03,46,03:00,voice,1,1,1,0,10,100,1891,1891
2026-09-03,46,03:30,voice,0,0,0,0,0,0,0,0
2026-09-03,46,04:00,voice,0,0,0,0,0,0,0,0
2026-09-03,46,04:30,voice,1,1,1,0,13,100,1849,1849
2026-09-03,46,05:00,voice,0,0,0,0,0,0,0,0
2026-09-03,46,05:30,voice,0,0,0,0,0,0,0,0
2026-09-03,46,06:00,voice,0,0,0,0,0,0,0,0
2026-09-03,46,06:30,voice,1,1,1,0,11,100,1942,1942
2026-09-03,46,07:00,voice,1,1,1,0,12,100,2093,2093
2026-09-03,46,07:30,voice,1,1,1,0,11,100,1784,1784
2026-09-03,46,08:00,voice,2,2,2,0,13,100,1898,1898
2026-09-03,46,08:30,voice,3,3,3,0,10,100,1952,1952
2026-09-03,46,09:00,voice,3,2,1,1,349,33.3,2039,2039
2026-09-03,46,09:30,voice,4,3,1,1,662,25,2015,2015
2026-09-03,46,10:00,voice,4,3,1,1,547,25,1838,1838
2026-09-03,46,10:30,voice,6,5,3,1,251,50,1956,1956
2026-09-03,46,11:00,voice,5,4,3,1,138,60,1824,1824
2026-09-03,46,11:30,voice,4,3,1,1,468,25,1769,1769
2026-09-03,46,12:00,voice,4,4,4,0,11,100,1839,1839
2026-09-03,46,12:30,voice,3,3,2,0,107,66.7,1897,1897
2026-09-03,46,13:00,voice,3,2,1,1,476,33.3,2116,2116
2026-09-03,46,13:30,voice,4,3,2,1,238,50,2092,2092
2026-09-03,46,14:00,voice,5,4,1,1,499,20,2136,2136
2026-09-03,46,14:30,voice,4,3,1,1,541,25,1970,1970
2026-09-03,46,15:00,voice,4,4,4,0,11,100,1966,1966
2026-09-03,46,15:30,voice,4,3,1,1,578,25,2136,2136
2026-09-03,46,16:00,voice,2,2,1,0,222,50,2017,2017
2026-09-03,46,16:30,voice,3,3,2,0,124,66.7,1940,1940
2026-09-03,46,17:00,voice,3,3,3,0,12,100,1817,1817
2026-09-03,46,17:30,voice,2,2,2,0,11,100,2045,2045
2026-09-03,46,18:00,voice,1,1,1,0,12,100,1922,1922
2026-09-03,46,18:30,voice,1,1,1,0,13,100,1934,1934
2026-09-03,46,19:00,voice,1,1,1,0,12,100,2173,2173
2026-09-03,46,19:30,voice,1,1,1,0,14,100,1754,1754
2026-09-03,46,20:00,voice,1,1,1,0,13,100,1919,1919
2026-09-03,46,20:30,voice,0,0,0,0,0,0,0,0
2026-09-03,46,21:00,voice,0,0,0,0,0,0,0,0
2026-09-03,46,21:30,voice,1,1,1,0,13,100,2245,2245
2026-09-03,46,22:00,voice,1,1,1,0,13,100,1928,1928
2026-09-03,46,22:30,voice,0,0,0,0,0,0,0,0
2026-09-03,46,23:00,voice,0,0,0,0,0,0,0,0
2026-09-03,46,23:30,voice,0,0,0,0,0,0,0,0
2026-09-03,46,00:00,chat,1,1,1,0,44,100,1446,503
2026-09-03,46,00:30,chat,1,1,1,0,40,100,1366,475
2026-09-03,46,01:00,chat,0,0,0,0,0,0,0,0
2026-09-03,46,01:30,chat,1,1,1,0,51,100,1476,513
2026-09-03,46,02:00,chat,1,1,1,0,48,100,1379,480
2026-09-03,46,02:30,chat,1,1,1,0,50,100,1439,501
2026-09-03,46,03:00,chat,1,1,1,0,44,100,1369,476
2026-09-03,46,03:30,chat,0,0,0,0,0,0,0,0
2026-09-03,46,04:00,chat,1,1,1,0,51,100,1509,525
2026-09-03,46,04:30,chat,0,0,0,0,0,0,0,0
2026-09-03,46,05:00,chat,1,1,1,0,47,100,1482,515
2026-09-03,46,05:30,chat,1,1,1,0,42,100,1521,529
2026-09-03,46,06:00,chat,1,1,1,0,41,100,1617,563
2026-09-03,46,06:30,chat,1,1,1,0,41,100,1481,515
2026-09-03,46,07:00,chat,1,1,1,0,42,100,1514,527
2026-09-03,46,07:30,chat,2,2,2,0,38,100,1514,527
2026-09-03,46,08:00,chat,2,2,1,0,464,50,1577,549
2026-09-03,46,08:30,chat,4,4,2,0,399,50,1477,514
2026-09-03,46,09:00,chat,5,4,1,1,973,20,1584,551
2026-09-03,46,09:30,chat,7,5,2,2,763,28.6,1435,499
2026-09-03,46,10:00,chat,6,5,2,1,658,33.3,1475,513
2026-09-03,46,10:30,chat,7,5,1,2,1049,14.3,1390,483
2026-09-03,46,11:00,chat,8,5,1,3,1288,12.5,1403,488
2026-09-03,46,11:30,chat,8,5,1,3,1208,12.5,1465,509
2026-09-03,46,12:00,chat,6,4,0,2,2001,0,1508,524
2026-09-03,46,12:30,chat,7,5,2,2,856,28.6,1432,498
2026-09-03,46,13:00,chat,5,4,1,1,961,20,1441,501
2026-09-03,46,13:30,chat,6,4,1,2,922,16.7,1543,537
2026-09-03,46,14:00,chat,5,4,1,1,949,20,1464,509
2026-09-03,46,14:30,chat,6,4,1,2,971,16.7,1515,527
2026-09-03,46,15:00,chat,5,3,1,2,833,20,1470,511
2026-09-03,46,15:30,chat,5,4,2,1,568,40,1626,566
2026-09-03,46,16:00,chat,5,3,1,2,1218,20,1600,556
2026-09-03,46,16:30,chat,5,3,1,2,958,20,1500,522
2026-09-03,46,17:00,chat,4,3,2,1,400,50,1547,538
2026-09-03,46,17:30,chat,3,2,1,1,843,33.3,1480,515
2026-09-03,46,18:00,chat,2,2,2,0,40,100,1461,508
2026-09-03,46,18:30,chat,1,1,1,0,47,100,1750,609
2026-09-03,46,19:00,chat,1,1,1,0,41,100,1453,505
2026-09-03,46,19:30,chat,1,1,1,0,42,100,1453,505
2026-09-03,46,20:00,chat,1,1,1,0,51,100,1505,524
2026-09-03,46,20:30,chat,1,1,1,0,39,100,1519,528
2026-09-03,46,21:00,chat,0,0,0,0,0,0,0,0
2026-09-03,46,21:30,chat,0,0,0,0,0,0,0,0
2026-09-03,46,22:00,chat,1,1,1,0,51,100,1443,502
2026-09-03,46,22:30,chat,1,1,1,0,47,100,1379,479
2026-09-03,46,23:00,chat,1,1,1,0,34,100,1722,599
2026-09-03,46,23:30,chat,1,1,1,0,52,100,1434,499
2026-09-04,47,00:00,voice,0,0,0,0,0,0,0,0
2026-09-04,47,00:30,voice,0,0,0,0,0,0,0,0
2026-09-04,47,01:00,voice,1,1,1,0,11,100,2140,2140
2026-09-04,47,01:30,voice,0,0,0,0,0,0,0,0
2026-09-04,47,02:00,voice,1,1,1,0,13,100,1866,1866
2026-09-04,47,02:30,voice,0,0,0,0,0,0,0,0
2026-09-04,47,03:00,voice,0,0,0,0,0,0,0,0
2026-09-04,47,03:30,voice,0,0,0,0,0,0,0,0
2026-09-04,47,04:00,voice,0,0,0,0,0,0,0,0
2026-09-04,47,04:30,voice,1,1,1,0,12,100,2101,2101
2026-09-04,47,05:00,voice,1,1,1,0,13,100,1952,1952
2026-09-04,47,05:30,voice,0,0,0,0,0,0,0,0
2026-09-04,47,06:00,voice,0,0,0,0,0,0,0,0
2026-09-04,47,06:30,voice,1,1,1,0,13,100,1983,1983
2026-09-04,47,07:00,voice,1,1,1,0,13,100,2074,2074
2026-09-04,47,07:30,voice,1,1,1,0,11,100,1748,1748
2026-09-04,47,08:00,voice,2,2,2,0,11,100,1852,1852
2026-09-04,47,08:30,voice,3,3,2,0,123,66.7,1949,1949
2026-09-04,47,09:00,voice,3,3,1,0,396,33.3,1936,1936
2026-09-04,47,09:30,voice,4,3,2,1,212,50,2027,2027
2026-09-04,47,10:00,voice,6,5,2,1,535,33.3,1766,1766
2026-09-04,47,10:30,voice,5,4,2,1,318,40,1834,1834
2026-09-04,47,11:00,voice,4,3,1,1,492,25,2018,2018
2026-09-04,47,11:30,voice,4,3,1,1,472,25,1917,1917
2026-09-04,47,12:00,voice,4,3,2,1,226,50,1789,1789
2026-09-04,47,12:30,voice,3,3,1,0,446,33.3,1807,1807
2026-09-04,47,13:00,voice,3,2,1,1,470,33.3,2035,2035
2026-09-04,47,13:30,voice,4,4,4,0,13,100,1955,1955
2026-09-04,47,14:00,voice,4,3,1,1,514,25,1894,1894
2026-09-04,47,14:30,voice,4,3,1,1,457,25,1827,1827
2026-09-04,47,15:00,voice,4,3,2,1,190,50,1868,1868
2026-09-04,47,15:30,voice,4,3,3,1,77,75,1869,1869
2026-09-04,47,16:00,voice,3,2,1,1,471,33.3,1932,1932
2026-09-04,47,16:30,voice,3,3,2,0,125,66.7,2046,2046
2026-09-04,47,17:00,voice,2,2,2,0,11,100,2113,2113
2026-09-04,47,17:30,voice,2,2,2,0,13,100,2148,2148
2026-09-04,47,18:00,voice,1,1,1,0,12,100,1879,1879
2026-09-04,47,18:30,voice,1,1,1,0,13,100,1918,1918
2026-09-04,47,19:00,voice,1,1,1,0,13,100,1990,1990
2026-09-04,47,19:30,voice,0,0,0,0,0,0,0,0
2026-09-04,47,20:00,voice,1,1,1,0,12,100,2115,2115
2026-09-04,47,20:30,voice,1,1,1,0,13,100,2070,2070
2026-09-04,47,21:00,voice,1,1,1,0,11,100,1916,1916
2026-09-04,47,21:30,voice,1,1,1,0,12,100,2082,2082
2026-09-04,47,22:00,voice,1,1,1,0,12,100,1820,1820
2026-09-04,47,22:30,voice,0,0,0,0,0,0,0,0
2026-09-04,47,23:00,voice,1,1,1,0,10,100,1780,1780
2026-09-04,47,23:30,voice,0,0,0,0,0,0,0,0
2026-09-04,47,00:00,chat,1,1,1,0,45,100,1546,537
2026-09-04,47,00:30,chat,1,1,1,0,51,100,1431,497
2026-09-04,47,01:00,chat,1,1,1,0,45,100,1555,540
2026-09-04,47,01:30,chat,0,0,0,0,0,0,0,0
2026-09-04,47,02:00,chat,1,1,1,0,36,100,1386,481
2026-09-04,47,02:30,chat,1,1,1,0,38,100,1539,534
2026-09-04,47,03:00,chat,1,1,1,0,43,100,1493,518
2026-09-04,47,03:30,chat,1,1,1,0,40,100,1484,515
2026-09-04,47,04:00,chat,1,1,1,0,43,100,1434,498
2026-09-04,47,04:30,chat,0,0,0,0,0,0,0,0
2026-09-04,47,05:00,chat,1,1,1,0,46,100,1559,541
2026-09-04,47,05:30,chat,1,1,1,0,40,100,1691,587
2026-09-04,47,06:00,chat,1,1,1,0,41,100,1686,585
2026-09-04,47,06:30,chat,1,1,1,0,39,100,1433,498
2026-09-04,47,07:00,chat,1,1,1,0,56,100,1561,542
2026-09-04,47,07:30,chat,2,2,1,0,391,50,1637,568
2026-09-04,47,08:00,chat,2,2,1,0,400,50,1465,509
2026-09-04,47,08:30,chat,3,2,1,1,926,33.3,1543,536
2026-09-04,47,09:00,chat,4,3,1,1,952,25,1225,425
2026-09-04,47,09:30,chat,6,4,1,2,1092,16.7,1600,555
2026-09-04,47,10:00,chat,8,5,1,3,1197,12.5,1563,543
2026-09-04,47,10:30,chat,8,6,1,2,1160,12.5,1333,463
2026-09-04,47,11:00,chat,6,4,1,2,1125,16.7,1499,520
2026-09-04,47,11:30,chat,6,4,1,2,1095,16.7,1456,505
2026-09-04,47,12:00,chat,6,4,1,2,938,16.7,1423,494
2026-09-04,47,12:30,chat,4,3,1,1,933,25,1501,521
2026-09-04,47,13:00,chat,6,4,0,2,1511,0,1569,545
2026-09-04,47,13:30,chat,5,3,1,2,996,20,1607,558
2026-09-04,47,14:00,chat,5,3,1,2,1047,20,1409,489
2026-09-04,47,14:30,chat,5,4,1,1,1020,20,1533,532
2026-09-04,47,15:00,chat,5,3,0,2,1565,0,1406,488
2026-09-04,47,15:30,chat,6,4,1,2,1232,16.7,1599,555
2026-09-04,47,16:00,chat,6,4,1,2,795,16.7,1517,527
2026-09-04,47,16:30,chat,4,3,1,1,1025,25,1521,528
2026-09-04,47,17:00,chat,4,3,1,1,962,25,1544,536
2026-09-04,47,17:30,chat,3,2,1,1,692,33.3,1370,475
2026-09-04,47,18:00,chat,2,2,2,0,49,100,1730,600
2026-09-04,47,18:30,chat,1,1,1,0,41,100,1583,550
2026-09-04,47,19:00,chat,1,1,1,0,44,100,1427,495
2026-09-04,47,19:30,chat,1,1,1,0,56,100,1521,528
2026-09-04,47,20:00,chat,1,1,1,0,40,100,1560,542
2026-09-04,47,20:30,chat,1,1,1,0,37,100,1578,548
2026-09-04,47,21:00,chat,1,1,1,0,41,100,1355,470
2026-09-04,47,21:30,chat,1,1,1,0,50,100,1508,523
2026-09-04,47,22:00,chat,1,1,1,0,45,100,1772,615
2026-09-04,47,22:30,chat,1,1,1,0,48,100,1548,537
2026-09-04,47,23:00,chat,0,0,0,0,0,0,0,0
2026-09-04,47,23:30,chat,1,1,1,0,51,100,1566,544
2026-09-05,48,00:00,voice,1,1,1,0,10,100,1857,1857
2026-09-05,48,00:30,voice,0,0,0,0,0,0,0,0
2026-09-05,48,01:00,voice,0,0,0,0,0,0,0,0
2026-09-05,48,01:30,voice,0,0,0,0,0,0,0,0
2026-09-05,48,02:00,voice,0,0,0,0,0,0,0,0
2026-09-05,48,02:30,voice,0,0,0,0,0,0,0,0
2026-09-05,48,03:00,voice,0,0,0,0,0,0,0,0
2026-09-05,48,03:30,voice,0,0,0,0,0,0,0,0
2026-09-05,48,04:00,voice,0,0,0,0,0,0,0,0
2026-09-05,48,04:30,voice,0,0,0,0,0,0,0,0
2026-09-05,48,05:00,voice,0,0,0,0,0,0,0,0
2026-09-05,48,05:30,voice,0,0,0,0,0,0,0,0
2026-09-05,48,06:00,voice,0,0,0,0,0,0,0,0
2026-09-05,48,06:30,voice,1,1,1,0,12,100,2007,2007
2026-09-05,48,07:00,voice,1,1,1,0,13,100,2074,2074
2026-09-05,48,07:30,voice,1,1,1,0,13,100,2368,2368
2026-09-05,48,08:00,voice,1,1,1,0,13,100,1910,1910
2026-09-05,48,08:30,voice,1,1,1,0,12,100,2333,2333
2026-09-05,48,09:00,voice,2,2,2,0,12,100,2191,2191
2026-09-05,48,09:30,voice,2,2,2,0,13,100,2205,2205
2026-09-05,48,10:00,voice,2,2,2,0,12,100,2056,2056
2026-09-05,48,10:30,voice,3,3,3,0,11,100,2152,2152
2026-09-05,48,11:00,voice,3,3,2,0,111,66.7,2323,2323
2026-09-05,48,11:30,voice,2,2,2,0,10,100,2387,2387
2026-09-05,48,12:00,voice,2,2,2,0,13,100,2016,2016
2026-09-05,48,12:30,voice,2,2,2,0,11,100,2060,2060
2026-09-05,48,13:00,voice,2,2,2,0,10,100,2224,2224
2026-09-05,48,13:30,voice,2,2,2,0,12,100,1837,1837
2026-09-05,48,14:00,voice,2,2,2,0,11,100,2045,2045
2026-09-05,48,14:30,voice,3,2,2,1,97,66.7,1929,1929
2026-09-05,48,15:00,voice,2,2,2,0,12,100,1854,1854
2026-09-05,48,15:30,voice,2,2,2,0,10,100,2067,2067
2026-09-05,48,16:00,voice,2,2,2,0,12,100,2073,2073
2026-09-05,48,16:30,voice,2,2,2,0,13,100,2158,2158
2026-09-05,48,17:00,voice,1,1,1,0,15,100,2113,2113
2026-09-05,48,17:30,voice,1,1,1,0,14,100,2203,2203
2026-09-05,48,18:00,voice,1,1,1,0,11,100,1896,1896
2026-09-05,48,18:30,voice,1,1,1,0,13,100,2141,2141
2026-09-05,48,19:00,voice,1,1,1,0,12,100,2432,2432
2026-09-05,48,19:30,voice,1,1,1,0,12,100,2281,2281
2026-09-05,48,20:00,voice,0,0,0,0,0,0,0,0
2026-09-05,48,20:30,voice,1,1,1,0,13,100,2268,2268
2026-09-05,48,21:00,voice,0,0,0,0,0,0,0,0
2026-09-05,48,21:30,voice,0,0,0,0,0,0,0,0
2026-09-05,48,22:00,voice,0,0,0,0,0,0,0,0
2026-09-05,48,22:30,voice,0,0,0,0,0,0,0,0
2026-09-05,48,23:00,voice,0,0,0,0,0,0,0,0
2026-09-05,48,23:30,voice,0,0,0,0,0,0,0,0
2026-09-05,48,00:00,chat,0,0,0,0,0,0,0,0
2026-09-05,48,00:30,chat,0,0,0,0,0,0,0,0
2026-09-05,48,01:00,chat,0,0,0,0,0,0,0,0
2026-09-05,48,01:30,chat,0,0,0,0,0,0,0,0
2026-09-05,48,02:00,chat,0,0,0,0,0,0,0,0
2026-09-05,48,02:30,chat,0,0,0,0,0,0,0,0
2026-09-05,48,03:00,chat,0,0,0,0,0,0,0,0
2026-09-05,48,03:30,chat,0,0,0,0,0,0,0,0
2026-09-05,48,04:00,chat,0,0,0,0,0,0,0,0
2026-09-05,48,04:30,chat,0,0,0,0,0,0,0,0
2026-09-05,48,05:00,chat,0,0,0,0,0,0,0,0
2026-09-05,48,05:30,chat,0,0,0,0,0,0,0,0
2026-09-05,48,06:00,chat,1,1,1,0,47,100,1171,545
2026-09-05,48,06:30,chat,1,1,1,0,41,100,1154,537
2026-09-05,48,07:00,chat,1,1,1,0,46,100,1289,600
2026-09-05,48,07:30,chat,1,1,1,0,43,100,1264,588
2026-09-05,48,08:00,chat,1,1,1,0,41,100,1215,565
2026-09-05,48,08:30,chat,2,2,2,0,39,100,1298,604
2026-09-05,48,09:00,chat,2,2,2,0,47,100,1164,542
2026-09-05,48,09:30,chat,4,4,3,0,143,75,1197,557
2026-09-05,48,10:00,chat,4,4,4,0,46,100,1169,544
2026-09-05,48,10:30,chat,4,3,3,1,143,75,1263,587
2026-09-05,48,11:00,chat,3,3,3,0,46,100,1129,525
2026-09-05,48,11:30,chat,4,3,3,1,154,75,1249,581
2026-09-05,48,12:00,chat,3,3,3,0,40,100,1107,515
2026-09-05,48,12:30,chat,3,3,3,0,39,100,1179,548
2026-09-05,48,13:00,chat,3,3,3,0,44,100,1154,537
2026-09-05,48,13:30,chat,3,3,3,0,36,100,1291,600
2026-09-05,48,14:00,chat,3,3,2,0,167,66.7,1297,603
2026-09-05,48,14:30,chat,3,3,3,0,38,100,1184,551
2026-09-05,48,15:00,chat,3,3,3,0,43,100,1246,580
2026-09-05,48,15:30,chat,3,3,3,0,48,100,1297,603
2026-09-05,48,16:00,chat,3,3,3,0,45,100,1275,593
2026-09-05,48,16:30,chat,3,3,3,0,41,100,1214,565
2026-09-05,48,17:00,chat,2,2,2,0,52,100,1325,616
2026-09-05,48,17:30,chat,1,1,1,0,44,100,1135,528
2026-09-05,48,18:00,chat,1,1,1,0,50,100,1135,528
2026-09-05,48,18:30,chat,1,1,1,0,46,100,1278,595
2026-09-05,48,19:00,chat,1,1,1,0,49,100,1321,614
2026-09-05,48,19:30,chat,1,1,1,0,40,100,1223,569
2026-09-05,48,20:00,chat,0,0,0,0,0,0,0,0
2026-09-05,48,20:30,chat,0,0,0,0,0,0,0,0
2026-09-05,48,21:00,chat,0,0,0,0,0,0,0,0
2026-09-05,48,21:30,chat,0,0,0,0,0,0,0,0
2026-09-05,48,22:00,chat,1,1,1,0,47,100,1275,593
2026-09-05,48,22:30,chat,0,0,0,0,0,0,0,0
2026-09-05,48,23:00,chat,1,1,1,0,51,100,1108,516
2026-09-05,48,23:30,chat,0,0,0,0,0,0,0,0
2026-09-06,49,00:00,voice,0,0,0,0,0,0,0,0
2026-09-06,49,00:30,voice,0,0,0,0,0,0,0,0
2026-09-06,49,01:00,voice,0,0,0,0,0,0,0,0
2026-09-06,49,01:30,voice,0,0,0,0,0,0,0,0
2026-09-06,49,02:00,voice,0,0,0,0,0,0,0,0
2026-09-06,49,02:30,voice,0,0,0,0,0,0,0,0
2026-09-06,49,03:00,voice,0,0,0,0,0,0,0,0
2026-09-06,49,03:30,voice,0,0,0,0,0,0,0,0
2026-09-06,49,04:00,voice,0,0,0,0,0,0,0,0
2026-09-06,49,04:30,voice,0,0,0,0,0,0,0,0
2026-09-06,49,05:00,voice,0,0,0,0,0,0,0,0
2026-09-06,49,05:30,voice,0,0,0,0,0,0,0,0
2026-09-06,49,06:00,voice,0,0,0,0,0,0,0,0
2026-09-06,49,06:30,voice,0,0,0,0,0,0,0,0
2026-09-06,49,07:00,voice,0,0,0,0,0,0,0,0
2026-09-06,49,07:30,voice,1,1,1,0,11,100,2036,2036
2026-09-06,49,08:00,voice,1,1,1,0,12,100,1744,1744
2026-09-06,49,08:30,voice,1,1,1,0,11,100,1763,1763
2026-09-06,49,09:00,voice,2,2,2,0,11,100,1858,1858
2026-09-06,49,09:30,voice,2,2,2,0,13,100,1903,1903
2026-09-06,49,10:00,voice,2,2,2,0,14,100,1863,1863
2026-09-06,49,10:30,voice,2,2,2,0,12,100,1745,1745
2026-09-06,49,11:00,voice,3,3,3,0,10,100,1910,1910
2026-09-06,49,11:30,voice,3,2,2,1,91,66.7,1758,1758
2026-09-06,49,12:00,voice,2,2,2,0,14,100,2200,2200
2026-09-06,49,12:30,voice,2,2,2,0,12,100,1908,1908
2026-09-06,49,13:00,voice,2,2,2,0,12,100,1776,1776
2026-09-06,49,13:30,voice,2,2,2,0,9,100,1923,1923
2026-09-06,49,14:00,voice,2,2,2,0,13,100,1830,1830
2026-09-06,49,14:30,voice,2,2,2,0,11,100,2001,2001
2026-09-06,49,15:00,voice,2,2,2,0,12,100,2130,2130
2026-09-06,49,15:30,voice,2,2,2,0,11,100,1857,1857
2026-09-06,49,16:00,voice,2,2,2,0,12,100,1692,1692
2026-09-06,49,16:30,voice,2,2,2,0,11,100,2127,2127
2026-09-06,49,17:00,voice,1,1,1,0,12,100,1940,1940
2026-09-06,49,17:30,voice,1,1,1,0,16,100,1887,1887
2026-09-06,49,18:00,voice,1,1,1,0,11,100,1946,1946
2026-09-06,49,18:30,voice,1,1,1,0,14,100,1860,1860
2026-09-06,49,19:00,voice,0,0,0,0,0,0,0,0
2026-09-06,49,19:30,voice,1,1,1,0,13,100,1852,1852
2026-09-06,49,20:00,voice,0,0,0,0,0,0,0,0
2026-09-06,49,20:30,voice,0,0,0,0,0,0,0,0
2026-09-06,49,21:00,voice,0,0,0,0,0,0,0,0
2026-09-06,49,21:30,voice,0,0,0,0,0,0,0,0
2026-09-06,49,22:00,voice,0,0,0,0,0,0,0,0
2026-09-06,49,22:30,voice,0,0,0,0,0,0,0,0
2026-09-06,49,23:00,voice,0,0,0,0,0,0,0,0
2026-09-06,49,23:30,voice,0,0,0,0,0,0,0,0
2026-09-06,49,00:00,chat,0,0,0,0,0,0,0,0
2026-09-06,49,00:30,chat,0,0,0,0,0,0,0,0
2026-09-06,49,01:00,chat,0,0,0,0,0,0,0,0
2026-09-06,49,01:30,chat,0,0,0,0,0,0,0,0
2026-09-06,49,02:00,chat,0,0,0,0,0,0,0,0
2026-09-06,49,02:30,chat,0,0,0,0,0,0,0,0
2026-09-06,49,03:00,chat,0,0,0,0,0,0,0,0
2026-09-06,49,03:30,chat,0,0,0,0,0,0,0,0
2026-09-06,49,04:00,chat,0,0,0,0,0,0,0,0
2026-09-06,49,04:30,chat,0,0,0,0,0,0,0,0
2026-09-06,49,05:00,chat,0,0,0,0,0,0,0,0
2026-09-06,49,05:30,chat,0,0,0,0,0,0,0,0
2026-09-06,49,06:00,chat,0,0,0,0,0,0,0,0
2026-09-06,49,06:30,chat,1,1,1,0,45,100,1079,539
2026-09-06,49,07:00,chat,1,1,1,0,55,100,1012,505
2026-09-06,49,07:30,chat,1,1,1,0,45,100,1184,592
2026-09-06,49,08:00,chat,2,2,2,0,48,100,1026,513
2026-09-06,49,08:30,chat,2,2,2,0,47,100,1131,565
2026-09-06,49,09:00,chat,2,2,2,0,44,100,1035,517
2026-09-06,49,09:30,chat,3,2,2,1,231,66.7,1075,537
2026-09-06,49,10:00,chat,3,3,3,0,45,100,1010,505
2026-09-06,49,10:30,chat,3,2,2,1,228,66.7,1172,586
2026-09-06,49,11:00,chat,4,4,4,0,54,100,970,485
2026-09-06,49,11:30,chat,3,3,3,0,45,100,1041,520
2026-09-06,49,12:00,chat,3,3,3,0,43,100,1043,521
2026-09-06,49,12:30,chat,3,3,3,0,43,100,938,469
2026-09-06,49,13:00,chat,3,3,3,0,48,100,1051,525
2026-09-06,49,13:30,chat,3,3,3,0,42,100,971,485
2026-09-06,49,14:00,chat,2,2,2,0,50,100,1167,583
2026-09-06,49,14:30,chat,3,3,3,0,45,100,1064,532
2026-09-06,49,15:00,chat,3,3,3,0,37,100,936,468
2026-09-06,49,15:30,chat,3,3,3,0,48,100,1138,569
2026-09-06,49,16:00,chat,3,3,3,0,43,100,1130,565
2026-09-06,49,16:30,chat,2,2,2,0,41,100,1092,546
2026-09-06,49,17:00,chat,1,1,1,0,44,100,1109,554
2026-09-06,49,17:30,chat,1,1,1,0,44,100,1045,522
2026-09-06,49,18:00,chat,1,1,1,0,43,100,1117,558
2026-09-06,49,18:30,chat,1,1,1,0,44,100,1086,543
2026-09-06,49,19:00,chat,1,1,1,0,52,100,987,493
2026-09-06,49,19:30,chat,1,1,1,0,47,100,1056,527
2026-09-06,49,20:00,chat,0,0,0,0,0,0,0,0
2026-09-06,49,20:30,chat,0,0,0,0,0,0,0,0
2026-09-06,49,21:00,chat,0,0,0,0,0,0,0,0
2026-09-06,49,21:30,chat,0,0,0,0,0,0,0,0
2026-09-06,49,22:00,chat,0,0,0,0,0,0,0,0
2026-09-06,49,22:30,chat,1,1,1,0,41,100,1033,516
2026-09-06,49,23:00,chat,0,0,0,0,0,0,0,0
2026-09-06,49,23:30,chat,0,0,0,0,0,0,0,0
2026-09-07,50,00:00,voice,0,0,0,0,0,0,0,0
2026-09-07,50,00:30,voice,1,1,1,0,13,100,2029,2029
2026-09-07,50,01:00,voice,0,0,0,0,0,0,0,0
2026-09-07,50,01:30,voice,0,0,0,0,0,0,0,0
2026-09-07,50,02:00,voice,1,1,1,0,12,100,1781,1781
2026-09-07,50,02:30,voice,1,1,1,0,12,100,1838,1838
2026-09-07,50,03:00,voice,1,1,1,0,12,100,1970,1970
2026-09-07,50,03:30,voice,1,1,1,0,14,100,1748,1748
2026-09-07,50,04:00,voice,0,0,0,0,0,0,0,0
2026-09-07,50,04:30,voice,1,1,1,0,12,100,1755,1755
2026-09-07,50,05:00,voice,1,1,1,0,11,100,1929,1929
2026-09-07,50,05:30,voice,1,1,1,0,13,100,1923,1923
2026-09-07,50,06:00,voice,0,0,0,0,0,0,0,0
2026-09-07,50,06:30,voice,1,1,1,0,11,100,2004,2004
2026-09-07,50,07:00,voice,1,1,1,0,12,100,1911,1911
2026-09-07,50,07:30,voice,1,1,1,0,13,100,2041,2041
2026-09-07,50,08:00,voice,2,2,1,0,213,50,1973,1973
2026-09-07,50,08:30,voice,3,2,1,1,394,33.3,1749,1749
2026-09-07,50,09:00,voice,4,3,1,1,457,25,1848,1848
2026-09-07,50,09:30,voice,6,4,0,2,871,0,2020,2020
2026-09-07,50,10:00,voice,6,4,0,2,1025,0,1854,1854
2026-09-07,50,10:30,voice,5,3,1,2,540,20,2006,2006
2026-09-07,50,11:00,voice,6,4,0,2,946,0,1843,1843
2026-09-07,50,11:30,voice,6,4,1,2,587,16.7,2019,2019
2026-09-07,50,12:00,voice,5,3,1,2,634,20,1757,1757
2026-09-07,50,12:30,voice,5,3,1,2,667,20,1613,1613
2026-09-07,50,13:00,voice,4,3,1,1,534,25,1846,1846
2026-09-07,50,13:30,voice,4,3,1,1,582,25,1758,1758
2026-09-07,50,14:00,voice,5,3,1,2,542,20,1804,1804
2026-09-07,50,14:30,voice,5,3,0,2,746,0,1904,1904
2026-09-07,50,15:00,voice,6,4,1,2,688,16.7,1895,1895
2026-09-07,50,15:30,voice,5,3,0,2,1047,0,1941,1941
2026-09-07,50,16:00,voice,4,2,0,2,900,0,2024,2024
2026-09-07,50,16:30,voice,4,3,1,1,546,25,1891,1891
2026-09-07,50,17:00,voice,3,2,0,1,971,0,1960,1960
2026-09-07,50,17:30,voice,2,1,1,1,227,50,1974,1974
2026-09-07,50,18:00,voice,1,1,1,0,11,100,1798,1798
2026-09-07,50,18:30,voice,1,1,1,0,14,100,1875,1875
2026-09-07,50,19:00,voice,1,1,1,0,12,100,1983,1983
2026-09-07,50,19:30,voice,1,1,1,0,12,100,1826,1826
2026-09-07,50,20:00,voice,1,1,1,0,10,100,1889,1889
2026-09-07,50,20:30,voice,1,1,1,0,11,100,2191,2191
2026-09-07,50,21:00,voice,0,0,0,0,0,0,0,0
2026-09-07,50,21:30,voice,1,1,1,0,12,100,2117,2117
2026-09-07,50,22:00,voice,1,1,1,0,11,100,1694,1694
2026-09-07,50,22:30,voice,1,1,1,0,12,100,1861,1861
2026-09-07,50,23:00,voice,1,1,1,0,11,100,1925,1925
2026-09-07,50,23:30,voice,1,1,1,0,11,100,1981,1981
2026-09-07,50,00:00,chat,1,1,1,0,44,100,1780,565
2026-09-07,50,00:30,chat,1,1,1,0,40,100,1711,543
2026-09-07,50,01:00,chat,1,1,1,0,48,100,1770,562
2026-09-07,50,01:30,chat,1,1,1,0,43,100,2047,650
2026-09-07,50,02:00,chat,1,1,1,0,41,100,1817,577
2026-09-07,50,02:30,chat,1,1,1,0,45,100,1691,537
2026-09-07,50,03:00,chat,1,1,1,0,45,100,1996,634
2026-09-07,50,03:30,chat,1,1,1,0,44,100,2008,637
2026-09-07,50,04:00,chat,1,1,1,0,42,100,1986,630
2026-09-07,50,04:30,chat,1,1,1,0,46,100,1803,572
2026-09-07,50,05:00,chat,1,1,1,0,45,100,1828,580
2026-09-07,50,05:30,chat,1,1,1,0,45,100,1772,562
2026-09-07,50,06:00,chat,1,1,1,0,53,100,1955,621
2026-09-07,50,06:30,chat,1,1,1,0,42,100,1830,581
2026-09-07,50,07:00,chat,2,2,1,0,413,50,1963,623
2026-09-07,50,07:30,chat,2,2,1,0,467,50,1816,576
2026-09-07,50,08:00,chat,3,2,0,1,1371,0,2102,667
2026-09-07,50,08:30,chat,5,3,1,2,1200,20,1816,576
2026-09-07,50,09:00,chat,6,4,0,2,1368,0,1752,556
2026-09-07,50,09:30,chat,6,3,0,3,1482,0,1888,599
2026-09-07,50,10:00,chat,9,6,1,3,1436,11.1,1914,608
2026-09-07,50,10:30,chat,13,8,1,5,1372,7.7,1730,549
2026-09-07,50,11:00,chat,12,7,0,5,1671,0,1747,555
2026-09-07,50,11:30,chat,8,5,0,3,1455,0,1886,599
2026-09-07,50,12:00,chat,8,5,0,3,1644,0,1854,589
2026-09-07,50,12:30,chat,6,4,0,2,1527,0,1909,606
2026-09-07,50,13:00,chat,7,4,0,3,1438,0,1869,593
2026-09-07,50,13:30,chat,7,4,0,3,1602,0,1732,550
2026-09-07,50,14:00,chat,7,4,0,3,1564,0,1820,578
2026-09-07,50,14:30,chat,7,4,0,3,1545,0,1883,598
2026-09-07,50,15:00,chat,8,5,1,3,989,12.5,1757,558
2026-09-07,50,15:30,chat,7,4,0,3,1450,0,1848,587
2026-09-07,50,16:00,chat,6,3,0,3,1234,0,1800,571
2026-09-07,50,16:30,chat,6,3,0,3,1719,0,1850,587
2026-09-07,50,17:00,chat,4,3,0,1,1342,0,1770,562
2026-09-07,50,17:30,chat,3,2,1,1,713,33.3,2074,658
2026-09-07,50,18:00,chat,3,2,1,1,655,33.3,1863,591
2026-09-07,50,18:30,chat,3,3,1,0,757,33.3,1978,628
2026-09-07,50,19:00,chat,2,2,1,0,476,50,2031,645
2026-09-07,50,19:30,chat,2,2,1,0,395,50,1991,632
2026-09-07,50,20:00,chat,1,1,1,0,46,100,1746,554
2026-09-07,50,20:30,chat,1,1,1,0,45,100,1872,594
2026-09-07,50,21:00,chat,1,1,1,0,49,100,1864,592
2026-09-07,50,21:30,chat,1,1,1,0,43,100,1872,594
2026-09-07,50,22:00,chat,1,1,1,0,40,100,1913,607
2026-09-07,50,22:30,chat,1,1,1,0,44,100,1762,559
2026-09-07,50,23:00,chat,1,1,1,0,56,100,1851,588
2026-09-07,50,23:30,chat,1,1,1,0,47,100,1867,593
2026-09-08,51,00:00,voice,1,1,0,0,932,0,2134,2134
2026-09-08,51,00:30,voice,1,1,1,0,12,100,2056,2056
2026-09-08,51,01:00,voice,1,1,1,0,11,100,1600,1600
2026-09-08,51,01:30,voice,1,1,0,0,759,0,1896,1896
2026-09-08,51,02:00,voice,1,1,1,0,12,100,1979,1979
2026-09-08,51,02:30,voice,1,1,1,0,14,100,1965,1965
2026-09-08,51,03:00,voice,1,1,1,0,12,100,1711,1711
2026-09-08,51,03:30,voice,1,1,1,0,11,100,2016,2016
2026-09-08,51,04:00,voice,1,1,1,0,13,100,1920,1920
2026-09-08,51,04:30,voice,1,1,1,0,15,100,1982,1982
2026-09-08,51,05:00,voice,1,1,1,0,11,100,2136,2136
2026-09-08,51,05:30,voice,1,1,1,0,10,100,2087,2087
2026-09-08,51,06:00,voice,1,1,1,0,13,100,1965,1965
2026-09-08,51,06:30,voice,1,1,0,0,1085,0,1904,1904
2026-09-08,51,07:00,voice,1,1,0,0,825,0,1911,1911
2026-09-08,51,07:30,voice,2,2,1,0,211,50,1964,1964
2026-09-08,51,08:00,voice,3,1,0,2,828,0,2001,2001
2026-09-08,51,08:30,voice,3,2,0,1,834,0,2057,2057
2026-09-08,51,09:00,voice,5,2,0,3,783,0,2040,2040
2026-09-08,51,09:30,voice,6,3,0,3,887,0,1949,1949
2026-09-08,51,10:00,voice,9,5,1,4,630,11.1,1794,1794
2026-09-08,51,10:30,voice,8,4,0,4,905,0,2122,2122
2026-09-08,51,11:00,voice,6,3,0,3,972,0,2006,2006
2026-09-08,51,11:30,voice,6,3,0,3,872,0,1925,1925
2026-09-08,51,12:00,voice,6,3,0,3,963,0,2027,2027
2026-09-08,51,12:30,voice,4,2,0,2,865,0,2015,2015
2026-09-08,51,13:00,voice,6,3,0,3,985,0,1886,1886
2026-09-08,51,13:30,voice,6,3,0,3,941,0,1834,1834
2026-09-08,51,14:00,voice,5,3,0,2,946,0,1839,1839
2026-09-08,51,14:30,voice,5,3,0,2,1013,0,1717,1717
2026-09-08,51,15:00,voice,5,3,0,2,836,0,1908,1908
2026-09-08,51,15:30,voice,5,2,0,3,959,0,2200,2200
2026-09-08,51,16:00,voice,7,4,0,3,895,0,2110,2110
2026-09-08,51,16:30,voice,5,3,0,2,951,0,2030,2030
2026-09-08,51,17:00,voice,3,2,0,1,1034,0,2227,2227
2026-09-08,51,17:30,voice,2,1,0,1,918,0,1895,1895
2026-09-08,51,18:00,voice,2,1,1,1,232,50,2005,2005
2026-09-08,51,18:30,voice,1,1,0,0,1018,0,1867,1867
2026-09-08,51,19:00,voice,1,1,0,0,1071,0,2069,2069
2026-09-08,51,19:30,voice,1,1,0,0,762,0,2001,2001
2026-09-08,51,20:00,voice,1,1,1,0,13,100,1760,1760
2026-09-08,51,20:30,voice,1,1,0,0,956,0,1877,1877
2026-09-08,51,21:00,voice,1,1,0,0,1100,0,1985,1985
2026-09-08,51,21:30,voice,1,1,1,0,13,100,2207,2207
2026-09-08,51,22:00,voice,1,1,1,0,13,100,2395,2395
2026-09-08,51,22:30,voice,1,1,0,0,994,0,2221,2221
2026-09-08,51,23:00,voice,1,1,1,0,12,100,1906,1906
2026-09-08,51,23:30,voice,1,1,1,0,10,100,2031,2031
2026-09-08,51,00:00,chat,1,1,1,0,44,100,1800,563
2026-09-08,51,00:30,chat,1,1,0,0,1547,0,1936,605
2026-09-08,51,01:00,chat,1,1,1,0,49,100,1883,589
2026-09-08,51,01:30,chat,1,1,1,0,43,100,1850,578
2026-09-08,51,02:00,chat,1,1,1,0,48,100,1823,570
2026-09-08,51,02:30,chat,1,1,0,0,1409,0,1885,589
2026-09-08,51,03:00,chat,1,1,0,0,1508,0,1776,555
2026-09-08,51,03:30,chat,1,1,1,0,45,100,1745,545
2026-09-08,51,04:00,chat,1,1,0,0,1608,0,1708,534
2026-09-08,51,04:30,chat,1,1,0,0,1548,0,1694,529
2026-09-08,51,05:00,chat,1,1,0,0,1826,0,1905,595
2026-09-08,51,05:30,chat,1,1,1,0,38,100,1916,599
2026-09-08,51,06:00,chat,2,2,1,0,465,50,1955,611
2026-09-08,51,06:30,chat,1,1,0,0,1547,0,1852,579
2026-09-08,51,07:00,chat,1,1,0,0,1498,0,1650,516
2026-09-08,51,07:30,chat,2,1,0,1,1470,0,1703,532
2026-09-08,51,08:00,chat,3,2,0,1,1212,0,1758,549
2026-09-08,51,08:30,chat,5,3,0,2,1611,0,1799,562
2026-09-08,51,09:00,chat,7,4,0,3,1509,0,1666,521
2026-09-08,51,09:30,chat,8,4,0,4,1456,0,1765,552
2026-09-08,51,10:00,chat,12,7,1,5,1408,8.3,1684,526
2026-09-08,51,10:30,chat,12,7,1,5,1379,8.3,1712,535
2026-09-08,51,11:00,chat,10,5,0,5,1926,0,1926,602
2026-09-08,51,11:30,chat,8,4,0,4,1439,0,1708,534
2026-09-08,51,12:00,chat,9,5,0,4,1403,0,1869,584
2026-09-08,51,12:30,chat,8,5,1,3,1315,12.5,1897,593
2026-09-08,51,13:00,chat,8,4,1,4,1211,12.5,1744,545
2026-09-08,51,13:30,chat,9,5,0,4,1641,0,1876,586
2026-09-08,51,14:00,chat,7,3,0,4,1449,0,1779,556
2026-09-08,51,14:30,chat,8,4,0,4,1428,0,1859,581
2026-09-08,51,15:00,chat,7,4,0,3,1461,0,1871,585
2026-09-08,51,15:30,chat,10,5,0,5,1362,0,1911,597
2026-09-08,51,16:00,chat,7,4,0,3,1717,0,1724,539
2026-09-08,51,16:30,chat,6,3,0,3,1490,0,1805,564
2026-09-08,51,17:00,chat,5,3,0,2,1547,0,1821,569
2026-09-08,51,17:30,chat,5,3,0,2,1391,0,1835,573
2026-09-08,51,18:00,chat,3,2,0,1,1721,0,2092,654
2026-09-08,51,18:30,chat,2,1,0,1,1454,0,1810,566
2026-09-08,51,19:00,chat,2,2,1,0,401,50,1862,582
2026-09-08,51,19:30,chat,1,1,0,0,1728,0,2051,641
2026-09-08,51,20:00,chat,1,1,0,0,1563,0,1948,609
2026-09-08,51,20:30,chat,1,1,0,0,1660,0,1980,619
2026-09-08,51,21:00,chat,1,1,0,0,1728,0,1824,570
2026-09-08,51,21:30,chat,1,1,0,0,1436,0,1677,524
2026-09-08,51,22:00,chat,1,1,0,0,1787,0,2039,637
2026-09-08,51,22:30,chat,1,1,0,0,1595,0,1789,559
2026-09-08,51,23:00,chat,1,1,0,0,1368,0,1806,564
2026-09-08,51,23:30,chat,1,1,1,0,43,100,1724,539
2026-09-09,52,00:00,voice,0,0,0,0,0,0,0,0
2026-09-09,52,00:30,voice,1,1,1,0,12,100,2077,2077
2026-09-09,52,01:00,voice,0,0,0,0,0,0,0,0
2026-09-09,52,01:30,voice,1,1,1,0,13,100,1836,1836
2026-09-09,52,02:00,voice,1,1,1,0,11,100,1682,1682
2026-09-09,52,02:30,voice,1,1,1,0,14,100,1949,1949
2026-09-09,52,03:00,voice,1,1,1,0,10,100,1955,1955
2026-09-09,52,03:30,voice,1,1,1,0,14,100,2035,2035
2026-09-09,52,04:00,voice,1,1,1,0,12,100,2001,2001
2026-09-09,52,04:30,voice,1,1,0,0,891,0,1888,1888
2026-09-09,52,05:00,voice,1,1,1,0,12,100,2036,2036
2026-09-09,52,05:30,voice,1,1,1,0,12,100,1842,1842
2026-09-09,52,06:00,voice,1,1,1,0,12,100,2106,2106
2026-09-09,52,06:30,voice,1,1,1,0,13,100,1858,1858
2026-09-09,52,07:00,voice,1,1,0,0,847,0,1828,1828
2026-09-09,52,07:30,voice,2,1,0,1,947,0,1998,1998
2026-09-09,52,08:00,voice,3,2,0,1,942,0,1849,1849
2026-09-09,52,08:30,voice,3,2,0,1,853,0,2028,2028
2026-09-09,52,09:00,voice,4,2,0,2,808,0,1994,1994
2026-09-09,52,09:30,voice,6,4,0,2,854,0,2036,2036
2026-09-09,52,10:00,voice,6,3,0,3,967,0,1840,1840
2026-09-09,52,10:30,voice,6,3,0,3,896,0,2237,2237
2026-09-09,52,11:00,voice,8,5,1,3,697,12.5,1896,1896
2026-09-09,52,11:30,voice,7,4,0,3,850,0,2045,2045
2026-09-09,52,12:00,voice,6,4,0,2,827,0,1955,1955
2026-09-09,52,12:30,voice,6,3,0,3,838,0,1871,1871
2026-09-09,52,13:00,voice,4,2,0,2,829,0,1975,1975
2026-09-09,52,13:30,voice,6,3,0,3,971,0,1957,1957
2026-09-09,52,14:00,voice,6,3,0,3,1078,0,1873,1873
2026-09-09,52,14:30,voice,8,4,0,4,882,0,1933,1933
2026-09-09,52,15:00,voice,6,3,0,3,898,0,1894,1894
2026-09-09,52,15:30,voice,7,4,0,3,867,0,1791,1791
2026-09-09,52,16:00,voice,5,3,0,2,1040,0,1877,1877
2026-09-09,52,16:30,voice,4,2,0,2,941,0,1920,1920
2026-09-09,52,17:00,voice,4,2,0,2,837,0,2066,2066
2026-09-09,52,17:30,voice,2,1,0,1,818,0,1838,1838
2026-09-09,52,18:00,voice,2,1,0,1,896,0,1780,1780
2026-09-09,52,18:30,voice,1,1,0,0,818,0,1956,1956
2026-09-09,52,19:00,voice,1,1,1,0,11,100,2188,2188
2026-09-09,52,19:30,voice,1,1,0,0,942,0,1931,1931
2026-09-09,52,20:00,voice,1,1,1,0,12,100,1841,1841
2026-09-09,52,20:30,voice,1,1,1,0,13,100,1779,1779
2026-09-09,52,21:00,voice,0,0,0,0,0,0,0,0
2026-09-09,52,21:30,voice,1,1,1,0,13,100,1818,1818
2026-09-09,52,22:00,voice,1,1,1,0,14,100,1888,1888
2026-09-09,52,22:30,voice,1,1,1,0,13,100,1903,1903
2026-09-09,52,23:00,voice,1,1,1,0,12,100,1841,1841
2026-09-09,52,23:30,voice,1,1,1,0,13,100,1844,1844
2026-09-09,52,00:00,chat,1,1,0,0,1510,0,1642,513
2026-09-09,52,00:30,chat,1,1,0,0,1816,0,1636,511
2026-09-09,52,01:00,chat,1,1,1,0,40,100,1863,582
2026-09-09,52,01:30,chat,1,1,0,0,1647,0,1661,519
2026-09-09,52,02:00,chat,1,1,1,0,55,100,1778,556
2026-09-09,52,02:30,chat,1,1,0,0,1746,0,1667,521
2026-09-09,52,03:00,chat,1,1,1,0,48,100,1784,557
2026-09-09,52,03:30,chat,1,1,1,0,44,100,1957,611
2026-09-09,52,04:00,chat,1,1,1,0,43,100,1871,585
2026-09-09,52,04:30,chat,1,1,1,0,38,100,1831,572
2026-09-09,52,05:00,chat,1,1,0,0,1596,0,1673,523
2026-09-09,52,05:30,chat,1,1,1,0,39,100,1760,550
2026-09-09,52,06:00,chat,1,1,0,0,1507,0,1721,538
2026-09-09,52,06:30,chat,1,1,0,0,1347,0,1621,507
2026-09-09,52,07:00,chat,1,1,0,0,1525,0,1613,504
2026-09-09,52,07:30,chat,3,2,1,1,613,33.3,1903,595
2026-09-09,52,08:00,chat,4,2,0,2,1529,0,1814,567
2026-09-09,52,08:30,chat,4,2,0,2,1803,0,1741,544
2026-09-09,52,09:00,chat,6,3,0,3,1674,0,1814,567
2026-09-09,52,09:30,chat,8,5,1,3,1371,12.5,1818,568
2026-09-09,52,10:00,chat,11,6,0,5,1950,0,1806,564
2026-09-09,52,10:30,chat,10,5,0,5,1343,0,1651,516
2026-09-09,52,11:00,chat,9,5,0,4,1678,0,1687,527
2026-09-09,52,11:30,chat,7,4,0,3,1807,0,1732,541
2026-09-09,52,12:00,chat,6,3,0,3,1617,0,1835,573
2026-09-09,52,12:30,chat,7,4,0,3,1551,0,1687,527
2026-09-09,52,13:00,chat,7,4,0,3,1631,0,1936,605
2026-09-09,52,13:30,chat,8,4,0,4,1430,0,1796,561
2026-09-09,52,14:00,chat,7,4,0,3,1765,0,1908,596
2026-09-09,52,14:30,chat,7,4,0,3,1755,0,1679,525
2026-09-09,52,15:00,chat,8,4,0,4,1388,0,1890,591
2026-09-09,52,15:30,chat,8,4,0,4,1215,0,1821,569
2026-09-09,52,16:00,chat,7,4,0,3,1463,0,1676,524
2026-09-09,52,16:30,chat,6,3,0,3,1394,0,2025,633
2026-09-09,52,17:00,chat,4,2,0,2,1585,0,1888,590
2026-09-09,52,17:30,chat,3,2,0,1,1649,0,1770,553
2026-09-09,52,18:00,chat,3,2,1,1,591,33.3,1613,504
2026-09-09,52,18:30,chat,2,2,0,0,1627,0,1773,554
2026-09-09,52,19:00,chat,1,1,0,0,1219,0,1704,532
2026-09-09,52,19:30,chat,1,1,0,0,1709,0,1802,563
2026-09-09,52,20:00,chat,1,1,1,0,47,100,1811,566
2026-09-09,52,20:30,chat,1,1,0,0,1334,0,1975,617
2026-09-09,52,21:00,chat,1,1,0,0,1573,0,1927,602
2026-09-09,52,21:30,chat,1,1,0,0,1616,0,1649,515
2026-09-09,52,22:00,chat,1,1,0,0,1265,0,1649,515
2026-09-09,52,22:30,chat,1,1,1,0,47,100,1594,498
2026-09-09,52,23:00,chat,1,1,1,0,45,100,1787,558
2026-09-09,52,23:30,chat,1,1,0,0,1502,0,1644,514
2026-09-10,53,00:00,voice,1,1,1,0,11,100,1784,1784
2026-09-10,53,00:30,voice,1,1,0,0,908,0,1711,1711
2026-09-10,53,01:00,voice,1,1,0,0,1032,0,1620,1620
2026-09-10,53,01:30,voice,1,1,1,0,11,100,1774,1774
2026-09-10,53,02:00,voice,1,1,1,0,12,100,1961,1961
2026-09-10,53,02:30,voice,1,1,0,0,960,0,1840,1840
2026-09-10,53,03:00,voice,1,1,1,0,12,100,1876,1876
2026-09-10,53,03:30,voice,1,1,1,0,11,100,1896,1896
2026-09-10,53,04:00,voice,1,1,1,0,12,100,1893,1893
2026-09-10,53,04:30,voice,1,1,1,0,13,100,1684,1684
2026-09-10,53,05:00,voice,1,1,0,0,776,0,1832,1832
2026-09-10,53,05:30,voice,1,1,0,0,858,0,1983,1983
2026-09-10,53,06:00,voice,1,1,1,0,12,100,2062,2062
2026-09-10,53,06:30,voice,1,1,0,0,929,0,1777,1777
2026-09-10,53,07:00,voice,1,1,0,0,853,0,1690,1690
2026-09-10,53,07:30,voice,2,2,1,0,253,50,1761,1761
2026-09-10,53,08:00,voice,3,2,0,1,837,0,1836,1836
2026-09-10,53,08:30,voice,3,2,0,1,800,0,1717,1717
2026-09-10,53,09:00,voice,5,2,0,3,857,0,1820,1820
2026-09-10,53,09:30,voice,6,3,0,3,942,0,1650,1650
2026-09-10,53,10:00,voice,8,4,0,4,815,0,1907,1907
2026-09-10,53,10:30,voice,7,4,0,3,1008,0,1920,1920
2026-09-10,53,11:00,voice,10,5,0,5,902,0,1824,1824
2026-09-10,53,11:30,voice,10,5,1,5,678,10,1932,1932
2026-09-10,53,12:00,voice,6,3,1,3,551,16.7,1980,1980
2026-09-10,53,12:30,voice,5,2,0,3,1059,0,2067,2067
2026-09-10,53,13:00,voice,6,3,0,3,956,0,2086,2086
2026-09-10,53,13:30,voice,7,4,0,3,967,0,1792,1792
2026-09-10,53,14:00,voice,7,4,0,3,803,0,1855,1855
2026-09-10,53,14:30,voice,8,4,0,4,850,0,2193,2193
2026-09-10,53,15:00,voice,6,3,0,3,938,0,1809,1809
2026-09-10,53,15:30,voice,6,3,0,3,916,0,1811,1811
2026-09-10,53,16:00,voice,6,3,1,3,621,16.7,1916,1916
2026-09-10,53,16:30,voice,5,2,0,3,920,0,1842,1842
2026-09-10,53,17:00,voice,4,2,0,2,896,0,1889,1889
2026-09-10,53,17:30,voice,3,1,0,2,995,0,1943,1943
2026-09-10,53,18:00,voice,3,3,1,0,427,33.3,1730,1730
2026-09-10,53,18:30,voice,2,2,1,0,227,50,1951,1951
2026-09-10,53,19:00,voice,1,1,0,0,927,0,1965,1965
2026-09-10,53,19:30,voice,1,1,1,0,12,100,1671,1671
2026-09-10,53,20:00,voice,1,1,0,0,860,0,1836,1836
2026-09-10,53,20:30,voice,1,1,0,0,1022,0,1987,1987
2026-09-10,53,21:00,voice,1,1,1,0,14,100,1902,1902
2026-09-10,53,21:30,voice,1,1,1,0,10,100,1893,1893
2026-09-10,53,22:00,voice,1,1,0,0,947,0,2019,2019
2026-09-10,53,22:30,voice,1,1,0,0,776,0,1631,1631
2026-09-10,53,23:00,voice,1,1,1,0,12,100,1960,1960
2026-09-10,53,23:30,voice,1,1,0,0,882,0,1652,1652
2026-09-10,53,00:00,chat,1,1,0,0,1360,0,1682,526
2026-09-10,53,00:30,chat,1,1,1,0,47,100,1688,527
2026-09-10,53,01:00,chat,1,1,1,0,42,100,1752,548
2026-09-10,53,01:30,chat,1,1,1,0,46,100,1697,530
2026-09-10,53,02:00,chat,1,1,1,0,42,100,2018,631
2026-09-10,53,02:30,chat,1,1,1,0,53,100,1699,531
2026-09-10,53,03:00,chat,1,1,0,0,1320,0,1726,539
2026-09-10,53,03:30,chat,1,1,1,0,47,100,1685,527
2026-09-10,53,04:00,chat,1,1,1,0,43,100,1756,549
2026-09-10,53,04:30,chat,1,1,1,0,38,100,1653,516
2026-09-10,53,05:00,chat,1,1,1,0,46,100,1644,514
2026-09-10,53,05:30,chat,1,1,0,0,1455,0,1766,552
2026-09-10,53,06:00,chat,1,1,1,0,49,100,1756,549
2026-09-10,53,06:30,chat,1,1,0,0,1614,0,1714,535
2026-09-10,53,07:00,chat,2,1,0,1,1573,0,1805,564
2026-09-10,53,07:30,chat,2,1,0,1,1523,0,1712,535
2026-09-10,53,08:00,chat,3,2,0,1,1576,0,1761,550
2026-09-10,53,08:30,chat,4,2,0,2,1560,0,1592,498
2026-09-10,53,09:00,chat,5,3,0,2,1508,0,1696,530
2026-09-10,53,09:30,chat,9,5,0,4,1477,0,1821,569
2026-09-10,53,10:00,chat,9,5,0,4,1342,0,1873,585
2026-09-10,53,10:30,chat,9,5,0,4,1732,0,1681,525
2026-09-10,53,11:00,chat,9,5,0,4,1618,0,1883,588
2026-09-10,53,11:30,chat,10,6,0,4,1389,0,1752,547
2026-09-10,53,12:00,chat,10,6,0,4,1989,0,1555,486
2026-09-10,53,12:30,chat,8,5,0,3,1366,0,1819,568
2026-09-10,53,13:00,chat,8,5,0,3,1761,0,1594,498
2026-09-10,53,13:30,chat,7,4,0,3,1343,0,1665,520
2026-09-10,53,14:00,chat,7,4,0,3,1473,0,1687,527
2026-09-10,53,14:30,chat,8,4,0,4,1763,0,1770,553
2026-09-10,53,15:00,chat,9,5,0,4,1813,0,1734,542
2026-09-10,53,15:30,chat,9,5,0,4,1248,0,1635,511
2026-09-10,53,16:00,chat,7,4,0,3,1300,0,1515,473
2026-09-10,53,16:30,chat,8,4,0,4,1749,0,1652,516
2026-09-10,53,17:00,chat,4,2,0,2,1290,0,1836,574
2026-09-10,53,17:30,chat,4,2,0,2,1390,0,1695,530
2026-09-10,53,18:00,chat,2,1,0,1,1613,0,1672,522
2026-09-10,53,18:30,chat,2,1,0,1,1435,0,1624,508
2026-09-10,53,19:00,chat,2,2,1,0,417,50,1589,497
2026-09-10,53,19:30,chat,1,1,0,0,1507,0,1765,551
2026-09-10,53,20:00,chat,1,1,0,0,1522,0,1791,560
2026-09-10,53,20:30,chat,1,1,1,0,48,100,1797,562
2026-09-10,53,21:00,chat,1,1,1,0,43,100,1790,559
2026-09-10,53,21:30,chat,1,1,1,0,46,100,1610,503
2026-09-10,53,22:00,chat,1,1,0,0,1416,0,1839,575
2026-09-10,53,22:30,chat,1,1,1,0,43,100,2042,638
2026-09-10,53,23:00,chat,1,1,1,0,40,100,1626,508
2026-09-10,53,23:30,chat,1,1,1,0,46,100,1725,539
2026-09-11,54,00:00,voice,1,1,1,0,12,100,1758,1758
2026-09-11,54,00:30,voice,0,0,0,0,0,0,0,0
2026-09-11,54,01:00,voice,1,1,1,0,12,100,1775,1775
2026-09-11,54,01:30,voice,1,1,1,0,11,100,1682,1682
2026-09-11,54,02:00,voice,1,1,1,0,12,100,1856,1856
2026-09-11,54,02:30,voice,0,0,0,0,0,0,0,0
2026-09-11,54,03:00,voice,1,1,1,0,12,100,1788,1788
2026-09-11,54,03:30,voice,1,1,1,0,11,100,1892,1892
2026-09-11,54,04:00,voice,1,1,1,0,11,100,1879,1879
2026-09-11,54,04:30,voice,1,1,1,0,10,100,1962,1962
2026-09-11,54,05:00,voice,1,1,1,0,12,100,1802,1802
2026-09-11,54,05:30,voice,1,1,1,0,15,100,1861,1861
2026-09-11,54,06:00,voice,1,1,1,0,12,100,1710,1710
2026-09-11,54,06:30,voice,1,1,1,0,13,100,1884,1884
2026-09-11,54,07:00,voice,1,1,1,0,10,100,1825,1825
2026-09-11,54,07:30,voice,1,1,1,0,12,100,1749,1749
2026-09-11,54,08:00,voice,2,2,1,0,225,50,1769,1769
2026-09-11,54,08:30,voice,3,2,0,1,701,0,1944,1944
2026-09-11,54,09:00,voice,4,2,0,2,804,0,1726,1726
2026-09-11,54,09:30,voice,5,3,0,2,765,0,1891,1891
2026-09-11,54,10:00,voice,6,3,0,3,1072,0,1697,1697
2026-09-11,54,10:30,voice,8,5,1,3,683,12.5,1895,1895
2026-09-11,54,11:00,voice,7,4,0,3,1080,0,1820,1820
2026-09-11,54,11:30,voice,6,4,0,2,1102,0,1766,1766
2026-09-11,54,12:00,voice,4,2,0,2,1109,0,1886,1886
2026-09-11,54,12:30,voice,6,3,0,3,1007,0,1808,1808
2026-09-11,54,13:00,voice,5,3,0,2,945,0,1835,1835
2026-09-11,54,13:30,voice,5,3,0,2,904,0,1859,1859
2026-09-11,54,14:00,voice,6,3,0,3,972,0,1837,1837
2026-09-11,54,14:30,voice,5,3,0,2,960,0,1748,1748
2026-09-11,54,15:00,voice,6,4,0,2,958,0,1688,1688
2026-09-11,54,15:30,voice,6,3,0,3,951,0,1929,1929
2026-09-11,54,16:00,voice,6,4,1,2,552,16.7,1991,1991
2026-09-11,54,16:30,voice,4,2,0,2,903,0,1910,1910
2026-09-11,54,17:00,voice,3,2,0,1,934,0,1839,1839
2026-09-11,54,17:30,voice,3,2,0,1,1038,0,1731,1731
2026-09-11,54,18:00,voice,2,1,0,1,973,0,1956,1956
2026-09-11,54,18:30,voice,1,1,1,0,11,100,1871,1871
2026-09-11,54,19:00,voice,1,1,1,0,10,100,1900,1900
2026-09-11,54,19:30,voice,1,1,1,0,13,100,1711,1711
2026-09-11,54,20:00,voice,1,1,1,0,11,100,1776,1776
2026-09-11,54,20:30,voice,1,1,1,0,11,100,1824,1824
2026-09-11,54,21:00,voice,1,1,1,0,11,100,2063,2063
2026-09-11,54,21:30,voice,1,1,1,0,12,100,1989,1989
2026-09-11,54,22:00,voice,1,1,1,0,14,100,1674,1674
2026-09-11,54,22:30,voice,1,1,1,0,14,100,1673,1673
2026-09-11,54,23:00,voice,1,1,1,0,11,100,1809,1809
2026-09-11,54,23:30,voice,1,1,1,0,12,100,1710,1710
2026-09-11,54,00:00,chat,1,1,0,0,1451,0,1752,548
2026-09-11,54,00:30,chat,1,1,1,0,45,100,1950,609
2026-09-11,54,01:00,chat,1,1,0,0,1628,0,1779,556
2026-09-11,54,01:30,chat,1,1,0,0,1393,0,1756,549
2026-09-11,54,02:00,chat,1,1,0,0,1404,0,1864,582
2026-09-11,54,02:30,chat,1,1,1,0,57,100,1965,614
2026-09-11,54,03:00,chat,1,1,1,0,48,100,1743,545
2026-09-11,54,03:30,chat,1,1,1,0,42,100,1898,593
2026-09-11,54,04:00,chat,1,1,1,0,47,100,1782,557
2026-09-11,54,04:30,chat,1,1,1,0,47,100,1839,575
2026-09-11,54,05:00,chat,1,1,0,0,1545,0,1959,612
2026-09-11,54,05:30,chat,1,1,1,0,50,100,1817,568
2026-09-11,54,06:00,chat,1,1,0,0,1409,0,1778,556
2026-09-11,54,06:30,chat,1,1,0,0,1777,0,1687,527
2026-09-11,54,07:00,chat,1,1,0,0,1482,0,1829,572
2026-09-11,54,07:30,chat,2,2,1,0,383,50,1923,601
2026-09-11,54,08:00,chat,3,2,1,1,699,33.3,1826,571
2026-09-11,54,08:30,chat,4,2,0,2,1725,0,1937,605
2026-09-11,54,09:00,chat,5,3,0,2,1633,0,1835,574
2026-09-11,54,09:30,chat,7,4,0,3,1325,0,1763,551
2026-09-11,54,10:00,chat,7,4,0,3,1503,0,1919,600
2026-09-11,54,10:30,chat,9,5,1,4,1063,11.1,1673,523
2026-09-11,54,11:00,chat,8,4,0,4,1374,0,1670,522
2026-09-11,54,11:30,chat,8,5,0,3,1620,0,1753,548
2026-09-11,54,12:00,chat,6,3,0,3,1588,0,1858,581
2026-09-11,54,12:30,chat,6,3,0,3,1583,0,1912,598
2026-09-11,54,13:00,chat,6,3,0,3,1651,0,1826,571
2026-09-11,54,13:30,chat,6,3,0,3,1289,0,1818,568
2026-09-11,54,14:00,chat,6,3,0,3,1628,0,1787,558
2026-09-11,54,14:30,chat,6,3,0,3,1559,0,1897,593
2026-09-11,54,15:00,chat,7,4,0,3,1269,0,1584,495
2026-09-11,54,15:30,chat,8,4,0,4,1577,0,1958,612
2026-09-11,54,16:00,chat,6,3,0,3,1290,0,1969,615
2026-09-11,54,16:30,chat,5,3,0,2,1550,0,1688,528
2026-09-11,54,17:00,chat,3,2,0,1,1441,0,1939,606
2026-09-11,54,17:30,chat,3,2,0,1,1251,0,1729,540
2026-09-11,54,18:00,chat,2,2,0,0,1694,0,1694,529
2026-09-11,54,18:30,chat,2,2,1,0,412,50,1708,534
2026-09-11,54,19:00,chat,1,1,0,0,1653,0,1809,565
2026-09-11,54,19:30,chat,1,1,0,0,1296,0,1906,596
2026-09-11,54,20:00,chat,1,1,0,0,1455,0,1666,521
2026-09-11,54,20:30,chat,1,1,1,0,51,100,1735,542
2026-09-11,54,21:00,chat,1,1,1,0,43,100,1927,602
2026-09-11,54,21:30,chat,1,1,1,0,44,100,1833,573
2026-09-11,54,22:00,chat,1,1,1,0,44,100,1844,576
2026-09-11,54,22:30,chat,1,1,1,0,47,100,1850,578
2026-09-11,54,23:00,chat,1,1,1,0,49,100,1808,565
2026-09-11,54,23:30,chat,1,1,0,0,1555,0,1897,593
2026-09-12,55,00:00,voice,0,0,0,0,0,0,0,0
2026-09-12,55,00:30,voice,0,0,0,0,0,0,0,0
2026-09-12,55,01:00,voice,0,0,0,0,0,0,0,0
2026-09-12,55,01:30,voice,0,0,0,0,0,0,0,0
2026-09-12,55,02:00,voice,1,1,1,0,11,100,2026,2026
2026-09-12,55,02:30,voice,0,0,0,0,0,0,0,0
2026-09-12,55,03:00,voice,0,0,0,0,0,0,0,0
2026-09-12,55,03:30,voice,0,0,0,0,0,0,0,0
2026-09-12,55,04:00,voice,0,0,0,0,0,0,0,0
2026-09-12,55,04:30,voice,0,0,0,0,0,0,0,0
2026-09-12,55,05:00,voice,0,0,0,0,0,0,0,0
2026-09-12,55,05:30,voice,0,0,0,0,0,0,0,0
2026-09-12,55,06:00,voice,0,0,0,0,0,0,0,0
2026-09-12,55,06:30,voice,1,1,1,0,13,100,1778,1778
2026-09-12,55,07:00,voice,1,1,1,0,11,100,2057,2057
2026-09-12,55,07:30,voice,1,1,1,0,12,100,2033,2033
2026-09-12,55,08:00,voice,1,1,1,0,14,100,2107,2107
2026-09-12,55,08:30,voice,1,1,1,0,10,100,2262,2262
2026-09-12,55,09:00,voice,2,2,2,0,10,100,1950,1950
2026-09-12,55,09:30,voice,2,2,2,0,13,100,1924,1924
2026-09-12,55,10:00,voice,4,4,4,0,11,100,1876,1876
2026-09-12,55,10:30,voice,3,3,3,0,14,100,2181,2181
2026-09-12,55,11:00,voice,4,4,4,0,12,100,2434,2434
2026-09-12,55,11:30,voice,4,3,3,1,70,75,2004,2004
2026-09-12,55,12:00,voice,4,4,4,0,11,100,2101,2101
2026-09-12,55,12:30,voice,2,2,2,0,12,100,1951,1951
2026-09-12,55,13:00,voice,3,3,3,0,11,100,2050,2050
2026-09-12,55,13:30,voice,3,3,3,0,13,100,2127,2127
2026-09-12,55,14:00,voice,2,2,2,0,12,100,1958,1958
2026-09-12,55,14:30,voice,3,3,3,0,11,100,2012,2012
2026-09-12,55,15:00,voice,2,2,2,0,12,100,1926,1926
2026-09-12,55,15:30,voice,3,3,3,0,12,100,1927,1927
2026-09-12,55,16:00,voice,2,2,2,0,12,100,2275,2275
2026-09-12,55,16:30,voice,2,2,2,0,12,100,1921,1921
2026-09-12,55,17:00,voice,2,2,2,0,14,100,2045,2045
2026-09-12,55,17:30,voice,1,1,1,0,13,100,2032,2032
2026-09-12,55,18:00,voice,1,1,1,0,10,100,1977,1977
2026-09-12,55,18:30,voice,1,1,1,0,11,100,2162,2162
2026-09-12,55,19:00,voice,1,1,1,0,11,100,2116,2116
2026-09-12,55,19:30,voice,0,0,0,0,0,0,0,0
2026-09-12,55,20:00,voice,1,1,1,0,12,100,2024,2024
2026-09-12,55,20:30,voice,0,0,0,0,0,0,0,0
2026-09-12,55,21:00,voice,0,0,0,0,0,0,0,0
2026-09-12,55,21:30,voice,0,0,0,0,0,0,0,0
2026-09-12,55,22:00,voice,0,0,0,0,0,0,0,0
2026-09-12,55,22:30,voice,0,0,0,0,0,0,0,0
2026-09-12,55,23:00,voice,0,0,0,0,0,0,0,0
2026-09-12,55,23:30,voice,0,0,0,0,0,0,0,0
2026-09-12,55,00:00,chat,0,0,0,0,0,0,0,0
2026-09-12,55,00:30,chat,0,0,0,0,0,0,0,0
2026-09-12,55,01:00,chat,0,0,0,0,0,0,0,0
2026-09-12,55,01:30,chat,0,0,0,0,0,0,0,0
2026-09-12,55,02:00,chat,0,0,0,0,0,0,0,0
2026-09-12,55,02:30,chat,0,0,0,0,0,0,0,0
2026-09-12,55,03:00,chat,0,0,0,0,0,0,0,0
2026-09-12,55,03:30,chat,0,0,0,0,0,0,0,0
2026-09-12,55,04:00,chat,1,1,1,0,45,100,1142,532
2026-09-12,55,04:30,chat,0,0,0,0,0,0,0,0
2026-09-12,55,05:00,chat,0,0,0,0,0,0,0,0
2026-09-12,55,05:30,chat,0,0,0,0,0,0,0,0
2026-09-12,55,06:00,chat,0,0,0,0,0,0,0,0
2026-09-12,55,06:30,chat,0,0,0,0,0,0,0,0
2026-09-12,55,07:00,chat,1,1,1,0,45,100,1117,521
2026-09-12,55,07:30,chat,1,1,1,0,43,100,1345,627
2026-09-12,55,08:00,chat,1,1,1,0,42,100,1192,556
2026-09-12,55,08:30,chat,2,2,2,0,46,100,1236,576
2026-09-12,55,09:00,chat,2,2,2,0,39,100,1265,590
2026-09-12,55,09:30,chat,3,3,3,0,49,100,1134,528
2026-09-12,55,10:00,chat,3,3,3,0,45,100,1257,586
2026-09-12,55,10:30,chat,3,3,2,0,259,66.7,1320,615
2026-09-12,55,11:00,chat,4,4,3,0,149,75,1099,512
2026-09-12,55,11:30,chat,4,3,3,1,125,75,1213,565
2026-09-12,55,12:00,chat,4,4,4,0,39,100,1109,517
2026-09-12,55,12:30,chat,3,3,3,0,50,100,1279,596
2026-09-12,55,13:00,chat,3,2,2,1,189,66.7,1190,554
2026-09-12,55,13:30,chat,3,3,3,0,49,100,1204,561
2026-09-12,55,14:00,chat,3,3,2,0,217,66.7,1264,589
2026-09-12,55,14:30,chat,3,3,3,0,41,100,1232,574
2026-09-12,55,15:00,chat,4,4,4,0,40,100,1277,595
2026-09-12,55,15:30,chat,3,2,2,1,202,66.7,1212,565
2026-09-12,55,16:00,chat,3,3,3,0,38,100,1089,507
2026-09-12,55,16:30,chat,3,3,3,0,46,100,1235,575
2026-09-12,55,17:00,chat,2,2,2,0,47,100,1222,569
2026-09-12,55,17:30,chat,1,1,1,0,45,100,1316,614
2026-09-12,55,18:00,chat,1,1,1,0,36,100,1175,548
2026-09-12,55,18:30,chat,1,1,1,0,46,100,1114,519
2026-09-12,55,19:00,chat,1,1,1,0,46,100,1251,583
2026-09-12,55,19:30,chat,1,1,1,0,44,100,1291,602
2026-09-12,55,20:00,chat,1,1,1,0,42,100,1182,551
2026-09-12,55,20:30,chat,1,1,1,0,45,100,1217,567
2026-09-12,55,21:00,chat,0,0,0,0,0,0,0,0
2026-09-12,55,21:30,chat,1,1,1,0,40,100,1248,582
2026-09-12,55,22:00,chat,0,0,0,0,0,0,0,0
2026-09-12,55,22:30,chat,0,0,0,0,0,0,0,0
2026-09-12,55,23:00,chat,0,0,0,0,0,0,0,0
2026-09-12,55,23:30,chat,0,0,0,0,0,0,0,0
2026-09-13,56,00:00,voice,0,0,0,0,0,0,0,0
2026-09-13,56,00:30,voice,0,0,0,0,0,0,0,0
2026-09-13,56,01:00,voice,0,0,0,0,0,0,0,0
2026-09-13,56,01:30,voice,0,0,0,0,0,0,0,0
2026-09-13,56,02:00,voice,0,0,0,0,0,0,0,0
2026-09-13,56,02:30,voice,0,0,0,0,0,0,0,0
2026-09-13,56,03:00,voice,0,0,0,0,0,0,0,0
2026-09-13,56,03:30,voice,0,0,0,0,0,0,0,0
2026-09-13,56,04:00,voice,0,0,0,0,0,0,0,0
2026-09-13,56,04:30,voice,0,0,0,0,0,0,0,0
2026-09-13,56,05:00,voice,0,0,0,0,0,0,0,0
2026-09-13,56,05:30,voice,0,0,0,0,0,0,0,0
2026-09-13,56,06:00,voice,0,0,0,0,0,0,0,0
2026-09-13,56,06:30,voice,1,1,1,0,14,100,1840,1840
2026-09-13,56,07:00,voice,1,1,1,0,12,100,1846,1846
2026-09-13,56,07:30,voice,1,1,1,0,11,100,1924,1924
2026-09-13,56,08:00,voice,1,1,1,0,12,100,1844,1844
2026-09-13,56,08:30,voice,2,2,2,0,11,100,2071,2071
2026-09-13,56,09:00,voice,3,3,3,0,13,100,1957,1957
2026-09-13,56,09:30,voice,3,3,3,0,12,100,1923,1923
2026-09-13,56,10:00,voice,4,3,2,1,258,50,1881,1881
2026-09-13,56,10:30,voice,3,3,2,0,113,66.7,2010,2010
2026-09-13,56,11:00,voice,5,5,5,0,14,100,1941,1941
2026-09-13,56,11:30,voice,3,3,3,0,12,100,1976,1976
2026-09-13,56,12:00,voice,3,3,3,0,11,100,2200,2200
2026-09-13,56,12:30,voice,4,4,4,0,11,100,1793,1793
2026-09-13,56,13:00,voice,3,3,3,0,14,100,2015,2015
2026-09-13,56,13:30,voice,3,3,3,0,12,100,1838,1838
2026-09-13,56,14:00,voice,4,3,3,1,73,75,1809,1809
2026-09-13,56,14:30,voice,3,3,3,0,11,100,1721,1721
2026-09-13,56,15:00,voice,3,3,3,0,11,100,1823,1823
2026-09-13,56,15:30,voice,3,3,3,0,11,100,1929,1929
2026-09-13,56,16:00,voice,3,3,3,0,13,100,1975,1975
2026-09-13,56,16:30,voice,2,2,2,0,12,100,1732,1732
2026-09-13,56,17:00,voice,2,2,2,0,12,100,1926,1926
2026-09-13,56,17:30,voice,1,1,1,0,12,100,2001,2001
2026-09-13,56,18:00,voice,1,1,1,0,13,100,2072,2072
2026-09-13,56,18:30,voice,1,1,1,0,13,100,2130,2130
2026-09-13,56,19:00,voice,1,1,1,0,14,100,1951,1951
2026-09-13,56,19:30,voice,0,0,0,0,0,0,0,0
2026-09-13,56,20:00,voice,0,0,0,0,0,0,0,0
2026-09-13,56,20:30,voice,1,1,1,0,12,100,1915,1915
2026-09-13,56,21:00,voice,0,0,0,0,0,0,0,0
2026-09-13,56,21:30,voice,0,0,0,0,0,0,0,0
2026-09-13,56,22:00,voice,0,0,0,0,0,0,0,0
2026-09-13,56,22:30,voice,1,1,1,0,12,100,1971,1971
2026-09-13,56,23:00,voice,1,1,1,0,11,100,2014,2014
2026-09-13,56,23:30,voice,0,0,0,0,0,0,0,0
2026-09-13,56,00:00,chat,0,0,0,0,0,0,0,0
2026-09-13,56,00:30,chat,1,1,1,0,46,100,1365,574
2026-09-13,56,01:00,chat,1,1,1,0,41,100,1224,515
2026-09-13,56,01:30,chat,0,0,0,0,0,0,0,0
2026-09-13,56,02:00,chat,1,1,1,0,48,100,1346,566
2026-09-13,56,02:30,chat,0,0,0,0,0,0,0,0
2026-09-13,56,03:00,chat,0,0,0,0,0,0,0,0
2026-09-13,56,03:30,chat,0,0,0,0,0,0,0,0
2026-09-13,56,04:00,chat,0,0,0,0,0,0,0,0
2026-09-13,56,04:30,chat,1,1,1,0,47,100,1473,620
2026-09-13,56,05:00,chat,0,0,0,0,0,0,0,0
2026-09-13,56,05:30,chat,1,1,1,0,47,100,1431,602
2026-09-13,56,06:00,chat,1,1,1,0,34,100,1299,547
2026-09-13,56,06:30,chat,1,1,1,0,48,100,1383,582
2026-09-13,56,07:00,chat,1,1,1,0,48,100,1259,530
2026-09-13,56,07:30,chat,1,1,1,0,40,100,1370,577
2026-09-13,56,08:00,chat,2,2,2,0,43,100,1410,593
2026-09-13,56,08:30,chat,2,2,2,0,40,100,1270,534
2026-09-13,56,09:00,chat,3,3,3,0,38,100,1426,600
2026-09-13,56,09:30,chat,3,3,2,0,229,66.7,1255,528
2026-09-13,56,10:00,chat,4,3,2,1,385,50,1273,536
2026-09-13,56,10:30,chat,4,3,1,1,758,25,1263,531
2026-09-13,56,11:00,chat,4,3,2,1,446,50,1301,548
2026-09-13,56,11:30,chat,4,4,4,0,45,100,1239,521
2026-09-13,56,12:00,chat,3,3,3,0,47,100,1251,527
2026-09-13,56,12:30,chat,4,4,2,0,411,50,1485,625
2026-09-13,56,13:00,chat,3,3,3,0,39,100,1232,519
2026-09-13,56,13:30,chat,4,3,2,1,409,50,1369,576
2026-09-13,56,14:00,chat,3,3,3,0,38,100,1357,571
2026-09-13,56,14:30,chat,4,4,4,0,44,100,1198,504
2026-09-13,56,15:00,chat,4,3,2,1,378,50,1338,563
2026-09-13,56,15:30,chat,3,3,3,0,47,100,1365,575
2026-09-13,56,16:00,chat,3,3,1,0,627,33.3,1387,584
2026-09-13,56,16:30,chat,3,3,3,0,39,100,1372,578
2026-09-13,56,17:00,chat,2,2,2,0,52,100,1296,545
2026-09-13,56,17:30,chat,3,3,3,0,47,100,1439,606
2026-09-13,56,18:00,chat,1,1,1,0,39,100,1517,638
2026-09-13,56,18:30,chat,1,1,1,0,50,100,1289,542
2026-09-13,56,19:00,chat,1,1,1,0,44,100,1404,591
2026-09-13,56,19:30,chat,1,1,1,0,41,100,1223,515
2026-09-13,56,20:00,chat,0,0,0,0,0,0,0,0
2026-09-13,56,20:30,chat,0,0,0,0,0,0,0,0
2026-09-13,56,21:00,chat,0,0,0,0,0,0,0,0
2026-09-13,56,21:30,chat,0,0,0,0,0,0,0,0
2026-09-13,56,22:00,chat,0,0,0,0,0,0,0,0
2026-09-13,56,22:30,chat,0,0,0,0,0,0,0,0
2026-09-13,56,23:00,chat,0,0,0,0,0,0,0,0
2026-09-13,56,23:30,chat,0,0,0,0,0,0,0,0
2026-09-14,57,00:00,voice,1,1,1,0,11,100,1820,1820
2026-09-14,57,00:30,voice,1,1,0,0,831,0,1823,1823
2026-09-14,57,01:00,voice,1,1,1,0,12,100,1957,1957
2026-09-14,57,01:30,voice,1,1,1,0,13,100,1648,1648
2026-09-14,57,02:00,voice,1,1,0,0,1023,0,1802,1802
2026-09-14,57,02:30,voice,1,1,1,0,12,100,1798,1798
2026-09-14,57,03:00,voice,1,1,0,0,827,0,1938,1938
2026-09-14,57,03:30,voice,1,1,0,0,1022,0,1947,1947
2026-09-14,57,04:00,voice,1,1,1,0,11,100,1750,1750
2026-09-14,57,04:30,voice,1,1,0,0,1025,0,1759,1759
2026-09-14,57,05:00,voice,1,1,0,0,879,0,1967,1967
2026-09-14,57,05:30,voice,1,1,0,0,950,0,1922,1922
2026-09-14,57,06:00,voice,1,1,0,0,786,0,1854,1854
2026-09-14,57,06:30,voice,1,1,0,0,886,0,1716,1716
2026-09-14,57,07:00,voice,1,0,0,1,911,0,1747,1747
2026-09-14,57,07:30,voice,3,2,0,1,928,0,1963,1963
2026-09-14,57,08:00,voice,2,1,0,1,1067,0,2043,2043
2026-09-14,57,08:30,voice,4,2,0,2,1012,0,1965,1965
2026-09-14,57,09:00,voice,5,2,0,3,1020,0,1822,1822
2026-09-14,57,09:30,voice,6,3,0,3,880,0,1961,1961
2026-09-14,57,10:00,voice,8,4,0,4,886,0,1676,1676
2026-09-14,57,10:30,voice,7,4,0,3,786,0,1821,1821
2026-09-14,57,11:00,voice,7,4,0,3,766,0,2121,2121
2026-09-14,57,11:30,voice,9,5,1,4,680,11.1,1690,1690
2026-09-14,57,12:00,voice,8,4,1,4,834,12.5,1881,1881
2026-09-14,57,12:30,voice,5,2,0,3,963,0,1936,1936
2026-09-14,57,13:00,voice,7,4,0,3,1019,0,2021,2021
2026-09-14,57,13:30,voice,7,3,0,4,1039,0,2038,2038
2026-09-14,57,14:00,voice,5,2,0,3,851,0,1844,1844
2026-09-14,57,14:30,voice,7,3,0,4,826,0,1929,1929
2026-09-14,57,15:00,voice,7,3,0,4,962,0,1790,1790
2026-09-14,57,15:30,voice,6,3,0,3,869,0,1669,1669
2026-09-14,57,16:00,voice,5,2,0,3,780,0,1805,1805
2026-09-14,57,16:30,voice,6,3,0,3,991,0,2016,2016
2026-09-14,57,17:00,voice,3,1,0,2,972,0,1833,1833
2026-09-14,57,17:30,voice,3,1,0,2,728,0,1701,1701
2026-09-14,57,18:00,voice,3,2,0,1,948,0,1921,1921
2026-09-14,57,18:30,voice,1,1,0,0,1058,0,1833,1833
2026-09-14,57,19:00,voice,2,2,1,0,205,50,1796,1796
2026-09-14,57,19:30,voice,1,1,0,0,865,0,1772,1772
2026-09-14,57,20:00,voice,1,1,0,0,923,0,1789,1789
2026-09-14,57,20:30,voice,1,1,0,0,873,0,1951,1951
2026-09-14,57,21:00,voice,1,1,1,0,12,100,1975,1975
2026-09-14,57,21:30,voice,1,1,0,0,1043,0,1736,1736
2026-09-14,57,22:00,voice,1,1,0,0,975,0,1887,1887
2026-09-14,57,22:30,voice,1,1,0,0,1005,0,1912,1912
2026-09-14,57,23:00,voice,1,1,0,0,983,0,1782,1782
2026-09-14,57,23:30,voice,1,1,1,0,11,100,1809,1809
2026-09-14,57,00:00,chat,1,1,0,0,1598,0,1689,528
2026-09-14,57,00:30,chat,1,1,0,0,1474,0,1746,546
2026-09-14,57,01:00,chat,1,1,0,0,1328,0,1799,562
2026-09-14,57,01:30,chat,1,1,0,0,1833,0,1771,553
2026-09-14,57,02:00,chat,1,1,1,0,40,100,1844,576
2026-09-14,57,02:30,chat,1,1,0,0,1609,0,1740,544
2026-09-14,57,03:00,chat,1,1,1,0,48,100,1819,568
2026-09-14,57,03:30,chat,1,1,0,0,1640,0,1781,557
2026-09-14,57,04:00,chat,1,1,0,0,1385,0,1841,575
2026-09-14,57,04:30,chat,1,1,1,0,51,100,1721,538
2026-09-14,57,05:00,chat,1,0,0,1,1361,0,1698,531
2026-09-14,57,05:30,chat,1,1,0,0,1835,0,1771,553
2026-09-14,57,06:00,chat,1,1,0,0,1723,0,1781,557
2026-09-14,57,06:30,chat,1,1,0,0,1808,0,1679,525
2026-09-14,57,07:00,chat,2,1,0,1,1372,0,1751,547
2026-09-14,57,07:30,chat,3,2,0,1,1380,0,1637,512
2026-09-14,57,08:00,chat,3,2,0,1,1507,0,1717,536
2026-09-14,57,08:30,chat,5,3,0,2,1694,0,1915,598
2026-09-14,57,09:00,chat,6,3,0,3,1600,0,1612,504
2026-09-14,57,09:30,chat,10,5,1,5,1032,10,1727,540
2026-09-14,57,10:00,chat,9,5,0,4,1793,0,1733,541
2026-09-14,57,10:30,chat,7,4,0,3,1369,0,1701,532
2026-09-14,57,11:00,chat,9,5,1,4,1105,11.1,1573,492
2026-09-14,57,11:30,chat,11,6,0,5,1355,0,1704,532
2026-09-14,57,12:00,chat,7,4,0,3,1466,0,1660,519
2026-09-14,57,12:30,chat,8,5,1,3,1157,12.5,1538,481
2026-09-14,57,13:00,chat,7,4,0,3,1551,0,1607,502
2026-09-14,57,13:30,chat,7,4,0,3,1695,0,1667,521
2026-09-14,57,14:00,chat,8,4,1,4,1255,12.5,2026,633
2026-09-14,57,14:30,chat,7,4,1,3,1269,14.3,1634,511
2026-09-14,57,15:00,chat,9,5,0,4,1680,0,1716,536
2026-09-14,57,15:30,chat,10,6,1,4,1110,10,1572,491
2026-09-14,57,16:00,chat,7,4,0,3,1377,0,1668,521
2026-09-14,57,16:30,chat,6,3,0,3,1441,0,1873,585
2026-09-14,57,17:00,chat,6,3,0,3,1553,0,1915,598
2026-09-14,57,17:30,chat,4,2,0,2,1258,0,1655,517
2026-09-14,57,18:00,chat,3,2,0,1,1478,0,1720,537
2026-09-14,57,18:30,chat,2,1,0,1,1799,0,1712,535
2026-09-14,57,19:00,chat,2,1,0,1,1651,0,1584,495
2026-09-14,57,19:30,chat,1,0,0,1,1390,0,1727,540
2026-09-14,57,20:00,chat,1,1,0,0,1440,0,1759,550
2026-09-14,57,20:30,chat,1,1,0,0,1924,0,1639,512
2026-09-14,57,21:00,chat,1,1,0,0,1563,0,1635,511
2026-09-14,57,21:30,chat,1,1,0,0,1374,0,1692,529
2026-09-14,57,22:00,chat,1,1,0,0,1263,0,1644,514
2026-09-14,57,22:30,chat,1,1,0,0,1530,0,1890,591
2026-09-14,57,23:00,chat,1,1,0,0,1498,0,1840,575
2026-09-14,57,23:30,chat,1,1,0,0,1657,0,1736,543
2026-09-15,58,00:00,voice,1,1,0,0,1083,0,1981,1981
2026-09-15,58,00:30,voice,1,1,0,0,781,0,1855,1855
2026-09-15,58,01:00,voice,1,1,1,0,16,100,1799,1799
2026-09-15,58,01:30,voice,1,1,1,0,12,100,1710,1710
2026-09-15,58,02:00,voice,1,1,1,0,11,100,1864,1864
2026-09-15,58,02:30,voice,1,1,0,0,886,0,1747,1747
2026-09-15,58,03:00,voice,1,1,0,0,751,0,1713,1713
2026-09-15,58,03:30,voice,1,1,1,0,11,100,1761,1761
2026-09-15,58,04:00,voice,1,1,1,0,12,100,1824,1824
2026-09-15,58,04:30,voice,1,1,0,0,800,0,1735,1735
2026-09-15,58,05:00,voice,1,1,1,0,12,100,1751,1751
2026-09-15,58,05:30,voice,1,1,1,0,13,100,1711,1711
2026-09-15,58,06:00,voice,1,1,1,0,12,100,1887,1887
2026-09-15,58,06:30,voice,1,1,0,0,827,0,1861,1861
2026-09-15,58,07:00,voice,2,1,0,1,809,0,1849,1849
2026-09-15,58,07:30,voice,2,1,0,1,798,0,1896,1896
2026-09-15,58,08:00,voice,3,2,0,1,1058,0,1889,1889
2026-09-15,58,08:30,voice,4,2,0,2,801,0,1994,1994
2026-09-15,58,09:00,voice,6,3,0,3,867,0,1740,1740
2026-09-15,58,09:30,voice,8,4,1,4,702,12.5,1723,1723
2026-09-15,58,10:00,voice,7,4,1,3,570,14.3,1817,1817
2026-09-15,58,10:30,voice,8,4,1,4,777,12.5,1795,1795
2026-09-15,58,11:00,voice,11,6,1,5,692,9.1,1801,1801
2026-09-15,58,11:30,voice,8,4,0,4,936,0,2148,2148
2026-09-15,58,12:00,voice,8,5,1,3,737,12.5,1823,1823
2026-09-15,58,12:30,voice,8,4,0,4,1083,0,1707,1707
2026-09-15,58,13:00,voice,5,3,0,2,841,0,1872,1872
2026-09-15,58,13:30,voice,8,5,1,3,813,12.5,1795,1795
2026-09-15,58,14:00,voice,9,5,0,4,997,0,1847,1847
2026-09-15,58,14:30,voice,10,5,0,5,1018,0,1653,1653
2026-09-15,58,15:00,voice,9,5,1,4,744,11.1,1834,1834
2026-09-15,58,15:30,voice,9,5,1,4,787,11.1,1917,1917
2026-09-15,58,16:00,voice,7,4,0,3,1056,0,1918,1918
2026-09-15,58,16:30,voice,5,3,0,2,912,0,1774,1774
2026-09-15,58,17:00,voice,5,3,1,2,546,20,1825,1825
2026-09-15,58,17:30,voice,4,2,0,2,768,0,1785,1785
2026-09-15,58,18:00,voice,2,1,0,1,1066,0,1741,1741
2026-09-15,58,18:30,voice,2,1,0,1,835,0,1822,1822
2026-09-15,58,19:00,voice,1,0,0,1,1014,0,1848,1848
2026-09-15,58,19:30,voice,1,1,0,0,940,0,2029,2029
2026-09-15,58,20:00,voice,1,1,0,0,928,0,1598,1598
2026-09-15,58,20:30,voice,1,1,0,0,976,0,1694,1694
2026-09-15,58,21:00,voice,1,1,0,0,858,0,1742,1742
2026-09-15,58,21:30,voice,1,1,0,0,851,0,1564,1564
2026-09-15,58,22:00,voice,1,1,0,0,1051,0,1900,1900
2026-09-15,58,22:30,voice,1,1,1,0,12,100,1948,1948
2026-09-15,58,23:00,voice,1,1,1,0,13,100,1777,1777
2026-09-15,58,23:30,voice,1,1,0,0,820,0,1841,1841
2026-09-15,58,00:00,chat,1,1,0,0,1638,0,1745,545
2026-09-15,58,00:30,chat,2,1,0,1,1480,0,1752,547
2026-09-15,58,01:00,chat,1,1,1,0,39,100,1562,488
2026-09-15,58,01:30,chat,1,1,0,0,1654,0,1707,534
2026-09-15,58,02:00,chat,1,1,0,0,1431,0,1943,607
2026-09-15,58,02:30,chat,1,0,0,1,1582,0,1795,561
2026-09-15,58,03:00,chat,1,1,0,0,1531,0,1897,593
2026-09-15,58,03:30,chat,2,1,1,1,528,50,1770,553
2026-09-15,58,04:00,chat,1,1,0,0,1486,0,1661,519
2026-09-15,58,04:30,chat,1,1,0,0,1645,0,1971,616
2026-09-15,58,05:00,chat,1,1,0,0,1526,0,1657,518
2026-09-15,58,05:30,chat,1,1,0,0,1518,0,1713,535
2026-09-15,58,06:00,chat,1,1,0,0,1563,0,1643,513
2026-09-15,58,06:30,chat,1,1,0,0,1658,0,1755,548
2026-09-15,58,07:00,chat,2,1,0,1,1614,0,1689,528
2026-09-15,58,07:30,chat,3,2,0,1,1279,0,1786,558
2026-09-15,58,08:00,chat,4,2,0,2,1612,0,1604,501
2026-09-15,58,08:30,chat,6,3,0,3,1479,0,1731,541
2026-09-15,58,09:00,chat,6,4,1,2,1006,16.7,1812,566
2026-09-15,58,09:30,chat,8,4,0,4,1593,0,1605,501
2026-09-15,58,10:00,chat,10,5,0,5,1545,0,1685,527
2026-09-15,58,10:30,chat,11,7,1,4,1383,9.1,1828,571
2026-09-15,58,11:00,chat,13,8,1,5,1326,7.7,1648,515
2026-09-15,58,11:30,chat,9,5,1,4,1097,11.1,1808,565
2026-09-15,58,12:00,chat,7,4,0,3,1855,0,1609,503
2026-09-15,58,12:30,chat,9,5,0,4,1295,0,1670,522
2026-09-15,58,13:00,chat,11,6,1,5,1387,9.1,1700,531
2026-09-15,58,13:30,chat,10,6,0,4,1444,0,1736,542
2026-09-15,58,14:00,chat,9,5,0,4,1235,0,1836,574
2026-09-15,58,14:30,chat,10,6,1,4,1330,10,1654,517
2026-09-15,58,15:00,chat,9,5,0,4,1578,0,1701,532
2026-09-15,58,15:30,chat,8,5,0,3,1323,0,1611,503
2026-09-15,58,16:00,chat,7,4,0,3,1590,0,1870,584
2026-09-15,58,16:30,chat,6,3,1,3,1197,16.7,1785,558
2026-09-15,58,17:00,chat,5,3,0,2,1508,0,1761,550
2026-09-15,58,17:30,chat,4,2,0,2,1462,0,1784,558
2026-09-15,58,18:00,chat,3,2,0,1,1495,0,1817,568
2026-09-15,58,18:30,chat,2,1,0,1,1489,0,1711,535
2026-09-15,58,19:00,chat,2,1,0,1,1669,0,1678,524
2026-09-15,58,19:30,chat,2,1,0,1,1709,0,1641,513
2026-09-15,58,20:00,chat,1,1,0,0,1684,0,1636,511
2026-09-15,58,20:30,chat,1,1,0,0,1330,0,1712,535
2026-09-15,58,21:00,chat,2,1,0,1,1591,0,1607,502
2026-09-15,58,21:30,chat,1,1,1,0,48,100,1768,552
2026-09-15,58,22:00,chat,1,1,0,0,1553,0,1703,532
2026-09-15,58,22:30,chat,1,1,0,0,1459,0,1577,493
2026-09-15,58,23:00,chat,1,1,0,0,1629,0,1703,532
2026-09-15,58,23:30,chat,1,1,0,0,1451,0,1620,506
2026-09-16,59,00:00,voice,1,1,1,0,12,100,2064,2064
2026-09-16,59,00:30,voice,1,1,0,0,861,0,1879,1879
2026-09-16,59,01:00,voice,1,1,1,0,13,100,2067,2067
2026-09-16,59,01:30,voice,1,1,1,0,12,100,2059,2059
2026-09-16,59,02:00,voice,1,1,0,0,884,0,1798,1798
2026-09-16,59,02:30,voice,1,1,1,0,13,100,2038,2038
2026-09-16,59,03:00,voice,1,1,1,0,13,100,2018,2018
2026-09-16,59,03:30,voice,1,1,0,0,902,0,2349,2349
2026-09-16,59,04:00,voice,1,1,1,0,11,100,2188,2188
2026-09-16,59,04:30,voice,1,1,0,0,842,0,1829,1829
2026-09-16,59,05:00,voice,1,1,0,0,1055,0,1989,1989
2026-09-16,59,05:30,voice,1,1,1,0,12,100,1852,1852
2026-09-16,59,06:00,voice,1,1,1,0,11,100,1956,1956
2026-09-16,59,06:30,voice,1,1,0,0,844,0,2080,2080
2026-09-16,59,07:00,voice,1,1,0,0,1103,0,2135,2135
2026-09-16,59,07:30,voice,2,1,0,1,973,0,2119,2119
2026-09-16,59,08:00,voice,3,2,0,1,1001,0,1990,1990
2026-09-16,59,08:30,voice,5,3,0,2,820,0,2122,2122
2026-09-16,59,09:00,voice,6,3,0,3,864,0,2174,2174
2026-09-16,59,09:30,voice,8,4,0,4,769,0,2232,2232
2026-09-16,59,10:00,voice,8,4,0,4,933,0,1907,1907
2026-09-16,59,10:30,voice,7,4,0,3,911,0,2011,2011
2026-09-16,59,11:00,voice,11,5,0,6,1006,0,2076,2076
2026-09-16,59,11:30,voice,7,4,0,3,865,0,2103,2103
2026-09-16,59,12:00,voice,9,5,1,4,703,11.1,1873,1873
2026-09-16,59,12:30,voice,6,3,0,3,1014,0,2057,2057
2026-09-16,59,13:00,voice,6,3,0,3,939,0,2062,2062
2026-09-16,59,13:30,voice,8,4,0,4,840,0,2157,2157
2026-09-16,59,14:00,voice,8,4,1,4,852,12.5,2066,2066
2026-09-16,59,14:30,voice,6,3,0,3,885,0,1987,1987
2026-09-16,59,15:00,voice,6,3,0,3,904,0,2189,2189
2026-09-16,59,15:30,voice,7,4,0,3,893,0,1958,1958
2026-09-16,59,16:00,voice,5,3,0,2,844,0,1925,1925
2026-09-16,59,16:30,voice,6,3,0,3,825,0,1934,1934
2026-09-16,59,17:00,voice,4,2,0,2,1160,0,2032,2032
2026-09-16,59,17:30,voice,4,2,0,2,762,0,2030,2030
2026-09-16,59,18:00,voice,3,2,0,1,850,0,1956,1956
2026-09-16,59,18:30,voice,2,1,0,1,874,0,2071,2071
2026-09-16,59,19:00,voice,1,1,0,0,1078,0,1972,1972
2026-09-16,59,19:30,voice,2,2,1,0,256,50,1757,1757
2026-09-16,59,20:00,voice,1,1,1,0,12,100,2008,2008
2026-09-16,59,20:30,voice,1,1,1,0,14,100,2109,2109
2026-09-16,59,21:00,voice,1,1,1,0,12,100,2308,2308
2026-09-16,59,21:30,voice,1,1,0,0,894,0,2003,2003
2026-09-16,59,22:00,voice,1,1,1,0,10,100,2037,2037
2026-09-16,59,22:30,voice,1,1,1,0,12,100,2150,2150
2026-09-16,59,23:00,voice,1,1,1,0,13,100,2314,2314
2026-09-16,59,23:30,voice,1,1,0,0,934,0,2161,2161
2026-09-16,59,00:00,chat,1,1,0,0,1430,0,1656,518
2026-09-16,59,00:30,chat,1,1,0,0,1380,0,1757,549
2026-09-16,59,01:00,chat,1,1,0,0,1386,0,1735,542
2026-09-16,59,01:30,chat,1,1,0,0,1708,0,1616,505
2026-09-16,59,02:00,chat,1,1,0,0,1531,0,1997,624
2026-09-16,59,02:30,chat,1,1,1,0,41,100,1766,552
2026-09-16,59,03:00,chat,1,1,1,0,44,100,1667,521
2026-09-16,59,03:30,chat,1,1,0,0,1651,0,1956,611
2026-09-16,59,04:00,chat,1,1,1,0,44,100,1845,576
2026-09-16,59,04:30,chat,1,1,1,0,42,100,1678,524
2026-09-16,59,05:00,chat,1,1,0,0,1516,0,1843,576
2026-09-16,59,05:30,chat,1,1,0,0,1513,0,1852,579
2026-09-16,59,06:00,chat,1,1,0,0,1326,0,1713,535
2026-09-16,59,06:30,chat,1,1,0,0,1488,0,1636,511
2026-09-16,59,07:00,chat,2,1,0,1,1870,0,1776,555
2026-09-16,59,07:30,chat,2,1,0,1,1309,0,1648,515
2026-09-16,59,08:00,chat,3,2,0,1,1538,0,1856,580
2026-09-16,59,08:30,chat,5,3,0,2,1642,0,1772,554
2026-09-16,59,09:00,chat,5,3,0,2,1495,0,1730,541
2026-09-16,59,09:30,chat,9,5,0,4,1776,0,1746,546
2026-09-16,59,10:00,chat,9,5,0,4,1693,0,1630,510
2026-09-16,59,10:30,chat,12,6,0,6,1439,0,1865,583
2026-09-16,59,11:00,chat,9,5,1,4,1281,11.1,1887,590
2026-09-16,59,11:30,chat,9,5,1,4,1170,11.1,1564,489
2026-09-16,59,12:00,chat,9,5,0,4,1429,0,1825,570
2026-09-16,59,12:30,chat,8,4,0,4,1561,0,1956,611
2026-09-16,59,13:00,chat,8,4,0,4,1565,0,1818,568
2026-09-16,59,13:30,chat,8,4,0,4,2167,0,1802,563
2026-09-16,59,14:00,chat,10,6,0,4,1789,0,1779,556
2026-09-16,59,14:30,chat,9,5,0,4,1594,0,1839,575
2026-09-16,59,15:00,chat,9,5,0,4,1453,0,1875,586
2026-09-16,59,15:30,chat,8,4,0,4,1462,0,1714,536
2026-09-16,59,16:00,chat,9,5,0,4,1499,0,1696,530
2026-09-16,59,16:30,chat,7,4,0,3,1806,0,1814,567
2026-09-16,59,17:00,chat,4,2,0,2,1587,0,1705,533
2026-09-16,59,17:30,chat,4,2,0,2,1587,0,1807,565
2026-09-16,59,18:00,chat,2,1,0,1,1768,0,1821,569
2026-09-16,59,18:30,chat,2,1,0,1,1641,0,1767,552
2026-09-16,59,19:00,chat,2,2,1,0,357,50,1738,543
2026-09-16,59,19:30,chat,2,2,1,0,394,50,1731,541
2026-09-16,59,20:00,chat,1,1,0,0,1533,0,1640,513
2026-09-16,59,20:30,chat,1,1,1,0,46,100,1813,566
2026-09-16,59,21:00,chat,1,1,0,0,1168,0,1903,595
2026-09-16,59,21:30,chat,1,1,1,0,43,100,1780,556
2026-09-16,59,22:00,chat,1,1,1,0,45,100,1786,558
2026-09-16,59,22:30,chat,1,1,0,0,1642,0,1768,552
2026-09-16,59,23:00,chat,1,1,0,0,1419,0,1748,546
2026-09-16,59,23:30,chat,1,1,1,0,54,100,1713,535
2026-09-17,60,00:00,voice,1,1,1,0,14,100,1871,1871
2026-09-17,60,00:30,voice,1,1,1,0,10,100,1775,1775
2026-09-17,60,01:00,voice,1,1,1,0,11,100,1930,1930
2026-09-17,60,01:30,voice,1,1,1,0,12,100,2023,2023
2026-09-17,60,02:00,voice,1,1,1,0,11,100,2009,2009
2026-09-17,60,02:30,voice,1,1,1,0,12,100,2073,2073
2026-09-17,60,03:00,voice,1,1,1,0,11,100,1977,1977
2026-09-17,60,03:30,voice,1,1,0,0,776,0,1689,1689
2026-09-17,60,04:00,voice,1,1,1,0,12,100,1894,1894
2026-09-17,60,04:30,voice,1,1,1,0,12,100,1810,1810
2026-09-17,60,05:00,voice,1,1,1,0,11,100,1932,1932
2026-09-17,60,05:30,voice,1,1,0,0,882,0,1973,1973
2026-09-17,60,06:00,voice,1,1,0,0,802,0,1960,1960
2026-09-17,60,06:30,voice,1,1,0,0,921,0,1751,1751
2026-09-17,60,07:00,voice,1,1,0,0,846,0,1762,1762
2026-09-17,60,07:30,voice,3,1,0,2,827,0,1840,1840
2026-09-17,60,08:00,voice,3,2,0,1,881,0,1974,1974
2026-09-17,60,08:30,voice,4,2,0,2,759,0,1957,1957
2026-09-17,60,09:00,voice,5,3,0,2,931,0,1853,1853
2026-09-17,60,09:30,voice,9,5,0,4,862,0,1922,1922
2026-09-17,60,10:00,voice,8,4,0,4,760,0,1793,1793
2026-09-17,60,10:30,voice,10,5,1,5,894,10,2000,2000
2026-09-17,60,11:00,voice,9,5,0,4,965,0,1967,1967
2026-09-17,60,11:30,voice,9,5,1,4,713,11.1,1918,1918
2026-09-17,60,12:00,voice,7,4,1,3,718,14.3,1827,1827
2026-09-17,60,12:30,voice,6,3,0,3,920,0,1840,1840
2026-09-17,60,13:00,voice,5,3,0,2,832,0,1647,1647
2026-09-17,60,13:30,voice,7,4,1,3,811,14.3,1755,1755
2026-09-17,60,14:00,voice,7,4,0,3,975,0,1612,1612
2026-09-17,60,14:30,voice,9,5,0,4,953,0,1774,1774
2026-09-17,60,15:00,voice,8,4,0,4,983,0,1947,1947
2026-09-17,60,15:30,voice,6,3,0,3,867,0,1742,1742
2026-09-17,60,16:00,voice,6,3,0,3,991,0,1921,1921
2026-09-17,60,16:30,voice,6,3,0,3,1090,0,1888,1888
2026-09-17,60,17:00,voice,4,2,0,2,905,0,1800,1800
2026-09-17,60,17:30,voice,3,2,0,1,1028,0,1802,1802
2026-09-17,60,18:00,voice,2,1,0,1,854,0,1780,1780
2026-09-17,60,18:30,voice,3,2,1,1,424,33.3,1802,1802
2026-09-17,60,19:00,voice,1,1,0,0,928,0,1819,1819
2026-09-17,60,19:30,voice,1,1,0,0,978,0,2057,2057
2026-09-17,60,20:00,voice,1,1,1,0,11,100,1898,1898
2026-09-17,60,20:30,voice,1,1,1,0,13,100,1825,1825
2026-09-17,60,21:00,voice,1,1,1,0,10,100,1708,1708
2026-09-17,60,21:30,voice,1,1,0,0,881,0,2001,2001
2026-09-17,60,22:00,voice,1,1,1,0,12,100,1521,1521
2026-09-17,60,22:30,voice,1,1,0,0,820,0,1942,1942
2026-09-17,60,23:00,voice,1,1,1,0,14,100,1839,1839
2026-09-17,60,23:30,voice,1,1,1,0,12,100,1812,1812
2026-09-17,60,00:00,chat,1,1,1,0,44,100,1775,555
2026-09-17,60,00:30,chat,1,1,1,0,51,100,1677,524
2026-09-17,60,01:00,chat,1,1,1,0,44,100,1902,594
2026-09-17,60,01:30,chat,1,1,1,0,42,100,1741,544
2026-09-17,60,02:00,chat,1,1,1,0,48,100,1697,530
2026-09-17,60,02:30,chat,1,1,1,0,47,100,1837,574
2026-09-17,60,03:00,chat,1,1,1,0,47,100,1684,526
2026-09-17,60,03:30,chat,1,1,1,0,48,100,1699,531
2026-09-17,60,04:00,chat,1,1,1,0,49,100,1635,511
2026-09-17,60,04:30,chat,1,1,1,0,45,100,1958,612
2026-09-17,60,05:00,chat,1,1,1,0,43,100,1723,538
2026-09-17,60,05:30,chat,1,1,0,0,1564,0,1772,554
2026-09-17,60,06:00,chat,2,2,1,0,379,50,1931,603
2026-09-17,60,06:30,chat,1,1,0,0,1399,0,1617,505
2026-09-17,60,07:00,chat,2,1,0,1,1495,0,1800,563
2026-09-17,60,07:30,chat,3,2,0,1,1747,0,1514,473
2026-09-17,60,08:00,chat,3,2,0,1,1619,0,1732,541
2026-09-17,60,08:30,chat,5,3,0,2,1553,0,1921,600
2026-09-17,60,09:00,chat,6,3,0,3,1546,0,1914,598
2026-09-17,60,09:30,chat,7,4,0,3,1481,0,1725,539
2026-09-17,60,10:00,chat,12,7,0,5,1605,0,1787,559
2026-09-17,60,10:30,chat,10,6,1,4,1397,10,1802,563
2026-09-17,60,11:00,chat,8,5,0,3,1498,0,2004,626
2026-09-17,60,11:30,chat,14,8,0,6,1487,0,1761,550
2026-09-17,60,12:00,chat,9,5,0,4,1956,0,1668,521
2026-09-17,60,12:30,chat,8,5,0,3,1349,0,1934,604
2026-09-17,60,13:00,chat,6,3,0,3,1748,0,1647,515
2026-09-17,60,13:30,chat,7,4,0,3,1571,0,1603,501
2026-09-17,60,14:00,chat,11,6,0,5,1654,0,1765,552
2026-09-17,60,14:30,chat,10,6,1,4,1288,10,1690,528
2026-09-17,60,15:00,chat,9,5,0,4,1648,0,1758,550
2026-09-17,60,15:30,chat,7,4,0,3,1690,0,1741,544
2026-09-17,60,16:00,chat,8,4,0,4,1682,0,1698,531
2026-09-17,60,16:30,chat,6,3,0,3,1557,0,1844,576
2026-09-17,60,17:00,chat,5,3,0,2,1338,0,1734,542
2026-09-17,60,17:30,chat,4,2,0,2,1631,0,1507,471
2026-09-17,60,18:00,chat,3,2,0,1,1325,0,1763,551
2026-09-17,60,18:30,chat,2,1,0,1,1500,0,1621,507
2026-09-17,60,19:00,chat,1,1,0,0,1521,0,1631,510
2026-09-17,60,19:30,chat,1,1,0,0,1790,0,1721,538
2026-09-17,60,20:00,chat,1,1,0,0,1529,0,1757,549
2026-09-17,60,20:30,chat,1,1,0,0,1551,0,1674,523
2026-09-17,60,21:00,chat,1,1,1,0,40,100,1649,515
2026-09-17,60,21:30,chat,1,1,1,0,41,100,1748,546
2026-09-17,60,22:00,chat,1,1,0,0,1501,0,1815,567
2026-09-17,60,22:30,chat,1,1,1,0,40,100,1757,549
2026-09-17,60,23:00,chat,1,1,1,0,46,100,1897,593
2026-09-17,60,23:30,chat,1,1,1,0,50,100,1871,585
2026-09-18,61,00:00,voice,1,1,0,0,834,0,1991,1991
2026-09-18,61,00:30,voice,1,1,1,0,11,100,1913,1913
2026-09-18,61,01:00,voice,1,1,0,0,965,0,1817,1817
2026-09-18,61,01:30,voice,0,0,0,0,0,0,0,0
2026-09-18,61,02:00,voice,1,1,0,0,961,0,1968,1968
2026-09-18,61,02:30,voice,1,1,0,0,867,0,1796,1796
2026-09-18,61,03:00,voice,1,1,0,0,876,0,1805,1805
2026-09-18,61,03:30,voice,1,1,0,0,929,0,2044,2044
2026-09-18,61,04:00,voice,1,1,1,0,12,100,1843,1843
2026-09-18,61,04:30,voice,1,1,0,0,908,0,2203,2203
2026-09-18,61,05:00,voice,1,1,0,0,998,0,2074,2074
2026-09-18,61,05:30,voice,1,1,1,0,11,100,1951,1951
2026-09-18,61,06:00,voice,1,1,0,0,1116,0,1770,1770
2026-09-18,61,06:30,voice,1,1,0,0,823,0,2026,2026
2026-09-18,61,07:00,voice,2,2,1,0,250,50,1907,1907
2026-09-18,61,07:30,voice,2,1,0,1,870,0,1864,1864
2026-09-18,61,08:00,voice,3,2,0,1,1083,0,1861,1861
2026-09-18,61,08:30,voice,4,2,0,2,1072,0,1988,1988
2026-09-18,61,09:00,voice,5,2,0,3,907,0,1860,1860
2026-09-18,61,09:30,voice,6,3,0,3,847,0,1764,1764
2026-09-18,61,10:00,voice,9,5,1,4,724,11.1,2072,2072
2026-09-18,61,10:30,voice,11,5,0,6,906,0,1813,1813
2026-09-18,61,11:00,voice,10,5,1,5,737,10,1775,1775
2026-09-18,61,11:30,voice,8,4,1,4,728,12.5,1865,1865
2026-09-18,61,12:00,voice,7,4,1,3,758,14.3,1942,1942
2026-09-18,61,12:30,voice,6,3,0,3,964,0,1606,1606
2026-09-18,61,13:00,voice,5,2,0,3,873,0,2005,2005
2026-09-18,61,13:30,voice,6,3,0,3,724,0,1816,1816
2026-09-18,61,14:00,voice,6,3,0,3,960,0,1908,1908
2026-09-18,61,14:30,voice,6,3,0,3,836,0,1779,1779
2026-09-18,61,15:00,voice,7,4,0,3,880,0,1721,1721
2026-09-18,61,15:30,voice,6,3,0,3,886,0,1732,1732
2026-09-18,61,16:00,voice,6,3,0,3,995,0,1871,1871
2026-09-18,61,16:30,voice,5,2,0,3,756,0,1843,1843
2026-09-18,61,17:00,voice,5,2,0,3,1058,0,1827,1827
2026-09-18,61,17:30,voice,4,2,0,2,881,0,1791,1791
2026-09-18,61,18:00,voice,3,2,1,1,376,33.3,1865,1865
2026-09-18,61,18:30,voice,2,2,1,0,272,50,1788,1788
2026-09-18,61,19:00,voice,2,2,1,0,199,50,1805,1805
2026-09-18,61,19:30,voice,1,1,0,0,973,0,1762,1762
2026-09-18,61,20:00,voice,1,1,0,0,787,0,1925,1925
2026-09-18,61,20:30,voice,1,1,0,0,864,0,1861,1861
2026-09-18,61,21:00,voice,1,1,1,0,13,100,1837,1837
2026-09-18,61,21:30,voice,1,1,0,0,952,0,2077,2077
2026-09-18,61,22:00,voice,1,1,0,0,871,0,1858,1858
2026-09-18,61,22:30,voice,1,1,1,0,13,100,1933,1933
2026-09-18,61,23:00,voice,1,1,0,0,797,0,1808,1808
2026-09-18,61,23:30,voice,1,1,0,0,784,0,1634,1634
2026-09-18,61,00:00,chat,1,1,0,0,1542,0,1578,493
2026-09-18,61,00:30,chat,1,1,0,0,1857,0,1754,548
2026-09-18,61,01:00,chat,1,1,1,0,52,100,2059,643
2026-09-18,61,01:30,chat,1,1,1,0,37,100,1714,535
2026-09-18,61,02:00,chat,1,1,0,0,1510,0,1866,583
2026-09-18,61,02:30,chat,1,1,1,0,50,100,1756,549
2026-09-18,61,03:00,chat,1,1,0,0,1332,0,1700,531
2026-09-18,61,03:30,chat,2,2,1,0,423,50,1695,530
2026-09-18,61,04:00,chat,1,1,0,0,1627,0,1652,516
2026-09-18,61,04:30,chat,1,1,0,0,1642,0,1760,550
2026-09-18,61,05:00,chat,1,1,1,0,48,100,1830,572
2026-09-18,61,05:30,chat,1,1,1,0,44,100,1884,589
2026-09-18,61,06:00,chat,1,1,0,0,1544,0,1722,538
2026-09-18,61,06:30,chat,1,1,0,0,1266,0,1678,524
2026-09-18,61,07:00,chat,1,1,0,0,1350,0,1605,502
2026-09-18,61,07:30,chat,3,2,0,1,1618,0,1792,560
2026-09-18,61,08:00,chat,2,1,0,1,1623,0,1790,559
2026-09-18,61,08:30,chat,5,3,0,2,1579,0,1860,581
2026-09-18,61,09:00,chat,6,3,0,3,1592,0,1904,595
2026-09-18,61,09:30,chat,10,5,1,5,1303,10,1778,556
2026-09-18,61,10:00,chat,10,6,1,4,1376,10,1759,550
2026-09-18,61,10:30,chat,9,5,0,4,1664,0,1685,527
2026-09-18,61,11:00,chat,14,7,0,7,1473,0,1739,543
2026-09-18,61,11:30,chat,9,5,1,4,1210,11.1,1637,512
2026-09-18,61,12:00,chat,7,4,0,3,1829,0,1751,547
2026-09-18,61,12:30,chat,6,3,0,3,1764,0,1840,575
2026-09-18,61,13:00,chat,7,3,0,4,1433,0,1629,509
2026-09-18,61,13:30,chat,9,5,0,4,1463,0,1830,572
2026-09-18,61,14:00,chat,7,4,0,3,1482,0,1747,546
2026-09-18,61,14:30,chat,11,6,0,5,1535,0,1760,550
2026-09-18,61,15:00,chat,9,5,0,4,1897,0,1772,554
2026-09-18,61,15:30,chat,6,3,0,3,1800,0,1729,540
2026-09-18,61,16:00,chat,7,4,0,3,1279,0,1993,623
2026-09-18,61,16:30,chat,6,3,0,3,1524,0,1757,549
2026-09-18,61,17:00,chat,5,3,0,2,1603,0,1649,515
2026-09-18,61,17:30,chat,4,2,0,2,1684,0,1790,560
2026-09-18,61,18:00,chat,2,1,0,1,1674,0,1798,562
2026-09-18,61,18:30,chat,2,1,0,1,1529,0,1798,562
2026-09-18,61,19:00,chat,1,1,0,0,1632,0,1704,532
2026-09-18,61,19:30,chat,2,2,1,0,440,50,1962,613
2026-09-18,61,20:00,chat,1,1,0,0,1919,0,1589,497
2026-09-18,61,20:30,chat,1,1,0,0,1528,0,1802,563
2026-09-18,61,21:00,chat,1,1,0,0,1604,0,1752,548
2026-09-18,61,21:30,chat,1,1,1,0,45,100,1876,586
2026-09-18,61,22:00,chat,1,1,1,0,46,100,1868,584
2026-09-18,61,22:30,chat,1,1,0,0,1498,0,1738,543
2026-09-18,61,23:00,chat,1,1,0,0,1573,0,1709,534
2026-09-18,61,23:30,chat,1,1,0,0,1274,0,1613,504
2026-09-19,62,00:00,voice,0,0,0,0,0,0,0,0
2026-09-19,62,00:30,voice,1,1,1,0,10,100,1869,1869
2026-09-19,62,01:00,voice,0,0,0,0,0,0,0,0
2026-09-19,62,01:30,voice,1,1,1,0,11,100,2018,2018
2026-09-19,62,02:00,voice,0,0,0,0,0,0,0,0
2026-09-19,62,02:30,voice,0,0,0,0,0,0,0,0
2026-09-19,62,03:00,voice,0,0,0,0,0,0,0,0
2026-09-19,62,03:30,voice,0,0,0,0,0,0,0,0
2026-09-19,62,04:00,voice,1,1,1,0,14,100,1775,1775
2026-09-19,62,04:30,voice,0,0,0,0,0,0,0,0
2026-09-19,62,05:00,voice,0,0,0,0,0,0,0,0
2026-09-19,62,05:30,voice,0,0,0,0,0,0,0,0
2026-09-19,62,06:00,voice,1,1,1,0,12,100,1901,1901
2026-09-19,62,06:30,voice,1,1,1,0,12,100,2256,2256
2026-09-19,62,07:00,voice,1,1,1,0,11,100,1757,1757
2026-09-19,62,07:30,voice,1,1,1,0,12,100,2057,2057
2026-09-19,62,08:00,voice,1,1,1,0,13,100,1851,1851
2026-09-19,62,08:30,voice,2,2,2,0,12,100,1865,1865
2026-09-19,62,09:00,voice,3,3,3,0,12,100,1814,1814
2026-09-19,62,09:30,voice,5,4,3,1,174,60,2022,2022
2026-09-19,62,10:00,voice,4,4,4,0,14,100,1918,1918
2026-09-19,62,10:30,voice,4,3,3,1,76,75,1905,1905
2026-09-19,62,11:00,voice,3,3,3,0,10,100,2163,2163
2026-09-19,62,11:30,voice,5,5,5,0,10,100,1889,1889
2026-09-19,62,12:00,voice,3,3,3,0,13,100,1969,1969
2026-09-19,62,12:30,voice,3,3,3,0,10,100,1854,1854
2026-09-19,62,13:00,voice,3,3,3,0,12,100,1781,1781
2026-09-19,62,13:30,voice,3,3,3,0,13,100,1850,1850
2026-09-19,62,14:00,voice,3,3,1,0,441,33.3,1919,1919
2026-09-19,62,14:30,voice,4,4,3,0,64,75,1896,1896
2026-09-19,62,15:00,voice,5,4,3,1,146,60,1730,1730
2026-09-19,62,15:30,voice,3,3,3,0,15,100,1883,1883
2026-09-19,62,16:00,voice,3,3,3,0,10,100,2030,2030
2026-09-19,62,16:30,voice,2,2,2,0,12,100,2170,2170
2026-09-19,62,17:00,voice,2,2,2,0,12,100,1852,1852
2026-09-19,62,17:30,voice,1,1,1,0,13,100,2041,2041
2026-09-19,62,18:00,voice,1,1,1,0,13,100,1875,1875
2026-09-19,62,18:30,voice,1,1,1,0,11,100,1982,1982
2026-09-19,62,19:00,voice,1,1,1,0,12,100,2078,2078
2026-09-19,62,19:30,voice,1,1,1,0,12,100,1991,1991
2026-09-19,62,20:00,voice,0,0,0,0,0,0,0,0
2026-09-19,62,20:30,voice,0,0,0,0,0,0,0,0
2026-09-19,62,21:00,voice,0,0,0,0,0,0,0,0
2026-09-19,62,21:30,voice,0,0,0,0,0,0,0,0
2026-09-19,62,22:00,voice,1,1,1,0,11,100,2067,2067
2026-09-19,62,22:30,voice,1,1,1,0,11,100,2080,2080
2026-09-19,62,23:00,voice,1,1,1,0,13,100,2058,2058
2026-09-19,62,23:30,voice,1,1,1,0,14,100,1927,1927
2026-09-19,62,00:00,chat,0,0,0,0,0,0,0,0
2026-09-19,62,00:30,chat,1,1,1,0,42,100,1538,598
2026-09-19,62,01:00,chat,0,0,0,0,0,0,0,0
2026-09-19,62,01:30,chat,1,1,1,0,57,100,1285,500
2026-09-19,62,02:00,chat,0,0,0,0,0,0,0,0
2026-09-19,62,02:30,chat,0,0,0,0,0,0,0,0
2026-09-19,62,03:00,chat,1,1,1,0,46,100,1444,562
2026-09-19,62,03:30,chat,1,1,1,0,53,100,1513,589
2026-09-19,62,04:00,chat,1,1,1,0,40,100,1444,562
2026-09-19,62,04:30,chat,0,0,0,0,0,0,0,0
2026-09-19,62,05:00,chat,0,0,0,0,0,0,0,0
2026-09-19,62,05:30,chat,1,1,1,0,38,100,1415,551
2026-09-19,62,06:00,chat,1,1,1,0,45,100,1440,560
2026-09-19,62,06:30,chat,1,1,1,0,48,100,1307,509
2026-09-19,62,07:00,chat,1,1,1,0,39,100,1501,584
2026-09-19,62,07:30,chat,1,1,1,0,45,100,1399,545
2026-09-19,62,08:00,chat,1,1,1,0,37,100,1423,554
2026-09-19,62,08:30,chat,2,2,2,0,56,100,1441,561
2026-09-19,62,09:00,chat,4,4,4,0,50,100,1414,550
2026-09-19,62,09:30,chat,4,3,2,1,443,50,1479,575
2026-09-19,62,10:00,chat,5,4,2,1,549,40,1496,582
2026-09-19,62,10:30,chat,5,4,2,1,695,40,1360,529
2026-09-19,62,11:00,chat,5,4,2,1,553,40,1378,536
2026-09-19,62,11:30,chat,5,4,1,1,1017,20,1357,528
2026-09-19,62,12:00,chat,4,4,3,0,136,75,1307,509
2026-09-19,62,12:30,chat,3,3,3,0,39,100,1257,489
2026-09-19,62,13:00,chat,4,3,1,1,811,25,1330,518
2026-09-19,62,13:30,chat,4,4,3,0,133,75,1391,542
2026-09-19,62,14:00,chat,4,3,2,1,412,50,1422,553
2026-09-19,62,14:30,chat,4,3,2,1,413,50,1411,549
2026-09-19,62,15:00,chat,3,3,2,0,205,66.7,1374,535
2026-09-19,62,15:30,chat,4,4,4,0,56,100,1265,492
2026-09-19,62,16:00,chat,4,3,1,1,851,25,1430,557
2026-09-19,62,16:30,chat,3,3,2,0,220,66.7,1349,525
2026-09-19,62,17:00,chat,2,2,2,0,48,100,1405,547
2026-09-19,62,17:30,chat,2,2,2,0,47,100,1401,545
2026-09-19,62,18:00,chat,1,1,1,0,38,100,1229,478
2026-09-19,62,18:30,chat,1,1,1,0,49,100,1366,532
2026-09-19,62,19:00,chat,1,1,1,0,45,100,1385,539
2026-09-19,62,19:30,chat,1,1,1,0,44,100,1314,511
2026-09-19,62,20:00,chat,1,1,1,0,59,100,1262,491
2026-09-19,62,20:30,chat,1,1,1,0,46,100,1533,597
2026-09-19,62,21:00,chat,1,1,1,0,49,100,1502,585
2026-09-19,62,21:30,chat,1,1,1,0,50,100,1366,532
2026-09-19,62,22:00,chat,1,1,1,0,40,100,1430,557
2026-09-19,62,22:30,chat,0,0,0,0,0,0,0,0
2026-09-19,62,23:00,chat,0,0,0,0,0,0,0,0
2026-09-19,62,23:30,chat,0,0,0,0,0,0,0,0
2026-09-20,63,00:00,voice,1,0,0,1,982,0,2347,2347
2026-09-20,63,00:30,voice,1,0,0,1,909,0,2253,2253
2026-09-20,63,01:00,voice,1,0,0,1,899,0,2252,2252
2026-09-20,63,01:30,voice,1,0,0,1,816,0,2229,2229
2026-09-20,63,02:00,voice,1,0,0,1,894,0,2354,2354
2026-09-20,63,02:30,voice,1,0,0,1,877,0,2268,2268
2026-09-20,63,03:00,voice,1,1,0,0,1107,0,2251,2251
2026-09-20,63,03:30,voice,1,1,0,0,1018,0,2230,2230
2026-09-20,63,04:00,voice,1,1,0,0,1007,0,2624,2624
2026-09-20,63,04:30,voice,1,1,0,0,951,0,2288,2288
2026-09-20,63,05:00,voice,1,1,0,0,934,0,2395,2395
2026-09-20,63,05:30,voice,1,1,0,0,1030,0,2235,2235
2026-09-20,63,06:00,voice,1,1,0,0,928,0,2208,2208
2026-09-20,63,06:30,voice,1,1,0,0,883,0,2423,2423
2026-09-20,63,07:00,voice,1,0,0,1,987,0,1997,1997
2026-09-20,63,07:30,voice,2,1,0,1,804,0,2162,2162
2026-09-20,63,08:00,voice,2,1,0,1,935,0,2251,2251
2026-09-20,63,08:30,voice,3,1,0,2,1121,0,2304,2304
2026-09-20,63,09:00,voice,4,2,0,2,1032,0,2083,2083
2026-09-20,63,09:30,voice,6,3,0,3,992,0,2217,2217
2026-09-20,63,10:00,voice,8,4,1,4,712,12.5,2381,2381
2026-09-20,63,10:30,voice,8,4,1,4,656,12.5,2248,2248
2026-09-20,63,11:00,voice,9,5,0,4,1036,0,2183,2183
2026-09-20,63,11:30,voice,6,3,0,3,801,0,2325,2325
2026-09-20,63,12:00,voice,7,4,0,3,763,0,2173,2173
2026-09-20,63,12:30,voice,5,3,0,2,884,0,2329,2329
2026-09-20,63,13:00,voice,7,4,1,3,774,14.3,2122,2122
2026-09-20,63,13:30,voice,7,4,0,3,960,0,2124,2124
2026-09-20,63,14:00,voice,5,3,0,2,913,0,2232,2232
2026-09-20,63,14:30,voice,6,3,0,3,1000,0,2466,2466
2026-09-20,63,15:00,voice,6,3,0,3,849,0,2420,2420
2026-09-20,63,15:30,voice,6,3,1,3,647,16.7,2019,2019
2026-09-20,63,16:00,voice,4,2,0,2,877,0,2503,2503
2026-09-20,63,16:30,voice,4,2,0,2,1051,0,2599,2599
2026-09-20,63,17:00,voice,5,2,0,3,929,0,2293,2293
2026-09-20,63,17:30,voice,2,1,0,1,1038,0,2174,2174
2026-09-20,63,18:00,voice,2,1,0,1,1064,0,2157,2157
2026-09-20,63,18:30,voice,2,1,0,1,891,0,2134,2134
2026-09-20,63,19:00,voice,1,1,0,0,940,0,2252,2252
2026-09-20,63,19:30,voice,1,1,0,0,859,0,2391,2391
2026-09-20,63,20:00,voice,1,1,0,0,829,0,2153,2153
2026-09-20,63,20:30,voice,1,1,0,0,834,0,2304,2304
2026-09-20,63,21:00,voice,1,1,0,0,1039,0,2331,2331
2026-09-20,63,21:30,voice,1,1,0,0,937,0,2009,2009
2026-09-20,63,22:00,voice,1,1,0,0,897,0,2078,2078
2026-09-20,63,22:30,voice,1,1,0,0,875,0,2314,2314
2026-09-20,63,23:00,voice,1,1,0,0,876,0,2378,2378
2026-09-20,63,23:30,voice,1,1,1,0,12,100,2316,2316
2026-09-20,63,00:00,chat,1,0,0,1,1245,0,2023,632
2026-09-20,63,00:30,chat,1,0,0,1,1917,0,1960,613
2026-09-20,63,01:00,chat,1,0,0,1,1864,0,2068,646
2026-09-20,63,01:30,chat,1,0,0,1,1451,0,1990,622
2026-09-20,63,02:00,chat,1,0,0,1,1795,0,2007,627
2026-09-20,63,02:30,chat,1,0,0,1,1540,0,2063,645
2026-09-20,63,03:00,chat,1,0,0,1,1612,0,1978,618
2026-09-20,63,03:30,chat,1,0,0,1,1484,0,2065,645
2026-09-20,63,04:00,chat,1,0,0,1,1716,0,2099,656
2026-09-20,63,04:30,chat,1,0,0,1,1375,0,2005,626
2026-09-20,63,05:00,chat,1,0,0,1,1528,0,1931,603
2026-09-20,63,05:30,chat,1,0,0,1,1896,0,2060,644
2026-09-20,63,06:00,chat,1,0,0,1,1741,0,1889,590
2026-09-20,63,06:30,chat,1,0,0,1,1571,0,1986,621
2026-09-20,63,07:00,chat,1,0,0,1,1492,0,2158,675
2026-09-20,63,07:30,chat,2,1,0,1,1590,0,2123,664
2026-09-20,63,08:00,chat,3,1,0,2,1590,0,2063,645
2026-09-20,63,08:30,chat,4,2,0,2,1420,0,2052,641
2026-09-20,63,09:00,chat,4,2,0,2,1609,0,1747,546
2026-09-20,63,09:30,chat,8,4,1,4,1145,12.5,1868,584
2026-09-20,63,10:00,chat,8,4,0,4,1437,0,2042,638
2026-09-20,63,10:30,chat,10,5,1,5,1254,10,2060,644
2026-09-20,63,11:00,chat,11,5,0,6,1561,0,2069,646
2026-09-20,63,11:30,chat,6,3,0,3,1641,0,1965,614
2026-09-20,63,12:00,chat,6,3,0,3,1546,0,1963,613
2026-09-20,63,12:30,chat,6,3,1,3,1102,16.7,2026,633
2026-09-20,63,13:00,chat,6,3,1,3,946,16.7,2160,675
2026-09-20,63,13:30,chat,5,2,0,3,1252,0,2026,633
2026-09-20,63,14:00,chat,7,3,0,4,1656,0,1783,557
2026-09-20,63,14:30,chat,6,3,0,3,1692,0,2017,630
2026-09-20,63,15:00,chat,7,3,0,4,1472,0,1966,614
2026-09-20,63,15:30,chat,10,5,0,5,1607,0,1823,570
2026-09-20,63,16:00,chat,6,3,0,3,1173,0,2116,661
2026-09-20,63,16:30,chat,5,2,0,3,1535,0,2073,648
2026-09-20,63,17:00,chat,4,2,0,2,1589,0,1992,622
2026-09-20,63,17:30,chat,4,2,0,2,1574,0,1941,607
2026-09-20,63,18:00,chat,2,1,0,1,1508,0,1903,595
2026-09-20,63,18:30,chat,2,1,0,1,1637,0,2160,675
2026-09-20,63,19:00,chat,1,0,0,1,1344,0,2044,639
2026-09-20,63,19:30,chat,1,0,0,1,1647,0,2159,675
2026-09-20,63,20:00,chat,1,1,1,0,42,100,1987,621
2026-09-20,63,20:30,chat,1,1,0,0,1749,0,1923,601
2026-09-20,63,21:00,chat,1,1,0,0,1329,0,1852,579
2026-09-20,63,21:30,chat,1,1,1,0,41,100,1999,625
2026-09-20,63,22:00,chat,1,1,0,0,1482,0,1967,615
2026-09-20,63,22:30,chat,1,1,0,0,1815,0,2253,704
2026-09-20,63,23:00,chat,1,1,0,0,1805,0,2008,627
2026-09-20,63,23:30,chat,1,1,0,0,1589,0,1852,579
2026-09-21,64,00:00,voice,1,1,0,0,871,0,2069,2069
2026-09-21,64,00:30,voice,1,1,0,0,916,0,2181,2181
2026-09-21,64,01:00,voice,1,1,0,0,898,0,2174,2174
2026-09-21,64,01:30,voice,1,1,1,0,11,100,1960,1960
2026-09-21,64,02:00,voice,1,1,1,0,12,100,2141,2141
2026-09-21,64,02:30,voice,1,1,1,0,11,100,2010,2010
2026-09-21,64,03:00,voice,1,1,0,0,763,0,2199,2199
2026-09-21,64,03:30,voice,1,1,1,0,13,100,2159,2159
2026-09-21,64,04:00,voice,1,1,1,0,13,100,1960,1960
2026-09-21,64,04:30,voice,1,1,1,0,12,100,2053,2053
2026-09-21,64,05:00,voice,1,1,1,0,12,100,2013,2013
2026-09-21,64,05:30,voice,1,1,1,0,12,100,2290,2290
2026-09-21,64,06:00,voice,1,1,1,0,11,100,1918,1918
2026-09-21,64,06:30,voice,1,1,1,0,14,100,1845,1845
2026-09-21,64,07:00,voice,1,1,0,0,907,0,1901,1901
2026-09-21,64,07:30,voice,2,1,0,1,898,0,1904,1904
2026-09-21,64,08:00,voice,2,1,0,1,957,0,1994,1994
2026-09-21,64,08:30,voice,5,3,0,2,826,0,2018,2018
2026-09-21,64,09:00,voice,6,3,0,3,944,0,1958,1958
2026-09-21,64,09:30,voice,8,4,0,4,1099,0,1903,1903
2026-09-21,64,10:00,voice,7,4,0,3,907,0,2078,2078
2026-09-21,64,10:30,voice,11,6,0,5,1042,0,2202,2202
2026-09-21,64,11:00,voice,9,5,1,4,793,11.1,1912,1912
2026-09-21,64,11:30,voice,7,4,0,3,937,0,2070,2070
2026-09-21,64,12:00,voice,7,4,0,3,776,0,1943,1943
2026-09-21,64,12:30,voice,7,4,1,3,645,14.3,2395,2395
2026-09-21,64,13:00,voice,6,3,0,3,913,0,2396,2396
2026-09-21,64,13:30,voice,6,3,0,3,801,0,2054,2054
2026-09-21,64,14:00,voice,9,5,0,4,991,0,2104,2104
2026-09-21,64,14:30,voice,6,3,0,3,1159,0,2044,2044
2026-09-21,64,15:00,voice,7,4,0,3,942,0,2033,2033
2026-09-21,64,15:30,voice,6,3,0,3,875,0,2083,2083
2026-09-21,64,16:00,voice,5,3,0,2,971,0,2203,2203
2026-09-21,64,16:30,voice,6,3,0,3,866,0,2094,2094
2026-09-21,64,17:00,voice,3,2,0,1,828,0,1911,1911
2026-09-21,64,17:30,voice,4,2,0,2,885,0,1921,1921
2026-09-21,64,18:00,voice,2,1,0,1,828,0,2197,2197
2026-09-21,64,18:30,voice,2,1,0,1,792,0,2109,2109
2026-09-21,64,19:00,voice,1,1,1,0,14,100,1957,1957
2026-09-21,64,19:30,voice,1,1,1,0,11,100,1924,1924
2026-09-21,64,20:00,voice,1,1,0,0,869,0,1862,1862
2026-09-21,64,20:30,voice,1,1,0,0,825,0,1936,1936
2026-09-21,64,21:00,voice,1,1,1,0,13,100,1980,1980
2026-09-21,64,21:30,voice,1,1,1,0,14,100,1886,1886
2026-09-21,64,22:00,voice,1,1,1,0,10,100,2101,2101
2026-09-21,64,22:30,voice,1,1,1,0,11,100,2049,2049
2026-09-21,64,23:00,voice,1,1,1,0,14,100,1975,1975
2026-09-21,64,23:30,voice,1,1,1,0,14,100,1956,1956
2026-09-21,64,00:00,chat,1,1,1,0,49,100,1721,538
2026-09-21,64,00:30,chat,1,1,0,0,1574,0,1686,527
2026-09-21,64,01:00,chat,1,1,0,0,1328,0,1612,504
2026-09-21,64,01:30,chat,1,1,0,0,1530,0,1756,549
2026-09-21,64,02:00,chat,1,1,0,0,1663,0,1798,562
2026-09-21,64,02:30,chat,1,1,0,0,1810,0,1776,555
2026-09-21,64,03:00,chat,1,1,1,0,42,100,1639,512
2026-09-21,64,03:30,chat,1,1,0,0,1435,0,1828,571
2026-09-21,64,04:00,chat,1,1,0,0,1334,0,1677,524
2026-09-21,64,04:30,chat,1,1,0,0,1382,0,1838,574
2026-09-21,64,05:00,chat,1,1,0,0,1603,0,1715,536
2026-09-21,64,05:30,chat,1,1,0,0,1647,0,1500,469
2026-09-21,64,06:00,chat,1,1,0,0,1392,0,1735,542
2026-09-21,64,06:30,chat,2,2,1,0,420,50,1477,461
2026-09-21,64,07:00,chat,2,2,1,0,377,50,1593,498
2026-09-21,64,07:30,chat,3,2,0,1,1540,0,1649,515
2026-09-21,64,08:00,chat,3,1,0,2,1517,0,1854,579
2026-09-21,64,08:30,chat,5,3,0,2,1445,0,1723,539
2026-09-21,64,09:00,chat,5,3,0,2,1738,0,2019,631
2026-09-21,64,09:30,chat,10,5,0,5,1618,0,1635,511
2026-09-21,64,10:00,chat,9,5,0,4,1610,0,1745,545
2026-09-21,64,10:30,chat,11,6,0,5,1427,0,1706,533
2026-09-21,64,11:00,chat,10,5,0,5,1350,0,1783,557
2026-09-21,64,11:30,chat,8,4,0,4,1186,0,1829,571
2026-09-21,64,12:00,chat,7,4,0,3,1816,0,1772,554
2026-09-21,64,12:30,chat,7,4,0,3,1574,0,1706,533
2026-09-21,64,13:00,chat,7,4,0,3,1686,0,1850,578
2026-09-21,64,13:30,chat,8,4,0,4,1383,0,1859,581
2026-09-21,64,14:00,chat,7,4,0,3,1491,0,1603,501
2026-09-21,64,14:30,chat,10,5,0,5,1690,0,1648,515
2026-09-21,64,15:00,chat,9,4,0,5,1586,0,1658,518
2026-09-21,64,15:30,chat,8,4,1,4,1298,12.5,1672,522
2026-09-21,64,16:00,chat,10,5,0,5,1419,0,1712,535
2026-09-21,64,16:30,chat,5,3,0,2,1590,0,1732,541
2026-09-21,64,17:00,chat,5,2,0,3,1454,0,1649,515
2026-09-21,64,17:30,chat,4,2,0,2,1305,0,1797,561
2026-09-21,64,18:00,chat,2,1,0,1,1523,0,1807,565
2026-09-21,64,18:30,chat,2,2,1,0,341,50,1709,534
2026-09-21,64,19:00,chat,2,2,1,0,371,50,1701,532
2026-09-21,64,19:30,chat,1,1,0,0,1585,0,1929,603
2026-09-21,64,20:00,chat,1,1,0,0,1566,0,1745,545
2026-09-21,64,20:30,chat,1,1,0,0,1597,0,1720,537
2026-09-21,64,21:00,chat,1,1,0,0,1447,0,1541,482
2026-09-21,64,21:30,chat,1,1,1,0,45,100,1859,581
2026-09-21,64,22:00,chat,1,1,1,0,46,100,1783,557
2026-09-21,64,22:30,chat,1,1,0,0,1448,0,1801,563
2026-09-21,64,23:00,chat,1,1,0,0,1328,0,1483,463
2026-09-21,64,23:30,chat,1,1,0,0,1399,0,1924,601
2026-09-22,65,00:00,voice,1,1,1,0,11,100,1898,1898
2026-09-22,65,00:30,voice,1,1,0,0,965,0,1901,1901
2026-09-22,65,01:00,voice,1,1,1,0,11,100,1987,1987
2026-09-22,65,01:30,voice,1,1,0,0,825,0,2004,2004
2026-09-22,65,02:00,voice,1,1,0,0,761,0,1974,1974
2026-09-22,65,02:30,voice,1,1,0,0,957,0,2220,2220
2026-09-22,65,03:00,voice,1,1,0,0,950,0,1955,1955
2026-09-22,65,03:30,voice,1,1,1,0,12,100,1833,1833
2026-09-22,65,04:00,voice,1,1,1,0,10,100,1945,1945
2026-09-22,65,04:30,voice,1,1,0,0,954,0,1857,1857
2026-09-22,65,05:00,voice,1,1,0,0,925,0,1827,1827
2026-09-22,65,05:30,voice,1,1,1,0,11,100,1815,1815
2026-09-22,65,06:00,voice,1,1,1,0,13,100,2018,2018
2026-09-22,65,06:30,voice,1,1,0,0,955,0,1985,1985
2026-09-22,65,07:00,voice,2,2,1,0,205,50,1834,1834
2026-09-22,65,07:30,voice,2,1,0,1,1054,0,2018,2018
2026-09-22,65,08:00,voice,3,2,0,1,909,0,1906,1906
2026-09-22,65,08:30,voice,3,1,0,2,937,0,1963,1963
2026-09-22,65,09:00,voice,7,4,0,3,838,0,1995,1995
2026-09-22,65,09:30,voice,7,3,0,4,860,0,1879,1879
2026-09-22,65,10:00,voice,6,3,0,3,1004,0,2093,2093
2026-09-22,65,10:30,voice,9,5,1,4,686,11.1,2044,2044
2026-09-22,65,11:00,voice,9,5,1,4,804,11.1,1805,1805
2026-09-22,65,11:30,voice,6,3,0,3,840,0,1951,1951
2026-09-22,65,12:00,voice,7,4,0,3,932,0,2044,2044
2026-09-22,65,12:30,voice,8,4,1,4,591,12.5,1955,1955
2026-09-22,65,13:00,voice,7,4,0,3,1006,0,1943,1943
2026-09-22,65,13:30,voice,9,4,0,5,816,0,1783,1783
2026-09-22,65,14:00,voice,7,4,0,3,838,0,1891,1891
2026-09-22,65,14:30,voice,7,4,0,3,829,0,1782,1782
2026-09-22,65,15:00,voice,7,4,0,3,974,0,1903,1903
2026-09-22,65,15:30,voice,5,3,0,2,948,0,1985,1985
2026-09-22,65,16:00,voice,5,3,0,2,845,0,1788,1788
2026-09-22,65,16:30,voice,6,3,0,3,1028,0,2006,2006
2026-09-22,65,17:00,voice,3,1,0,2,854,0,1801,1801
2026-09-22,65,17:30,voice,3,1,0,2,928,0,1930,1930
2026-09-22,65,18:00,voice,2,1,0,1,939,0,1898,1898
2026-09-22,65,18:30,voice,2,1,0,1,981,0,1881,1881
2026-09-22,65,19:00,voice,1,1,1,0,12,100,2000,2000
2026-09-22,65,19:30,voice,1,1,0,0,774,0,1968,1968
2026-09-22,65,20:00,voice,1,1,1,0,11,100,1983,1983
2026-09-22,65,20:30,voice,1,1,0,0,1048,0,2052,2052
2026-09-22,65,21:00,voice,1,1,1,0,12,100,1969,1969
2026-09-22,65,21:30,voice,1,1,1,0,13,100,1910,1910
2026-09-22,65,22:00,voice,1,1,1,0,11,100,2028,2028
2026-09-22,65,22:30,voice,1,1,1,0,13,100,1708,1708
2026-09-22,65,23:00,voice,1,1,1,0,13,100,1983,1983
2026-09-22,65,23:30,voice,1,1,1,0,13,100,1953,1953
2026-09-22,65,00:00,chat,1,1,0,0,1458,0,1942,607
2026-09-22,65,00:30,chat,1,1,0,0,1846,0,1789,559
2026-09-22,65,01:00,chat,1,1,1,0,41,100,1951,610
2026-09-22,65,01:30,chat,1,1,1,0,43,100,1955,611
2026-09-22,65,02:00,chat,1,1,1,0,45,100,1591,497
2026-09-22,65,02:30,chat,1,1,0,0,1551,0,1937,605
2026-09-22,65,03:00,chat,1,1,1,0,50,100,1782,557
2026-09-22,65,03:30,chat,1,1,1,0,42,100,1845,576
2026-09-22,65,04:00,chat,1,1,0,0,1556,0,1890,591
2026-09-22,65,04:30,chat,1,1,1,0,51,100,2054,642
2026-09-22,65,05:00,chat,1,1,1,0,41,100,1879,587
2026-09-22,65,05:30,chat,1,1,0,0,1892,0,1887,590
2026-09-22,65,06:00,chat,1,1,0,0,1448,0,1708,534
2026-09-22,65,06:30,chat,2,2,1,0,470,50,1642,513
2026-09-22,65,07:00,chat,2,2,0,0,1429,0,1823,570
2026-09-22,65,07:30,chat,2,1,0,1,1482,0,1860,581
2026-09-22,65,08:00,chat,3,2,0,1,1420,0,1757,549
2026-09-22,65,08:30,chat,4,2,0,2,1743,0,1800,562
2026-09-22,65,09:00,chat,6,3,0,3,1373,0,1551,485
2026-09-22,65,09:30,chat,10,6,0,4,1589,0,1848,578
2026-09-22,65,10:00,chat,12,7,1,5,1353,8.3,1798,562
2026-09-22,65,10:30,chat,8,4,0,4,1634,0,1630,509
2026-09-22,65,11:00,chat,8,4,0,4,1726,0,1896,592
2026-09-22,65,11:30,chat,8,4,0,4,1293,0,1935,605
2026-09-22,65,12:00,chat,11,6,0,5,1613,0,1981,619
2026-09-22,65,12:30,chat,9,5,0,4,1272,0,1699,531
2026-09-22,65,13:00,chat,7,4,0,3,1429,0,1845,577
2026-09-22,65,13:30,chat,7,4,0,3,1501,0,1703,532
2026-09-22,65,14:00,chat,5,3,0,2,1328,0,1723,538
2026-09-22,65,14:30,chat,7,4,0,3,1355,0,1867,584
2026-09-22,65,15:00,chat,9,5,1,4,1223,11.1,1834,573
2026-09-22,65,15:30,chat,7,4,0,3,1674,0,1787,559
2026-09-22,65,16:00,chat,7,4,1,3,1124,14.3,1790,559
2026-09-22,65,16:30,chat,9,5,0,4,1562,0,1875,586
2026-09-22,65,17:00,chat,5,3,0,2,1430,0,1883,588
2026-09-22,65,17:30,chat,4,2,0,2,1580,0,2033,635
2026-09-22,65,18:00,chat,3,2,0,1,1275,0,1856,580
2026-09-22,65,18:30,chat,2,1,0,1,1364,0,1894,592
2026-09-22,65,19:00,chat,2,2,1,0,471,50,1747,546
2026-09-22,65,19:30,chat,1,1,0,0,1456,0,1891,591
2026-09-22,65,20:00,chat,1,1,0,0,1566,0,1962,613
2026-09-22,65,20:30,chat,1,1,0,0,1378,0,1877,587
2026-09-22,65,21:00,chat,1,1,1,0,44,100,1900,594
2026-09-22,65,21:30,chat,1,1,1,0,44,100,1827,571
2026-09-22,65,22:00,chat,1,1,1,0,50,100,1666,520
2026-09-22,65,22:30,chat,1,1,1,0,46,100,1663,520
2026-09-22,65,23:00,chat,1,1,0,0,1338,0,1609,503
2026-09-22,65,23:30,chat,1,1,1,0,48,100,1792,560
2026-09-23,66,00:00,voice,1,1,0,0,860,0,1745,1745
2026-09-23,66,00:30,voice,1,1,0,0,1132,0,1713,1713
2026-09-23,66,01:00,voice,1,1,0,0,705,0,1816,1816
2026-09-23,66,01:30,voice,1,1,1,0,13,100,1803,1803
2026-09-23,66,02:00,voice,1,1,0,0,1067,0,1778,1778
2026-09-23,66,02:30,voice,1,1,0,0,924,0,1774,1774
2026-09-23,66,03:00,voice,1,1,1,0,11,100,1857,1857
2026-09-23,66,03:30,voice,1,1,1,0,11,100,1937,1937
2026-09-23,66,04:00,voice,1,1,1,0,11,100,1836,1836
2026-09-23,66,04:30,voice,1,1,0,0,903,0,1889,1889
2026-09-23,66,05:00,voice,1,1,1,0,10,100,1685,1685
2026-09-23,66,05:30,voice,1,1,0,0,889,0,1790,1790
2026-09-23,66,06:00,voice,1,1,1,0,11,100,1843,1843
2026-09-23,66,06:30,voice,1,1,0,0,894,0,1846,1846
2026-09-23,66,07:00,voice,1,1,0,0,1018,0,1663,1663
2026-09-23,66,07:30,voice,3,2,1,1,484,33.3,1701,1701
2026-09-23,66,08:00,voice,3,1,0,2,827,0,1762,1762
2026-09-23,66,08:30,voice,4,2,0,2,878,0,1932,1932
2026-09-23,66,09:00,voice,6,3,0,3,924,0,1706,1706
2026-09-23,66,09:30,voice,7,4,0,3,820,0,1975,1975
2026-09-23,66,10:00,voice,11,6,1,5,728,9.1,1771,1771
2026-09-23,66,10:30,voice,8,4,0,4,940,0,1943,1943
2026-09-23,66,11:00,voice,7,4,0,3,1093,0,1850,1850
2026-09-23,66,11:30,voice,8,4,1,4,685,12.5,1740,1740
2026-09-23,66,12:00,voice,8,4,0,4,1060,0,1893,1893
2026-09-23,66,12:30,voice,5,3,0,2,892,0,2051,2051
2026-09-23,66,13:00,voice,7,4,0,3,929,0,1735,1735
2026-09-23,66,13:30,voice,6,3,0,3,972,0,1904,1904
2026-09-23,66,14:00,voice,7,4,0,3,939,0,1736,1736
2026-09-23,66,14:30,voice,9,4,0,5,905,0,1767,1767
2026-09-23,66,15:00,voice,6,3,0,3,1019,0,1837,1837
2026-09-23,66,15:30,voice,8,4,0,4,848,0,1690,1690
2026-09-23,66,16:00,voice,7,3,0,4,1090,0,1835,1835
2026-09-23,66,16:30,voice,6,3,0,3,992,0,1797,1797
2026-09-23,66,17:00,voice,4,2,0,2,909,0,1799,1799
2026-09-23,66,17:30,voice,4,2,0,2,876,0,1829,1829
2026-09-23,66,18:00,voice,2,1,0,1,963,0,1835,1835
2026-09-23,66,18:30,voice,2,2,1,0,242,50,1681,1681
2026-09-23,66,19:00,voice,2,2,1,0,250,50,1926,1926
2026-09-23,66,19:30,voice,1,1,0,0,847,0,1960,1960
2026-09-23,66,20:00,voice,1,1,0,0,732,0,1812,1812
2026-09-23,66,20:30,voice,1,1,0,0,871,0,1766,1766
2026-09-23,66,21:00,voice,1,1,1,0,15,100,1584,1584
2026-09-23,66,21:30,voice,1,1,1,0,11,100,1746,1746
2026-09-23,66,22:00,voice,1,1,1,0,13,100,2008,2008
2026-09-23,66,22:30,voice,1,1,1,0,15,100,1792,1792
2026-09-23,66,23:00,voice,1,1,1,0,12,100,1929,1929
2026-09-23,66,23:30,voice,1,1,1,0,12,100,1891,1891
2026-09-23,66,00:00,chat,1,1,1,0,41,100,2001,625
2026-09-23,66,00:30,chat,1,1,1,0,40,100,1874,586
2026-09-23,66,01:00,chat,1,1,0,0,1531,0,1719,537
2026-09-23,66,01:30,chat,1,1,1,0,43,100,1813,567
2026-09-23,66,02:00,chat,1,1,0,0,1393,0,1884,589
2026-09-23,66,02:30,chat,1,1,0,0,1665,0,1669,522
2026-09-23,66,03:00,chat,1,1,0,0,1773,0,1842,576
2026-09-23,66,03:30,chat,1,1,0,0,1427,0,1798,562
2026-09-23,66,04:00,chat,1,1,0,0,1580,0,1772,554
2026-09-23,66,04:30,chat,1,1,1,0,49,100,1504,470
2026-09-23,66,05:00,chat,1,1,1,0,43,100,1973,616
2026-09-23,66,05:30,chat,1,1,0,0,1854,0,1728,540
2026-09-23,66,06:00,chat,1,1,1,0,44,100,1673,523
2026-09-23,66,06:30,chat,1,1,0,0,1504,0,1861,581
2026-09-23,66,07:00,chat,2,2,1,0,449,50,1772,554
2026-09-23,66,07:30,chat,2,1,0,1,1538,0,1729,540
2026-09-23,66,08:00,chat,3,2,0,1,1726,0,1765,552
2026-09-23,66,08:30,chat,7,4,1,3,938,14.3,1762,551
2026-09-23,66,09:00,chat,7,4,0,3,1977,0,1748,546
2026-09-23,66,09:30,chat,8,5,1,3,1144,12.5,1711,535
2026-09-23,66,10:00,chat,8,5,1,3,1216,12.5,1785,558
2026-09-23,66,10:30,chat,11,6,1,5,1303,9.1,1814,567
2026-09-23,66,11:00,chat,8,4,0,4,1524,0,1652,516
2026-09-23,66,11:30,chat,9,5,0,4,1516,0,1940,606
2026-09-23,66,12:00,chat,11,6,1,5,1222,9.1,1913,598
2026-09-23,66,12:30,chat,8,4,0,4,1490,0,1827,571
2026-09-23,66,13:00,chat,8,4,0,4,1607,0,1864,582
2026-09-23,66,13:30,chat,8,4,0,4,1897,0,1564,489
2026-09-23,66,14:00,chat,9,5,0,4,1586,0,1720,537
2026-09-23,66,14:30,chat,10,5,0,5,1409,0,1853,579
2026-09-23,66,15:00,chat,6,3,0,3,1820,0,1937,605
2026-09-23,66,15:30,chat,9,5,1,4,1419,11.1,1683,526
2026-09-23,66,16:00,chat,10,6,0,4,1509,0,1777,555
2026-09-23,66,16:30,chat,7,4,0,3,1550,0,1777,555
2026-09-23,66,17:00,chat,5,3,0,2,1522,0,1769,553
2026-09-23,66,17:30,chat,3,2,0,1,1666,0,1668,521
2026-09-23,66,18:00,chat,2,1,0,1,1611,0,2027,634
2026-09-23,66,18:30,chat,3,2,0,1,1591,0,1559,487
2026-09-23,66,19:00,chat,2,1,0,1,1319,0,1830,572
2026-09-23,66,19:30,chat,2,2,1,0,395,50,1748,546
2026-09-23,66,20:00,chat,1,1,0,0,1320,0,1825,570
2026-09-23,66,20:30,chat,1,1,0,0,1733,0,1856,580
2026-09-23,66,21:00,chat,1,1,0,0,1482,0,1964,614
2026-09-23,66,21:30,chat,1,1,0,0,1420,0,1814,567
2026-09-23,66,22:00,chat,1,1,0,0,1672,0,1894,592
2026-09-23,66,22:30,chat,1,1,0,0,1418,0,1862,582
2026-09-23,66,23:00,chat,1,1,0,0,1616,0,1905,595
2026-09-23,66,23:30,chat,1,1,0,0,1738,0,1772,554
2026-09-24,67,00:00,voice,1,1,1,0,12,100,1801,1801
2026-09-24,67,00:30,voice,1,1,0,0,661,0,1857,1857
2026-09-24,67,01:00,voice,1,1,1,0,9,100,1828,1828
2026-09-24,67,01:30,voice,1,1,1,0,11,100,1985,1985
2026-09-24,67,02:00,voice,1,1,1,0,12,100,1623,1623
2026-09-24,67,02:30,voice,1,1,1,0,11,100,1895,1895
2026-09-24,67,03:00,voice,1,1,1,0,13,100,1854,1854
2026-09-24,67,03:30,voice,1,1,0,0,959,0,1904,1904
2026-09-24,67,04:00,voice,1,1,0,0,754,0,1824,1824
2026-09-24,67,04:30,voice,1,1,1,0,11,100,1778,1778
2026-09-24,67,05:00,voice,1,1,0,0,1006,0,1721,1721
2026-09-24,67,05:30,voice,1,1,1,0,12,100,1880,1880
2026-09-24,67,06:00,voice,1,1,1,0,12,100,1726,1726
2026-09-24,67,06:30,voice,1,1,0,0,913,0,1867,1867
2026-09-24,67,07:00,voice,1,1,0,0,1068,0,1747,1747
2026-09-24,67,07:30,voice,2,1,0,1,933,0,1724,1724
2026-09-24,67,08:00,voice,3,1,0,2,926,0,1751,1751
2026-09-24,67,08:30,voice,3,1,0,2,836,0,1752,1752
2026-09-24,67,09:00,voice,6,3,0,3,1054,0,1851,1851
2026-09-24,67,09:30,voice,8,4,0,4,861,0,1844,1844
2026-09-24,67,10:00,voice,6,3,0,3,887,0,1790,1790
2026-09-24,67,10:30,voice,8,4,0,4,921,0,1805,1805
2026-09-24,67,11:00,voice,7,3,0,4,870,0,1924,1924
2026-09-24,67,11:30,voice,7,4,0,3,905,0,1893,1893
2026-09-24,67,12:00,voice,8,4,1,4,658,12.5,1795,1795
2026-09-24,67,12:30,voice,7,4,0,3,731,0,1878,1878
2026-09-24,67,13:00,voice,6,3,0,3,952,0,2102,2102
2026-09-24,67,13:30,voice,7,4,1,3,710,14.3,1786,1786
2026-09-24,67,14:00,voice,7,4,0,3,1024,0,1691,1691
2026-09-24,67,14:30,voice,6,3,0,3,1015,0,1664,1664
2026-09-24,67,15:00,voice,7,4,0,3,799,0,1867,1867
2026-09-24,67,15:30,voice,7,3,0,4,985,0,1725,1725
2026-09-24,67,16:00,voice,7,4,0,3,1068,0,1886,1886
2026-09-24,67,16:30,voice,5,3,0,2,986,0,2012,2012
2026-09-24,67,17:00,voice,3,1,0,2,806,0,1835,1835
2026-09-24,67,17:30,voice,3,2,0,1,894,0,2031,2031
2026-09-24,67,18:00,voice,2,1,0,1,914,0,1946,1946
2026-09-24,67,18:30,voice,2,2,1,0,248,50,2003,2003
2026-09-24,67,19:00,voice,1,1,0,0,1069,0,1887,1887
2026-09-24,67,19:30,voice,1,1,0,0,947,0,1935,1935
2026-09-24,67,20:00,voice,1,1,0,0,976,0,1865,1865
2026-09-24,67,20:30,voice,1,1,1,0,13,100,1905,1905
2026-09-24,67,21:00,voice,1,1,0,0,865,0,1931,1931
2026-09-24,67,21:30,voice,1,1,1,0,11,100,1684,1684
2026-09-24,67,22:00,voice,1,1,0,0,846,0,1934,1934
2026-09-24,67,22:30,voice,1,1,1,0,12,100,1803,1803
2026-09-24,67,23:00,voice,1,1,1,0,12,100,1938,1938
2026-09-24,67,23:30,voice,1,1,1,0,11,100,1852,1852
2026-09-24,67,00:00,chat,1,1,0,0,1693,0,1749,547
2026-09-24,67,00:30,chat,1,1,0,0,1480,0,1908,596
2026-09-24,67,01:00,chat,1,1,0,0,1453,0,1759,550
2026-09-24,67,01:30,chat,1,1,0,0,1539,0,1692,529
2026-09-24,67,02:00,chat,1,1,1,0,47,100,1878,587
2026-09-24,67,02:30,chat,1,1,0,0,1270,0,1881,588
2026-09-24,67,03:00,chat,1,1,1,0,46,100,1778,556
2026-09-24,67,03:30,chat,1,1,1,0,49,100,1437,449
2026-09-24,67,04:00,chat,1,1,0,0,1578,0,1858,581
2026-09-24,67,04:30,chat,1,1,1,0,45,100,1559,487
2026-09-24,67,05:00,chat,1,1,0,0,1463,0,1728,540
2026-09-24,67,05:30,chat,1,1,0,0,1394,0,1802,563
2026-09-24,67,06:00,chat,1,1,0,0,1517,0,1784,558
2026-09-24,67,06:30,chat,1,1,0,0,1515,0,1750,547
2026-09-24,67,07:00,chat,1,1,0,0,1603,0,1829,572
2026-09-24,67,07:30,chat,2,1,0,1,1239,0,1872,585
2026-09-24,67,08:00,chat,3,2,0,1,1231,0,1772,554
2026-09-24,67,08:30,chat,5,3,0,2,1578,0,1732,541
2026-09-24,67,09:00,chat,7,4,0,3,1484,0,1672,522
2026-09-24,67,09:30,chat,9,5,1,4,1297,11.1,1785,558
2026-09-24,67,10:00,chat,8,4,0,4,1701,0,1734,542
2026-09-24,67,10:30,chat,11,6,0,5,1552,0,1565,489
2026-09-24,67,11:00,chat,9,5,0,4,1630,0,1803,563
2026-09-24,67,11:30,chat,10,5,0,5,1631,0,1802,563
2026-09-24,67,12:00,chat,7,4,0,3,1728,0,1845,577
2026-09-24,67,12:30,chat,8,4,0,4,1420,0,1844,576
2026-09-24,67,13:00,chat,6,3,0,3,1864,0,1643,513
2026-09-24,67,13:30,chat,7,4,0,3,1561,0,1510,472
2026-09-24,67,14:00,chat,9,5,0,4,1278,0,1716,536
2026-09-24,67,14:30,chat,6,3,0,3,1523,0,1700,531
2026-09-24,67,15:00,chat,8,4,0,4,1360,0,1715,536
2026-09-24,67,15:30,chat,9,5,1,4,1221,11.1,1713,535
2026-09-24,67,16:00,chat,7,4,0,3,1316,0,1792,560
2026-09-24,67,16:30,chat,5,3,0,2,1371,0,1725,539
2026-09-24,67,17:00,chat,4,2,0,2,1365,0,1830,572
2026-09-24,67,17:30,chat,5,3,0,2,1697,0,1685,526
2026-09-24,67,18:00,chat,3,2,0,1,1503,0,1986,621
2026-09-24,67,18:30,chat,2,1,1,1,396,50,1832,572
2026-09-24,67,19:00,chat,2,1,0,1,1411,0,2015,630
2026-09-24,67,19:30,chat,1,1,0,0,1337,0,1735,542
2026-09-24,67,20:00,chat,1,1,1,0,45,100,1550,484
2026-09-24,67,20:30,chat,1,1,0,0,1361,0,1610,503
2026-09-24,67,21:00,chat,1,1,0,0,1516,0,1760,550
2026-09-24,67,21:30,chat,1,1,1,0,63,100,1760,550
2026-09-24,67,22:00,chat,1,1,1,0,43,100,1807,565
2026-09-24,67,22:30,chat,1,1,1,0,51,100,1880,587
2026-09-24,67,23:00,chat,1,1,0,0,1421,0,1761,550
2026-09-24,67,23:30,chat,1,1,1,0,49,100,1777,555
2026-09-25,68,00:00,voice,1,1,1,0,12,100,1889,1889
2026-09-25,68,00:30,voice,1,1,1,0,11,100,1912,1912
2026-09-25,68,01:00,voice,1,1,1,0,12,100,1990,1990
2026-09-25,68,01:30,voice,1,1,1,0,12,100,1914,1914
2026-09-25,68,02:00,voice,1,1,0,0,1026,0,1851,1851
2026-09-25,68,02:30,voice,1,1,1,0,11,100,1889,1889
2026-09-25,68,03:00,voice,1,1,1,0,13,100,2141,2141
2026-09-25,68,03:30,voice,1,1,1,0,15,100,1938,1938
2026-09-25,68,04:00,voice,1,1,1,0,10,100,2081,2081
2026-09-25,68,04:30,voice,1,1,0,0,948,0,2031,2031
2026-09-25,68,05:00,voice,1,1,0,0,821,0,2089,2089
2026-09-25,68,05:30,voice,1,1,0,0,806,0,1986,1986
2026-09-25,68,06:00,voice,1,1,0,0,898,0,1852,1852
2026-09-25,68,06:30,voice,1,1,0,0,887,0,1967,1967
2026-09-25,68,07:00,voice,2,2,1,0,225,50,1930,1930
2026-09-25,68,07:30,voice,2,1,0,1,975,0,2017,2017
2026-09-25,68,08:00,voice,2,1,0,1,933,0,2054,2054
2026-09-25,68,08:30,voice,4,2,0,2,941,0,1943,1943
2026-09-25,68,09:00,voice,5,3,0,2,976,0,1958,1958
2026-09-25,68,09:30,voice,5,2,0,3,923,0,2150,2150
2026-09-25,68,10:00,voice,6,3,0,3,903,0,2017,2017
2026-09-25,68,10:30,voice,9,5,0,4,788,0,2069,2069
2026-09-25,68,11:00,voice,9,5,0,4,765,0,1985,1985
2026-09-25,68,11:30,voice,7,4,0,3,886,0,2025,2025
2026-09-25,68,12:00,voice,9,5,1,4,670,11.1,1917,1917
2026-09-25,68,12:30,voice,6,3,0,3,999,0,2027,2027
2026-09-25,68,13:00,voice,6,3,0,3,1026,0,1832,1832
2026-09-25,68,13:30,voice,6,3,0,3,886,0,1881,1881
2026-09-25,68,14:00,voice,8,4,1,4,737,12.5,1904,1904
2026-09-25,68,14:30,voice,7,4,1,3,635,14.3,1976,1976
2026-09-25,68,15:00,voice,6,3,0,3,757,0,1743,1743
2026-09-25,68,15:30,voice,7,4,0,3,806,0,2064,2064
2026-09-25,68,16:00,voice,7,4,0,3,846,0,1936,1936
2026-09-25,68,16:30,voice,6,3,0,3,913,0,1890,1890
2026-09-25,68,17:00,voice,3,2,0,1,910,0,1812,1812
2026-09-25,68,17:30,voice,2,1,0,1,970,0,1887,1887
2026-09-25,68,18:00,voice,2,1,0,1,845,0,2098,2098
2026-09-25,68,18:30,voice,2,2,1,0,208,50,2002,2002
2026-09-25,68,19:00,voice,1,1,0,0,904,0,2087,2087
2026-09-25,68,19:30,voice,1,1,1,0,12,100,1925,1925
2026-09-25,68,20:00,voice,1,1,0,0,915,0,1971,1971
2026-09-25,68,20:30,voice,1,1,1,0,13,100,1887,1887
2026-09-25,68,21:00,voice,1,1,1,0,14,100,1849,1849
2026-09-25,68,21:30,voice,1,1,1,0,12,100,2000,2000
2026-09-25,68,22:00,voice,1,1,1,0,14,100,2019,2019
2026-09-25,68,22:30,voice,1,1,1,0,13,100,2015,2015
2026-09-25,68,23:00,voice,1,1,1,0,13,100,2088,2088
2026-09-25,68,23:30,voice,1,1,1,0,12,100,1868,1868
2026-09-25,68,00:00,chat,1,1,0,0,1389,0,1759,550
2026-09-25,68,00:30,chat,1,1,1,0,44,100,1774,554
2026-09-25,68,01:00,chat,1,1,1,0,53,100,1755,549
2026-09-25,68,01:30,chat,1,1,0,0,1310,0,1658,518
2026-09-25,68,02:00,chat,1,1,0,0,1855,0,1767,552
2026-09-25,68,02:30,chat,1,1,1,0,37,100,1820,569
2026-09-25,68,03:00,chat,1,1,1,0,49,100,1852,579
2026-09-25,68,03:30,chat,1,1,1,0,50,100,1836,574
2026-09-25,68,04:00,chat,1,1,0,0,1610,0,1671,522
2026-09-25,68,04:30,chat,1,1,1,0,44,100,1680,525
2026-09-25,68,05:00,chat,1,1,1,0,41,100,1796,561
2026-09-25,68,05:30,chat,1,1,0,0,1617,0,1670,522
2026-09-25,68,06:00,chat,1,1,0,0,1602,0,1700,531
2026-09-25,68,06:30,chat,1,1,0,0,1290,0,1789,559
2026-09-25,68,07:00,chat,2,1,0,1,1477,0,1675,524
2026-09-25,68,07:30,chat,2,1,0,1,1692,0,1813,567
2026-09-25,68,08:00,chat,2,1,0,1,1612,0,1670,522
2026-09-25,68,08:30,chat,5,3,0,2,1973,0,1648,515
2026-09-25,68,09:00,chat,5,3,0,2,1623,0,1609,503
2026-09-25,68,09:30,chat,8,4,0,4,1387,0,1800,563
2026-09-25,68,10:00,chat,9,5,0,4,1623,0,1837,574
2026-09-25,68,10:30,chat,11,6,0,5,1517,0,1629,509
2026-09-25,68,11:00,chat,11,6,0,5,1633,0,1851,578
2026-09-25,68,11:30,chat,8,4,0,4,1800,0,1851,579
2026-09-25,68,12:00,chat,8,5,0,3,1550,0,1699,531
2026-09-25,68,12:30,chat,8,5,1,3,1162,12.5,1668,521
2026-09-25,68,13:00,chat,6,3,0,3,1488,0,1721,538
2026-09-25,68,13:30,chat,6,3,0,3,1691,0,1725,539
2026-09-25,68,14:00,chat,6,4,0,2,1700,0,1718,537
2026-09-25,68,14:30,chat,10,6,1,4,1111,10,1762,551
2026-09-25,68,15:00,chat,9,5,0,4,1911,0,1765,552
2026-09-25,68,15:30,chat,8,5,0,3,1496,0,1791,560
2026-09-25,68,16:00,chat,7,4,0,3,1482,0,1630,509
2026-09-25,68,16:30,chat,8,4,0,4,1853,0,1689,528
2026-09-25,68,17:00,chat,4,2,0,2,1600,0,1692,529
2026-09-25,68,17:30,chat,4,2,0,2,1329,0,1748,546
2026-09-25,68,18:00,chat,3,2,0,1,1643,0,1798,562
2026-09-25,68,18:30,chat,2,2,1,0,418,50,1680,525
2026-09-25,68,19:00,chat,2,2,1,0,535,50,1685,526
2026-09-25,68,19:30,chat,1,1,0,0,1740,0,2059,643
2026-09-25,68,20:00,chat,1,1,1,0,44,100,1703,532
2026-09-25,68,20:30,chat,1,1,0,0,1602,0,1557,486
2026-09-25,68,21:00,chat,1,1,1,0,49,100,1761,550
2026-09-25,68,21:30,chat,1,1,1,0,37,100,1762,551
2026-09-25,68,22:00,chat,1,1,1,0,43,100,1788,559
2026-09-25,68,22:30,chat,1,1,1,0,46,100,1751,547
2026-09-25,68,23:00,chat,1,1,1,0,46,100,1568,490
2026-09-25,68,23:30,chat,1,1,0,0,1776,0,1733,542
2026-09-26,69,00:00,voice,1,1,1,0,12,100,1771,1771
2026-09-26,69,00:30,voice,0,0,0,0,0,0,0,0
2026-09-26,69,01:00,voice,0,0,0,0,0,0,0,0
2026-09-26,69,01:30,voice,0,0,0,0,0,0,0,0
2026-09-26,69,02:00,voice,0,0,0,0,0,0,0,0
2026-09-26,69,02:30,voice,1,1,1,0,12,100,1730,1730
2026-09-26,69,03:00,voice,0,0,0,0,0,0,0,0
2026-09-26,69,03:30,voice,0,0,0,0,0,0,0,0
2026-09-26,69,04:00,voice,0,0,0,0,0,0,0,0
2026-09-26,69,04:30,voice,1,1,1,0,11,100,1662,1662
2026-09-26,69,05:00,voice,0,0,0,0,0,0,0,0
2026-09-26,69,05:30,voice,0,0,0,0,0,0,0,0
2026-09-26,69,06:00,voice,1,1,1,0,13,100,1765,1765
2026-09-26,69,06:30,voice,1,1,1,0,10,100,1612,1612
2026-09-26,69,07:00,voice,1,1,1,0,12,100,1827,1827
2026-09-26,69,07:30,voice,1,1,1,0,13,100,1801,1801
2026-09-26,69,08:00,voice,2,2,2,0,10,100,1760,1760
2026-09-26,69,08:30,voice,2,2,2,0,10,100,1736,1736
2026-09-26,69,09:00,voice,2,2,2,0,12,100,1582,1582
2026-09-26,69,09:30,voice,3,3,3,0,12,100,1822,1822
2026-09-26,69,10:00,voice,4,4,3,0,59,75,1821,1821
2026-09-26,69,10:30,voice,4,4,3,0,64,75,1793,1793
2026-09-26,69,11:00,voice,3,2,2,1,110,66.7,1610,1610
2026-09-26,69,11:30,voice,3,3,2,0,108,66.7,1902,1902
2026-09-26,69,12:00,voice,2,2,2,0,11,100,1855,1855
2026-09-26,69,12:30,voice,2,2,2,0,11,100,1907,1907
2026-09-26,69,13:00,voice,4,4,4,0,13,100,1909,1909
2026-09-26,69,13:30,voice,3,3,3,0,13,100,1753,1753
2026-09-26,69,14:00,voice,4,3,2,1,243,50,1842,1842
2026-09-26,69,14:30,voice,3,3,3,0,12,100,1821,1821
2026-09-26,69,15:00,voice,3,3,3,0,12,100,1867,1867
2026-09-26,69,15:30,voice,3,3,3,0,12,100,1715,1715
2026-09-26,69,16:00,voice,2,2,2,0,14,100,1693,1693
2026-09-26,69,16:30,voice,3,3,3,0,11,100,1724,1724
2026-09-26,69,17:00,voice,2,2,2,0,13,100,1867,1867
2026-09-26,69,17:30,voice,1,1,1,0,10,100,2071,2071
2026-09-26,69,18:00,voice,1,1,1,0,14,100,1716,1716
2026-09-26,69,18:30,voice,1,1,1,0,11,100,1741,1741
2026-09-26,69,19:00,voice,1,1,1,0,11,100,1576,1576
2026-09-26,69,19:30,voice,1,1,1,0,11,100,1836,1836
2026-09-26,69,20:00,voice,0,0,0,0,0,0,0,0
2026-09-26,69,20:30,voice,0,0,0,0,0,0,0,0
2026-09-26,69,21:00,voice,0,0,0,0,0,0,0,0
2026-09-26,69,21:30,voice,0,0,0,0,0,0,0,0
2026-09-26,69,22:00,voice,1,1,1,0,12,100,1815,1815
2026-09-26,69,22:30,voice,1,1,1,0,14,100,1889,1889
2026-09-26,69,23:00,voice,0,0,0,0,0,0,0,0
2026-09-26,69,23:30,voice,0,0,0,0,0,0,0,0
2026-09-26,69,00:00,chat,0,0,0,0,0,0,0,0
2026-09-26,69,00:30,chat,0,0,0,0,0,0,0,0
2026-09-26,69,01:00,chat,1,1,1,0,51,100,1370,570
2026-09-26,69,01:30,chat,0,0,0,0,0,0,0,0
2026-09-26,69,02:00,chat,0,0,0,0,0,0,0,0
2026-09-26,69,02:30,chat,1,1,1,0,45,100,1488,619
2026-09-26,69,03:00,chat,0,0,0,0,0,0,0,0
2026-09-26,69,03:30,chat,0,0,0,0,0,0,0,0
2026-09-26,69,04:00,chat,0,0,0,0,0,0,0,0
2026-09-26,69,04:30,chat,1,1,1,0,44,100,1356,564
2026-09-26,69,05:00,chat,0,0,0,0,0,0,0,0
2026-09-26,69,05:30,chat,0,0,0,0,0,0,0,0
2026-09-26,69,06:00,chat,1,1,1,0,45,100,1207,502
2026-09-26,69,06:30,chat,1,1,1,0,46,100,1397,581
2026-09-26,69,07:00,chat,1,1,1,0,53,100,1226,510
2026-09-26,69,07:30,chat,1,1,1,0,41,100,1364,567
2026-09-26,69,08:00,chat,2,2,2,0,45,100,1273,530
2026-09-26,69,08:30,chat,2,2,2,0,42,100,1407,585
2026-09-26,69,09:00,chat,3,3,3,0,51,100,1462,608
2026-09-26,69,09:30,chat,4,4,4,0,45,100,1291,537
2026-09-26,69,10:00,chat,4,4,4,0,40,100,1453,604
2026-09-26,69,10:30,chat,4,4,3,0,126,75,1171,487
2026-09-26,69,11:00,chat,4,3,1,1,828,25,1330,553
2026-09-26,69,11:30,chat,3,2,1,1,774,33.3,1356,564
2026-09-26,69,12:00,chat,4,4,4,0,44,100,1339,557
2026-09-26,69,12:30,chat,3,3,3,0,43,100,1339,557
2026-09-26,69,13:00,chat,4,3,2,1,492,50,1275,531
2026-09-26,69,13:30,chat,2,2,2,0,45,100,1267,527
2026-09-26,69,14:00,chat,3,2,1,1,834,33.3,1252,521
2026-09-26,69,14:30,chat,3,3,2,0,219,66.7,1242,517
2026-09-26,69,15:00,chat,3,3,2,0,205,66.7,1260,524
2026-09-26,69,15:30,chat,4,3,2,1,390,50,1390,578
2026-09-26,69,16:00,chat,3,3,2,0,209,66.7,1323,550
2026-09-26,69,16:30,chat,3,3,3,0,46,100,1379,574
2026-09-26,69,17:00,chat,2,2,2,0,44,100,1301,541
2026-09-26,69,17:30,chat,2,2,2,0,52,100,1273,530
2026-09-26,69,18:00,chat,1,1,1,0,50,100,1246,518
2026-09-26,69,18:30,chat,1,1,1,0,46,100,1342,558
2026-09-26,69,19:00,chat,1,1,1,0,44,100,1277,531
2026-09-26,69,19:30,chat,1,1,1,0,45,100,1316,548
2026-09-26,69,20:00,chat,0,0,0,0,0,0,0,0
2026-09-26,69,20:30,chat,1,1,1,0,47,100,1373,571
2026-09-26,69,21:00,chat,1,1,1,0,42,100,1303,542
2026-09-26,69,21:30,chat,1,1,1,0,44,100,1509,628
2026-09-26,69,22:00,chat,1,1,1,0,45,100,1329,553
2026-09-26,69,22:30,chat,1,1,1,0,47,100,1513,629
2026-09-26,69,23:00,chat,1,1,1,0,42,100,1237,515
2026-09-26,69,23:30,chat,1,1,1,0,48,100,1353,563
2026-09-27,70,00:00,voice,0,0,0,0,0,0,0,0
2026-09-27,70,00:30,voice,0,0,0,0,0,0,0,0
2026-09-27,70,01:00,voice,0,0,0,0,0,0,0,0
2026-09-27,70,01:30,voice,0,0,0,0,0,0,0,0
2026-09-27,70,02:00,voice,1,1,1,0,12,100,1838,1838
2026-09-27,70,02:30,voice,0,0,0,0,0,0,0,0
2026-09-27,70,03:00,voice,0,0,0,0,0,0,0,0
2026-09-27,70,03:30,voice,0,0,0,0,0,0,0,0
2026-09-27,70,04:00,voice,0,0,0,0,0,0,0,0
2026-09-27,70,04:30,voice,0,0,0,0,0,0,0,0
2026-09-27,70,05:00,voice,1,1,1,0,10,100,1977,1977
2026-09-27,70,05:30,voice,1,1,1,0,12,100,1886,1886
2026-09-27,70,06:00,voice,1,1,1,0,13,100,1639,1639
2026-09-27,70,06:30,voice,1,1,1,0,12,100,2021,2021
2026-09-27,70,07:00,voice,1,1,1,0,13,100,1821,1821
2026-09-27,70,07:30,voice,1,1,1,0,11,100,1943,1943
2026-09-27,70,08:00,voice,1,1,1,0,13,100,2029,2029
2026-09-27,70,08:30,voice,2,2,2,0,10,100,1795,1795
2026-09-27,70,09:00,voice,2,2,2,0,12,100,1834,1834
2026-09-27,70,09:30,voice,4,4,4,0,12,100,1888,1888
2026-09-27,70,10:00,voice,5,5,5,0,12,100,1933,1933
2026-09-27,70,10:30,voice,4,4,4,0,13,100,1800,1800
2026-09-27,70,11:00,voice,4,4,4,0,12,100,1835,1835
2026-09-27,70,11:30,voice,4,4,4,0,14,100,1876,1876
2026-09-27,70,12:00,voice,3,3,3,0,12,100,2092,2092
2026-09-27,70,12:30,voice,3,3,3,0,12,100,1842,1842
2026-09-27,70,13:00,voice,3,3,2,0,100,66.7,1815,1815
2026-09-27,70,13:30,voice,3,2,1,1,410,33.3,1799,1799
2026-09-27,70,14:00,voice,3,3,3,0,10,100,1930,1930
2026-09-27,70,14:30,voice,4,4,4,0,11,100,1829,1829
2026-09-27,70,15:00,voice,3,2,1,1,470,33.3,2028,2028
2026-09-27,70,15:30,voice,3,3,3,0,12,100,1601,1601
2026-09-27,70,16:00,voice,3,3,3,0,11,100,1928,1928
2026-09-27,70,16:30,voice,3,3,3,0,9,100,1757,1757
2026-09-27,70,17:00,voice,2,2,2,0,12,100,1923,1923
2026-09-27,70,17:30,voice,1,1,1,0,11,100,1948,1948
2026-09-27,70,18:00,voice,1,1,1,0,12,100,1927,1927
2026-09-27,70,18:30,voice,1,1,1,0,14,100,1927,1927
2026-09-27,70,19:00,voice,1,1,1,0,11,100,1989,1989
2026-09-27,70,19:30,voice,0,0,0,0,0,0,0,0
2026-09-27,70,20:00,voice,1,1,1,0,11,100,1890,1890
2026-09-27,70,20:30,voice,0,0,0,0,0,0,0,0
2026-09-27,70,21:00,voice,0,0,0,0,0,0,0,0
2026-09-27,70,21:30,voice,0,0,0,0,0,0,0,0
2026-09-27,70,22:00,voice,0,0,0,0,0,0,0,0
2026-09-27,70,22:30,voice,0,0,0,0,0,0,0,0
2026-09-27,70,23:00,voice,0,0,0,0,0,0,0,0
2026-09-27,70,23:30,voice,1,1,1,0,11,100,1917,1917
2026-09-27,70,00:00,chat,1,1,1,0,41,100,1366,548
2026-09-27,70,00:30,chat,1,1,1,0,45,100,1451,582
2026-09-27,70,01:00,chat,0,0,0,0,0,0,0,0
2026-09-27,70,01:30,chat,0,0,0,0,0,0,0,0
2026-09-27,70,02:00,chat,1,1,1,0,56,100,1402,562
2026-09-27,70,02:30,chat,0,0,0,0,0,0,0,0
2026-09-27,70,03:00,chat,1,1,1,0,51,100,1318,528
2026-09-27,70,03:30,chat,0,0,0,0,0,0,0,0
2026-09-27,70,04:00,chat,0,0,0,0,0,0,0,0
2026-09-27,70,04:30,chat,0,0,0,0,0,0,0,0
2026-09-27,70,05:00,chat,1,1,1,0,47,100,1360,545
2026-09-27,70,05:30,chat,0,0,0,0,0,0,0,0
2026-09-27,70,06:00,chat,1,1,1,0,57,100,1498,601
2026-09-27,70,06:30,chat,1,1,1,0,43,100,1564,627
2026-09-27,70,07:00,chat,1,1,1,0,42,100,1376,552
2026-09-27,70,07:30,chat,1,1,1,0,47,100,1293,518
2026-09-27,70,08:00,chat,2,2,2,0,43,100,1332,534
2026-09-27,70,08:30,chat,2,2,2,0,49,100,1362,546
2026-09-27,70,09:00,chat,2,2,2,0,46,100,1382,554
2026-09-27,70,09:30,chat,3,3,1,0,618,33.3,1327,532
2026-09-27,70,10:00,chat,5,4,1,1,1013,20,1491,598
2026-09-27,70,10:30,chat,5,4,1,1,1154,20,1431,574
2026-09-27,70,11:00,chat,5,4,3,1,246,60,1433,574
2026-09-27,70,11:30,chat,4,3,1,1,1040,25,1622,650
2026-09-27,70,12:00,chat,3,3,1,0,753,33.3,1445,579
2026-09-27,70,12:30,chat,4,4,3,0,131,75,1329,533
2026-09-27,70,13:00,chat,3,3,3,0,44,100,1423,570
2026-09-27,70,13:30,chat,4,3,3,1,161,75,1561,626
2026-09-27,70,14:00,chat,3,3,1,0,626,33.3,1522,610
2026-09-27,70,14:30,chat,4,3,3,1,158,75,1397,560
2026-09-27,70,15:00,chat,4,3,3,1,149,75,1547,620
2026-09-27,70,15:30,chat,4,4,4,0,38,100,1498,600
2026-09-27,70,16:00,chat,3,3,3,0,40,100,1541,618
2026-09-27,70,16:30,chat,3,3,3,0,46,100,1507,604
2026-09-27,70,17:00,chat,2,2,2,0,44,100,1415,567
2026-09-27,70,17:30,chat,2,2,2,0,50,100,1428,572
2026-09-27,70,18:00,chat,2,2,2,0,38,100,1443,578
2026-09-27,70,18:30,chat,1,1,1,0,43,100,1395,559
2026-09-27,70,19:00,chat,1,1,1,0,44,100,1427,572
2026-09-27,70,19:30,chat,1,1,1,0,42,100,1277,512
2026-09-27,70,20:00,chat,1,1,1,0,50,100,1534,615
2026-09-27,70,20:30,chat,0,0,0,0,0,0,0,0
2026-09-27,70,21:00,chat,0,0,0,0,0,0,0,0
2026-09-27,70,21:30,chat,0,0,0,0,0,0,0,0
2026-09-27,70,22:00,chat,1,1,1,0,46,100,1414,567
2026-09-27,70,22:30,chat,0,0,0,0,0,0,0,0
2026-09-27,70,23:00,chat,1,1,1,0,52,100,1471,589
2026-09-27,70,23:30,chat,1,1,1,0,50,100,1450,581
2026-09-28,71,00:00,voice,1,1,1,0,11,100,1830,1830
2026-09-28,71,00:30,voice,1,1,1,0,11,100,1712,1712
2026-09-28,71,01:00,voice,1,1,1,0,11,100,1653,1653
2026-09-28,71,01:30,voice,1,1,1,0,11,100,1575,1575
2026-09-28,71,02:00,voice,1,1,1,0,14,100,1790,1790
2026-09-28,71,02:30,voice,1,1,1,0,13,100,1879,1879
2026-09-28,71,03:00,voice,1,1,1,0,12,100,1639,1639
2026-09-28,71,03:30,voice,1,1,1,0,15,100,1729,1729
2026-09-28,71,04:00,voice,1,1,1,0,10,100,1672,1672
2026-09-28,71,04:30,voice,1,1,1,0,12,100,1874,1874
2026-09-28,71,05:00,voice,1,1,1,0,10,100,1550,1550
2026-09-28,71,05:30,voice,1,1,1,0,14,100,1639,1639
2026-09-28,71,06:00,voice,1,1,1,0,12,100,1741,1741
2026-09-28,71,06:30,voice,1,1,1,0,10,100,1822,1822
2026-09-28,71,07:00,voice,2,2,2,0,11,100,1630,1630
2026-09-28,71,07:30,voice,1,1,1,0,12,100,1674,1674
2026-09-28,71,08:00,voice,3,2,1,1,385,33.3,1669,1669
2026-09-28,71,08:30,voice,4,2,0,2,1039,0,1644,1644
2026-09-28,71,09:00,voice,6,4,1,2,647,16.7,1857,1857
2026-09-28,71,09:30,voice,8,5,1,3,710,12.5,1699,1699
2026-09-28,71,10:00,voice,9,6,1,3,719,11.1,1584,1584
2026-09-28,71,10:30,voice,8,5,1,3,622,12.5,1717,1717
2026-09-28,71,11:00,voice,10,6,0,4,957,0,1750,1750
2026-09-28,71,11:30,voice,8,5,1,3,692,12.5,1817,1817
2026-09-28,71,12:00,voice,7,4,1,3,583,14.3,1689,1689
2026-09-28,71,12:30,voice,5,3,1,2,679,20,1843,1843
2026-09-28,71,13:00,voice,6,4,0,2,970,0,1604,1604
2026-09-28,71,13:30,voice,7,4,0,3,1033,0,1853,1853
2026-09-28,71,14:00,voice,12,8,1,4,723,8.3,1739,1739
2026-09-28,71,14:30,voice,7,4,1,3,605,14.3,1817,1817
2026-09-28,71,15:00,voice,9,6,1,3,627,11.1,1585,1585
2026-09-28,71,15:30,voice,5,3,0,2,936,0,1871,1871
2026-09-28,71,16:00,voice,7,4,1,3,654,14.3,1738,1738
2026-09-28,71,16:30,voice,7,4,0,3,806,0,1572,1572
2026-09-28,71,17:00,voice,4,3,0,1,982,0,1644,1644
2026-09-28,71,17:30,voice,3,2,1,1,386,33.3,1736,1736
2026-09-28,71,18:00,voice,2,2,2,0,11,100,1766,1766
2026-09-28,71,18:30,voice,2,2,2,0,13,100,1710,1710
2026-09-28,71,19:00,voice,1,1,1,0,14,100,1722,1722
2026-09-28,71,19:30,voice,1,1,1,0,11,100,1553,1553
2026-09-28,71,20:00,voice,1,1,1,0,11,100,1985,1985
2026-09-28,71,20:30,voice,1,1,1,0,12,100,1769,1769
2026-09-28,71,21:00,voice,1,1,1,0,11,100,1764,1764
2026-09-28,71,21:30,voice,1,1,1,0,11,100,1541,1541
2026-09-28,71,22:00,voice,1,1,1,0,12,100,1717,1717
2026-09-28,71,22:30,voice,1,1,1,0,12,100,1787,1787
2026-09-28,71,23:00,voice,1,1,1,0,10,100,1688,1688
2026-09-28,71,23:30,voice,1,1,1,0,13,100,1674,1674
2026-09-28,71,00:00,chat,1,1,1,0,43,100,1887,590
2026-09-28,71,00:30,chat,1,1,1,0,49,100,1632,510
2026-09-28,71,01:00,chat,1,1,1,0,43,100,1651,516
2026-09-28,71,01:30,chat,1,1,1,0,39,100,1863,582
2026-09-28,71,02:00,chat,1,1,1,0,49,100,1816,567
2026-09-28,71,02:30,chat,1,1,1,0,50,100,1758,549
2026-09-28,71,03:00,chat,1,1,1,0,41,100,1647,515
2026-09-28,71,03:30,chat,1,1,1,0,44,100,1763,551
2026-09-28,71,04:00,chat,1,1,1,0,40,100,1936,605
2026-09-28,71,04:30,chat,1,1,1,0,39,100,1550,484
2026-09-28,71,05:00,chat,1,1,1,0,44,100,1681,525
2026-09-28,71,05:30,chat,1,1,1,0,44,100,1789,559
2026-09-28,71,06:00,chat,1,1,1,0,54,100,1764,551
2026-09-28,71,06:30,chat,2,2,1,0,386,50,1797,562
2026-09-28,71,07:00,chat,2,2,1,0,412,50,1720,538
2026-09-28,71,07:30,chat,3,2,1,1,594,33.3,1710,534
2026-09-28,71,08:00,chat,4,3,1,1,934,25,1632,510
2026-09-28,71,08:30,chat,5,3,0,2,1535,0,1696,530
2026-09-28,71,09:00,chat,8,5,0,3,1384,0,1699,531
2026-09-28,71,09:30,chat,8,5,0,3,1442,0,1689,528
2026-09-28,71,10:00,chat,11,6,0,5,1575,0,1651,516
2026-09-28,71,10:30,chat,11,7,0,4,1487,0,1704,533
2026-09-28,71,11:00,chat,10,6,1,4,1332,10,1866,583
2026-09-28,71,11:30,chat,10,6,0,4,1308,0,1596,499
2026-09-28,71,12:00,chat,10,6,1,4,1235,10,1667,521
2026-09-28,71,12:30,chat,7,5,1,2,1078,14.3,1610,503
2026-09-28,71,13:00,chat,7,4,0,3,1549,0,1765,551
2026-09-28,71,13:30,chat,9,6,1,3,1130,11.1,1683,526
2026-09-28,71,14:00,chat,10,6,1,4,1406,10,1809,565
2026-09-28,71,14:30,chat,10,6,1,4,1281,10,1645,514
2026-09-28,71,15:00,chat,10,6,0,4,1396,0,1728,540
2026-09-28,71,15:30,chat,9,5,0,4,1263,0,1604,501
2026-09-28,71,16:00,chat,7,4,0,3,1505,0,1557,487
2026-09-28,71,16:30,chat,5,3,0,2,1275,0,1727,540
2026-09-28,71,17:00,chat,5,3,0,2,1378,0,1862,582
2026-09-28,71,17:30,chat,4,3,1,1,794,25,1749,546
2026-09-28,71,18:00,chat,3,2,1,1,662,33.3,1567,490
2026-09-28,71,18:30,chat,2,2,1,0,411,50,1571,491
2026-09-28,71,19:00,chat,2,2,1,0,390,50,1721,538
2026-09-28,71,19:30,chat,2,2,1,0,414,50,1688,528
2026-09-28,71,20:00,chat,1,1,1,0,52,100,1776,555
2026-09-28,71,20:30,chat,1,1,1,0,54,100,1622,507
2026-09-28,71,21:00,chat,1,1,1,0,46,100,1726,539
2026-09-28,71,21:30,chat,1,1,1,0,45,100,1818,568
2026-09-28,71,22:00,chat,1,1,1,0,46,100,1668,521
2026-09-28,71,22:30,chat,1,1,1,0,45,100,1603,501
2026-09-28,71,23:00,chat,1,1,1,0,45,100,1676,524
2026-09-28,71,23:30,chat,1,1,1,0,47,100,1686,527
2026-09-29,72,00:00,voice,1,1,1,0,12,100,2162,2162
2026-09-29,72,00:30,voice,1,1,1,0,13,100,2114,2114
2026-09-29,72,01:00,voice,1,1,1,0,13,100,1805,1805
2026-09-29,72,01:30,voice,1,1,1,0,11,100,2275,2275
2026-09-29,72,02:00,voice,1,1,1,0,12,100,1935,1935
2026-09-29,72,02:30,voice,1,1,1,0,11,100,2053,2053
2026-09-29,72,03:00,voice,1,1,1,0,13,100,1956,1956
2026-09-29,72,03:30,voice,1,1,1,0,11,100,1902,1902
2026-09-29,72,04:00,voice,1,1,1,0,13,100,1990,1990
2026-09-29,72,04:30,voice,1,1,1,0,14,100,1850,1850
2026-09-29,72,05:00,voice,1,1,1,0,12,100,1995,1995
2026-09-29,72,05:30,voice,1,1,1,0,11,100,2106,2106
2026-09-29,72,06:00,voice,1,1,1,0,14,100,2051,2051
2026-09-29,72,06:30,voice,1,1,1,0,12,100,1927,1927
2026-09-29,72,07:00,voice,2,2,1,0,239,50,1918,1918
2026-09-29,72,07:30,voice,2,2,1,0,267,50,2006,2006
2026-09-29,72,08:00,voice,3,2,1,1,445,33.3,1949,1949
2026-09-29,72,08:30,voice,4,2,0,2,899,0,2150,2150
2026-09-29,72,09:00,voice,5,3,0,2,845,0,2214,2214
2026-09-29,72,09:30,voice,9,5,0,4,804,0,1841,1841
2026-09-29,72,10:00,voice,8,5,1,3,665,12.5,2037,2037
2026-09-29,72,10:30,voice,11,7,1,4,716,9.1,2035,2035
2026-09-29,72,11:00,voice,10,6,1,4,809,10,2128,2128
2026-09-29,72,11:30,voice,8,5,1,3,769,12.5,1906,1906
2026-09-29,72,12:00,voice,7,4,0,3,936,0,2093,2093
2026-09-29,72,12:30,voice,7,4,1,3,645,14.3,2042,2042
2026-09-29,72,13:00,voice,6,4,1,2,657,16.7,1958,1958
2026-09-29,72,13:30,voice,5,3,0,2,865,0,1693,1693
2026-09-29,72,14:00,voice,7,4,0,3,883,0,1829,1829
2026-09-29,72,14:30,voice,7,4,0,3,831,0,2023,2023
2026-09-29,72,15:00,voice,10,6,1,4,807,10,2051,2051
2026-09-29,72,15:30,voice,7,4,0,3,759,0,2052,2052
2026-09-29,72,16:00,voice,7,5,1,2,532,14.3,2225,2225
2026-09-29,72,16:30,voice,6,3,0,3,1003,0,2068,2068
2026-09-29,72,17:00,voice,5,3,0,2,887,0,1843,1843
2026-09-29,72,17:30,voice,4,2,0,2,829,0,1873,1873
2026-09-29,72,18:00,voice,2,2,1,0,225,50,1752,1752
2026-09-29,72,18:30,voice,2,2,1,0,288,50,1985,1985
2026-09-29,72,19:00,voice,1,1,1,0,14,100,1891,1891
2026-09-29,72,19:30,voice,1,1,1,0,13,100,2156,2156
2026-09-29,72,20:00,voice,1,1,1,0,11,100,1874,1874
2026-09-29,72,20:30,voice,1,1,1,0,11,100,1934,1934
2026-09-29,72,21:00,voice,1,1,1,0,13,100,1978,1978
2026-09-29,72,21:30,voice,1,1,1,0,12,100,2016,2016
2026-09-29,72,22:00,voice,1,1,1,0,10,100,1766,1766
2026-09-29,72,22:30,voice,1,1,1,0,11,100,2010,2010
2026-09-29,72,23:00,voice,1,1,1,0,11,100,1901,1901
2026-09-29,72,23:30,voice,1,1,1,0,13,100,1911,1911
2026-09-29,72,00:00,chat,1,1,0,0,1748,0,1950,609
2026-09-29,72,00:30,chat,1,1,1,0,44,100,1867,583
2026-09-29,72,01:00,chat,1,1,0,0,1651,0,1812,566
2026-09-29,72,01:30,chat,1,1,1,0,47,100,1795,561
2026-09-29,72,02:00,chat,1,1,1,0,47,100,1779,556
2026-09-29,72,02:30,chat,1,1,0,0,1560,0,1880,587
2026-09-29,72,03:00,chat,1,1,0,0,1422,0,1860,581
2026-09-29,72,03:30,chat,1,1,0,0,1645,0,1845,577
2026-09-29,72,04:00,chat,1,1,1,0,53,100,1901,594
2026-09-29,72,04:30,chat,1,1,0,0,1797,0,1778,555
2026-09-29,72,05:00,chat,1,1,1,0,47,100,1813,567
2026-09-29,72,05:30,chat,1,1,0,0,1710,0,1782,557
2026-09-29,72,06:00,chat,2,2,1,0,404,50,1932,604
2026-09-29,72,06:30,chat,2,2,1,0,489,50,1893,592
2026-09-29,72,07:00,chat,2,2,1,0,440,50,1826,571
2026-09-29,72,07:30,chat,2,2,1,0,403,50,1898,593
2026-09-29,72,08:00,chat,3,2,0,1,1522,0,1797,561
2026-09-29,72,08:30,chat,6,4,0,2,1486,0,1753,548
2026-09-29,72,09:00,chat,7,4,0,3,1594,0,1709,534
2026-09-29,72,09:30,chat,8,5,1,3,1136,12.5,1803,563
2026-09-29,72,10:00,chat,10,6,0,4,1557,0,1765,552
2026-09-29,72,10:30,chat,12,7,1,5,1388,8.3,1701,532
2026-09-29,72,11:00,chat,9,5,0,4,1302,0,1822,569
2026-09-29,72,11:30,chat,11,7,1,4,1370,9.1,1781,556
2026-09-29,72,12:00,chat,9,5,0,4,1453,0,1812,566
2026-09-29,72,12:30,chat,8,4,0,4,1455,0,1839,575
2026-09-29,72,13:00,chat,8,4,0,4,1638,0,1723,538
2026-09-29,72,13:30,chat,8,5,0,3,1421,0,1767,552
2026-09-29,72,14:00,chat,9,5,1,4,1281,11.1,1853,579
2026-09-29,72,14:30,chat,10,6,1,4,1283,10,1709,534
2026-09-29,72,15:00,chat,10,6,1,4,1427,10,1962,613
2026-09-29,72,15:30,chat,9,5,1,4,1267,11.1,2018,631
2026-09-29,72,16:00,chat,8,5,0,3,1349,0,1828,571
2026-09-29,72,16:30,chat,7,4,0,3,1386,0,1736,542
2026-09-29,72,17:00,chat,5,3,0,2,1458,0,1828,571
2026-09-29,72,17:30,chat,4,2,0,2,1695,0,1913,598
2026-09-29,72,18:00,chat,4,2,0,2,1640,0,1696,530
2026-09-29,72,18:30,chat,3,2,1,1,554,33.3,1740,544
2026-09-29,72,19:00,chat,2,2,1,0,383,50,1907,596
2026-09-29,72,19:30,chat,1,1,1,0,40,100,1619,506
2026-09-29,72,20:00,chat,1,1,0,0,1381,0,1963,613
2026-09-29,72,20:30,chat,1,1,1,0,49,100,2105,658
2026-09-29,72,21:00,chat,1,1,1,0,45,100,1717,537
2026-09-29,72,21:30,chat,1,1,1,0,39,100,1732,541
2026-09-29,72,22:00,chat,1,1,1,0,33,100,1830,572
2026-09-29,72,22:30,chat,1,1,1,0,41,100,1839,575
2026-09-29,72,23:00,chat,1,1,1,0,39,100,1859,581
2026-09-29,72,23:30,chat,1,1,1,0,47,100,1835,573
2026-09-30,73,00:00,voice,1,1,1,0,12,100,1855,1855
2026-09-30,73,00:30,voice,1,1,1,0,12,100,1904,1904
2026-09-30,73,01:00,voice,1,1,1,0,12,100,1735,1735
2026-09-30,73,01:30,voice,1,1,1,0,12,100,1925,1925
2026-09-30,73,02:00,voice,1,1,1,0,11,100,1849,1849
2026-09-30,73,02:30,voice,1,1,1,0,12,100,1757,1757
2026-09-30,73,03:00,voice,1,1,1,0,13,100,2006,2006
2026-09-30,73,03:30,voice,1,1,1,0,12,100,1758,1758
2026-09-30,73,04:00,voice,1,1,1,0,11,100,1936,1936
2026-09-30,73,04:30,voice,1,1,1,0,10,100,1867,1867
2026-09-30,73,05:00,voice,1,1,1,0,13,100,1904,1904
2026-09-30,73,05:30,voice,1,1,1,0,12,100,1680,1680
2026-09-30,73,06:00,voice,1,1,1,0,11,100,1812,1812
2026-09-30,73,06:30,voice,1,1,1,0,12,100,1932,1932
2026-09-30,73,07:00,voice,2,2,2,0,12,100,1678,1678
2026-09-30,73,07:30,voice,2,2,2,0,11,100,1661,1661
2026-09-30,73,08:00,voice,4,3,2,1,235,50,1790,1790
2026-09-30,73,08:30,voice,5,4,1,1,539,20,1656,1656
2026-09-30,73,09:00,voice,5,3,1,2,729,20,1869,1869
2026-09-30,73,09:30,voice,8,5,1,3,757,12.5,1893,1893
2026-09-30,73,10:00,voice,7,5,1,2,648,14.3,1884,1884
2026-09-30,73,10:30,voice,9,6,1,3,753,11.1,1582,1582
2026-09-30,73,11:00,voice,10,7,1,3,833,10,1746,1746
2026-09-30,73,11:30,voice,9,6,1,3,633,11.1,1838,1838
2026-09-30,73,12:00,voice,8,5,1,3,675,12.5,1719,1719
2026-09-30,73,12:30,voice,7,5,1,2,623,14.3,1699,1699
2026-09-30,73,13:00,voice,4,3,1,1,629,25,1910,1910
2026-09-30,73,13:30,voice,6,4,1,2,650,16.7,1619,1619
2026-09-30,73,14:00,voice,6,4,2,2,357,33.3,1844,1844
2026-09-30,73,14:30,voice,7,5,1,2,707,14.3,1747,1747
2026-09-30,73,15:00,voice,7,5,2,2,483,28.6,1665,1665
2026-09-30,73,15:30,voice,8,5,1,3,688,12.5,1809,1809
2026-09-30,73,16:00,voice,6,4,1,2,644,16.7,1890,1890
2026-09-30,73,16:30,voice,6,4,1,2,669,16.7,1678,1678
2026-09-30,73,17:00,voice,5,3,1,2,589,20,1735,1735
2026-09-30,73,17:30,voice,3,2,2,1,95,66.7,1652,1652
2026-09-30,73,18:00,voice,3,3,3,0,13,100,1861,1861
2026-09-30,73,18:30,voice,2,2,2,0,12,100,1736,1736
2026-09-30,73,19:00,voice,1,1,1,0,13,100,1737,1737
2026-09-30,73,19:30,voice,1,1,1,0,11,100,1837,1837
2026-09-30,73,20:00,voice,1,1,1,0,12,100,1970,1970
2026-09-30,73,20:30,voice,1,1,1,0,10,100,1724,1724
2026-09-30,73,21:00,voice,1,1,1,0,12,100,1960,1960
2026-09-30,73,21:30,voice,1,1,1,0,12,100,1779,1779
2026-09-30,73,22:00,voice,1,1,1,0,13,100,1861,1861
2026-09-30,73,22:30,voice,1,1,1,0,10,100,1853,1853
2026-09-30,73,23:00,voice,1,1,1,0,12,100,2074,2074
2026-09-30,73,23:30,voice,1,1,1,0,13,100,2103,2103
2026-09-30,73,00:00,chat,1,1,1,0,38,100,1770,569
2026-09-30,73,00:30,chat,1,1,1,0,50,100,1704,548
2026-09-30,73,01:00,chat,1,1,1,0,40,100,1689,543
2026-09-30,73,01:30,chat,1,1,1,0,45,100,1731,556
2026-09-30,73,02:00,chat,1,1,1,0,47,100,1608,517
2026-09-30,73,02:30,chat,1,1,1,0,37,100,1755,564
2026-09-30,73,03:00,chat,1,1,1,0,50,100,1741,560
2026-09-30,73,03:30,chat,1,1,1,0,47,100,1578,507
2026-09-30,73,04:00,chat,1,1,1,0,45,100,1798,578
2026-09-30,73,04:30,chat,1,1,1,0,43,100,1665,535
2026-09-30,73,05:00,chat,1,1,1,0,39,100,1739,559
2026-09-30,73,05:30,chat,1,1,1,0,40,100,1574,506
2026-09-30,73,06:00,chat,1,1,1,0,47,100,1889,607
2026-09-30,73,06:30,chat,1,1,1,0,48,100,2014,647
2026-09-30,73,07:00,chat,2,2,1,0,462,50,1670,537
2026-09-30,73,07:30,chat,3,2,1,1,888,33.3,1588,510
2026-09-30,73,08:00,chat,3,2,0,1,1521,0,1734,557
2026-09-30,73,08:30,chat,5,3,0,2,1561,0,1932,621
2026-09-30,73,09:00,chat,6,4,1,2,1326,16.7,1703,547
2026-09-30,73,09:30,chat,8,5,0,3,1526,0,1765,567
2026-09-30,73,10:00,chat,8,5,0,3,1567,0,1690,543
2026-09-30,73,10:30,chat,13,8,0,5,1480,0,1880,604
2026-09-30,73,11:00,chat,10,6,1,4,1460,10,1810,582
2026-09-30,73,11:30,chat,8,5,0,3,1501,0,1610,518
2026-09-30,73,12:00,chat,9,5,0,4,1462,0,1594,512
2026-09-30,73,12:30,chat,11,7,1,4,1164,9.1,1732,557
2026-09-30,73,13:00,chat,5,3,0,2,1272,0,1745,561
2026-09-30,73,13:30,chat,8,5,0,3,1587,0,1740,559
2026-09-30,73,14:00,chat,11,7,1,4,1235,9.1,1894,609
2026-09-30,73,14:30,chat,8,5,0,3,1300,0,1588,510
2026-09-30,73,15:00,chat,11,7,1,4,1190,9.1,1549,498
2026-09-30,73,15:30,chat,9,5,0,4,1225,0,1819,585
2026-09-30,73,16:00,chat,7,4,1,3,1043,14.3,1771,569
2026-09-30,73,16:30,chat,9,6,1,3,1232,11.1,1811,582
2026-09-30,73,17:00,chat,5,3,0,2,1559,0,1643,528
2026-09-30,73,17:30,chat,4,3,1,1,940,25,1731,556
2026-09-30,73,18:00,chat,3,2,1,1,725,33.3,1779,572
2026-09-30,73,18:30,chat,3,3,2,0,225,66.7,1873,602
2026-09-30,73,19:00,chat,1,1,1,0,46,100,1735,558
2026-09-30,73,19:30,chat,1,1,1,0,51,100,1680,540
2026-09-30,73,20:00,chat,2,2,2,0,43,100,1675,538
2026-09-30,73,20:30,chat,1,1,1,0,46,100,1745,561
2026-09-30,73,21:00,chat,1,1,1,0,43,100,1699,546
2026-09-30,73,21:30,chat,1,1,1,0,36,100,1725,554
2026-09-30,73,22:00,chat,1,1,1,0,45,100,1725,554
2026-09-30,73,22:30,chat,1,1,1,0,41,100,1747,561
2026-09-30,73,23:00,chat,1,1,1,0,53,100,1757,565
2026-09-30,73,23:30,chat,1,1,1,0,46,100,1844,593
2026-10-01,74,00:00,voice,1,1,0,0,892,0,1840,1840
2026-10-01,74,00:30,voice,1,1,1,0,13,100,1860,1860
2026-10-01,74,01:00,voice,1,1,0,0,961,0,1778,1778
2026-10-01,74,01:30,voice,1,1,1,0,11,100,1525,1525
2026-10-01,74,02:00,voice,1,1,1,0,14,100,1658,1658
2026-10-01,74,02:30,voice,1,1,1,0,9,100,1861,1861
2026-10-01,74,03:00,voice,1,1,1,0,11,100,1842,1842
2026-10-01,74,03:30,voice,1,1,1,0,11,100,2078,2078
2026-10-01,74,04:00,voice,1,1,1,0,14,100,1844,1844
2026-10-01,74,04:30,voice,1,1,1,0,11,100,1756,1756
2026-10-01,74,05:00,voice,1,1,1,0,10,100,1704,1704
2026-10-01,74,05:30,voice,1,1,0,0,661,0,2204,2204
2026-10-01,74,06:00,voice,1,1,1,0,13,100,1687,1687
2026-10-01,74,06:30,voice,1,1,1,0,13,100,1766,1766
2026-10-01,74,07:00,voice,2,2,1,0,229,50,1756,1756
2026-10-01,74,07:30,voice,2,2,1,0,245,50,1829,1829
2026-10-01,74,08:00,voice,4,3,1,1,513,25,1892,1892
2026-10-01,74,08:30,voice,5,3,0,2,921,0,1828,1828
2026-10-01,74,09:00,voice,7,4,0,3,1027,0,1844,1844
2026-10-01,74,09:30,voice,9,5,1,4,666,11.1,1858,1858
2026-10-01,74,10:00,voice,12,7,1,5,795,8.3,1921,1921
2026-10-01,74,10:30,voice,8,4,0,4,830,0,1658,1658
2026-10-01,74,11:00,voice,11,6,1,5,785,9.1,1703,1703
2026-10-01,74,11:30,voice,10,5,0,5,981,0,1660,1660
2026-10-01,74,12:00,voice,7,4,1,3,640,14.3,1868,1868
2026-10-01,74,12:30,voice,7,4,0,3,865,0,1854,1854
2026-10-01,74,13:00,voice,7,4,1,3,675,14.3,1703,1703
2026-10-01,74,13:30,voice,6,3,0,3,989,0,1862,1862
2026-10-01,74,14:00,voice,7,4,0,3,956,0,1737,1737
2026-10-01,74,14:30,voice,11,6,0,5,938,0,1803,1803
2026-10-01,74,15:00,voice,8,4,1,4,753,12.5,1804,1804
2026-10-01,74,15:30,voice,7,4,0,3,936,0,2146,2146
2026-10-01,74,16:00,voice,7,4,0,3,777,0,1895,1895
2026-10-01,74,16:30,voice,7,4,1,3,632,14.3,1962,1962
2026-10-01,74,17:00,voice,5,3,1,2,505,20,1694,1694
2026-10-01,74,17:30,voice,5,3,1,2,631,20,1697,1697
2026-10-01,74,18:00,voice,3,2,1,1,375,33.3,1828,1828
2026-10-01,74,18:30,voice,2,2,1,0,249,50,1858,1858
2026-10-01,74,19:00,voice,2,2,1,0,269,50,1823,1823
2026-10-01,74,19:30,voice,1,1,0,0,1021,0,1766,1766
2026-10-01,74,20:00,voice,1,1,0,0,922,0,1830,1830
2026-10-01,74,20:30,voice,1,1,0,0,965,0,1810,1810
2026-10-01,74,21:00,voice,1,1,1,0,11,100,1968,1968
2026-10-01,74,21:30,voice,1,1,1,0,11,100,1908,1908
2026-10-01,74,22:00,voice,1,1,1,0,12,100,1762,1762
2026-10-01,74,22:30,voice,1,1,0,0,828,0,1937,1937
2026-10-01,74,23:00,voice,1,1,0,0,931,0,1846,1846
2026-10-01,74,23:30,voice,1,1,1,0,12,100,1926,1926
2026-10-01,74,00:00,chat,1,1,0,0,1785,0,1700,531
2026-10-01,74,00:30,chat,1,1,1,0,50,100,1656,517
2026-10-01,74,01:00,chat,2,2,1,0,427,50,1670,522
2026-10-01,74,01:30,chat,1,1,1,0,47,100,1762,551
2026-10-01,74,02:00,chat,1,1,0,0,1447,0,1642,513
2026-10-01,74,02:30,chat,1,1,0,0,1497,0,1612,504
2026-10-01,74,03:00,chat,1,1,1,0,47,100,1436,449
2026-10-01,74,03:30,chat,1,1,0,0,1559,0,1651,516
2026-10-01,74,04:00,chat,1,1,1,0,46,100,1648,515
2026-10-01,74,04:30,chat,1,1,1,0,52,100,1487,465
2026-10-01,74,05:00,chat,1,1,0,0,1349,0,1475,461
2026-10-01,74,05:30,chat,2,2,1,0,384,50,1715,536
2026-10-01,74,06:00,chat,1,1,0,0,1778,0,1805,564
2026-10-01,74,06:30,chat,2,2,1,0,383,50,1616,505
2026-10-01,74,07:00,chat,2,2,1,0,426,50,1760,550
2026-10-01,74,07:30,chat,3,2,1,1,895,33.3,1617,505
2026-10-01,74,08:00,chat,4,3,1,1,995,25,1882,588
2026-10-01,74,08:30,chat,7,4,0,3,1431,0,1725,539
2026-10-01,74,09:00,chat,8,4,0,4,1507,0,1658,518
2026-10-01,74,09:30,chat,10,6,0,4,1427,0,1859,581
2026-10-01,74,10:00,chat,10,6,0,4,1352,0,1711,535
2026-10-01,74,10:30,chat,11,6,0,5,1467,0,1744,545
2026-10-01,74,11:00,chat,13,8,1,5,1318,7.7,1698,531
2026-10-01,74,11:30,chat,13,7,1,6,1225,7.7,1813,567
2026-10-01,74,12:00,chat,8,4,0,4,1529,0,1731,541
2026-10-01,74,12:30,chat,9,5,0,4,1697,0,1751,547
2026-10-01,74,13:00,chat,10,6,1,4,1328,10,1793,560
2026-10-01,74,13:30,chat,9,5,0,4,1504,0,1719,537
2026-10-01,74,14:00,chat,12,7,1,5,1109,8.3,1715,536
2026-10-01,74,14:30,chat,8,4,0,4,1491,0,1725,539
2026-10-01,74,15:00,chat,10,5,0,5,1578,0,1632,510
2026-10-01,74,15:30,chat,9,5,1,4,1163,11.1,1588,496
2026-10-01,74,16:00,chat,8,4,0,4,1894,0,1834,573
2026-10-01,74,16:30,chat,8,5,1,3,1179,12.5,1640,512
2026-10-01,74,17:00,chat,5,3,0,2,1858,0,1615,505
2026-10-01,74,17:30,chat,5,3,1,2,883,20,1606,502
2026-10-01,74,18:00,chat,3,2,1,1,630,33.3,1699,531
2026-10-01,74,18:30,chat,2,2,1,0,503,50,1607,502
2026-10-01,74,19:00,chat,2,2,1,0,398,50,1693,529
2026-10-01,74,19:30,chat,2,2,1,0,427,50,1501,469
2026-10-01,74,20:00,chat,1,1,0,0,1426,0,1666,521
2026-10-01,74,20:30,chat,1,1,0,0,1386,0,1722,538
2026-10-01,74,21:00,chat,1,1,1,0,45,100,1433,448
2026-10-01,74,21:30,chat,1,1,0,0,1524,0,1616,505
2026-10-01,74,22:00,chat,1,1,0,0,1458,0,1641,513
2026-10-01,74,22:30,chat,1,1,1,0,39,100,1655,517
2026-10-01,74,23:00,chat,1,1,0,0,1386,0,1615,505
2026-10-01,74,23:30,chat,1,1,1,0,50,100,1541,481
2026-10-02,75,00:00,voice,1,1,1,0,12,100,1689,1689
2026-10-02,75,00:30,voice,1,1,1,0,12,100,1784,1784
2026-10-02,75,01:00,voice,1,1,1,0,10,100,1956,1956
2026-10-02,75,01:30,voice,1,1,1,0,14,100,1978,1978
2026-10-02,75,02:00,voice,1,1,1,0,12,100,1934,1934
2026-10-02,75,02:30,voice,1,1,1,0,10,100,1707,1707
2026-10-02,75,03:00,voice,1,1,1,0,13,100,2119,2119
2026-10-02,75,03:30,voice,1,1,1,0,14,100,1886,1886
2026-10-02,75,04:00,voice,1,1,1,0,15,100,2048,2048
2026-10-02,75,04:30,voice,1,1,1,0,11,100,1972,1972
2026-10-02,75,05:00,voice,1,1,1,0,13,100,1863,1863
2026-10-02,75,05:30,voice,1,1,1,0,13,100,2078,2078
2026-10-02,75,06:00,voice,1,1,1,0,11,100,2034,2034
2026-10-02,75,06:30,voice,1,1,1,0,12,100,1904,1904
2026-10-02,75,07:00,voice,1,1,1,0,10,100,1831,1831
2026-10-02,75,07:30,voice,2,2,2,0,12,100,1853,1853
2026-10-02,75,08:00,voice,3,3,3,0,12,100,1927,1927
2026-10-02,75,08:30,voice,3,3,3,0,13,100,1991,1991
2026-10-02,75,09:00,voice,5,5,4,0,38,80,1892,1892
2026-10-02,75,09:30,voice,6,5,3,1,250,50,1887,1887
2026-10-02,75,10:00,voice,6,5,3,1,222,50,1939,1939
2026-10-02,75,10:30,voice,7,6,5,1,72,71.4,1821,1821
2026-10-02,75,11:00,voice,6,5,3,1,293,50,2018,2018
2026-10-02,75,11:30,voice,6,5,3,1,238,50,1826,1826
2026-10-02,75,12:00,voice,6,6,6,0,11,100,1765,1765
2026-10-02,75,12:30,voice,5,5,3,0,147,60,1888,1888
2026-10-02,75,13:00,voice,7,6,5,1,87,71.4,1971,1971
2026-10-02,75,13:30,voice,5,5,5,0,13,100,1913,1913
2026-10-02,75,14:00,voice,6,6,6,0,13,100,1936,1936
2026-10-02,75,14:30,voice,6,5,3,1,234,50,1920,1920
2026-10-02,75,15:00,voice,5,5,3,0,178,60,1926,1926
2026-10-02,75,15:30,voice,5,5,3,0,165,60,1885,1885
2026-10-02,75,16:00,voice,5,4,3,1,161,60,1913,1913
2026-10-02,75,16:30,voice,5,5,5,0,10,100,1939,1939
2026-10-02,75,17:00,voice,4,4,4,0,12,100,1987,1987
2026-10-02,75,17:30,voice,3,3,3,0,12,100,1947,1947
2026-10-02,75,18:00,voice,2,2,2,0,12,100,2144,2144
2026-10-02,75,18:30,voice,1,1,1,0,12,100,1901,1901
2026-10-02,75,19:00,voice,1,1,1,0,12,100,1897,1897
2026-10-02,75,19:30,voice,1,1,1,0,13,100,1911,1911
2026-10-02,75,20:00,voice,1,1,1,0,13,100,1989,1989
2026-10-02,75,20:30,voice,1,1,1,0,12,100,1899,1899
2026-10-02,75,21:00,voice,1,1,1,0,13,100,1953,1953
2026-10-02,75,21:30,voice,1,1,1,0,10,100,1876,1876
2026-10-02,75,22:00,voice,1,1,1,0,10,100,1754,1754
2026-10-02,75,22:30,voice,1,1,1,0,13,100,1809,1809
2026-10-02,75,23:00,voice,1,1,1,0,12,100,1818,1818
2026-10-02,75,23:30,voice,1,1,1,0,11,100,1972,1972
2026-10-02,75,00:00,chat,1,1,1,0,52,100,1602,590
2026-10-02,75,00:30,chat,1,1,1,0,51,100,1565,576
2026-10-02,75,01:00,chat,1,1,1,0,46,100,1761,649
2026-10-02,75,01:30,chat,1,1,1,0,48,100,1443,532
2026-10-02,75,02:00,chat,1,1,1,0,37,100,1537,566
2026-10-02,75,02:30,chat,1,1,1,0,43,100,1613,594
2026-10-02,75,03:00,chat,1,1,1,0,41,100,1684,620
2026-10-02,75,03:30,chat,1,1,1,0,46,100,1487,548
2026-10-02,75,04:00,chat,1,1,1,0,44,100,1531,564
2026-10-02,75,04:30,chat,1,1,1,0,53,100,1580,582
2026-10-02,75,05:00,chat,1,1,1,0,49,100,1394,514
2026-10-02,75,05:30,chat,1,1,1,0,60,100,1722,635
2026-10-02,75,06:00,chat,1,1,1,0,45,100,1509,556
2026-10-02,75,06:30,chat,1,1,1,0,42,100,1462,539
2026-10-02,75,07:00,chat,1,1,1,0,52,100,1517,559
2026-10-02,75,07:30,chat,2,2,2,0,43,100,1517,559
2026-10-02,75,08:00,chat,2,2,2,0,51,100,1731,638
2026-10-02,75,08:30,chat,5,4,4,1,88,80,1718,633
2026-10-02,75,09:00,chat,5,4,2,1,591,40,1643,605
2026-10-02,75,09:30,chat,6,5,1,1,1149,16.7,1551,571
2026-10-02,75,10:00,chat,8,6,4,2,440,50,1641,605
2026-10-02,75,10:30,chat,8,7,5,1,245,62.5,1639,604
2026-10-02,75,11:00,chat,9,7,1,2,1198,11.1,1417,522
2026-10-02,75,11:30,chat,8,6,2,2,973,25,1680,619
2026-10-02,75,12:00,chat,7,5,1,2,1128,14.3,1585,584
2026-10-02,75,12:30,chat,7,6,2,1,733,28.6,1573,579
2026-10-02,75,13:00,chat,5,4,2,1,740,40,1759,648
2026-10-02,75,13:30,chat,7,6,5,1,185,71.4,1651,608
2026-10-02,75,14:00,chat,6,5,1,1,1117,16.7,1796,662
2026-10-02,75,14:30,chat,8,7,5,1,218,62.5,1623,598
2026-10-02,75,15:00,chat,8,6,1,2,1181,12.5,1436,529
2026-10-02,75,15:30,chat,8,6,2,2,788,25,1685,621
2026-10-02,75,16:00,chat,8,7,7,1,67,87.5,1703,627
2026-10-02,75,16:30,chat,6,5,5,1,86,83.3,1655,610
2026-10-02,75,17:00,chat,4,3,3,1,128,75,1692,623
2026-10-02,75,17:30,chat,3,3,2,0,224,66.7,1701,627
2026-10-02,75,18:00,chat,2,2,2,0,49,100,1652,609
2026-10-02,75,18:30,chat,2,2,2,0,47,100,1573,580
2026-10-02,75,19:00,chat,1,1,1,0,54,100,1518,559
2026-10-02,75,19:30,chat,1,1,1,0,52,100,1670,615
2026-10-02,75,20:00,chat,1,1,1,0,41,100,1749,644
2026-10-02,75,20:30,chat,1,1,1,0,38,100,1783,657
2026-10-02,75,21:00,chat,1,1,1,0,42,100,1701,627
2026-10-02,75,21:30,chat,1,1,1,0,40,100,1496,551
2026-10-02,75,22:00,chat,1,1,1,0,51,100,1572,579
2026-10-02,75,22:30,chat,1,1,1,0,47,100,1722,634
2026-10-02,75,23:00,chat,1,1,1,0,43,100,1658,611
2026-10-02,75,23:30,chat,1,1,1,0,40,100,1527,563
2026-10-03,76,00:00,voice,0,0,0,0,0,0,0,0
2026-10-03,76,00:30,voice,0,0,0,0,0,0,0,0
2026-10-03,76,01:00,voice,0,0,0,0,0,0,0,0
2026-10-03,76,01:30,voice,0,0,0,0,0,0,0,0
2026-10-03,76,02:00,voice,1,1,1,0,14,100,1869,1869
2026-10-03,76,02:30,voice,0,0,0,0,0,0,0,0
2026-10-03,76,03:00,voice,0,0,0,0,0,0,0,0
2026-10-03,76,03:30,voice,1,1,1,0,13,100,1829,1829
2026-10-03,76,04:00,voice,1,1,1,0,12,100,1974,1974
2026-10-03,76,04:30,voice,0,0,0,0,0,0,0,0
2026-10-03,76,05:00,voice,0,0,0,0,0,0,0,0
2026-10-03,76,05:30,voice,0,0,0,0,0,0,0,0
2026-10-03,76,06:00,voice,1,1,1,0,14,100,2039,2039
2026-10-03,76,06:30,voice,1,1,1,0,10,100,2087,2087
2026-10-03,76,07:00,voice,1,1,1,0,11,100,1739,1739
2026-10-03,76,07:30,voice,1,1,1,0,12,100,1763,1763
2026-10-03,76,08:00,voice,1,1,1,0,12,100,1771,1771
2026-10-03,76,08:30,voice,2,2,2,0,12,100,1845,1845
2026-10-03,76,09:00,voice,3,3,2,0,112,66.7,1753,1753
2026-10-03,76,09:30,voice,2,2,2,0,14,100,1869,1869
2026-10-03,76,10:00,voice,4,4,4,0,16,100,1925,1925
2026-10-03,76,10:30,voice,3,3,3,0,12,100,2069,2069
2026-10-03,76,11:00,voice,4,3,3,1,70,75,2022,2022
2026-10-03,76,11:30,voice,3,3,3,0,11,100,2159,2159
2026-10-03,76,12:00,voice,3,3,3,0,9,100,1951,1951
2026-10-03,76,12:30,voice,2,2,2,0,12,100,1840,1840
2026-10-03,76,13:00,voice,3,3,2,0,124,66.7,2090,2090
2026-10-03,76,13:30,voice,3,3,3,0,12,100,2107,2107
2026-10-03,76,14:00,voice,3,2,2,1,117,66.7,1761,1761
2026-10-03,76,14:30,voice,3,3,3,0,13,100,1946,1946
2026-10-03,76,15:00,voice,3,3,3,0,12,100,1792,1792
2026-10-03,76,15:30,voice,3,3,3,0,11,100,1741,1741
2026-10-03,76,16:00,voice,2,2,2,0,12,100,2020,2020
2026-10-03,76,16:30,voice,2,2,2,0,10,100,1844,1844
2026-10-03,76,17:00,voice,2,2,2,0,13,100,1837,1837
2026-10-03,76,17:30,voice,1,1,1,0,11,100,1888,1888
2026-10-03,76,18:00,voice,1,1,1,0,11,100,1890,1890
2026-10-03,76,18:30,voice,1,1,1,0,12,100,1957,1957
2026-10-03,76,19:00,voice,1,1,1,0,11,100,1714,1714
2026-10-03,76,19:30,voice,0,0,0,0,0,0,0,0
2026-10-03,76,20:00,voice,1,1,1,0,13,100,2065,2065
2026-10-03,76,20:30,voice,0,0,0,0,0,0,0,0
2026-10-03,76,21:00,voice,0,0,0,0,0,0,0,0
2026-10-03,76,21:30,voice,0,0,0,0,0,0,0,0
2026-10-03,76,22:00,voice,0,0,0,0,0,0,0,0
2026-10-03,76,22:30,voice,0,0,0,0,0,0,0,0
2026-10-03,76,23:00,voice,0,0,0,0,0,0,0,0
2026-10-03,76,23:30,voice,1,1,1,0,11,100,1792,1792
2026-10-03,76,00:00,chat,0,0,0,0,0,0,0,0
2026-10-03,76,00:30,chat,0,0,0,0,0,0,0,0
2026-10-03,76,01:00,chat,1,1,1,0,48,100,1002,501
2026-10-03,76,01:30,chat,0,0,0,0,0,0,0,0
2026-10-03,76,02:00,chat,0,0,0,0,0,0,0,0
2026-10-03,76,02:30,chat,0,0,0,0,0,0,0,0
2026-10-03,76,03:00,chat,1,1,1,0,45,100,1085,542
2026-10-03,76,03:30,chat,0,0,0,0,0,0,0,0
2026-10-03,76,04:00,chat,1,1,1,0,47,100,1144,572
2026-10-03,76,04:30,chat,0,0,0,0,0,0,0,0
2026-10-03,76,05:00,chat,1,1,1,0,40,100,1241,621
2026-10-03,76,05:30,chat,0,0,0,0,0,0,0,0
2026-10-03,76,06:00,chat,1,1,1,0,43,100,1006,503
2026-10-03,76,06:30,chat,1,1,1,0,45,100,1043,521
2026-10-03,76,07:00,chat,1,1,1,0,49,100,1067,533
2026-10-03,76,07:30,chat,1,1,1,0,47,100,1017,508
2026-10-03,76,08:00,chat,1,1,1,0,36,100,1140,570
2026-10-03,76,08:30,chat,2,2,2,0,46,100,1075,538
2026-10-03,76,09:00,chat,3,3,3,0,45,100,1132,566
2026-10-03,76,09:30,chat,4,4,4,0,42,100,1075,538
2026-10-03,76,10:00,chat,3,3,3,0,41,100,1152,576
2026-10-03,76,10:30,chat,4,4,4,0,44,100,1243,621
2026-10-03,76,11:00,chat,4,4,4,0,40,100,1223,611
2026-10-03,76,11:30,chat,4,3,3,1,115,75,1084,542
2026-10-03,76,12:00,chat,3,3,3,0,49,100,1044,522
2026-10-03,76,12:30,chat,3,3,2,0,218,66.7,1136,568
2026-10-03,76,13:00,chat,3,3,3,0,49,100,1132,566
2026-10-03,76,13:30,chat,3,3,3,0,46,100,1100,550
2026-10-03,76,14:00,chat,4,4,4,0,40,100,1121,560
2026-10-03,76,14:30,chat,3,3,3,0,48,100,1077,539
2026-10-03,76,15:00,chat,3,3,3,0,46,100,972,486
2026-10-03,76,15:30,chat,3,2,2,1,232,66.7,949,474
2026-10-03,76,16:00,chat,3,3,3,0,47,100,981,491
2026-10-03,76,16:30,chat,2,2,2,0,49,100,1084,542
2026-10-03,76,17:00,chat,2,2,2,0,47,100,1188,594
2026-10-03,76,17:30,chat,2,2,2,0,46,100,1050,525
2026-10-03,76,18:00,chat,1,1,1,0,54,100,1024,512
2026-10-03,76,18:30,chat,1,1,1,0,43,100,1017,508
2026-10-03,76,19:00,chat,1,1,1,0,46,100,1004,502
2026-10-03,76,19:30,chat,1,1,1,0,46,100,958,479
2026-10-03,76,20:00,chat,1,1,1,0,46,100,1120,560
2026-10-03,76,20:30,chat,1,1,1,0,37,100,1083,542
2026-10-03,76,21:00,chat,1,1,1,0,40,100,1086,543
2026-10-03,76,21:30,chat,0,0,0,0,0,0,0,0
2026-10-03,76,22:00,chat,0,0,0,0,0,0,0,0
2026-10-03,76,22:30,chat,0,0,0,0,0,0,0,0
2026-10-03,76,23:00,chat,0,0,0,0,0,0,0,0
2026-10-03,76,23:30,chat,1,1,1,0,46,100,1019,510
2026-10-04,77,00:00,voice,0,0,0,0,0,0,0,0
2026-10-04,77,00:30,voice,1,1,1,0,13,100,2009,2009
2026-10-04,77,01:00,voice,1,1,1,0,14,100,1864,1864
2026-10-04,77,01:30,voice,0,0,0,0,0,0,0,0
2026-10-04,77,02:00,voice,0,0,0,0,0,0,0,0
2026-10-04,77,02:30,voice,0,0,0,0,0,0,0,0
2026-10-04,77,03:00,voice,0,0,0,0,0,0,0,0
2026-10-04,77,03:30,voice,0,0,0,0,0,0,0,0
2026-10-04,77,04:00,voice,0,0,0,0,0,0,0,0
2026-10-04,77,04:30,voice,0,0,0,0,0,0,0,0
2026-10-04,77,05:00,voice,0,0,0,0,0,0,0,0
2026-10-04,77,05:30,voice,0,0,0,0,0,0,0,0
2026-10-04,77,06:00,voice,1,1,1,0,14,100,1863,1863
2026-10-04,77,06:30,voice,1,1,1,0,12,100,2130,2130
2026-10-04,77,07:00,voice,1,1,1,0,13,100,1975,1975
2026-10-04,77,07:30,voice,1,1,1,0,13,100,2022,2022
2026-10-04,77,08:00,voice,1,1,1,0,11,100,1998,1998
2026-10-04,77,08:30,voice,2,2,2,0,12,100,1963,1963
2026-10-04,77,09:00,voice,3,3,3,0,13,100,1829,1829
2026-10-04,77,09:30,voice,3,3,3,0,13,100,2073,2073
2026-10-04,77,10:00,voice,4,3,3,1,64,75,1970,1970
2026-10-04,77,10:30,voice,3,3,3,0,13,100,1956,1956
2026-10-04,77,11:00,voice,4,4,4,0,11,100,1923,1923
2026-10-04,77,11:30,voice,4,4,4,0,12,100,1855,1855
2026-10-04,77,12:00,voice,4,4,4,0,12,100,2024,2024
2026-10-04,77,12:30,voice,2,2,2,0,11,100,1949,1949
2026-10-04,77,13:00,voice,3,2,2,1,97,66.7,1928,1928
2026-10-04,77,13:30,voice,2,2,2,0,10,100,1769,1769
2026-10-04,77,14:00,voice,3,3,3,0,14,100,2031,2031
2026-10-04,77,14:30,voice,3,3,2,0,129,66.7,1769,1769
2026-10-04,77,15:00,voice,3,3,3,0,14,100,1824,1824
2026-10-04,77,15:30,voice,3,3,3,0,12,100,1931,1931
2026-10-04,77,16:00,voice,3,3,3,0,12,100,1770,1770
2026-10-04,77,16:30,voice,3,3,3,0,14,100,1728,1728
2026-10-04,77,17:00,voice,2,2,2,0,13,100,1995,1995
2026-10-04,77,17:30,voice,2,2,2,0,13,100,1940,1940
2026-10-04,77,18:00,voice,1,1,1,0,10,100,1699,1699
2026-10-04,77,18:30,voice,1,1,1,0,12,100,1816,1816
2026-10-04,77,19:00,voice,1,1,1,0,15,100,1966,1966
2026-10-04,77,19:30,voice,1,1,1,0,13,100,1878,1878
2026-10-04,77,20:00,voice,1,1,1,0,11,100,2133,2133
2026-10-04,77,20:30,voice,1,1,1,0,11,100,2027,2027
2026-10-04,77,21:00,voice,0,0,0,0,0,0,0,0
2026-10-04,77,21:30,voice,1,1,1,0,10,100,1837,1837
2026-10-04,77,22:00,voice,0,0,0,0,0,0,0,0
2026-10-04,77,22:30,voice,0,0,0,0,0,0,0,0
2026-10-04,77,23:00,voice,0,0,0,0,0,0,0,0
2026-10-04,77,23:30,voice,0,0,0,0,0,0,0,0
2026-10-04,77,00:00,chat,0,0,0,0,0,0,0,0
2026-10-04,77,00:30,chat,0,0,0,0,0,0,0,0
2026-10-04,77,01:00,chat,1,1,1,0,36,100,1080,540
2026-10-04,77,01:30,chat,1,1,1,0,45,100,1071,536
2026-10-04,77,02:00,chat,0,0,0,0,0,0,0,0
2026-10-04,77,02:30,chat,0,0,0,0,0,0,0,0
2026-10-04,77,03:00,chat,1,1,1,0,46,100,1063,532
2026-10-04,77,03:30,chat,0,0,0,0,0,0,0,0
2026-10-04,77,04:00,chat,0,0,0,0,0,0,0,0
2026-10-04,77,04:30,chat,0,0,0,0,0,0,0,0
2026-10-04,77,05:00,chat,0,0,0,0,0,0,0,0
2026-10-04,77,05:30,chat,1,1,1,0,47,100,1152,576
2026-10-04,77,06:00,chat,0,0,0,0,0,0,0,0
2026-10-04,77,06:30,chat,1,1,1,0,32,100,1025,512
2026-10-04,77,07:00,chat,1,1,1,0,40,100,1105,552
2026-10-04,77,07:30,chat,1,1,1,0,43,100,1105,553
2026-10-04,77,08:00,chat,1,1,1,0,43,100,1085,542
2026-10-04,77,08:30,chat,2,2,2,0,45,100,1168,584
2026-10-04,77,09:00,chat,3,3,3,0,40,100,1052,526
2026-10-04,77,09:30,chat,4,4,4,0,48,100,1028,514
2026-10-04,77,10:00,chat,4,3,3,1,141,75,998,499
2026-10-04,77,10:30,chat,6,6,6,0,44,100,1045,522
2026-10-04,77,11:00,chat,4,4,4,0,41,100,1169,584
2026-10-04,77,11:30,chat,4,4,4,0,51,100,1012,506
2026-10-04,77,12:00,chat,4,3,3,1,161,75,1145,572
2026-10-04,77,12:30,chat,4,4,4,0,45,100,978,489
2026-10-04,77,13:00,chat,3,3,2,0,197,66.7,1099,549
2026-10-04,77,13:30,chat,3,3,3,0,40,100,1151,576
2026-10-04,77,14:00,chat,3,3,3,0,50,100,1114,557
2026-10-04,77,14:30,chat,4,4,4,0,47,100,1040,520
2026-10-04,77,15:00,chat,4,4,4,0,49,100,1188,594
2026-10-04,77,15:30,chat,4,4,3,0,138,75,1003,501
2026-10-04,77,16:00,chat,4,3,3,1,124,75,1130,565
2026-10-04,77,16:30,chat,3,3,3,0,42,100,1009,504
2026-10-04,77,17:00,chat,2,2,2,0,45,100,1056,528
2026-10-04,77,17:30,chat,2,2,2,0,52,100,1117,559
2026-10-04,77,18:00,chat,1,1,1,0,51,100,1184,592
2026-10-04,77,18:30,chat,1,1,1,0,43,100,1034,517
2026-10-04,77,19:00,chat,1,1,1,0,38,100,1112,556
2026-10-04,77,19:30,chat,1,1,1,0,43,100,1085,542
2026-10-04,77,20:00,chat,1,1,1,0,46,100,1043,522
2026-10-04,77,20:30,chat,1,1,1,0,43,100,1151,575
2026-10-04,77,21:00,chat,0,0,0,0,0,0,0,0
2026-10-04,77,21:30,chat,0,0,0,0,0,0,0,0
2026-10-04,77,22:00,chat,0,0,0,0,0,0,0,0
2026-10-04,77,22:30,chat,1,1,1,0,42,100,1108,554
2026-10-04,77,23:00,chat,0,0,0,0,0,0,0,0
2026-10-04,77,23:30,chat,0,0,0,0,0,0,0,0
2026-10-05,78,00:00,voice,1,1,1,0,12,100,1992,1992
2026-10-05,78,00:30,voice,1,1,1,0,12,100,1828,1828
2026-10-05,78,01:00,voice,1,1,1,0,12,100,1799,1799
2026-10-05,78,01:30,voice,1,1,1,0,11,100,2061,2061
2026-10-05,78,02:00,voice,1,1,1,0,12,100,1835,1835
2026-10-05,78,02:30,voice,1,1,1,0,12,100,1950,1950
2026-10-05,78,03:00,voice,1,1,1,0,13,100,1645,1645
2026-10-05,78,03:30,voice,1,1,1,0,10,100,1848,1848
2026-10-05,78,04:00,voice,1,1,1,0,12,100,1875,1875
2026-10-05,78,04:30,voice,1,1,1,0,12,100,1831,1831
2026-10-05,78,05:00,voice,1,1,1,0,10,100,2375,2375
2026-10-05,78,05:30,voice,1,1,1,0,11,100,2199,2199
2026-10-05,78,06:00,voice,1,1,1,0,11,100,1937,1937
2026-10-05,78,06:30,voice,1,1,1,0,12,100,2064,2064
2026-10-05,78,07:00,voice,1,1,1,0,11,100,1799,1799
2026-10-05,78,07:30,voice,2,2,2,0,12,100,1952,1952
2026-10-05,78,08:00,voice,2,2,2,0,13,100,1989,1989
2026-10-05,78,08:30,voice,4,4,4,0,13,100,2118,2118
2026-10-05,78,09:00,voice,7,7,7,0,12,100,1912,1912
2026-10-05,78,09:30,voice,6,6,6,0,11,100,1955,1955
2026-10-05,78,10:00,voice,9,8,5,1,214,55.6,2025,2025
2026-10-05,78,10:30,voice,9,8,5,1,190,55.6,2077,2077
2026-10-05,78,11:00,voice,9,8,3,1,410,33.3,2142,2142
2026-10-05,78,11:30,voice,8,7,7,1,24,87.5,1915,1915
2026-10-05,78,12:00,voice,8,8,8,0,13,100,1938,1938
2026-10-05,78,12:30,voice,7,7,7,0,11,100,2068,2068
2026-10-05,78,13:00,voice,7,7,7,0,10,100,1952,1952
2026-10-05,78,13:30,voice,4,4,2,0,253,50,2150,2150
2026-10-05,78,14:00,voice,7,6,5,1,87,71.4,2134,2134
2026-10-05,78,14:30,voice,8,7,7,1,30,87.5,2173,2173
2026-10-05,78,15:00,voice,8,7,7,1,28,87.5,2034,2034
2026-10-05,78,15:30,voice,6,6,6,0,13,100,1813,1813
2026-10-05,78,16:00,voice,7,7,6,0,32,85.7,1933,1933
2026-10-05,78,16:30,voice,4,4,4,0,11,100,1901,1901
2026-10-05,78,17:00,voice,4,4,4,0,11,100,1984,1984
2026-10-05,78,17:30,voice,3,3,3,0,14,100,1952,1952
2026-10-05,78,18:00,voice,2,2,2,0,13,100,2057,2057
2026-10-05,78,18:30,voice,1,1,1,0,11,100,2209,2209
2026-10-05,78,19:00,voice,1,1,1,0,13,100,1810,1810
2026-10-05,78,19:30,voice,1,1,1,0,12,100,2004,2004
2026-10-05,78,20:00,voice,1,1,1,0,13,100,2050,2050
2026-10-05,78,20:30,voice,1,1,1,0,10,100,1956,1956
2026-10-05,78,21:00,voice,1,1,1,0,14,100,1955,1955
2026-10-05,78,21:30,voice,1,1,1,0,13,100,2065,2065
2026-10-05,78,22:00,voice,1,1,1,0,12,100,1976,1976
2026-10-05,78,22:30,voice,1,1,1,0,11,100,1881,1881
2026-10-05,78,23:00,voice,1,1,1,0,12,100,1793,1793
2026-10-05,78,23:30,voice,1,1,1,0,13,100,1922,1922
2026-10-05,78,00:00,chat,1,1,1,0,45,100,1609,621
2026-10-05,78,00:30,chat,1,1,1,0,55,100,1269,490
2026-10-05,78,01:00,chat,1,1,1,0,40,100,1326,512
2026-10-05,78,01:30,chat,1,1,1,0,44,100,1238,478
2026-10-05,78,02:00,chat,1,1,1,0,46,100,1443,557
2026-10-05,78,02:30,chat,1,1,1,0,45,100,1316,508
2026-10-05,78,03:00,chat,1,1,1,0,47,100,1440,556
2026-10-05,78,03:30,chat,1,1,1,0,40,100,1328,512
2026-10-05,78,04:00,chat,1,1,1,0,40,100,1453,561
2026-10-05,78,04:30,chat,1,1,1,0,50,100,1360,525
2026-10-05,78,05:00,chat,1,1,1,0,55,100,1394,538
2026-10-05,78,05:30,chat,1,1,1,0,57,100,1420,548
2026-10-05,78,06:00,chat,1,1,1,0,41,100,1473,569
2026-10-05,78,06:30,chat,1,1,1,0,41,100,1342,518
2026-10-05,78,07:00,chat,2,2,2,0,47,100,1494,576
2026-10-05,78,07:30,chat,3,3,3,0,47,100,1432,553
2026-10-05,78,08:00,chat,3,3,3,0,51,100,1367,527
2026-10-05,78,08:30,chat,4,4,4,0,37,100,1364,526
2026-10-05,78,09:00,chat,7,6,4,1,337,57.1,1401,540
2026-10-05,78,09:30,chat,8,7,7,1,66,87.5,1381,533
2026-10-05,78,10:00,chat,9,7,3,2,668,33.3,1479,571
2026-10-05,78,10:30,chat,10,8,1,2,1216,10,1441,556
2026-10-05,78,11:00,chat,8,6,2,2,1064,25,1376,531
2026-10-05,78,11:30,chat,8,7,3,1,592,37.5,1315,507
2026-10-05,78,12:00,chat,7,6,3,1,583,42.9,1437,555
2026-10-05,78,12:30,chat,8,7,6,1,162,75,1305,504
2026-10-05,78,13:00,chat,9,7,4,2,619,44.4,1505,581
2026-10-05,78,13:30,chat,7,6,5,1,164,71.4,1390,536
2026-10-05,78,14:00,chat,11,10,10,1,60,90.9,1417,547
2026-10-05,78,14:30,chat,9,8,8,1,58,88.9,1500,579
2026-10-05,78,15:00,chat,11,9,3,2,659,27.3,1348,520
2026-10-05,78,15:30,chat,9,7,3,2,658,33.3,1249,482
2026-10-05,78,16:00,chat,7,6,3,1,520,42.9,1268,489
2026-10-05,78,16:30,chat,6,5,1,1,1165,16.7,1228,474
2026-10-05,78,17:00,chat,7,7,7,0,42,100,1452,561
2026-10-05,78,17:30,chat,4,4,4,0,41,100,1318,509
2026-10-05,78,18:00,chat,3,3,3,0,45,100,1535,593
2026-10-05,78,18:30,chat,2,2,2,0,44,100,1440,556
2026-10-05,78,19:00,chat,1,1,1,0,42,100,1337,516
2026-10-05,78,19:30,chat,2,2,2,0,44,100,1429,551
2026-10-05,78,20:00,chat,1,1,1,0,45,100,1569,606
2026-10-05,78,20:30,chat,1,1,1,0,40,100,1401,541
2026-10-05,78,21:00,chat,2,2,2,0,53,100,1418,547
2026-10-05,78,21:30,chat,1,1,1,0,48,100,1378,532
2026-10-05,78,22:00,chat,1,1,1,0,41,100,1526,589
2026-10-05,78,22:30,chat,1,1,1,0,42,100,1245,480
2026-10-05,78,23:00,chat,1,1,1,0,49,100,1348,520
2026-10-05,78,23:30,chat,1,1,1,0,41,100,1327,512
2026-10-06,79,00:00,voice,1,1,1,0,11,100,2086,2086
2026-10-06,79,00:30,voice,1,1,1,0,12,100,2169,2169
2026-10-06,79,01:00,voice,1,1,1,0,14,100,1934,1934
2026-10-06,79,01:30,voice,1,1,1,0,11,100,2075,2075
2026-10-06,79,02:00,voice,1,1,1,0,11,100,1976,1976
2026-10-06,79,02:30,voice,1,1,1,0,11,100,1961,1961
2026-10-06,79,03:00,voice,1,1,1,0,12,100,1865,1865
2026-10-06,79,03:30,voice,1,1,1,0,13,100,1755,1755
2026-10-06,79,04:00,voice,1,1,1,0,12,100,1882,1882
2026-10-06,79,04:30,voice,1,1,1,0,12,100,2044,2044
2026-10-06,79,05:00,voice,1,1,1,0,12,100,2056,2056
2026-10-06,79,05:30,voice,1,1,1,0,12,100,2083,2083
2026-10-06,79,06:00,voice,1,1,1,0,12,100,2057,2057
2026-10-06,79,06:30,voice,1,1,1,0,14,100,2049,2049
2026-10-06,79,07:00,voice,2,2,2,0,11,100,2031,2031
2026-10-06,79,07:30,voice,2,2,2,0,11,100,2048,2048
2026-10-06,79,08:00,voice,4,4,4,0,11,100,1859,1859
2026-10-06,79,08:30,voice,4,4,4,0,13,100,1947,1947
2026-10-06,79,09:00,voice,6,5,3,1,239,50,1864,1864
2026-10-06,79,09:30,voice,7,6,3,1,335,42.9,1845,1845
2026-10-06,79,10:00,voice,8,7,4,1,251,50,2052,2052
2026-10-06,79,10:30,voice,9,8,6,1,138,66.7,2124,2124
2026-10-06,79,11:00,voice,10,9,7,1,93,70,1889,1889
2026-10-06,79,11:30,voice,8,7,3,1,441,37.5,1737,1737
2026-10-06,79,12:00,voice,8,7,5,1,144,62.5,2075,2075
2026-10-06,79,12:30,voice,9,8,8,1,25,88.9,2224,2224
2026-10-06,79,13:00,voice,6,6,6,0,13,100,1918,1918
2026-10-06,79,13:30,voice,7,6,4,1,165,57.1,1976,1976
2026-10-06,79,14:00,voice,7,6,3,1,281,42.9,1924,1924
2026-10-06,79,14:30,voice,6,5,4,1,134,66.7,2022,2022
2026-10-06,79,15:00,voice,8,8,8,0,12,100,1800,1800
2026-10-06,79,15:30,voice,10,9,6,1,156,60,1971,1971
2026-10-06,79,16:00,voice,7,7,7,0,13,100,1786,1786
2026-10-06,79,16:30,voice,6,6,5,0,37,83.3,2048,2048
2026-10-06,79,17:00,voice,4,4,3,0,72,75,1736,1736
2026-10-06,79,17:30,voice,4,4,4,0,11,100,1814,1814
2026-10-06,79,18:00,voice,2,2,2,0,12,100,2096,2096
2026-10-06,79,18:30,voice,2,2,2,0,13,100,2144,2144
2026-10-06,79,19:00,voice,1,1,1,0,15,100,1945,1945
2026-10-06,79,19:30,voice,1,1,1,0,9,100,1963,1963
2026-10-06,79,20:00,voice,1,1,1,0,12,100,2033,2033
2026-10-06,79,20:30,voice,1,1,1,0,12,100,2094,2094
2026-10-06,79,21:00,voice,1,1,1,0,12,100,2128,2128
2026-10-06,79,21:30,voice,1,1,1,0,13,100,1965,1965
2026-10-06,79,22:00,voice,1,1,1,0,11,100,2054,2054
2026-10-06,79,22:30,voice,1,1,1,0,11,100,1981,1981
2026-10-06,79,23:00,voice,1,1,1,0,11,100,1886,1886
2026-10-06,79,23:30,voice,1,1,1,0,13,100,2060,2060
2026-10-06,79,00:00,chat,1,1,1,0,50,100,1597,583
2026-10-06,79,00:30,chat,1,1,1,0,37,100,1722,629
2026-10-06,79,01:00,chat,1,1,1,0,45,100,1526,557
2026-10-06,79,01:30,chat,1,1,1,0,41,100,1666,608
2026-10-06,79,02:00,chat,1,1,1,0,39,100,1405,513
2026-10-06,79,02:30,chat,1,1,1,0,40,100,1641,599
2026-10-06,79,03:00,chat,1,1,1,0,44,100,1447,528
2026-10-06,79,03:30,chat,1,1,1,0,43,100,1549,565
2026-10-06,79,04:00,chat,1,1,1,0,37,100,1681,613
2026-10-06,79,04:30,chat,1,1,1,0,53,100,1501,548
2026-10-06,79,05:00,chat,1,1,1,0,50,100,1577,575
2026-10-06,79,05:30,chat,1,1,1,0,43,100,1554,567
2026-10-06,79,06:00,chat,1,1,1,0,50,100,1510,551
2026-10-06,79,06:30,chat,2,2,2,0,42,100,1747,637
2026-10-06,79,07:00,chat,2,2,2,0,47,100,1500,547
2026-10-06,79,07:30,chat,3,3,3,0,55,100,1560,569
2026-10-06,79,08:00,chat,3,3,3,0,45,100,1672,610
2026-10-06,79,08:30,chat,5,4,2,1,557,40,1533,559
2026-10-06,79,09:00,chat,7,6,5,1,185,71.4,1653,603
2026-10-06,79,09:30,chat,13,10,5,3,660,38.5,1602,585
2026-10-06,79,10:00,chat,10,8,2,2,1157,20,1533,560
2026-10-06,79,10:30,chat,15,12,5,3,654,33.3,1512,552
2026-10-06,79,11:00,chat,13,10,4,3,789,30.8,1690,617
2026-10-06,79,11:30,chat,11,9,5,2,606,45.5,1512,552
2026-10-06,79,12:00,chat,9,7,4,2,443,44.4,1632,596
2026-10-06,79,12:30,chat,10,8,4,2,626,40,1599,583
2026-10-06,79,13:00,chat,7,6,2,1,746,28.6,1569,573
2026-10-06,79,13:30,chat,8,6,2,2,973,25,1540,562
2026-10-06,79,14:00,chat,8,6,2,2,814,25,1601,584
2026-10-06,79,14:30,chat,10,8,2,2,1073,20,1608,587
2026-10-06,79,15:00,chat,10,8,4,2,499,40,1576,575
2026-10-06,79,15:30,chat,10,8,5,2,387,50,1504,549
2026-10-06,79,16:00,chat,9,7,6,2,185,66.7,1781,650
2026-10-06,79,16:30,chat,6,5,4,1,192,66.7,1876,685
2026-10-06,79,17:00,chat,5,4,2,1,501,40,1604,586
2026-10-06,79,17:30,chat,5,4,4,1,89,80,1624,593
2026-10-06,79,18:00,chat,3,3,3,0,47,100,1664,607
2026-10-06,79,18:30,chat,2,2,2,0,46,100,1732,632
2026-10-06,79,19:00,chat,2,2,2,0,44,100,1532,559
2026-10-06,79,19:30,chat,2,2,2,0,47,100,1584,578
2026-10-06,79,20:00,chat,1,1,1,0,45,100,1653,603
2026-10-06,79,20:30,chat,1,1,1,0,50,100,1567,572
2026-10-06,79,21:00,chat,1,1,1,0,52,100,1599,583
2026-10-06,79,21:30,chat,1,1,1,0,43,100,1671,610
2026-10-06,79,22:00,chat,2,2,2,0,43,100,1558,569
2026-10-06,79,22:30,chat,1,1,1,0,55,100,1633,596
2026-10-06,79,23:00,chat,1,1,1,0,52,100,1690,617
2026-10-06,79,23:30,chat,1,1,1,0,47,100,1566,572
2026-10-07,80,00:00,voice,1,1,0,0,908,0,2011,2011
2026-10-07,80,00:30,voice,1,1,0,0,794,0,1762,1762
2026-10-07,80,01:00,voice,1,1,0,0,906,0,2050,2050
2026-10-07,80,01:30,voice,2,2,1,0,221,50,1937,1937
2026-10-07,80,02:00,voice,1,1,0,0,991,0,1755,1755
2026-10-07,80,02:30,voice,1,1,1,0,11,100,2039,2039
2026-10-07,80,03:00,voice,1,1,1,0,13,100,2060,2060
2026-10-07,80,03:30,voice,1,1,0,0,1129,0,1836,1836
2026-10-07,80,04:00,voice,1,1,0,0,1043,0,1831,1831
2026-10-07,80,04:30,voice,1,1,0,0,957,0,1742,1742
2026-10-07,80,05:00,voice,2,2,1,0,246,50,2093,2093
2026-10-07,80,05:30,voice,1,1,0,0,888,0,2056,2056
2026-10-07,80,06:00,voice,2,2,1,0,265,50,2086,2086
2026-10-07,80,06:30,voice,2,2,1,0,211,50,2045,2045
2026-10-07,80,07:00,voice,2,2,1,0,211,50,2042,2042
2026-10-07,80,07:30,voice,3,2,1,1,402,33.3,1997,1997
2026-10-07,80,08:00,voice,6,3,0,3,884,0,1907,1907
2026-10-07,80,08:30,voice,7,4,0,3,1130,0,2231,2231
2026-10-07,80,09:00,voice,10,5,1,5,775,10,1873,1873
2026-10-07,80,09:30,voice,14,8,1,6,840,7.1,1837,1837
2026-10-07,80,10:00,voice,13,7,1,6,739,7.7,1996,1996
2026-10-07,80,10:30,voice,14,8,1,6,672,7.1,2045,2045
2026-10-07,80,11:00,voice,13,7,1,6,793,7.7,1891,1891
2026-10-07,80,11:30,voice,12,7,1,5,774,8.3,1934,1934
2026-10-07,80,12:00,voice,13,7,0,6,998,0,1790,1790
2026-10-07,80,12:30,voice,10,5,0,5,969,0,1891,1891
2026-10-07,80,13:00,voice,9,5,0,4,954,0,1911,1911
2026-10-07,80,13:30,voice,10,5,0,5,910,0,1670,1670
2026-10-07,80,14:00,voice,11,6,1,5,735,9.1,1833,1833
2026-10-07,80,14:30,voice,12,6,1,6,805,8.3,1779,1779
2026-10-07,80,15:00,voice,10,5,1,5,748,10,2077,2077
2026-10-07,80,15:30,voice,14,7,1,7,753,7.1,1721,1721
2026-10-07,80,16:00,voice,11,6,0,5,872,0,2078,2078
2026-10-07,80,16:30,voice,10,5,1,5,761,10,1927,1927
2026-10-07,80,17:00,voice,7,4,1,3,750,14.3,1852,1852
2026-10-07,80,17:30,voice,6,3,0,3,859,0,1868,1868
2026-10-07,80,18:00,voice,5,3,1,2,515,20,1594,1594
2026-10-07,80,18:30,voice,3,2,1,1,439,33.3,1948,1948
2026-10-07,80,19:00,voice,3,3,1,0,460,33.3,2160,2160
2026-10-07,80,19:30,voice,2,2,1,0,219,50,1976,1976
2026-10-07,80,20:00,voice,2,2,1,0,220,50,1863,1863
2026-10-07,80,20:30,voice,2,2,1,0,190,50,1895,1895
2026-10-07,80,21:00,voice,2,2,1,0,258,50,1907,1907
2026-10-07,80,21:30,voice,2,2,1,0,212,50,1872,1872
2026-10-07,80,22:00,voice,2,2,1,0,216,50,1815,1815
2026-10-07,80,22:30,voice,2,2,1,0,236,50,2102,2102
2026-10-07,80,23:00,voice,2,2,1,0,264,50,1719,1719
2026-10-07,80,23:30,voice,1,1,0,0,896,0,1999,1999
2026-10-07,80,00:00,chat,2,2,1,0,393,50,1790,559
2026-10-07,80,00:30,chat,2,2,1,0,385,50,1714,536
2026-10-07,80,01:00,chat,2,2,1,0,390,50,1813,567
2026-10-07,80,01:30,chat,1,1,0,0,1550,0,1739,543
2026-10-07,80,02:00,chat,2,2,1,0,462,50,1849,578
2026-10-07,80,02:30,chat,2,2,1,0,391,50,1613,504
2026-10-07,80,03:00,chat,2,2,1,0,409,50,1782,557
2026-10-07,80,03:30,chat,1,1,0,0,1484,0,1906,596
2026-10-07,80,04:00,chat,1,1,0,0,1521,0,1804,564
2026-10-07,80,04:30,chat,2,2,1,0,420,50,1865,583
2026-10-07,80,05:00,chat,2,2,1,0,373,50,1810,566
2026-10-07,80,05:30,chat,2,2,1,0,430,50,1862,582
2026-10-07,80,06:00,chat,2,2,1,0,413,50,1876,586
2026-10-07,80,06:30,chat,2,2,1,0,460,50,1649,515
2026-10-07,80,07:00,chat,2,1,0,1,1744,0,1808,565
2026-10-07,80,07:30,chat,3,2,0,1,1463,0,1850,578
2026-10-07,80,08:00,chat,5,3,0,2,1622,0,1991,622
2026-10-07,80,08:30,chat,8,4,0,4,1355,0,1996,624
2026-10-07,80,09:00,chat,9,5,0,4,1646,0,1858,581
2026-10-07,80,09:30,chat,15,8,1,7,1440,6.7,1822,570
2026-10-07,80,10:00,chat,15,8,0,7,1663,0,1781,557
2026-10-07,80,10:30,chat,12,7,1,5,1408,8.3,1777,555
2026-10-07,80,11:00,chat,14,8,1,6,1314,7.1,1770,553
2026-10-07,80,11:30,chat,13,7,0,6,1460,0,1827,571
2026-10-07,80,12:00,chat,12,7,0,5,1464,0,1700,531
2026-10-07,80,12:30,chat,13,7,1,6,1347,7.7,1951,610
2026-10-07,80,13:00,chat,9,5,0,4,1682,0,1824,570
2026-10-07,80,13:30,chat,10,6,1,4,1361,10,1705,533
2026-10-07,80,14:00,chat,16,9,1,7,1122,6.3,1529,478
2026-10-07,80,14:30,chat,14,8,1,6,1389,7.1,1787,559
2026-10-07,80,15:00,chat,13,8,1,5,1244,7.7,1989,621
2026-10-07,80,15:30,chat,13,7,1,6,1240,7.7,1619,506
2026-10-07,80,16:00,chat,9,5,0,4,1597,0,2064,645
2026-10-07,80,16:30,chat,8,4,0,4,1324,0,1862,582
2026-10-07,80,17:00,chat,5,3,0,2,1585,0,1582,494
2026-10-07,80,17:30,chat,6,3,0,3,1738,0,1883,588
2026-10-07,80,18:00,chat,3,2,0,1,1904,0,1625,508
2026-10-07,80,18:30,chat,4,3,1,1,1026,25,1598,499
2026-10-07,80,19:00,chat,2,2,1,0,447,50,1995,623
2026-10-07,80,19:30,chat,2,2,1,0,347,50,1973,617
2026-10-07,80,20:00,chat,2,2,1,0,471,50,1737,543
2026-10-07,80,20:30,chat,2,2,1,0,433,50,1755,548
2026-10-07,80,21:00,chat,1,1,0,0,1616,0,1915,598
2026-10-07,80,21:30,chat,1,1,0,0,1675,0,1770,553
2026-10-07,80,22:00,chat,2,2,1,0,414,50,1976,618
2026-10-07,80,22:30,chat,2,2,1,0,455,50,1785,558
2026-10-07,80,23:00,chat,1,1,0,0,1546,0,1702,532
2026-10-07,80,23:30,chat,1,1,0,0,1629,0,1727,540
2026-10-08,81,00:00,voice,2,2,1,0,298,50,1759,1759
2026-10-08,81,00:30,voice,1,1,1,0,12,100,1914,1914
2026-10-08,81,01:00,voice,2,2,1,0,226,50,1992,1992
2026-10-08,81,01:30,voice,2,2,1,0,213,50,1734,1734
2026-10-08,81,02:00,voice,2,2,1,0,251,50,1793,1793
2026-10-08,81,02:30,voice,1,1,1,0,11,100,1912,1912
2026-10-08,81,03:00,voice,2,2,1,0,213,50,1975,1975
2026-10-08,81,03:30,voice,2,2,1,0,212,50,1765,1765
2026-10-08,81,04:00,voice,1,1,1,0,11,100,1813,1813
2026-10-08,81,04:30,voice,2,2,1,0,280,50,1934,1934
2026-10-08,81,05:00,voice,2,2,1,0,229,50,1964,1964
2026-10-08,81,05:30,voice,2,2,1,0,257,50,1767,1767
2026-10-08,81,06:00,voice,2,2,1,0,243,50,1745,1745
2026-10-08,81,06:30,voice,2,1,1,1,255,50,1902,1902
2026-10-08,81,07:00,voice,3,2,1,1,350,33.3,2046,2046
2026-10-08,81,07:30,voice,4,2,0,2,909,0,1917,1917
2026-10-08,81,08:00,voice,5,3,0,2,937,0,1802,1802
2026-10-08,81,08:30,voice,8,4,0,4,1011,0,1946,1946
2026-10-08,81,09:00,voice,10,5,1,5,719,10,1840,1840
2026-10-08,81,09:30,voice,14,8,1,6,674,7.1,1923,1923
2026-10-08,81,10:00,voice,15,9,1,6,778,6.7,1923,1923
2026-10-08,81,10:30,voice,15,9,1,6,738,6.7,1960,1960
2026-10-08,81,11:00,voice,17,9,1,8,749,5.9,1920,1920
2026-10-08,81,11:30,voice,15,8,1,7,727,6.7,1756,1756
2026-10-08,81,12:00,voice,14,8,1,6,698,7.1,1902,1902
2026-10-08,81,12:30,voice,13,7,1,6,716,7.7,1787,1787
2026-10-08,81,13:00,voice,16,9,1,7,683,6.3,1884,1884
2026-10-08,81,13:30,voice,11,6,1,5,710,9.1,1709,1709
2026-10-08,81,14:00,voice,10,6,1,4,841,10,1844,1844
2026-10-08,81,14:30,voice,14,8,1,6,748,7.1,1788,1788
2026-10-08,81,15:00,voice,14,8,1,6,909,7.1,1974,1974
2026-10-08,81,15:30,voice,20,11,2,9,798,10,2055,2055
2026-10-08,81,16:00,voice,9,5,1,4,737,11.1,1919,1919
2026-10-08,81,16:30,voice,10,6,1,4,618,10,1746,1746
2026-10-08,81,17:00,voice,9,5,1,4,840,11.1,2055,2055
2026-10-08,81,17:30,voice,7,4,1,3,699,14.3,1896,1896
2026-10-08,81,18:00,voice,5,3,0,2,976,0,1763,1763
2026-10-08,81,18:30,voice,4,3,1,1,533,25,1894,1894
2026-10-08,81,19:00,voice,3,3,1,0,405,33.3,1845,1845
2026-10-08,81,19:30,voice,3,3,2,0,127,66.7,1971,1971
2026-10-08,81,20:00,voice,2,2,1,0,228,50,1842,1842
2026-10-08,81,20:30,voice,2,2,1,0,280,50,1739,1739
2026-10-08,81,21:00,voice,2,2,1,0,219,50,1999,1999
2026-10-08,81,21:30,voice,2,2,1,0,240,50,1967,1967
2026-10-08,81,22:00,voice,1,1,1,0,12,100,1929,1929
2026-10-08,81,22:30,voice,2,2,1,0,227,50,2125,2125
2026-10-08,81,23:00,voice,2,2,1,0,272,50,2066,2066
2026-10-08,81,23:30,voice,2,2,1,0,262,50,1996,1996
2026-10-08,81,00:00,chat,1,1,0,0,1511,0,1707,533
2026-10-08,81,00:30,chat,2,2,1,0,443,50,1781,557
2026-10-08,81,01:00,chat,2,2,1,0,401,50,1660,519
2026-10-08,81,01:30,chat,1,1,0,0,1437,0,1745,545
2026-10-08,81,02:00,chat,1,1,1,0,45,100,1832,572
2026-10-08,81,02:30,chat,1,1,0,0,1493,0,1731,541
2026-10-08,81,03:00,chat,2,2,1,0,392,50,1912,597
2026-10-08,81,03:30,chat,2,2,1,0,410,50,1643,514
2026-10-08,81,04:00,chat,1,1,0,0,1658,0,1686,527
2026-10-08,81,04:30,chat,1,1,0,0,1541,0,1910,597
2026-10-08,81,05:00,chat,2,2,1,0,498,50,1774,554
2026-10-08,81,05:30,chat,1,1,0,0,1801,0,1765,552
2026-10-08,81,06:00,chat,2,2,1,0,410,50,1886,589
2026-10-08,81,06:30,chat,2,2,1,0,419,50,1801,563
2026-10-08,81,07:00,chat,2,2,0,0,1511,0,1844,576
2026-10-08,81,07:30,chat,4,2,0,2,1567,0,1712,535
2026-10-08,81,08:00,chat,5,3,0,2,1597,0,1884,589
2026-10-08,81,08:30,chat,8,5,0,3,1504,0,1786,558
2026-10-08,81,09:00,chat,14,8,1,6,1478,7.1,1658,518
2026-10-08,81,09:30,chat,11,6,0,5,1531,0,1673,523
2026-10-08,81,10:00,chat,18,11,1,7,1354,5.6,1825,570
2026-10-08,81,10:30,chat,20,12,1,8,1498,5,1920,600
2026-10-08,81,11:00,chat,16,9,1,7,1462,6.3,1606,502
2026-10-08,81,11:30,chat,14,8,1,6,1298,7.1,1814,567
2026-10-08,81,12:00,chat,15,9,1,6,1181,6.7,1844,576
2026-10-08,81,12:30,chat,12,7,1,5,1309,8.3,1931,603
2026-10-08,81,13:00,chat,9,5,0,4,1438,0,1841,575
2026-10-08,81,13:30,chat,14,8,1,6,1317,7.1,1886,589
2026-10-08,81,14:00,chat,13,7,1,6,1392,7.7,1671,522
2026-10-08,81,14:30,chat,12,6,0,6,1877,0,1694,529
2026-10-08,81,15:00,chat,10,6,1,4,1057,10,1828,571
2026-10-08,81,15:30,chat,13,7,1,6,1275,7.7,1879,587
2026-10-08,81,16:00,chat,16,9,0,7,1561,0,1757,549
2026-10-08,81,16:30,chat,9,5,0,4,1413,0,1656,517
2026-10-08,81,17:00,chat,7,4,0,3,1422,0,1716,536
2026-10-08,81,17:30,chat,6,3,0,3,1348,0,1669,522
2026-10-08,81,18:00,chat,4,2,0,2,1354,0,1743,545
2026-10-08,81,18:30,chat,4,2,0,2,1433,0,1818,568
2026-10-08,81,19:00,chat,2,1,0,1,1418,0,1753,548
2026-10-08,81,19:30,chat,2,2,1,0,410,50,1750,547
2026-10-08,81,20:00,chat,2,2,1,0,469,50,1650,516
2026-10-08,81,20:30,chat,2,2,1,0,435,50,1831,572
2026-10-08,81,21:00,chat,1,1,0,0,1811,0,1769,553
2026-10-08,81,21:30,chat,2,2,1,0,369,50,1745,545
2026-10-08,81,22:00,chat,2,2,1,0,425,50,1976,618
2026-10-08,81,22:30,chat,2,2,1,0,387,50,1697,530
2026-10-08,81,23:00,chat,2,2,1,0,453,50,1858,581
2026-10-08,81,23:30,chat,2,2,1,0,483,50,1567,490
2026-10-09,82,00:00,voice,1,1,1,0,13,100,1948,1948
2026-10-09,82,00:30,voice,1,1,1,0,13,100,1821,1821
2026-10-09,82,01:00,voice,1,1,1,0,13,100,1892,1892
2026-10-09,82,01:30,voice,1,1,1,0,12,100,1734,1734
2026-10-09,82,02:00,voice,2,2,2,0,10,100,1898,1898
2026-10-09,82,02:30,voice,1,1,1,0,10,100,1883,1883
2026-10-09,82,03:00,voice,2,2,2,0,13,100,1852,1852
2026-10-09,82,03:30,voice,1,1,1,0,11,100,1908,1908
2026-10-09,82,04:00,voice,1,1,1,0,14,100,1897,1897
2026-10-09,82,04:30,voice,2,2,2,0,12,100,1620,1620
2026-10-09,82,05:00,voice,1,1,1,0,12,100,1577,1577
2026-10-09,82,05:30,voice,1,1,1,0,11,100,1741,1741
2026-10-09,82,06:00,voice,2,2,2,0,12,100,2033,2033
2026-10-09,82,06:30,voice,2,2,2,0,12,100,1820,1820
2026-10-09,82,07:00,voice,2,2,2,0,11,100,1914,1914
2026-10-09,82,07:30,voice,3,3,3,0,11,100,1705,1705
2026-10-09,82,08:00,voice,5,4,2,1,366,40,1953,1953
2026-10-09,82,08:30,voice,7,5,3,2,325,42.9,1685,1685
2026-10-09,82,09:00,voice,7,5,1,2,848,14.3,1818,1818
2026-10-09,82,09:30,voice,9,6,1,3,728,11.1,2000,2000
2026-10-09,82,10:00,voice,13,9,3,4,664,23.1,1797,1797
2026-10-09,82,10:30,voice,13,9,2,4,804,15.4,1835,1835
2026-10-09,82,11:00,voice,10,7,1,3,623,10,1829,1829
2026-10-09,82,11:30,voice,12,8,2,4,718,16.7,1776,1776
2026-10-09,82,12:00,voice,11,7,2,4,532,18.2,1952,1952
2026-10-09,82,12:30,voice,11,8,2,3,642,18.2,1659,1659
2026-10-09,82,13:00,voice,9,7,3,2,435,33.3,1903,1903
2026-10-09,82,13:30,voice,9,6,2,3,526,22.2,2039,2039
2026-10-09,82,14:00,voice,8,5,1,3,679,12.5,1921,1921
2026-10-09,82,14:30,voice,8,5,2,3,560,25,1973,1973
2026-10-09,82,15:00,voice,11,8,2,3,603,18.2,1772,1772
2026-10-09,82,15:30,voice,9,6,2,3,604,22.2,1930,1930
2026-10-09,82,16:00,voice,9,6,2,3,580,22.2,1733,1733
2026-10-09,82,16:30,voice,10,7,2,3,591,20,1885,1885
2026-10-09,82,17:00,voice,4,3,1,1,459,25,1805,1805
2026-10-09,82,17:30,voice,4,3,3,1,65,75,1842,1842
2026-10-09,82,18:00,voice,4,4,4,0,12,100,1847,1847
2026-10-09,82,18:30,voice,3,3,3,0,12,100,1913,1913
2026-10-09,82,19:00,voice,2,2,2,0,13,100,2141,2141
2026-10-09,82,19:30,voice,2,2,2,0,13,100,1887,1887
2026-10-09,82,20:00,voice,2,2,2,0,15,100,1717,1717
2026-10-09,82,20:30,voice,1,1,1,0,12,100,1827,1827
2026-10-09,82,21:00,voice,2,2,2,0,11,100,1727,1727
2026-10-09,82,21:30,voice,1,1,1,0,11,100,2049,2049
2026-10-09,82,22:00,voice,1,1,1,0,12,100,1982,1982
2026-10-09,82,22:30,voice,1,1,1,0,12,100,1700,1700
2026-10-09,82,23:00,voice,1,1,1,0,12,100,1675,1675
2026-10-09,82,23:30,voice,1,1,1,0,13,100,1746,1746
2026-10-09,82,00:00,chat,1,1,1,0,49,100,1699,544
2026-10-09,82,00:30,chat,1,1,1,0,47,100,1667,534
2026-10-09,82,01:00,chat,1,1,1,0,42,100,1934,619
2026-10-09,82,01:30,chat,1,1,1,0,45,100,1909,611
2026-10-09,82,02:00,chat,1,1,1,0,43,100,1748,560
2026-10-09,82,02:30,chat,2,2,1,0,449,50,1958,627
2026-10-09,82,03:00,chat,1,1,1,0,40,100,1724,552
2026-10-09,82,03:30,chat,1,1,1,0,40,100,1969,630
2026-10-09,82,04:00,chat,1,1,1,0,45,100,1671,535
2026-10-09,82,04:30,chat,1,1,1,0,53,100,1917,614
2026-10-09,82,05:00,chat,1,1,1,0,44,100,1805,578
2026-10-09,82,05:30,chat,2,2,1,0,527,50,1775,568
2026-10-09,82,06:00,chat,1,1,1,0,41,100,1890,605
2026-10-09,82,06:30,chat,1,1,1,0,49,100,1909,611
2026-10-09,82,07:00,chat,2,2,1,0,354,50,1966,629
2026-10-09,82,07:30,chat,3,3,2,0,205,66.7,1841,589
2026-10-09,82,08:00,chat,5,4,2,1,654,40,1703,545
2026-10-09,82,08:30,chat,6,4,0,2,1431,0,1903,609
2026-10-09,82,09:00,chat,8,5,0,3,1496,0,1804,578
2026-10-09,82,09:30,chat,13,8,1,5,1247,7.7,1908,611
2026-10-09,82,10:00,chat,12,8,1,4,1267,8.3,1819,582
2026-10-09,82,10:30,chat,11,6,0,5,1527,0,1649,528
2026-10-09,82,11:00,chat,11,7,1,4,1289,9.1,1763,564
2026-10-09,82,11:30,chat,9,6,1,3,1196,11.1,1822,583
2026-10-09,82,12:00,chat,12,7,1,5,1386,8.3,1847,591
2026-10-09,82,12:30,chat,9,5,0,4,1569,0,1665,533
2026-10-09,82,13:00,chat,9,6,1,3,1671,11.1,1692,542
2026-10-09,82,13:30,chat,9,5,0,4,1407,0,1769,566
2026-10-09,82,14:00,chat,9,5,0,4,1364,0,1727,553
2026-10-09,82,14:30,chat,13,7,0,6,1433,0,1718,550
2026-10-09,82,15:00,chat,9,5,0,4,1531,0,1673,536
2026-10-09,82,15:30,chat,9,5,0,4,1664,0,1840,589
2026-10-09,82,16:00,chat,10,6,1,4,1545,10,1890,605
2026-10-09,82,16:30,chat,9,5,1,4,1188,11.1,1639,525
2026-10-09,82,17:00,chat,5,4,1,1,991,20,1788,572
2026-10-09,82,17:30,chat,5,4,1,1,1111,20,1647,527
2026-10-09,82,18:00,chat,3,2,1,1,671,33.3,1729,553
2026-10-09,82,18:30,chat,2,2,1,0,448,50,1944,622
2026-10-09,82,19:00,chat,2,2,1,0,332,50,1834,587
2026-10-09,82,19:30,chat,2,2,1,0,446,50,1757,562
2026-10-09,82,20:00,chat,1,1,1,0,40,100,1691,541
2026-10-09,82,20:30,chat,2,2,1,0,432,50,1722,551
2026-10-09,82,21:00,chat,1,1,1,0,53,100,1647,527
2026-10-09,82,21:30,chat,1,1,1,0,40,100,1890,605
2026-10-09,82,22:00,chat,1,1,1,0,43,100,1684,539
2026-10-09,82,22:30,chat,1,1,1,0,39,100,1912,612
2026-10-09,82,23:00,chat,1,1,1,0,52,100,1946,623
2026-10-09,82,23:30,chat,1,1,1,0,44,100,1787,572
2026-10-10,83,00:00,voice,1,1,1,0,12,100,2084,2084
2026-10-10,83,00:30,voice,1,1,1,0,12,100,1988,1988
2026-10-10,83,01:00,voice,0,0,0,0,0,0,0,0
2026-10-10,83,01:30,voice,0,0,0,0,0,0,0,0
2026-10-10,83,02:00,voice,1,1,1,0,10,100,2004,2004
2026-10-10,83,02:30,voice,0,0,0,0,0,0,0,0
2026-10-10,83,03:00,voice,1,1,1,0,11,100,1871,1871
2026-10-10,83,03:30,voice,1,1,1,0,11,100,1795,1795
2026-10-10,83,04:00,voice,1,1,1,0,13,100,1936,1936
2026-10-10,83,04:30,voice,0,0,0,0,0,0,0,0
2026-10-10,83,05:00,voice,1,1,1,0,11,100,1770,1770
2026-10-10,83,05:30,voice,1,1,1,0,14,100,1856,1856
2026-10-10,83,06:00,voice,0,0,0,0,0,0,0,0
2026-10-10,83,06:30,voice,1,1,1,0,10,100,1988,1988
2026-10-10,83,07:00,voice,1,1,1,0,11,100,1728,1728
2026-10-10,83,07:30,voice,1,1,1,0,14,100,1821,1821
2026-10-10,83,08:00,voice,2,2,2,0,11,100,1941,1941
2026-10-10,83,08:30,voice,2,2,2,0,11,100,2044,2044
2026-10-10,83,09:00,voice,3,3,3,0,11,100,1982,1982
2026-10-10,83,09:30,voice,4,4,3,0,53,75,2055,2055
2026-10-10,83,10:00,voice,4,4,4,0,12,100,1890,1890
2026-10-10,83,10:30,voice,4,4,4,0,10,100,1756,1756
2026-10-10,83,11:00,voice,6,6,6,0,11,100,1788,1788
2026-10-10,83,11:30,voice,5,4,4,1,48,80,1938,1938
2026-10-10,83,12:00,voice,5,4,4,1,43,80,1854,1854
2026-10-10,83,12:30,voice,4,4,4,0,11,100,1701,1701
2026-10-10,83,13:00,voice,5,5,5,0,12,100,1638,1638
2026-10-10,83,13:30,voice,2,2,2,0,11,100,1901,1901
2026-10-10,83,14:00,voice,4,4,4,0,12,100,2012,2012
2026-10-10,83,14:30,voice,4,4,4,0,11,100,1861,1861
2026-10-10,83,15:00,voice,5,5,5,0,12,100,1789,1789
2026-10-10,83,15:30,voice,4,4,4,0,12,100,1764,1764
2026-10-10,83,16:00,voice,3,3,3,0,12,100,2134,2134
2026-10-10,83,16:30,voice,3,3,3,0,12,100,1895,1895
2026-10-10,83,17:00,voice,3,3,3,0,12,100,1727,1727
2026-10-10,83,17:30,voice,2,2,2,0,11,100,2022,2022
2026-10-10,83,18:00,voice,2,2,2,0,12,100,1647,1647
2026-10-10,83,18:30,voice,1,1,1,0,13,100,1798,1798
2026-10-10,83,19:00,voice,1,1,1,0,12,100,1862,1862
2026-10-10,83,19:30,voice,1,1,1,0,14,100,1898,1898
2026-10-10,83,20:00,voice,1,1,1,0,12,100,1916,1916
2026-10-10,83,20:30,voice,0,0,0,0,0,0,0,0
2026-10-10,83,21:00,voice,1,1,1,0,11,100,1842,1842
2026-10-10,83,21:30,voice,1,1,1,0,12,100,1806,1806
2026-10-10,83,22:00,voice,0,0,0,0,0,0,0,0
2026-10-10,83,22:30,voice,0,0,0,0,0,0,0,0
2026-10-10,83,23:00,voice,1,1,1,0,11,100,1819,1819
2026-10-10,83,23:30,voice,0,0,0,0,0,0,0,0
2026-10-10,83,00:00,chat,0,0,0,0,0,0,0,0
2026-10-10,83,00:30,chat,1,1,1,0,52,100,1023,511
2026-10-10,83,01:00,chat,0,0,0,0,0,0,0,0
2026-10-10,83,01:30,chat,1,1,1,0,45,100,1091,544
2026-10-10,83,02:00,chat,0,0,0,0,0,0,0,0
2026-10-10,83,02:30,chat,1,1,1,0,41,100,1128,563
2026-10-10,83,03:00,chat,0,0,0,0,0,0,0,0
2026-10-10,83,03:30,chat,0,0,0,0,0,0,0,0
2026-10-10,83,04:00,chat,1,1,1,0,46,100,1089,544
2026-10-10,83,04:30,chat,0,0,0,0,0,0,0,0
2026-10-10,83,05:00,chat,0,0,0,0,0,0,0,0
2026-10-10,83,05:30,chat,1,1,1,0,36,100,1041,519
2026-10-10,83,06:00,chat,1,1,1,0,42,100,1126,562
2026-10-10,83,06:30,chat,1,1,1,0,47,100,1264,631
2026-10-10,83,07:00,chat,1,1,1,0,42,100,999,499
2026-10-10,83,07:30,chat,1,1,1,0,47,100,1160,579
2026-10-10,83,08:00,chat,2,2,2,0,38,100,1203,601
2026-10-10,83,08:30,chat,2,2,2,0,38,100,1051,524
2026-10-10,83,09:00,chat,3,3,3,0,35,100,1025,512
2026-10-10,83,09:30,chat,4,4,4,0,39,100,1141,570
2026-10-10,83,10:00,chat,4,3,3,1,144,75,1143,571
2026-10-10,83,10:30,chat,5,5,5,0,50,100,1091,545
2026-10-10,83,11:00,chat,5,4,4,1,117,80,965,482
2026-10-10,83,11:30,chat,4,4,4,0,45,100,1152,575
2026-10-10,83,12:00,chat,4,4,3,0,129,75,1073,536
2026-10-10,83,12:30,chat,3,3,2,0,230,66.7,1025,512
2026-10-10,83,13:00,chat,6,6,6,0,46,100,1061,530
2026-10-10,83,13:30,chat,3,3,3,0,49,100,1080,539
2026-10-10,83,14:00,chat,4,4,4,0,42,100,1087,543
2026-10-10,83,14:30,chat,5,5,5,0,43,100,1125,562
2026-10-10,83,15:00,chat,5,5,5,0,42,100,999,499
2026-10-10,83,15:30,chat,5,4,4,1,107,80,1091,545
2026-10-10,83,16:00,chat,4,4,4,0,47,100,1116,557
2026-10-10,83,16:30,chat,3,3,3,0,43,100,1037,518
2026-10-10,83,17:00,chat,2,2,2,0,43,100,1058,528
2026-10-10,83,17:30,chat,2,2,2,0,41,100,1059,529
2026-10-10,83,18:00,chat,1,1,1,0,48,100,1157,578
2026-10-10,83,18:30,chat,1,1,1,0,41,100,1126,562
2026-10-10,83,19:00,chat,1,1,1,0,42,100,1134,566
2026-10-10,83,19:30,chat,1,1,1,0,53,100,1048,523
2026-10-10,83,20:00,chat,1,1,1,0,47,100,1093,546
2026-10-10,83,20:30,chat,0,0,0,0,0,0,0,0
2026-10-10,83,21:00,chat,0,0,0,0,0,0,0,0
2026-10-10,83,21:30,chat,0,0,0,0,0,0,0,0
2026-10-10,83,22:00,chat,1,1,1,0,45,100,1027,513
2026-10-10,83,22:30,chat,0,0,0,0,0,0,0,0
2026-10-10,83,23:00,chat,0,0,0,0,0,0,0,0
2026-10-10,83,23:30,chat,1,1,1,0,44,100,920,460
2026-10-11,84,00:00,voice,0,0,0,0,0,0,0,0
2026-10-11,84,00:30,voice,1,1,1,0,13,100,1734,1734
2026-10-11,84,01:00,voice,1,1,1,0,12,100,1891,1891
2026-10-11,84,01:30,voice,1,1,1,0,9,100,1892,1892
2026-10-11,84,02:00,voice,0,0,0,0,0,0,0,0
2026-10-11,84,02:30,voice,1,1,1,0,13,100,1924,1924
2026-10-11,84,03:00,voice,0,0,0,0,0,0,0,0
2026-10-11,84,03:30,voice,0,0,0,0,0,0,0,0
2026-10-11,84,04:00,voice,0,0,0,0,0,0,0,0
2026-10-11,84,04:30,voice,0,0,0,0,0,0,0,0
2026-10-11,84,05:00,voice,0,0,0,0,0,0,0,0
2026-10-11,84,05:30,voice,0,0,0,0,0,0,0,0
2026-10-11,84,06:00,voice,1,1,1,0,12,100,1838,1838
2026-10-11,84,06:30,voice,1,1,1,0,12,100,1789,1789
2026-10-11,84,07:00,voice,1,1,1,0,12,100,1678,1678
2026-10-11,84,07:30,voice,1,1,1,0,12,100,2079,2079
2026-10-11,84,08:00,voice,1,1,1,0,12,100,1840,1840
2026-10-11,84,08:30,voice,2,2,2,0,11,100,1947,1947
2026-10-11,84,09:00,voice,2,2,2,0,13,100,1946,1946
2026-10-11,84,09:30,voice,3,3,3,0,11,100,1813,1813
2026-10-11,84,10:00,voice,3,3,3,0,11,100,1709,1709
2026-10-11,84,10:30,voice,4,4,4,0,10,100,1941,1941
2026-10-11,84,11:00,voice,4,4,4,0,12,100,1953,1953
2026-10-11,84,11:30,voice,4,3,3,1,56,75,1793,1793
2026-10-11,84,12:00,voice,4,4,4,0,11,100,1788,1788
2026-10-11,84,12:30,voice,3,3,3,0,10,100,1879,1879
2026-10-11,84,13:00,voice,3,3,2,0,116,66.7,1896,1896
2026-10-11,84,13:30,voice,3,3,2,0,92,66.7,1849,1849
2026-10-11,84,14:00,voice,3,3,3,0,12,100,1897,1897
2026-10-11,84,14:30,voice,4,4,4,0,12,100,1978,1978
2026-10-11,84,15:00,voice,5,4,4,1,52,80,1778,1778
2026-10-11,84,15:30,voice,3,3,3,0,13,100,1682,1682
2026-10-11,84,16:00,voice,3,3,3,0,11,100,1784,1784
2026-10-11,84,16:30,voice,3,3,3,0,12,100,1894,1894
2026-10-11,84,17:00,voice,2,2,2,0,12,100,1800,1800
2026-10-11,84,17:30,voice,1,1,1,0,11,100,1761,1761
2026-10-11,84,18:00,voice,1,1,1,0,14,100,1809,1809
2026-10-11,84,18:30,voice,1,1,1,0,13,100,1976,1976
2026-10-11,84,19:00,voice,1,1,1,0,12,100,1840,1840
2026-10-11,84,19:30,voice,1,1,1,0,12,100,2189,2189
2026-10-11,84,20:00,voice,0,0,0,0,0,0,0,0
2026-10-11,84,20:30,voice,0,0,0,0,0,0,0,0
2026-10-11,84,21:00,voice,1,1,1,0,13,100,2065,2065
2026-10-11,84,21:30,voice,0,0,0,0,0,0,0,0
2026-10-11,84,22:00,voice,1,1,1,0,10,100,1799,1799
2026-10-11,84,22:30,voice,0,0,0,0,0,0,0,0
2026-10-11,84,23:00,voice,1,1,1,0,12,100,1915,1915
2026-10-11,84,23:30,voice,0,0,0,0,0,0,0,0
2026-10-11,84,00:00,chat,1,1,1,0,47,100,1113,556
2026-10-11,84,00:30,chat,1,1,1,0,50,100,1165,582
2026-10-11,84,01:00,chat,1,1,1,0,45,100,1021,511
2026-10-11,84,01:30,chat,0,0,0,0,0,0,0,0
2026-10-11,84,02:00,chat,0,0,0,0,0,0,0,0
2026-10-11,84,02:30,chat,1,1,1,0,45,100,1033,517
2026-10-11,84,03:00,chat,0,0,0,0,0,0,0,0
2026-10-11,84,03:30,chat,0,0,0,0,0,0,0,0
2026-10-11,84,04:00,chat,0,0,0,0,0,0,0,0
2026-10-11,84,04:30,chat,1,1,1,0,44,100,1048,524
2026-10-11,84,05:00,chat,1,1,1,0,48,100,985,493
2026-10-11,84,05:30,chat,0,0,0,0,0,0,0,0
2026-10-11,84,06:00,chat,1,1,1,0,44,100,1082,541
2026-10-11,84,06:30,chat,1,1,1,0,43,100,1108,554
2026-10-11,84,07:00,chat,1,1,1,0,47,100,1087,543
2026-10-11,84,07:30,chat,1,1,1,0,44,100,1174,587
2026-10-11,84,08:00,chat,1,1,1,0,52,100,1006,503
2026-10-11,84,08:30,chat,2,2,2,0,46,100,1057,528
2026-10-11,84,09:00,chat,3,3,3,0,41,100,1158,579
2026-10-11,84,09:30,chat,4,3,3,1,145,75,1048,524
2026-10-11,84,10:00,chat,4,4,4,0,43,100,1082,541
2026-10-11,84,10:30,chat,4,4,4,0,43,100,1008,504
2026-10-11,84,11:00,chat,5,4,4,1,98,80,927,463
2026-10-11,84,11:30,chat,4,3,3,1,159,75,1039,519
2026-10-11,84,12:00,chat,4,4,4,0,45,100,1135,568
2026-10-11,84,12:30,chat,3,3,3,0,42,100,1066,533
2026-10-11,84,13:00,chat,4,4,4,0,49,100,1065,533
2026-10-11,84,13:30,chat,3,3,3,0,45,100,1002,501
2026-10-11,84,14:00,chat,3,3,3,0,41,100,1091,546
2026-10-11,84,14:30,chat,4,4,4,0,41,100,1180,590
2026-10-11,84,15:00,chat,5,5,5,0,47,100,1044,522
2026-10-11,84,15:30,chat,4,4,4,0,50,100,1121,560
2026-10-11,84,16:00,chat,4,4,4,0,43,100,1121,560
2026-10-11,84,16:30,chat,2,2,2,0,44,100,1166,583
2026-10-11,84,17:00,chat,3,3,3,0,45,100,964,482
2026-10-11,84,17:30,chat,2,2,2,0,44,100,1267,633
2026-10-11,84,18:00,chat,2,2,2,0,51,100,1122,561
2026-10-11,84,18:30,chat,1,1,1,0,51,100,1064,532
2026-10-11,84,19:00,chat,1,1,1,0,57,100,1050,525
2026-10-11,84,19:30,chat,1,1,1,0,45,100,1104,552
2026-10-11,84,20:00,chat,0,0,0,0,0,0,0,0
2026-10-11,84,20:30,chat,1,1,1,0,36,100,1091,546
2026-10-11,84,21:00,chat,0,0,0,0,0,0,0,0
2026-10-11,84,21:30,chat,0,0,0,0,0,0,0,0
2026-10-11,84,22:00,chat,1,1,1,0,42,100,1179,590
2026-10-11,84,22:30,chat,1,1,1,0,45,100,1097,548
2026-10-11,84,23:00,chat,0,0,0,0,0,0,0,0
2026-10-11,84,23:30,chat,1,1,1,0,48,100,1105,552
2026-10-12,85,00:00,voice,1,1,1,0,13,100,1801,1801
2026-10-12,85,00:30,voice,1,1,1,0,11,100,2018,2018
2026-10-12,85,01:00,voice,1,1,1,0,10,100,1654,1654
2026-10-12,85,01:30,voice,1,1,1,0,11,100,1717,1717
2026-10-12,85,02:00,voice,1,1,1,0,10,100,1706,1706
2026-10-12,85,02:30,voice,1,1,1,0,12,100,1881,1881
2026-10-12,85,03:00,voice,1,1,1,0,13,100,1787,1787
2026-10-12,85,03:30,voice,1,1,1,0,11,100,1897,1897
2026-10-12,85,04:00,voice,1,1,1,0,11,100,1887,1887
2026-10-12,85,04:30,voice,1,1,1,0,13,100,1916,1916
2026-10-12,85,05:00,voice,1,1,1,0,10,100,1822,1822
2026-10-12,85,05:30,voice,1,1,1,0,11,100,1889,1889
2026-10-12,85,06:00,voice,1,1,1,0,11,100,1945,1945
2026-10-12,85,06:30,voice,1,1,1,0,12,100,1827,1827
2026-10-12,85,07:00,voice,2,2,2,0,11,100,1672,1672
2026-10-12,85,07:30,voice,2,2,2,0,12,100,1752,1752
2026-10-12,85,08:00,voice,2,2,2,0,11,100,1868,1868
2026-10-12,85,08:30,voice,4,4,4,0,12,100,1921,1921
2026-10-12,85,09:00,voice,5,5,5,0,11,100,2006,2006
2026-10-12,85,09:30,voice,6,6,6,0,11,100,1960,1960
2026-10-12,85,10:00,voice,7,7,6,0,42,85.7,1874,1874
2026-10-12,85,10:30,voice,9,8,7,1,55,77.8,1783,1783
2026-10-12,85,11:00,voice,8,8,8,0,13,100,1805,1805
2026-10-12,85,11:30,voice,7,6,4,1,170,57.1,2001,2001
2026-10-12,85,12:00,voice,7,7,7,0,11,100,1714,1714
2026-10-12,85,12:30,voice,6,6,6,0,12,100,1954,1954
2026-10-12,85,13:00,voice,5,5,5,0,11,100,1935,1935
2026-10-12,85,13:30,voice,7,7,7,0,13,100,1625,1625
2026-10-12,85,14:00,voice,6,6,6,0,12,100,1945,1945
2026-10-12,85,14:30,voice,6,5,3,1,204,50,1975,1975
2026-10-12,85,15:00,voice,6,5,5,1,35,83.3,1794,1794
2026-10-12,85,15:30,voice,7,6,6,1,33,85.7,1763,1763
2026-10-12,85,16:00,voice,5,5,5,0,10,100,1998,1998
2026-10-12,85,16:30,voice,4,4,2,0,264,50,2052,2052
2026-10-12,85,17:00,voice,4,4,4,0,13,100,1573,1573
2026-10-12,85,17:30,voice,4,4,4,0,10,100,1841,1841
2026-10-12,85,18:00,voice,2,2,2,0,11,100,1898,1898
2026-10-12,85,18:30,voice,2,2,2,0,14,100,1690,1690
2026-10-12,85,19:00,voice,1,1,1,0,12,100,1912,1912
2026-10-12,85,19:30,voice,1,1,1,0,12,100,1857,1857
2026-10-12,85,20:00,voice,1,1,1,0,12,100,1872,1872
2026-10-12,85,20:30,voice,1,1,1,0,13,100,1816,1816
2026-10-12,85,21:00,voice,1,1,1,0,13,100,1684,1684
2026-10-12,85,21:30,voice,1,1,1,0,11,100,1823,1823
2026-10-12,85,22:00,voice,1,1,1,0,14,100,1635,1635
2026-10-12,85,22:30,voice,1,1,1,0,12,100,1817,1817
2026-10-12,85,23:00,voice,1,1,1,0,11,100,1660,1660
2026-10-12,85,23:30,voice,1,1,1,0,11,100,1891,1891
2026-10-12,85,00:00,chat,1,1,1,0,51,100,1368,553
2026-10-12,85,00:30,chat,1,1,1,0,45,100,1287,521
2026-10-12,85,01:00,chat,1,1,1,0,37,100,1175,475
2026-10-12,85,01:30,chat,1,1,1,0,46,100,1336,540
2026-10-12,85,02:00,chat,1,1,1,0,37,100,1304,527
2026-10-12,85,02:30,chat,1,1,1,0,47,100,1352,547
2026-10-12,85,03:00,chat,1,1,1,0,52,100,1410,570
2026-10-12,85,03:30,chat,1,1,1,0,45,100,1284,519
2026-10-12,85,04:00,chat,1,1,1,0,42,100,1302,527
2026-10-12,85,04:30,chat,1,1,1,0,40,100,1248,505
2026-10-12,85,05:00,chat,1,1,1,0,46,100,1279,517
2026-10-12,85,05:30,chat,1,1,1,0,52,100,1425,576
2026-10-12,85,06:00,chat,2,2,2,0,49,100,1264,511
2026-10-12,85,06:30,chat,1,1,1,0,45,100,1321,534
2026-10-12,85,07:00,chat,2,2,2,0,46,100,1275,516
2026-10-12,85,07:30,chat,3,3,3,0,47,100,1469,594
2026-10-12,85,08:00,chat,3,3,3,0,49,100,1403,568
2026-10-12,85,08:30,chat,5,5,5,0,51,100,1129,457
2026-10-12,85,09:00,chat,6,6,6,0,46,100,1402,567
2026-10-12,85,09:30,chat,9,8,7,1,115,77.8,1305,528
2026-10-12,85,10:00,chat,13,11,5,2,604,38.5,1275,516
2026-10-12,85,10:30,chat,9,8,2,1,975,22.2,1341,542
2026-10-12,85,11:00,chat,10,9,9,1,55,90,1242,502
2026-10-12,85,11:30,chat,10,9,6,1,258,60,1243,503
2026-10-12,85,12:00,chat,8,7,6,1,156,75,1213,491
2026-10-12,85,12:30,chat,7,6,5,1,169,71.4,1376,557
2026-10-12,85,13:00,chat,6,6,6,0,45,100,1377,557
2026-10-12,85,13:30,chat,6,5,5,1,82,83.3,1148,464
2026-10-12,85,14:00,chat,9,8,6,1,218,66.7,1243,503
2026-10-12,85,14:30,chat,9,8,4,1,490,44.4,1182,478
2026-10-12,85,15:00,chat,8,7,4,1,548,50,1365,552
2026-10-12,85,15:30,chat,7,6,5,1,147,71.4,1307,529
2026-10-12,85,16:00,chat,6,5,5,1,84,83.3,1382,559
2026-10-12,85,16:30,chat,6,6,6,0,47,100,1361,550
2026-10-12,85,17:00,chat,5,5,5,0,50,100,1407,569
2026-10-12,85,17:30,chat,4,4,4,0,39,100,1309,529
2026-10-12,85,18:00,chat,4,4,4,0,50,100,1414,572
2026-10-12,85,18:30,chat,2,2,2,0,44,100,1205,487
2026-10-12,85,19:00,chat,2,2,2,0,39,100,1412,571
2026-10-12,85,19:30,chat,1,1,1,0,50,100,1356,549
2026-10-12,85,20:00,chat,2,2,2,0,42,100,1329,537
2026-10-12,85,20:30,chat,1,1,1,0,47,100,1214,491
2026-10-12,85,21:00,chat,1,1,1,0,46,100,1451,587
2026-10-12,85,21:30,chat,1,1,1,0,40,100,1247,504
2026-10-12,85,22:00,chat,1,1,1,0,44,100,1292,523
2026-10-12,85,22:30,chat,1,1,1,0,41,100,1256,508
2026-10-12,85,23:00,chat,1,1,1,0,35,100,1344,544
2026-10-12,85,23:30,chat,1,1,1,0,37,100,1179,477
2026-10-13,86,00:00,voice,1,1,1,0,11,100,1810,1810
2026-10-13,86,00:30,voice,1,1,1,0,10,100,1734,1734
2026-10-13,86,01:00,voice,1,1,1,0,10,100,1945,1945
2026-10-13,86,01:30,voice,1,1,1,0,13,100,1687,1687
2026-10-13,86,02:00,voice,1,1,1,0,14,100,1700,1700
2026-10-13,86,02:30,voice,1,1,1,0,14,100,1677,1677
2026-10-13,86,03:00,voice,1,1,1,0,12,100,1925,1925
2026-10-13,86,03:30,voice,1,1,1,0,13,100,1791,1791
2026-10-13,86,04:00,voice,1,1,1,0,13,100,2001,2001
2026-10-13,86,04:30,voice,1,1,1,0,10,100,1720,1720
2026-10-13,86,05:00,voice,1,1,1,0,11,100,1820,1820
2026-10-13,86,05:30,voice,1,1,1,0,12,100,1872,1872
2026-10-13,86,06:00,voice,0,0,0,0,0,0,0,0
2026-10-13,86,06:30,voice,1,1,1,0,11,100,1733,1733
2026-10-13,86,07:00,voice,1,1,1,0,13,100,1746,1746
2026-10-13,86,07:30,voice,2,2,2,0,12,100,1812,1812
2026-10-13,86,08:00,voice,3,3,3,0,10,100,1654,1654
2026-10-13,86,08:30,voice,4,4,4,0,14,100,1875,1875
2026-10-13,86,09:00,voice,5,5,5,0,12,100,1730,1730
2026-10-13,86,09:30,voice,6,6,6,0,11,100,1632,1632
2026-10-13,86,10:00,voice,7,6,6,1,30,85.7,1839,1839
2026-10-13,86,10:30,voice,7,7,7,0,11,100,1813,1813
2026-10-13,86,11:00,voice,10,9,4,1,296,40,1798,1798
2026-10-13,86,11:30,voice,7,6,6,1,24,85.7,1712,1712
2026-10-13,86,12:00,voice,5,5,5,0,14,100,1968,1968
2026-10-13,86,12:30,voice,5,5,5,0,12,100,1745,1745
2026-10-13,86,13:00,voice,5,5,5,0,13,100,1731,1731
2026-10-13,86,13:30,voice,5,5,5,0,11,100,1790,1790
2026-10-13,86,14:00,voice,7,7,7,0,11,100,1870,1870
2026-10-13,86,14:30,voice,7,6,6,1,35,85.7,1736,1736
2026-10-13,86,15:00,voice,8,8,8,0,11,100,1854,1854
2026-10-13,86,15:30,voice,5,5,5,0,12,100,1729,1729
2026-10-13,86,16:00,voice,6,6,6,0,12,100,1654,1654
2026-10-13,86,16:30,voice,4,4,4,0,10,100,1761,1761
2026-10-13,86,17:00,voice,4,4,4,0,11,100,1806,1806
2026-10-13,86,17:30,voice,3,3,3,0,12,100,1813,1813
2026-10-13,86,18:00,voice,2,2,2,0,14,100,1743,1743
2026-10-13,86,18:30,voice,1,1,1,0,12,100,1666,1666
2026-10-13,86,19:00,voice,1,1,1,0,12,100,1758,1758
2026-10-13,86,19:30,voice,1,1,1,0,12,100,1671,1671
2026-10-13,86,20:00,voice,1,1,1,0,11,100,1889,1889
2026-10-13,86,20:30,voice,1,1,1,0,12,100,1784,1784
2026-10-13,86,21:00,voice,1,1,1,0,12,100,1854,1854
2026-10-13,86,21:30,voice,1,1,1,0,10,100,1854,1854
2026-10-13,86,22:00,voice,1,1,1,0,12,100,1574,1574
2026-10-13,86,22:30,voice,1,1,1,0,14,100,1620,1620
2026-10-13,86,23:00,voice,1,1,1,0,11,100,1862,1862
2026-10-13,86,23:30,voice,1,1,1,0,11,100,1979,1979
2026-10-13,86,00:00,chat,1,1,1,0,48,100,1306,537
2026-10-13,86,00:30,chat,1,1,1,0,51,100,1295,533
2026-10-13,86,01:00,chat,1,1,1,0,37,100,1328,546
2026-10-13,86,01:30,chat,1,1,1,0,44,100,1321,544
2026-10-13,86,02:00,chat,1,1,1,0,43,100,1422,585
2026-10-13,86,02:30,chat,1,1,1,0,42,100,1296,533
2026-10-13,86,03:00,chat,1,1,1,0,60,100,1327,546
2026-10-13,86,03:30,chat,1,1,1,0,36,100,1462,601
2026-10-13,86,04:00,chat,1,1,1,0,42,100,1262,519
2026-10-13,86,04:30,chat,1,1,1,0,41,100,1275,524
2026-10-13,86,05:00,chat,1,1,1,0,49,100,1342,552
2026-10-13,86,05:30,chat,1,1,1,0,57,100,1210,498
2026-10-13,86,06:00,chat,1,1,1,0,45,100,1379,567
2026-10-13,86,06:30,chat,2,2,2,0,46,100,1301,535
2026-10-13,86,07:00,chat,2,2,2,0,53,100,1372,564
2026-10-13,86,07:30,chat,3,3,3,0,40,100,1222,503
2026-10-13,86,08:00,chat,4,4,4,0,45,100,1365,562
2026-10-13,86,08:30,chat,5,5,5,0,51,100,1343,552
2026-10-13,86,09:00,chat,7,6,6,1,94,85.7,1302,535
2026-10-13,86,09:30,chat,9,8,5,1,324,55.6,1320,543
2026-10-13,86,10:00,chat,11,10,8,1,146,72.7,1373,565
2026-10-13,86,10:30,chat,7,6,2,1,893,28.6,1248,513
2026-10-13,86,11:00,chat,10,9,4,1,560,40,1357,558
2026-10-13,86,11:30,chat,10,9,7,1,181,70,1389,571
2026-10-13,86,12:00,chat,8,8,8,0,39,100,1305,537
2026-10-13,86,12:30,chat,8,7,7,1,65,87.5,1235,508
2026-10-13,86,13:00,chat,6,6,6,0,43,100,1295,533
2026-10-13,86,13:30,chat,9,8,7,1,112,77.8,1394,573
2026-10-13,86,14:00,chat,7,6,5,1,140,71.4,1281,527
2026-10-13,86,14:30,chat,9,9,9,0,43,100,1473,606
2026-10-13,86,15:00,chat,7,6,3,1,528,42.9,1434,590
2026-10-13,86,15:30,chat,9,8,8,1,58,88.9,1225,504
2026-10-13,86,16:00,chat,8,7,7,1,86,87.5,1327,546
2026-10-13,86,16:30,chat,7,6,3,1,604,42.9,1290,531
2026-10-13,86,17:00,chat,4,4,3,0,134,75,1377,566
2026-10-13,86,17:30,chat,4,4,4,0,37,100,1396,574
2026-10-13,86,18:00,chat,3,3,3,0,47,100,1328,546
2026-10-13,86,18:30,chat,2,2,2,0,36,100,1211,498
2026-10-13,86,19:00,chat,2,2,2,0,52,100,1403,577
2026-10-13,86,19:30,chat,1,1,1,0,42,100,1326,545
2026-10-13,86,20:00,chat,1,1,1,0,42,100,1406,578
2026-10-13,86,20:30,chat,1,1,1,0,45,100,1161,477
2026-10-13,86,21:00,chat,1,1,1,0,45,100,1296,533
2026-10-13,86,21:30,chat,1,1,1,0,51,100,1416,583
2026-10-13,86,22:00,chat,1,1,1,0,37,100,1232,507
2026-10-13,86,22:30,chat,1,1,1,0,49,100,1258,517
2026-10-13,86,23:00,chat,1,1,1,0,53,100,1338,550
2026-10-13,86,23:30,chat,1,1,1,0,45,100,1351,556
2026-10-14,87,00:00,voice,1,1,1,0,15,100,1815,1815
2026-10-14,87,00:30,voice,0,0,0,0,0,0,0,0
2026-10-14,87,01:00,voice,1,1,1,0,12,100,1677,1677
2026-10-14,87,01:30,voice,1,1,1,0,12,100,1827,1827
2026-10-14,87,02:00,voice,1,1,1,0,11,100,1960,1960
2026-10-14,87,02:30,voice,1,1,1,0,13,100,1769,1769
2026-10-14,87,03:00,voice,1,1,1,0,10,100,1942,1942
2026-10-14,87,03:30,voice,1,1,1,0,15,100,1877,1877
2026-10-14,87,04:00,voice,1,1,1,0,11,100,1712,1712
2026-10-14,87,04:30,voice,1,1,1,0,12,100,2059,2059
2026-10-14,87,05:00,voice,1,1,1,0,11,100,2036,2036
2026-10-14,87,05:30,voice,1,1,1,0,11,100,1971,1971
2026-10-14,87,06:00,voice,1,1,1,0,12,100,1963,1963
2026-10-14,87,06:30,voice,1,1,1,0,11,100,1895,1895
2026-10-14,87,07:00,voice,1,1,1,0,11,100,2019,2019
2026-10-14,87,07:30,voice,1,1,1,0,12,100,2187,2187
2026-10-14,87,08:00,voice,3,3,3,0,12,100,1943,1943
2026-10-14,87,08:30,voice,3,3,3,0,10,100,1911,1911
2026-10-14,87,09:00,voice,5,5,5,0,12,100,2090,2090
2026-10-14,87,09:30,voice,6,6,6,0,13,100,1958,1958
2026-10-14,87,10:00,voice,5,5,5,0,11,100,1857,1857
2026-10-14,87,10:30,voice,7,6,6,1,29,85.7,2048,2048
2026-10-14,87,11:00,voice,8,7,7,1,29,87.5,1988,1988
2026-10-14,87,11:30,voice,5,5,5,0,11,100,1905,1905
2026-10-14,87,12:00,voice,6,6,6,0,12,100,1942,1942
2026-10-14,87,12:30,voice,5,5,5,0,12,100,2015,2015
2026-10-14,87,13:00,voice,5,5,5,0,12,100,1873,1873
2026-10-14,87,13:30,voice,6,5,4,1,105,66.7,2048,2048
2026-10-14,87,14:00,voice,7,7,7,0,13,100,1739,1739
2026-10-14,87,14:30,voice,6,6,6,0,11,100,1932,1932
2026-10-14,87,15:00,voice,5,5,5,0,15,100,1974,1974
2026-10-14,87,15:30,voice,5,5,5,0,11,100,1862,1862
2026-10-14,87,16:00,voice,5,5,5,0,12,100,1907,1907
2026-10-14,87,16:30,voice,5,5,5,0,10,100,2067,2067
2026-10-14,87,17:00,voice,3,3,3,0,12,100,1922,1922
2026-10-14,87,17:30,voice,3,3,3,0,15,100,1834,1834
2026-10-14,87,18:00,voice,2,2,2,0,12,100,2009,2009
2026-10-14,87,18:30,voice,2,2,2,0,12,100,1908,1908
2026-10-14,87,19:00,voice,1,1,1,0,14,100,1868,1868
2026-10-14,87,19:30,voice,1,1,1,0,11,100,2195,2195
2026-10-14,87,20:00,voice,1,1,1,0,11,100,2080,2080
2026-10-14,87,20:30,voice,1,1,1,0,10,100,1766,1766
2026-10-14,87,21:00,voice,1,1,1,0,13,100,1865,1865
2026-10-14,87,21:30,voice,1,1,1,0,11,100,1896,1896
2026-10-14,87,22:00,voice,1,1,1,0,11,100,1816,1816
2026-10-14,87,22:30,voice,1,1,1,0,14,100,1745,1745
2026-10-14,87,23:00,voice,1,1,1,0,11,100,1845,1845
2026-10-14,87,23:30,voice,0,0,0,0,0,0,0,0
2026-10-14,87,00:00,chat,1,1,1,0,40,100,1070,458
2026-10-14,87,00:30,chat,1,1,1,0,54,100,1335,571
2026-10-14,87,01:00,chat,1,1,1,0,46,100,1157,495
2026-10-14,87,01:30,chat,1,1,1,0,38,100,1251,535
2026-10-14,87,02:00,chat,1,1,1,0,51,100,1217,520
2026-10-14,87,02:30,chat,1,1,1,0,47,100,1335,571
2026-10-14,87,03:00,chat,1,1,1,0,46,100,1254,536
2026-10-14,87,03:30,chat,1,1,1,0,42,100,1256,537
2026-10-14,87,04:00,chat,1,1,1,0,42,100,1188,508
2026-10-14,87,04:30,chat,1,1,1,0,41,100,1251,535
2026-10-14,87,05:00,chat,1,1,1,0,41,100,1293,553
2026-10-14,87,05:30,chat,1,1,1,0,45,100,1307,559
2026-10-14,87,06:00,chat,1,1,1,0,44,100,1396,597
2026-10-14,87,06:30,chat,1,1,1,0,41,100,1201,513
2026-10-14,87,07:00,chat,1,1,1,0,47,100,1293,553
2026-10-14,87,07:30,chat,2,2,2,0,52,100,1172,501
2026-10-14,87,08:00,chat,3,3,3,0,46,100,1194,511
2026-10-14,87,08:30,chat,5,5,5,0,38,100,1313,561
2026-10-14,87,09:00,chat,6,6,6,0,33,100,1208,517
2026-10-14,87,09:30,chat,8,7,5,1,219,62.5,1344,575
2026-10-14,87,10:00,chat,11,10,7,1,251,63.6,1367,585
2026-10-14,87,10:30,chat,11,10,10,1,71,90.9,1195,511
2026-10-14,87,11:00,chat,10,9,9,1,61,90,1246,533
2026-10-14,87,11:30,chat,10,9,6,1,255,60,1223,523
2026-10-14,87,12:00,chat,7,6,6,1,77,85.7,1187,508
2026-10-14,87,12:30,chat,9,8,6,1,264,66.7,1291,552
2026-10-14,87,13:00,chat,6,6,6,0,42,100,1191,509
2026-10-14,87,13:30,chat,7,6,5,1,194,71.4,1377,589
2026-10-14,87,14:00,chat,10,9,3,1,904,30,1288,551
2026-10-14,87,14:30,chat,7,7,7,0,45,100,1250,535
2026-10-14,87,15:00,chat,8,7,7,1,62,87.5,1202,514
2026-10-14,87,15:30,chat,8,8,8,0,40,100,1379,590
2026-10-14,87,16:00,chat,7,7,7,0,45,100,1324,566
2026-10-14,87,16:30,chat,5,5,5,0,46,100,1483,634
2026-10-14,87,17:00,chat,4,4,4,0,41,100,1216,520
2026-10-14,87,17:30,chat,4,4,4,0,46,100,1218,521
2026-10-14,87,18:00,chat,3,3,3,0,51,100,1309,560
2026-10-14,87,18:30,chat,2,2,2,0,43,100,1362,582
2026-10-14,87,19:00,chat,1,1,1,0,38,100,1203,515
2026-10-14,87,19:30,chat,1,1,1,0,42,100,1234,528
2026-10-14,87,20:00,chat,1,1,1,0,45,100,1226,524
2026-10-14,87,20:30,chat,1,1,1,0,47,100,1339,573
2026-10-14,87,21:00,chat,1,1,1,0,49,100,1390,594
2026-10-14,87,21:30,chat,1,1,1,0,41,100,1231,527
2026-10-14,87,22:00,chat,1,1,1,0,46,100,1337,572
2026-10-14,87,22:30,chat,1,1,1,0,43,100,1207,516
2026-10-14,87,23:00,chat,1,1,1,0,47,100,1280,548
2026-10-14,87,23:30,chat,1,1,1,0,46,100,1255,537
2026-10-15,88,00:00,voice,1,1,1,0,11,100,2098,2098
2026-10-15,88,00:30,voice,1,1,1,0,10,100,2033,2033
2026-10-15,88,01:00,voice,1,1,1,0,13,100,1860,1860
2026-10-15,88,01:30,voice,1,1,1,0,12,100,1642,1642
2026-10-15,88,02:00,voice,0,0,0,0,0,0,0,0
2026-10-15,88,02:30,voice,1,1,1,0,12,100,1783,1783
2026-10-15,88,03:00,voice,1,1,1,0,10,100,1995,1995
2026-10-15,88,03:30,voice,0,0,0,0,0,0,0,0
2026-10-15,88,04:00,voice,1,1,1,0,13,100,1882,1882
2026-10-15,88,04:30,voice,1,1,1,0,12,100,1729,1729
2026-10-15,88,05:00,voice,0,0,0,0,0,0,0,0
2026-10-15,88,05:30,voice,1,1,1,0,14,100,1829,1829
2026-10-15,88,06:00,voice,1,1,1,0,12,100,1726,1726
2026-10-15,88,06:30,voice,1,1,1,0,11,100,1767,1767
2026-10-15,88,07:00,voice,1,1,1,0,10,100,1883,1883
2026-10-15,88,07:30,voice,1,1,1,0,11,100,1890,1890
2026-10-15,88,08:00,voice,2,2,2,0,13,100,2009,2009
2026-10-15,88,08:30,voice,4,4,4,0,14,100,1914,1914
2026-10-15,88,09:00,voice,4,4,4,0,14,100,1925,1925
2026-10-15,88,09:30,voice,4,4,4,0,12,100,1713,1713
2026-10-15,88,10:00,voice,7,7,7,0,11,100,1840,1840
2026-10-15,88,10:30,voice,7,7,7,0,13,100,1933,1933
2026-10-15,88,11:00,voice,7,6,4,1,171,57.1,1872,1872
2026-10-15,88,11:30,voice,5,5,5,0,14,100,1835,1835
2026-10-15,88,12:00,voice,5,4,3,1,140,60,2085,2085
2026-10-15,88,12:30,voice,4,4,4,0,13,100,1814,1814
2026-10-15,88,13:00,voice,4,4,4,0,12,100,1931,1931
2026-10-15,88,13:30,voice,4,4,4,0,13,100,2003,2003
2026-10-15,88,14:00,voice,5,5,5,0,12,100,1759,1759
2026-10-15,88,14:30,voice,6,5,5,1,33,83.3,1852,1852
2026-10-15,88,15:00,voice,5,5,5,0,12,100,1887,1887
2026-10-15,88,15:30,voice,5,5,5,0,11,100,2050,2050
2026-10-15,88,16:00,voice,5,5,5,0,12,100,1938,1938
2026-10-15,88,16:30,voice,3,3,3,0,11,100,1966,1966
2026-10-15,88,17:00,voice,3,3,3,0,12,100,1871,1871
2026-10-15,88,17:30,voice,2,2,2,0,12,100,2026,2026
2026-10-15,88,18:00,voice,1,1,1,0,11,100,1867,1867
2026-10-15,88,18:30,voice,1,1,1,0,11,100,1792,1792
2026-10-15,88,19:00,voice,1,1,1,0,11,100,1780,1780
2026-10-15,88,19:30,voice,1,1,1,0,10,100,1765,1765
2026-10-15,88,20:00,voice,1,1,1,0,12,100,1760,1760
2026-10-15,88,20:30,voice,1,1,1,0,12,100,1954,1954
2026-10-15,88,21:00,voice,1,1,1,0,12,100,1874,1874
2026-10-15,88,21:30,voice,1,1,1,0,13,100,1697,1697
2026-10-15,88,22:00,voice,1,1,1,0,11,100,2071,2071
2026-10-15,88,22:30,voice,0,0,0,0,0,0,0,0
2026-10-15,88,23:00,voice,1,1,1,0,12,100,1843,1843
2026-10-15,88,23:30,voice,0,0,0,0,0,0,0,0
2026-10-15,88,00:00,chat,1,1,1,0,50,100,1132,531
2026-10-15,88,00:30,chat,1,1,1,0,44,100,1039,487
2026-10-15,88,01:00,chat,1,1,1,0,46,100,1032,484
2026-10-15,88,01:30,chat,1,1,1,0,46,100,1079,506
2026-10-15,88,02:00,chat,1,1,1,0,50,100,1105,518
2026-10-15,88,02:30,chat,1,1,1,0,46,100,1141,535
2026-10-15,88,03:00,chat,1,1,1,0,46,100,1084,508
2026-10-15,88,03:30,chat,1,1,1,0,45,100,1086,509
2026-10-15,88,04:00,chat,1,1,1,0,42,100,1058,496
2026-10-15,88,04:30,chat,1,1,1,0,45,100,1021,478
2026-10-15,88,05:00,chat,1,1,1,0,43,100,1163,545
2026-10-15,88,05:30,chat,1,1,1,0,40,100,1004,470
2026-10-15,88,06:00,chat,1,1,1,0,53,100,1067,500
2026-10-15,88,06:30,chat,1,1,1,0,43,100,1105,518
2026-10-15,88,07:00,chat,2,2,2,0,45,100,1110,520
2026-10-15,88,07:30,chat,2,2,2,0,42,100,1086,509
2026-10-15,88,08:00,chat,3,3,3,0,44,100,948,444
2026-10-15,88,08:30,chat,4,4,4,0,43,100,1254,588
2026-10-15,88,09:00,chat,6,6,5,0,72,83.3,1018,477
2026-10-15,88,09:30,chat,7,6,6,1,96,85.7,1056,495
2026-10-15,88,10:00,chat,8,7,6,1,126,75,1095,513
2026-10-15,88,10:30,chat,11,10,10,1,71,90.9,1075,504
2026-10-15,88,11:00,chat,8,8,8,0,42,100,1091,512
2026-10-15,88,11:30,chat,8,7,5,1,212,62.5,1063,498
2026-10-15,88,12:00,chat,7,6,5,1,142,71.4,1121,525
2026-10-15,88,12:30,chat,6,6,6,0,48,100,1060,497
2026-10-15,88,13:00,chat,7,7,7,0,39,100,965,452
2026-10-15,88,13:30,chat,8,8,8,0,46,100,1163,545
2026-10-15,88,14:00,chat,7,7,7,0,45,100,1101,516
2026-10-15,88,14:30,chat,6,6,6,0,45,100,1070,502
2026-10-15,88,15:00,chat,8,7,6,1,140,75,1032,484
2026-10-15,88,15:30,chat,7,7,7,0,49,100,1176,551
2026-10-15,88,16:00,chat,5,5,5,0,36,100,1055,494
2026-10-15,88,16:30,chat,5,5,4,0,99,80,989,464
2026-10-15,88,17:00,chat,4,4,4,0,50,100,1102,517
2026-10-15,88,17:30,chat,3,3,3,0,46,100,1172,549
2026-10-15,88,18:00,chat,2,2,2,0,46,100,1016,476
2026-10-15,88,18:30,chat,2,2,2,0,49,100,1106,518
2026-10-15,88,19:00,chat,1,1,1,0,52,100,1039,487
2026-10-15,88,19:30,chat,1,1,1,0,41,100,1145,537
2026-10-15,88,20:00,chat,1,1,1,0,45,100,1076,504
2026-10-15,88,20:30,chat,1,1,1,0,46,100,1166,547
2026-10-15,88,21:00,chat,1,1,1,0,54,100,1142,535
2026-10-15,88,21:30,chat,1,1,1,0,45,100,1028,482
2026-10-15,88,22:00,chat,1,1,1,0,45,100,1025,480
2026-10-15,88,22:30,chat,1,1,1,0,40,100,1125,527
2026-10-15,88,23:00,chat,1,1,1,0,40,100,1154,541
2026-10-15,88,23:30,chat,1,1,1,0,53,100,921,432
2026-10-16,89,00:00,voice,1,1,1,0,11,100,1745,1745
2026-10-16,89,00:30,voice,0,0,0,0,0,0,0,0
2026-10-16,89,01:00,voice,0,0,0,0,0,0,0,0
2026-10-16,89,01:30,voice,1,1,1,0,10,100,1888,1888
2026-10-16,89,02:00,voice,1,1,1,0,12,100,1563,1563
2026-10-16,89,02:30,voice,1,1,1,0,10,100,1819,1819
2026-10-16,89,03:00,voice,0,0,0,0,0,0,0,0
2026-10-16,89,03:30,voice,0,0,0,0,0,0,0,0
2026-10-16,89,04:00,voice,1,1,1,0,13,100,1763,1763
2026-10-16,89,04:30,voice,1,1,1,0,13,100,1889,1889
2026-10-16,89,05:00,voice,0,0,0,0,0,0,0,0
2026-10-16,89,05:30,voice,1,1,1,0,11,100,1774,1774
2026-10-16,89,06:00,voice,1,1,1,0,12,100,1911,1911
2026-10-16,89,06:30,voice,1,1,1,0,12,100,1691,1691
2026-10-16,89,07:00,voice,1,1,1,0,11,100,1814,1814
2026-10-16,89,07:30,voice,1,1,1,0,13,100,1802,1802
2026-10-16,89,08:00,voice,2,2,2,0,12,100,1830,1830
2026-10-16,89,08:30,voice,3,3,3,0,10,100,1743,1743
2026-10-16,89,09:00,voice,3,3,3,0,13,100,1741,1741
2026-10-16,89,09:30,voice,4,4,4,0,12,100,2126,2126
2026-10-16,89,10:00,voice,4,4,4,0,12,100,1655,1655
2026-10-16,89,10:30,voice,4,4,4,0,11,100,1986,1986
2026-10-16,89,11:00,voice,5,5,5,0,12,100,1929,1929
2026-10-16,89,11:30,voice,6,6,6,0,14,100,1802,1802
2026-10-16,89,12:00,voice,4,3,3,1,85,75,1737,1737
2026-10-16,89,12:30,voice,4,4,4,0,13,100,1793,1793
2026-10-16,89,13:00,voice,3,3,3,0,13,100,1975,1975
2026-10-16,89,13:30,voice,4,4,4,0,12,100,1649,1649
2026-10-16,89,14:00,voice,5,4,4,1,47,80,1768,1768
2026-10-16,89,14:30,voice,5,5,5,0,11,100,1643,1643
2026-10-16,89,15:00,voice,4,4,4,0,11,100,1802,1802
2026-10-16,89,15:30,voice,5,5,5,0,12,100,1781,1781
2026-10-16,89,16:00,voice,4,4,4,0,12,100,1768,1768
2026-10-16,89,16:30,voice,3,3,3,0,11,100,1731,1731
2026-10-16,89,17:00,voice,3,3,3,0,12,100,1701,1701
2026-10-16,89,17:30,voice,2,2,2,0,11,100,1861,1861
2026-10-16,89,18:00,voice,1,1,1,0,13,100,1777,1777
2026-10-16,89,18:30,voice,1,1,1,0,10,100,1732,1732
2026-10-16,89,19:00,voice,1,1,1,0,14,100,1779,1779
2026-10-16,89,19:30,voice,1,1,1,0,11,100,1794,1794
2026-10-16,89,20:00,voice,1,1,1,0,13,100,1741,1741
2026-10-16,89,20:30,voice,1,1,1,0,14,100,1826,1826
2026-10-16,89,21:00,voice,1,1,1,0,11,100,1704,1704
2026-10-16,89,21:30,voice,1,1,1,0,11,100,1910,1910
2026-10-16,89,22:00,voice,0,0,0,0,0,0,0,0
2026-10-16,89,22:30,voice,0,0,0,0,0,0,0,0
2026-10-16,89,23:00,voice,1,1,1,0,10,100,1783,1783
2026-10-16,89,23:30,voice,1,1,1,0,10,100,1842,1842
2026-10-16,89,00:00,chat,1,1,1,0,42,100,1078,539
2026-10-16,89,00:30,chat,1,1,1,0,46,100,1132,566
2026-10-16,89,01:00,chat,1,1,1,0,44,100,1244,622
2026-10-16,89,01:30,chat,1,1,1,0,39,100,1141,570
2026-10-16,89,02:00,chat,1,1,1,0,41,100,1130,565
2026-10-16,89,02:30,chat,1,1,1,0,48,100,1052,526
2026-10-16,89,03:00,chat,1,1,1,0,39,100,1080,540
2026-10-16,89,03:30,chat,1,1,1,0,43,100,1105,552
2026-10-16,89,04:00,chat,1,1,1,0,41,100,1119,559
2026-10-16,89,04:30,chat,1,1,1,0,41,100,1088,544
2026-10-16,89,05:00,chat,1,1,1,0,44,100,1025,513
2026-10-16,89,05:30,chat,1,1,1,0,50,100,1048,524
2026-10-16,89,06:00,chat,1,1,1,0,45,100,1060,530
2026-10-16,89,06:30,chat,1,1,1,0,48,100,1203,602
2026-10-16,89,07:00,chat,1,1,1,0,42,100,1019,510
2026-10-16,89,07:30,chat,2,2,2,0,42,100,941,471
2026-10-16,89,08:00,chat,3,3,3,0,41,100,1157,578
2026-10-16,89,08:30,chat,4,4,4,0,41,100,1052,526
2026-10-16,89,09:00,chat,5,5,5,0,40,100,984,492
2026-10-16,89,09:30,chat,5,4,3,1,285,60,1076,538
2026-10-16,89,10:00,chat,8,8,7,0,61,87.5,1004,502
2026-10-16,89,10:30,chat,8,7,7,1,72,87.5,1095,547
2026-10-16,89,11:00,chat,7,6,6,1,77,85.7,1121,560
2026-10-16,89,11:30,chat,7,6,6,1,66,85.7,1048,524
2026-10-16,89,12:00,chat,6,6,6,0,41,100,1088,544
2026-10-16,89,12:30,chat,8,8,7,0,71,87.5,1025,512
2026-10-16,89,13:00,chat,5,5,4,0,109,80,1168,584
2026-10-16,89,13:30,chat,5,5,4,0,104,80,1025,513
2026-10-16,89,14:00,chat,7,6,5,1,167,71.4,1136,568
2026-10-16,89,14:30,chat,6,5,5,1,88,83.3,1106,553
2026-10-16,89,15:00,chat,8,8,8,0,53,100,1115,557
2026-10-16,89,15:30,chat,5,5,4,0,95,80,1344,672
2026-10-16,89,16:00,chat,5,5,5,0,41,100,1082,541
2026-10-16,89,16:30,chat,5,5,4,0,106,80,1083,542
2026-10-16,89,17:00,chat,4,4,4,0,42,100,1165,583
2026-10-16,89,17:30,chat,3,3,3,0,44,100,1023,511
2026-10-16,89,18:00,chat,2,2,2,0,36,100,1043,521
2026-10-16,89,18:30,chat,1,1,1,0,44,100,1072,536
2026-10-16,89,19:00,chat,1,1,1,0,41,100,1157,579
2026-10-16,89,19:30,chat,1,1,1,0,36,100,1176,588
2026-10-16,89,20:00,chat,1,1,1,0,44,100,1123,561
2026-10-16,89,20:30,chat,1,1,1,0,44,100,1049,524
2026-10-16,89,21:00,chat,1,1,1,0,48,100,1228,614
2026-10-16,89,21:30,chat,1,1,1,0,47,100,975,488
2026-10-16,89,22:00,chat,1,1,1,0,47,100,1093,547
2026-10-16,89,22:30,chat,1,1,1,0,40,100,1016,508
2026-10-16,89,23:00,chat,1,1,1,0,49,100,1109,555
2026-10-16,89,23:30,chat,1,1,1,0,45,100,973,487
2026-10-17,90,00:00,voice,0,0,0,0,0,0,0,0
2026-10-17,90,00:30,voice,0,0,0,0,0,0,0,0
2026-10-17,90,01:00,voice,0,0,0,0,0,0,0,0
2026-10-17,90,01:30,voice,0,0,0,0,0,0,0,0
2026-10-17,90,02:00,voice,0,0,0,0,0,0,0,0
2026-10-17,90,02:30,voice,0,0,0,0,0,0,0,0
2026-10-17,90,03:00,voice,1,1,1,0,11,100,1733,1733
2026-10-17,90,03:30,voice,1,1,1,0,13,100,1843,1843
2026-10-17,90,04:00,voice,0,0,0,0,0,0,0,0
2026-10-17,90,04:30,voice,0,0,0,0,0,0,0,0
2026-10-17,90,05:00,voice,0,0,0,0,0,0,0,0
2026-10-17,90,05:30,voice,1,1,1,0,13,100,1822,1822
2026-10-17,90,06:00,voice,0,0,0,0,0,0,0,0
2026-10-17,90,06:30,voice,0,0,0,0,0,0,0,0
2026-10-17,90,07:00,voice,1,1,1,0,10,100,1895,1895
2026-10-17,90,07:30,voice,1,1,1,0,11,100,1810,1810
2026-10-17,90,08:00,voice,1,1,1,0,12,100,1748,1748
2026-10-17,90,08:30,voice,2,2,2,0,12,100,1619,1619
2026-10-17,90,09:00,voice,2,2,1,0,206,50,1742,1742
2026-10-17,90,09:30,voice,3,3,3,0,12,100,1803,1803
2026-10-17,90,10:00,voice,3,3,3,0,13,100,1809,1809
2026-10-17,90,10:30,voice,3,2,2,1,115,66.7,1567,1567
2026-10-17,90,11:00,voice,3,3,3,0,12,100,1730,1730
2026-10-17,90,11:30,voice,3,3,3,0,12,100,1939,1939
2026-10-17,90,12:00,voice,2,2,2,0,12,100,1757,1757
2026-10-17,90,12:30,voice,2,2,2,0,14,100,1677,1677
2026-10-17,90,13:00,voice,2,2,2,0,11,100,1703,1703
2026-10-17,90,13:30,voice,3,3,3,0,12,100,1629,1629
2026-10-17,90,14:00,voice,2,2,2,0,10,100,1753,1753
2026-10-17,90,14:30,voice,2,2,1,0,245,50,1762,1762
2026-10-17,90,15:00,voice,2,2,2,0,11,100,1705,1705
2026-10-17,90,15:30,voice,2,2,2,0,14,100,1676,1676
2026-10-17,90,16:00,voice,2,2,2,0,13,100,1792,1792
2026-10-17,90,16:30,voice,2,2,2,0,11,100,1704,1704
2026-10-17,90,17:00,voice,1,1,1,0,11,100,1901,1901
2026-10-17,90,17:30,voice,1,1,1,0,12,100,1927,1927
2026-10-17,90,18:00,voice,1,1,1,0,10,100,1679,1679
2026-10-17,90,18:30,voice,1,1,1,0,13,100,1696,1696
2026-10-17,90,19:00,voice,1,1,1,0,12,100,1748,1748
2026-10-17,90,19:30,voice,1,1,1,0,14,100,2058,2058
2026-10-17,90,20:00,voice,1,1,1,0,13,100,1626,1626
2026-10-17,90,20:30,voice,0,0,0,0,0,0,0,0
2026-10-17,90,21:00,voice,0,0,0,0,0,0,0,0
2026-10-17,90,21:30,voice,0,0,0,0,0,0,0,0
2026-10-17,90,22:00,voice,0,0,0,0,0,0,0,0
2026-10-17,90,22:30,voice,0,0,0,0,0,0,0,0
2026-10-17,90,23:00,voice,0,0,0,0,0,0,0,0
2026-10-17,90,23:30,voice,0,0,0,0,0,0,0,0
2026-10-17,90,00:00,chat,1,1,1,0,45,100,942,471
2026-10-17,90,00:30,chat,0,0,0,0,0,0,0,0
2026-10-17,90,01:00,chat,1,1,1,0,46,100,975,487
2026-10-17,90,01:30,chat,0,0,0,0,0,0,0,0
2026-10-17,90,02:00,chat,0,0,0,0,0,0,0,0
2026-10-17,90,02:30,chat,0,0,0,0,0,0,0,0
2026-10-17,90,03:00,chat,1,1,1,0,41,100,998,499
2026-10-17,90,03:30,chat,0,0,0,0,0,0,0,0
2026-10-17,90,04:00,chat,0,0,0,0,0,0,0,0
2026-10-17,90,04:30,chat,1,1,1,0,40,100,1044,522
2026-10-17,90,05:00,chat,1,1,1,0,53,100,932,466
2026-10-17,90,05:30,chat,1,1,1,0,46,100,997,498
2026-10-17,90,06:00,chat,0,0,0,0,0,0,0,0
2026-10-17,90,06:30,chat,1,1,1,0,44,100,971,485
2026-10-17,90,07:00,chat,1,1,1,0,50,100,937,468
2026-10-17,90,07:30,chat,1,1,1,0,39,100,1020,510
2026-10-17,90,08:00,chat,1,1,1,0,37,100,1007,504
2026-10-17,90,08:30,chat,2,2,2,0,47,100,1130,565
2026-10-17,90,09:00,chat,3,3,3,0,44,100,1019,510
2026-10-17,90,09:30,chat,4,4,4,0,43,100,1074,537
2026-10-17,90,10:00,chat,5,4,4,1,94,80,1024,512
2026-10-17,90,10:30,chat,3,3,3,0,34,100,914,457
2026-10-17,90,11:00,chat,5,4,4,1,91,80,1019,510
2026-10-17,90,11:30,chat,5,5,5,0,47,100,1010,505
2026-10-17,90,12:00,chat,4,4,4,0,43,100,1071,535
2026-10-17,90,12:30,chat,4,4,4,0,44,100,959,479
2026-10-17,90,13:00,chat,3,3,3,0,48,100,982,491
2026-10-17,90,13:30,chat,2,2,2,0,40,100,1030,515
2026-10-17,90,14:00,chat,3,3,3,0,39,100,1138,569
2026-10-17,90,14:30,chat,4,4,4,0,52,100,979,490
2026-10-17,90,15:00,chat,3,3,3,0,44,100,1088,544
2026-10-17,90,15:30,chat,3,3,3,0,49,100,1084,542
2026-10-17,90,16:00,chat,3,3,3,0,44,100,1026,513
2026-10-17,90,16:30,chat,3,3,3,0,45,100,1080,540
2026-10-17,90,17:00,chat,2,2,2,0,44,100,1006,503
2026-10-17,90,17:30,chat,2,2,2,0,42,100,988,494
2026-10-17,90,18:00,chat,1,1,1,0,48,100,1010,505
2026-10-17,90,18:30,chat,1,1,1,0,60,100,1024,512
2026-10-17,90,19:00,chat,1,1,1,0,42,100,950,475
2026-10-17,90,19:30,chat,1,1,1,0,41,100,936,468
2026-10-17,90,20:00,chat,1,1,1,0,45,100,985,493
2026-10-17,90,20:30,chat,0,0,0,0,0,0,0,0
2026-10-17,90,21:00,chat,0,0,0,0,0,0,0,0
2026-10-17,90,21:30,chat,0,0,0,0,0,0,0,0
2026-10-17,90,22:00,chat,1,1,1,0,45,100,931,465
2026-10-17,90,22:30,chat,0,0,0,0,0,0,0,0
2026-10-17,90,23:00,chat,1,1,1,0,52,100,1070,535
2026-10-17,90,23:30,chat,1,1,1,0,33,100,874,437
2026-10-18,91,00:00,voice,0,0,0,0,0,0,0,0
2026-10-18,91,00:30,voice,0,0,0,0,0,0,0,0
2026-10-18,91,01:00,voice,0,0,0,0,0,0,0,0
2026-10-18,91,01:30,voice,0,0,0,0,0,0,0,0
2026-10-18,91,02:00,voice,0,0,0,0,0,0,0,0
2026-10-18,91,02:30,voice,0,0,0,0,0,0,0,0
2026-10-18,91,03:00,voice,0,0,0,0,0,0,0,0
2026-10-18,91,03:30,voice,0,0,0,0,0,0,0,0
2026-10-18,91,04:00,voice,0,0,0,0,0,0,0,0
2026-10-18,91,04:30,voice,0,0,0,0,0,0,0,0
2026-10-18,91,05:00,voice,0,0,0,0,0,0,0,0
2026-10-18,91,05:30,voice,0,0,0,0,0,0,0,0
2026-10-18,91,06:00,voice,0,0,0,0,0,0,0,0
2026-10-18,91,06:30,voice,0,0,0,0,0,0,0,0
2026-10-18,91,07:00,voice,1,1,1,0,14,100,1912,1912
2026-10-18,91,07:30,voice,1,1,1,0,12,100,2088,2088
2026-10-18,91,08:00,voice,1,1,1,0,11,100,1735,1735
2026-10-18,91,08:30,voice,2,2,2,0,13,100,1852,1852
2026-10-18,91,09:00,voice,2,2,2,0,13,100,1808,1808
2026-10-18,91,09:30,voice,2,2,2,0,12,100,1909,1909
2026-10-18,91,10:00,voice,4,3,3,1,61,75,1734,1734
2026-10-18,91,10:30,voice,3,3,3,0,12,100,1646,1646
2026-10-18,91,11:00,voice,3,3,3,0,14,100,1735,1735
2026-10-18,91,11:30,voice,3,3,3,0,12,100,1718,1718
2026-10-18,91,12:00,voice,3,3,3,0,11,100,1724,1724
2026-10-18,91,12:30,voice,2,2,2,0,11,100,1736,1736
2026-10-18,91,13:00,voice,2,2,2,0,11,100,1901,1901
2026-10-18,91,13:30,voice,2,2,2,0,11,100,1919,1919
2026-10-18,91,14:00,voice,2,2,2,0,13,100,1853,1853
2026-10-18,91,14:30,voice,3,3,3,0,12,100,1779,1779
2026-10-18,91,15:00,voice,2,2,2,0,13,100,1772,1772
2026-10-18,91,15:30,voice,2,2,2,0,12,100,1745,1745
2026-10-18,91,16:00,voice,2,2,2,0,11,100,2064,2064
2026-10-18,91,16:30,voice,2,2,2,0,13,100,1593,1593
2026-10-18,91,17:00,voice,1,1,1,0,12,100,1652,1652
2026-10-18,91,17:30,voice,1,1,1,0,11,100,1712,1712
2026-10-18,91,18:00,voice,1,1,1,0,12,100,1825,1825
2026-10-18,91,18:30,voice,1,1,1,0,12,100,1836,1836
2026-10-18,91,19:00,voice,1,1,1,0,14,100,1759,1759
2026-10-18,91,19:30,voice,1,1,1,0,13,100,1855,1855
2026-10-18,91,20:00,voice,1,1,1,0,11,100,1671,1671
2026-10-18,91,20:30,voice,0,0,0,0,0,0,0,0
2026-10-18,91,21:00,voice,0,0,0,0,0,0,0,0
2026-10-18,91,21:30,voice,0,0,0,0,0,0,0,0
2026-10-18,91,22:00,voice,0,0,0,0,0,0,0,0
2026-10-18,91,22:30,voice,1,1,1,0,13,100,1836,1836
2026-10-18,91,23:00,voice,0,0,0,0,0,0,0,0
2026-10-18,91,23:30,voice,0,0,0,0,0,0,0,0
2026-10-18,91,00:00,chat,1,1,1,0,46,100,1066,533
2026-10-18,91,00:30,chat,0,0,0,0,0,0,0,0
2026-10-18,91,01:00,chat,0,0,0,0,0,0,0,0
2026-10-18,91,01:30,chat,1,1,1,0,44,100,1018,509
2026-10-18,91,02:00,chat,1,1,1,0,41,100,1031,516
2026-10-18,91,02:30,chat,1,1,1,0,43,100,1088,544
2026-10-18,91,03:00,chat,1,1,1,0,45,100,1057,528
2026-10-18,91,03:30,chat,0,0,0,0,0,0,0,0
2026-10-18,91,04:00,chat,0,0,0,0,0,0,0,0
2026-10-18,91,04:30,chat,0,0,0,0,0,0,0,0
2026-10-18,91,05:00,chat,0,0,0,0,0,0,0,0
2026-10-18,91,05:30,chat,0,0,0,0,0,0,0,0
2026-10-18,91,06:00,chat,0,0,0,0,0,0,0,0
2026-10-18,91,06:30,chat,1,1,1,0,51,100,1117,558
2026-10-18,91,07:00,chat,1,1,1,0,48,100,1066,533
2026-10-18,91,07:30,chat,1,1,1,0,43,100,1067,533
2026-10-18,91,08:00,chat,2,2,2,0,44,100,1155,577
2026-10-18,91,08:30,chat,2,2,2,0,52,100,978,489
2026-10-18,91,09:00,chat,3,3,3,0,36,100,1129,564
2026-10-18,91,09:30,chat,4,4,3,0,139,75,970,485
2026-10-18,91,10:00,chat,5,4,4,1,107,80,985,493
2026-10-18,91,10:30,chat,4,4,4,0,44,100,1008,504
2026-10-18,91,11:00,chat,5,4,4,1,121,80,1046,523
2026-10-18,91,11:30,chat,4,3,3,1,138,75,936,468
2026-10-18,91,12:00,chat,3,3,3,0,50,100,1020,510
2026-10-18,91,12:30,chat,4,4,4,0,55,100,1059,530
2026-10-18,91,13:00,chat,3,3,3,0,46,100,1045,523
2026-10-18,91,13:30,chat,4,4,4,0,41,100,1046,523
2026-10-18,91,14:00,chat,4,4,3,0,125,75,1115,557
2026-10-18,91,14:30,chat,4,4,4,0,51,100,1062,531
2026-10-18,91,15:00,chat,4,4,4,0,36,100,963,482
2026-10-18,91,15:30,chat,3,3,3,0,47,100,1036,518
2026-10-18,91,16:00,chat,3,3,3,0,40,100,1077,539
2026-10-18,91,16:30,chat,3,3,3,0,54,100,1008,504
2026-10-18,91,17:00,chat,2,2,2,0,41,100,1087,544
2026-10-18,91,17:30,chat,2,2,2,0,57,100,939,470
2026-10-18,91,18:00,chat,1,1,1,0,39,100,973,486
2026-10-18,91,18:30,chat,1,1,1,0,41,100,1071,535
2026-10-18,91,19:00,chat,1,1,1,0,54,100,1046,523
2026-10-18,91,19:30,chat,1,1,1,0,54,100,854,427
2026-10-18,91,20:00,chat,1,1,1,0,49,100,1089,545
2026-10-18,91,20:30,chat,1,1,1,0,40,100,1090,545
2026-10-18,91,21:00,chat,1,1,1,0,39,100,1098,549
2026-10-18,91,21:30,chat,0,0,0,0,0,0,0,0
2026-10-18,91,22:00,chat,0,0,0,0,0,0,0,0
2026-10-18,91,22:30,chat,0,0,0,0,0,0,0,0
2026-10-18,91,23:00,chat,0,0,0,0,0,0,0,0
2026-10-18,91,23:30,chat,0,0,0,0,0,0,0,0
2026-10-19,92,00:00,voice,1,1,1,0,10,100,2056,2056
2026-10-19,92,00:30,voice,1,1,1,0,13,100,1973,1973
2026-10-19,92,01:00,voice,1,1,1,0,12,100,1889,1889
2026-10-19,92,01:30,voice,1,1,1,0,11,100,2100,2100
2026-10-19,92,02:00,voice,0,0,0,0,0,0,0,0
2026-10-19,92,02:30,voice,0,0,0,0,0,0,0,0
2026-10-19,92,03:00,voice,0,0,0,0,0,0,0,0
2026-10-19,92,03:30,voice,1,1,1,0,13,100,1949,1949
2026-10-19,92,04:00,voice,0,0,0,0,0,0,0,0
2026-10-19,92,04:30,voice,1,1,1,0,12,100,1747,1747
2026-10-19,92,05:00,voice,1,1,1,0,11,100,1953,1953
2026-10-19,92,05:30,voice,0,0,0,0,0,0,0,0
2026-10-19,92,06:00,voice,1,1,1,0,12,100,1945,1945
2026-10-19,92,06:30,voice,1,1,1,0,13,100,1947,1947
2026-10-19,92,07:00,voice,1,1,1,0,11,100,1984,1984
2026-10-19,92,07:30,voice,1,1,1,0,12,100,1928,1928
2026-10-19,92,08:00,voice,2,2,2,0,14,100,1932,1932
2026-10-19,92,08:30,voice,3,3,3,0,13,100,1850,1850
2026-10-19,92,09:00,voice,4,4,4,0,11,100,1916,1916
2026-10-19,92,09:30,voice,4,4,4,0,12,100,1860,1860
2026-10-19,92,10:00,voice,5,4,4,1,47,80,1742,1742
2026-10-19,92,10:30,voice,5,4,3,1,137,60,2000,2000
2026-10-19,92,11:00,voice,6,6,6,0,11,100,1851,1851
2026-10-19,92,11:30,voice,6,6,6,0,13,100,2073,2073
2026-10-19,92,12:00,voice,5,5,5,0,12,100,1762,1762
2026-10-19,92,12:30,voice,4,4,4,0,11,100,1973,1973
2026-10-19,92,13:00,voice,4,4,4,0,11,100,1806,1806
2026-10-19,92,13:30,voice,4,4,4,0,12,100,1923,1923
2026-10-19,92,14:00,voice,5,5,5,0,12,100,2124,2124
2026-10-19,92,14:30,voice,6,6,6,0,13,100,1824,1824
2026-10-19,92,15:00,voice,5,5,5,0,12,100,1936,1936
2026-10-19,92,15:30,voice,5,4,4,1,45,80,2042,2042
2026-10-19,92,16:00,voice,5,5,5,0,12,100,1835,1835
2026-10-19,92,16:30,voice,4,4,4,0,11,100,1824,1824
2026-10-19,92,17:00,voice,3,3,3,0,11,100,1821,1821
2026-10-19,92,17:30,voice,3,3,3,0,11,100,1994,1994
2026-10-19,92,18:00,voice,2,2,2,0,11,100,2049,2049
2026-10-19,92,18:30,voice,1,1,1,0,13,100,1899,1899
2026-10-19,92,19:00,voice,1,1,1,0,10,100,1906,1906
2026-10-19,92,19:30,voice,1,1,1,0,11,100,2024,2024
2026-10-19,92,20:00,voice,1,1,1,0,14,100,2017,2017
2026-10-19,92,20:30,voice,0,0,0,0,0,0,0,0
2026-10-19,92,21:00,voice,1,1,1,0,13,100,1979,1979
2026-10-19,92,21:30,voice,1,1,1,0,11,100,1893,1893
2026-10-19,92,22:00,voice,1,1,1,0,11,100,1958,1958
2026-10-19,92,22:30,voice,0,0,0,0,0,0,0,0
2026-10-19,92,23:00,voice,1,1,1,0,11,100,1733,1733
2026-10-19,92,23:30,voice,1,1,1,0,11,100,1960,1960
2026-10-19,92,00:00,chat,1,1,1,0,38,100,1209,554
2026-10-19,92,00:30,chat,1,1,1,0,41,100,1274,584
2026-10-19,92,01:00,chat,1,1,1,0,46,100,1128,518
2026-10-19,92,01:30,chat,1,1,1,0,46,100,1283,589
2026-10-19,92,02:00,chat,1,1,1,0,39,100,1263,579
2026-10-19,92,02:30,chat,1,1,1,0,51,100,1162,533
2026-10-19,92,03:00,chat,1,1,1,0,44,100,1328,609
2026-10-19,92,03:30,chat,1,1,1,0,40,100,1223,561
2026-10-19,92,04:00,chat,1,1,1,0,46,100,1232,565
2026-10-19,92,04:30,chat,1,1,1,0,41,100,1329,609
2026-10-19,92,05:00,chat,1,1,1,0,45,100,1280,587
2026-10-19,92,05:30,chat,1,1,1,0,46,100,1322,607
2026-10-19,92,06:00,chat,1,1,1,0,47,100,1178,540
2026-10-19,92,06:30,chat,2,2,2,0,47,100,1404,644
2026-10-19,92,07:00,chat,2,2,2,0,42,100,1169,536
2026-10-19,92,07:30,chat,2,2,2,0,54,100,1089,500
2026-10-19,92,08:00,chat,3,3,3,0,39,100,1252,574
2026-10-19,92,08:30,chat,5,5,5,0,41,100,1221,560
2026-10-19,92,09:00,chat,6,6,6,0,59,100,1159,532
2026-10-19,92,09:30,chat,7,6,4,1,349,57.1,1160,532
2026-10-19,92,10:00,chat,11,10,8,1,161,72.7,1141,523
2026-10-19,92,10:30,chat,9,8,4,1,410,44.4,1089,499
2026-10-19,92,11:00,chat,12,11,9,1,138,75,1165,534
2026-10-19,92,11:30,chat,10,10,10,0,46,100,1184,543
2026-10-19,92,12:00,chat,7,6,4,1,334,57.1,1212,556
2026-10-19,92,12:30,chat,8,8,8,0,51,100,1196,549
2026-10-19,92,13:00,chat,7,7,7,0,33,100,1142,524
2026-10-19,92,13:30,chat,7,6,6,1,73,85.7,1332,611
2026-10-19,92,14:00,chat,6,6,6,0,40,100,1124,516
2026-10-19,92,14:30,chat,8,7,7,1,58,87.5,1231,564
2026-10-19,92,15:00,chat,9,9,9,0,43,100,1228,563
2026-10-19,92,15:30,chat,8,8,8,0,46,100,1202,552
2026-10-19,92,16:00,chat,8,7,5,1,262,62.5,1163,534
2026-10-19,92,16:30,chat,5,5,5,0,43,100,1173,538
2026-10-19,92,17:00,chat,5,5,5,0,47,100,1113,510
2026-10-19,92,17:30,chat,3,3,3,0,48,100,1164,534
2026-10-19,92,18:00,chat,3,3,3,0,43,100,1260,578
2026-10-19,92,18:30,chat,2,2,2,0,45,100,1240,569
2026-10-19,92,19:00,chat,2,2,2,0,56,100,1271,583
2026-10-19,92,19:30,chat,2,2,2,0,47,100,1191,546
2026-10-19,92,20:00,chat,1,1,1,0,47,100,1211,556
2026-10-19,92,20:30,chat,1,1,1,0,46,100,1228,563
2026-10-19,92,21:00,chat,1,1,1,0,40,100,1228,563
2026-10-19,92,21:30,chat,1,1,1,0,37,100,1159,531
2026-10-19,92,22:00,chat,1,1,1,0,47,100,1241,569
2026-10-19,92,22:30,chat,1,1,1,0,47,100,1304,598
2026-10-19,92,23:00,chat,1,1,1,0,49,100,1223,561
2026-10-19,92,23:30,chat,1,1,1,0,42,100,1180,541
2026-10-20,93,00:00,voice,1,1,1,0,12,100,1874,1874
2026-10-20,93,00:30,voice,1,1,1,0,13,100,1689,1689
2026-10-20,93,01:00,voice,1,1,1,0,11,100,1795,1795
2026-10-20,93,01:30,voice,1,1,1,0,14,100,1992,1992
2026-10-20,93,02:00,voice,1,1,1,0,12,100,1892,1892
2026-10-20,93,02:30,voice,1,1,1,0,11,100,1750,1750
2026-10-20,93,03:00,voice,0,0,0,0,0,0,0,0
2026-10-20,93,03:30,voice,1,1,1,0,13,100,1682,1682
2026-10-20,93,04:00,voice,0,0,0,0,0,0,0,0
2026-10-20,93,04:30,voice,1,1,1,0,10,100,1750,1750
2026-10-20,93,05:00,voice,1,1,1,0,10,100,1656,1656
2026-10-20,93,05:30,voice,1,1,1,0,12,100,2045,2045
2026-10-20,93,06:00,voice,1,1,1,0,11,100,1810,1810
2026-10-20,93,06:30,voice,1,1,1,0,11,100,1738,1738
2026-10-20,93,07:00,voice,1,1,1,0,11,100,1822,1822
2026-10-20,93,07:30,voice,1,1,1,0,11,100,1753,1753
2026-10-20,93,08:00,voice,2,2,2,0,12,100,1792,1792
2026-10-20,93,08:30,voice,3,3,3,0,14,100,1794,1794
2026-10-20,93,09:00,voice,4,4,4,0,13,100,1726,1726
2026-10-20,93,09:30,voice,5,5,5,0,15,100,1799,1799
2026-10-20,93,10:00,voice,7,7,7,0,14,100,1869,1869
2026-10-20,93,10:30,voice,4,4,4,0,11,100,1892,1892
2026-10-20,93,11:00,voice,6,6,6,0,11,100,1747,1747
2026-10-20,93,11:30,voice,5,4,4,1,46,80,1701,1701
2026-10-20,93,12:00,voice,5,5,5,0,14,100,1846,1846
2026-10-20,93,12:30,voice,4,4,4,0,12,100,1885,1885
2026-10-20,93,13:00,voice,5,5,5,0,9,100,1792,1792
2026-10-20,93,13:30,voice,5,4,4,1,35,80,1630,1630
2026-10-20,93,14:00,voice,4,4,4,0,10,100,1972,1972
2026-10-20,93,14:30,voice,5,5,5,0,13,100,1715,1715
2026-10-20,93,15:00,voice,5,5,5,0,11,100,1687,1687
2026-10-20,93,15:30,voice,4,3,2,1,234,50,1912,1912
2026-10-20,93,16:00,voice,4,4,4,0,13,100,1784,1784
2026-10-20,93,16:30,voice,4,4,4,0,14,100,1827,1827
2026-10-20,93,17:00,voice,3,3,3,0,12,100,1827,1827
2026-10-20,93,17:30,voice,2,2,2,0,13,100,1746,1746
2026-10-20,93,18:00,voice,1,1,1,0,12,100,1762,1762
2026-10-20,93,18:30,voice,1,1,1,0,14,100,1877,1877
2026-10-20,93,19:00,voice,1,1,1,0,12,100,1866,1866
2026-10-20,93,19:30,voice,1,1,1,0,12,100,1757,1757
2026-10-20,93,20:00,voice,1,1,1,0,11,100,1663,1663
2026-10-20,93,20:30,voice,1,1,1,0,12,100,1695,1695
2026-10-20,93,21:00,voice,1,1,1,0,12,100,1891,1891
2026-10-20,93,21:30,voice,1,1,1,0,12,100,1571,1571
2026-10-20,93,22:00,voice,1,1,1,0,13,100,1857,1857
2026-10-20,93,22:30,voice,1,1,1,0,12,100,1813,1813
2026-10-20,93,23:00,voice,0,0,0,0,0,0,0,0
2026-10-20,93,23:30,voice,0,0,0,0,0,0,0,0
2026-10-20,93,00:00,chat,1,1,1,0,40,100,1232,563
2026-10-20,93,00:30,chat,1,1,1,0,41,100,1280,585
2026-10-20,93,01:00,chat,1,1,1,0,54,100,1113,509
2026-10-20,93,01:30,chat,1,1,1,0,42,100,1380,631
2026-10-20,93,02:00,chat,1,1,1,0,38,100,1333,609
2026-10-20,93,02:30,chat,1,1,1,0,45,100,1211,554
2026-10-20,93,03:00,chat,1,1,1,0,54,100,1127,515
2026-10-20,93,03:30,chat,1,1,1,0,43,100,1196,547
2026-10-20,93,04:00,chat,1,1,1,0,41,100,1290,590
2026-10-20,93,04:30,chat,1,1,1,0,42,100,1264,578
2026-10-20,93,05:00,chat,2,2,2,0,43,100,1359,621
2026-10-20,93,05:30,chat,1,1,1,0,45,100,1156,528
2026-10-20,93,06:00,chat,1,1,1,0,43,100,1161,531
2026-10-20,93,06:30,chat,2,2,2,0,42,100,1205,551
2026-10-20,93,07:00,chat,2,2,2,0,51,100,1137,519
2026-10-20,93,07:30,chat,2,2,2,0,43,100,1027,469
2026-10-20,93,08:00,chat,3,3,3,0,40,100,1186,542
2026-10-20,93,08:30,chat,5,5,5,0,39,100,1313,600
2026-10-20,93,09:00,chat,6,6,6,0,43,100,1096,501
2026-10-20,93,09:30,chat,7,7,7,0,43,100,1189,544
2026-10-20,93,10:00,chat,11,10,9,1,74,81.8,1158,529
2026-10-20,93,10:30,chat,9,9,9,0,50,100,1160,530
2026-10-20,93,11:00,chat,7,7,7,0,44,100,1248,571
2026-10-20,93,11:30,chat,8,7,7,1,68,87.5,1163,532
2026-10-20,93,12:00,chat,8,7,7,1,58,87.5,1213,554
2026-10-20,93,12:30,chat,9,9,9,0,55,100,1366,624
2026-10-20,93,13:00,chat,7,7,7,0,44,100,1252,572
2026-10-20,93,13:30,chat,10,9,9,1,55,90,1111,508
2026-10-20,93,14:00,chat,9,9,9,0,37,100,1264,578
2026-10-20,93,14:30,chat,11,10,10,1,51,90.9,1164,532
2026-10-20,93,15:00,chat,7,6,4,1,263,57.1,1095,500
2026-10-20,93,15:30,chat,8,7,7,1,62,87.5,1254,573
2026-10-20,93,16:00,chat,9,8,3,1,808,33.3,1201,549
2026-10-20,93,16:30,chat,7,7,7,0,43,100,1193,545
2026-10-20,93,17:00,chat,6,6,6,0,60,100,1078,493
2026-10-20,93,17:30,chat,4,4,4,0,40,100,1329,607
2026-10-20,93,18:00,chat,2,2,2,0,50,100,1229,562
2026-10-20,93,18:30,chat,2,2,2,0,45,100,1145,523
2026-10-20,93,19:00,chat,2,2,2,0,44,100,1233,564
2026-10-20,93,19:30,chat,1,1,1,0,44,100,1215,555
2026-10-20,93,20:00,chat,1,1,1,0,47,100,1203,550
2026-10-20,93,20:30,chat,1,1,1,0,46,100,1250,572
2026-10-20,93,21:00,chat,1,1,1,0,48,100,1239,566
2026-10-20,93,21:30,chat,1,1,1,0,42,100,1214,555
2026-10-20,93,22:00,chat,1,1,1,0,44,100,1163,532
2026-10-20,93,22:30,chat,1,1,1,0,49,100,1263,577
2026-10-20,93,23:00,chat,1,1,1,0,47,100,1040,476
2026-10-20,93,23:30,chat,1,1,1,0,44,100,1211,553
2026-10-21,94,00:00,voice,1,1,1,0,11,100,1615,1615
2026-10-21,94,00:30,voice,1,1,1,0,12,100,1628,1628
2026-10-21,94,01:00,voice,1,1,1,0,12,100,1577,1577
2026-10-21,94,01:30,voice,1,1,1,0,12,100,1767,1767
2026-10-21,94,02:00,voice,1,1,1,0,11,100,1633,1633
2026-10-21,94,02:30,voice,1,1,1,0,12,100,1713,1713
2026-10-21,94,03:00,voice,1,1,1,0,13,100,1625,1625
2026-10-21,94,03:30,voice,0,0,0,0,0,0,0,0
2026-10-21,94,04:00,voice,0,0,0,0,0,0,0,0
2026-10-21,94,04:30,voice,0,0,0,0,0,0,0,0
2026-10-21,94,05:00,voice,0,0,0,0,0,0,0,0
2026-10-21,94,05:30,voice,1,1,1,0,12,100,1611,1611
2026-10-21,94,06:00,voice,1,1,1,0,11,100,1595,1595
2026-10-21,94,06:30,voice,1,1,1,0,14,100,1594,1594
2026-10-21,94,07:00,voice,1,1,1,0,10,100,1628,1628
2026-10-21,94,07:30,voice,1,1,1,0,12,100,1708,1708
2026-10-21,94,08:00,voice,3,3,3,0,11,100,1611,1611
2026-10-21,94,08:30,voice,3,3,3,0,12,100,1794,1794
2026-10-21,94,09:00,voice,4,3,3,1,69,75,1615,1615
2026-10-21,94,09:30,voice,3,3,3,0,11,100,1598,1598
2026-10-21,94,10:00,voice,5,5,5,0,12,100,1685,1685
2026-10-21,94,10:30,voice,6,6,6,0,12,100,1585,1585
2026-10-21,94,11:00,voice,6,6,6,0,13,100,1710,1710
2026-10-21,94,11:30,voice,5,5,5,0,11,100,1812,1812
2026-10-21,94,12:00,voice,5,5,5,0,11,100,1563,1563
2026-10-21,94,12:30,voice,4,4,4,0,12,100,1815,1815
2026-10-21,94,13:00,voice,4,4,4,0,11,100,1593,1593
2026-10-21,94,13:30,voice,3,2,2,1,101,66.7,1739,1739
2026-10-21,94,14:00,voice,4,4,4,0,11,100,1619,1619
2026-10-21,94,14:30,voice,4,4,4,0,11,100,1610,1610
2026-10-21,94,15:00,voice,7,7,7,0,12,100,1780,1780
2026-10-21,94,15:30,voice,4,4,4,0,13,100,1741,1741
2026-10-21,94,16:00,voice,3,3,3,0,13,100,1727,1727
2026-10-21,94,16:30,voice,4,4,4,0,13,100,1618,1618
2026-10-21,94,17:00,voice,3,3,3,0,10,100,1708,1708
2026-10-21,94,17:30,voice,2,2,2,0,12,100,1692,1692
2026-10-21,94,18:00,voice,1,1,1,0,12,100,1827,1827
2026-10-21,94,18:30,voice,1,1,1,0,11,100,1640,1640
2026-10-21,94,19:00,voice,1,1,1,0,11,100,1930,1930
2026-10-21,94,19:30,voice,1,1,1,0,12,100,1618,1618
2026-10-21,94,20:00,voice,1,1,1,0,11,100,1647,1647
2026-10-21,94,20:30,voice,0,0,0,0,0,0,0,0
2026-10-21,94,21:00,voice,1,1,1,0,11,100,1695,1695
2026-10-21,94,21:30,voice,0,0,0,0,0,0,0,0
2026-10-21,94,22:00,voice,1,1,1,0,11,100,1623,1623
2026-10-21,94,22:30,voice,0,0,0,0,0,0,0,0
2026-10-21,94,23:00,voice,0,0,0,0,0,0,0,0
2026-10-21,94,23:30,voice,0,0,0,0,0,0,0,0
2026-10-21,94,00:00,chat,1,1,1,0,54,100,1114,537
2026-10-21,94,00:30,chat,1,1,1,0,39,100,1001,482
2026-10-21,94,01:00,chat,1,1,1,0,53,100,1158,558
2026-10-21,94,01:30,chat,1,1,1,0,44,100,1042,502
2026-10-21,94,02:00,chat,1,1,1,0,45,100,1060,511
2026-10-21,94,02:30,chat,1,1,1,0,37,100,1127,543
2026-10-21,94,03:00,chat,1,1,1,0,39,100,1071,516
2026-10-21,94,03:30,chat,1,1,1,0,39,100,1083,522
2026-10-21,94,04:00,chat,1,1,1,0,46,100,1147,553
2026-10-21,94,04:30,chat,1,1,1,0,42,100,1135,547
2026-10-21,94,05:00,chat,1,1,1,0,38,100,1064,513
2026-10-21,94,05:30,chat,1,1,1,0,46,100,1013,488
2026-10-21,94,06:00,chat,1,1,1,0,42,100,1110,535
2026-10-21,94,06:30,chat,1,1,1,0,42,100,1025,494
2026-10-21,94,07:00,chat,2,2,2,0,41,100,1030,496
2026-10-21,94,07:30,chat,2,2,2,0,53,100,1082,521
2026-10-21,94,08:00,chat,3,3,3,0,52,100,1042,502
2026-10-21,94,08:30,chat,4,4,4,0,45,100,1155,556
2026-10-21,94,09:00,chat,7,7,7,0,51,100,1065,513
2026-10-21,94,09:30,chat,8,8,8,0,42,100,1046,504
2026-10-21,94,10:00,chat,11,10,10,1,72,90.9,988,476
2026-10-21,94,10:30,chat,11,10,10,1,54,90.9,1111,535
2026-10-21,94,11:00,chat,9,8,7,1,136,77.8,1183,570
2026-10-21,94,11:30,chat,9,8,8,1,86,88.9,996,480
2026-10-21,94,12:00,chat,9,9,9,0,47,100,1021,492
2026-10-21,94,12:30,chat,6,6,6,0,40,100,1105,532
2026-10-21,94,13:00,chat,6,6,6,0,53,100,1080,520
2026-10-21,94,13:30,chat,9,8,8,1,66,88.9,1045,504
2026-10-21,94,14:00,chat,6,6,6,0,40,100,1167,562
2026-10-21,94,14:30,chat,6,6,6,0,48,100,1021,492
2026-10-21,94,15:00,chat,7,7,7,0,47,100,1036,499
2026-10-21,94,15:30,chat,7,7,7,0,53,100,1031,497
2026-10-21,94,16:00,chat,7,7,7,0,47,100,1054,508
2026-10-21,94,16:30,chat,6,5,5,1,82,83.3,1093,527
2026-10-21,94,17:00,chat,5,5,5,0,49,100,1042,502
2026-10-21,94,17:30,chat,4,4,4,0,47,100,985,475
2026-10-21,94,18:00,chat,2,2,2,0,49,100,1192,574
2026-10-21,94,18:30,chat,2,2,2,0,51,100,1047,504
2026-10-21,94,19:00,chat,2,2,2,0,43,100,991,477
2026-10-21,94,19:30,chat,1,1,1,0,44,100,1185,571
2026-10-21,94,20:00,chat,1,1,1,0,46,100,1162,560
2026-10-21,94,20:30,chat,1,1,1,0,47,100,1038,500
2026-10-21,94,21:00,chat,1,1,1,0,46,100,1086,523
2026-10-21,94,21:30,chat,1,1,1,0,48,100,1045,504
2026-10-21,94,22:00,chat,1,1,1,0,46,100,1024,493
2026-10-21,94,22:30,chat,1,1,1,0,51,100,1119,539
2026-10-21,94,23:00,chat,1,1,1,0,42,100,1101,531
2026-10-21,94,23:30,chat,1,1,1,0,45,100,1057,509
2026-10-22,95,00:00,voice,1,1,1,0,13,100,1967,1967
2026-10-22,95,00:30,voice,1,1,1,0,11,100,1926,1926
2026-10-22,95,01:00,voice,1,1,1,0,12,100,1869,1869
2026-10-22,95,01:30,voice,0,0,0,0,0,0,0,0
2026-10-22,95,02:00,voice,0,0,0,0,0,0,0,0
2026-10-22,95,02:30,voice,0,0,0,0,0,0,0,0
2026-10-22,95,03:00,voice,0,0,0,0,0,0,0,0
2026-10-22,95,03:30,voice,1,1,1,0,11,100,2030,2030
2026-10-22,95,04:00,voice,1,1,1,0,10,100,1698,1698
2026-10-22,95,04:30,voice,0,0,0,0,0,0,0,0
2026-10-22,95,05:00,voice,0,0,0,0,0,0,0,0
2026-10-22,95,05:30,voice,0,0,0,0,0,0,0,0
2026-10-22,95,06:00,voice,1,1,1,0,11,100,1795,1795
2026-10-22,95,06:30,voice,1,1,1,0,12,100,1776,1776
2026-10-22,95,07:00,voice,1,1,1,0,11,100,2004,2004
2026-10-22,95,07:30,voice,1,1,1,0,11,100,1798,1798
2026-10-22,95,08:00,voice,1,1,1,0,14,100,1711,1711
2026-10-22,95,08:30,voice,2,2,2,0,13,100,1767,1767
2026-10-22,95,09:00,voice,4,4,4,0,12,100,1873,1873
2026-10-22,95,09:30,voice,4,4,4,0,12,100,2120,2120
2026-10-22,95,10:00,voice,5,4,4,1,42,80,1948,1948
2026-10-22,95,10:30,voice,4,4,4,0,12,100,2009,2009
2026-10-22,95,11:00,voice,7,7,7,0,13,100,1730,1730
2026-10-22,95,11:30,voice,5,5,5,0,11,100,1804,1804
2026-10-22,95,12:00,voice,5,5,5,0,15,100,1874,1874
2026-10-22,95,12:30,voice,3,3,3,0,12,100,1759,1759
2026-10-22,95,13:00,voice,3,3,3,0,10,100,1625,1625
2026-10-22,95,13:30,voice,3,3,3,0,12,100,1876,1876
2026-10-22,95,14:00,voice,3,3,3,0,11,100,1911,1911
2026-10-22,95,14:30,voice,5,5,5,0,12,100,1919,1919
2026-10-22,95,15:00,voice,4,4,4,0,14,100,1724,1724
2026-10-22,95,15:30,voice,4,3,3,1,70,75,1982,1982
2026-10-22,95,16:00,voice,3,3,3,0,11,100,1766,1766
2026-10-22,95,16:30,voice,4,4,4,0,14,100,1751,1751
2026-10-22,95,17:00,voice,3,3,3,0,13,100,1811,1811
2026-10-22,95,17:30,voice,2,2,2,0,11,100,1816,1816
2026-10-22,95,18:00,voice,2,2,2,0,10,100,1795,1795
2026-10-22,95,18:30,voice,1,1,1,0,11,100,1939,1939
2026-10-22,95,19:00,voice,1,1,1,0,11,100,1811,1811
2026-10-22,95,19:30,voice,1,1,1,0,14,100,1751,1751
2026-10-22,95,20:00,voice,1,1,1,0,13,100,1801,1801
2026-10-22,95,20:30,voice,0,0,0,0,0,0,0,0
2026-10-22,95,21:00,voice,0,0,0,0,0,0,0,0
2026-10-22,95,21:30,voice,1,1,1,0,13,100,2027,2027
2026-10-22,95,22:00,voice,1,1,1,0,11,100,1736,1736
2026-10-22,95,22:30,voice,1,1,1,0,12,100,1892,1892
2026-10-22,95,23:00,voice,1,1,1,0,13,100,1866,1866
2026-10-22,95,23:30,voice,0,0,0,0,0,0,0,0
2026-10-22,95,00:00,chat,1,1,1,0,51,100,1021,511
2026-10-22,95,00:30,chat,1,1,1,0,46,100,1048,524
2026-10-22,95,01:00,chat,1,1,1,0,44,100,1148,574
2026-10-22,95,01:30,chat,1,1,1,0,39,100,1046,523
2026-10-22,95,02:00,chat,1,1,1,0,47,100,1182,591
2026-10-22,95,02:30,chat,1,1,1,0,50,100,1101,550
2026-10-22,95,03:00,chat,1,1,1,0,48,100,1019,510
2026-10-22,95,03:30,chat,1,1,1,0,44,100,1160,580
2026-10-22,95,04:00,chat,1,1,1,0,43,100,1067,534
2026-10-22,95,04:30,chat,1,1,1,0,44,100,1061,530
2026-10-22,95,05:00,chat,1,1,1,0,48,100,932,466
2026-10-22,95,05:30,chat,1,1,1,0,42,100,1055,527
2026-10-22,95,06:00,chat,1,1,1,0,43,100,1161,580
2026-10-22,95,06:30,chat,1,1,1,0,38,100,1024,512
2026-10-22,95,07:00,chat,1,1,1,0,46,100,1220,610
2026-10-22,95,07:30,chat,2,2,2,0,44,100,1052,526
2026-10-22,95,08:00,chat,4,4,4,0,53,100,1018,509
2026-10-22,95,08:30,chat,4,4,4,0,45,100,1079,540
2026-10-22,95,09:00,chat,5,5,5,0,45,100,1016,508
2026-10-22,95,09:30,chat,6,5,4,1,196,66.7,1125,563
2026-10-22,95,10:00,chat,8,7,6,1,143,75,1042,521
2026-10-22,95,10:30,chat,7,7,6,0,66,85.7,1003,501
2026-10-22,95,11:00,chat,10,9,9,1,59,90,1048,524
2026-10-22,95,11:30,chat,8,8,8,0,46,100,1103,552
2026-10-22,95,12:00,chat,8,8,8,0,40,100,977,488
2026-10-22,95,12:30,chat,7,6,5,1,168,71.4,1088,544
2026-10-22,95,13:00,chat,6,6,6,0,48,100,1103,552
2026-10-22,95,13:30,chat,7,7,6,0,60,85.7,990,495
2026-10-22,95,14:00,chat,10,9,9,1,57,90,951,476
2026-10-22,95,14:30,chat,7,7,7,0,45,100,1062,531
2026-10-22,95,15:00,chat,9,8,8,1,62,88.9,1025,513
2026-10-22,95,15:30,chat,5,5,4,0,104,80,967,483
2026-10-22,95,16:00,chat,6,6,6,0,40,100,1140,570
2026-10-22,95,16:30,chat,7,7,7,0,44,100,1135,568
2026-10-22,95,17:00,chat,4,4,4,0,47,100,956,478
2026-10-22,95,17:30,chat,4,4,4,0,50,100,949,474
2026-10-22,95,18:00,chat,2,2,2,0,49,100,1067,533
2026-10-22,95,18:30,chat,2,2,2,0,49,100,1072,536
2026-10-22,95,19:00,chat,1,1,1,0,46,100,1130,565
2026-10-22,95,19:30,chat,1,1,1,0,50,100,1127,563
2026-10-22,95,20:00,chat,1,1,1,0,50,100,1043,522
2026-10-22,95,20:30,chat,1,1,1,0,47,100,1062,531
2026-10-22,95,21:00,chat,1,1,1,0,51,100,1045,522
2026-10-22,95,21:30,chat,1,1,1,0,36,100,970,485
2026-10-22,95,22:00,chat,1,1,1,0,44,100,1051,526
2026-10-22,95,22:30,chat,1,1,1,0,45,100,1049,524
2026-10-22,95,23:00,chat,1,1,1,0,45,100,1084,542
2026-10-22,95,23:30,chat,1,1,1,0,46,100,1128,564
2026-10-23,96,00:00,voice,0,0,0,0,0,0,0,0
2026-10-23,96,00:30,voice,0,0,0,0,0,0,0,0
2026-10-23,96,01:00,voice,0,0,0,0,0,0,0,0
2026-10-23,96,01:30,voice,0,0,0,0,0,0,0,0
2026-10-23,96,02:00,voice,0,0,0,0,0,0,0,0
2026-10-23,96,02:30,voice,0,0,0,0,0,0,0,0
2026-10-23,96,03:00,voice,0,0,0,0,0,0,0,0
2026-10-23,96,03:30,voice,0,0,0,0,0,0,0,0
2026-10-23,96,04:00,voice,0,0,0,0,0,0,0,0
2026-10-23,96,04:30,voice,1,1,1,0,12,100,1922,1922
2026-10-23,96,05:00,voice,1,1,1,0,13,100,1723,1723
2026-10-23,96,05:30,voice,1,1,1,0,12,100,1894,1894
2026-10-23,96,06:00,voice,1,1,1,0,14,100,1883,1883
2026-10-23,96,06:30,voice,1,1,1,0,11,100,1799,1799
2026-10-23,96,07:00,voice,1,1,1,0,12,100,1826,1826
2026-10-23,96,07:30,voice,1,1,1,0,11,100,1955,1955
2026-10-23,96,08:00,voice,2,2,2,0,12,100,1835,1835
2026-10-23,96,08:30,voice,2,2,2,0,12,100,1669,1669
2026-10-23,96,09:00,voice,2,2,2,0,11,100,1854,1854
2026-10-23,96,09:30,voice,3,3,3,0,14,100,1984,1984
2026-10-23,96,10:00,voice,4,4,4,0,12,100,1800,1800
2026-10-23,96,10:30,voice,4,3,3,1,73,75,1896,1896
2026-10-23,96,11:00,voice,4,4,4,0,13,100,1875,1875
2026-10-23,96,11:30,voice,5,5,5,0,11,100,1628,1628
2026-10-23,96,12:00,voice,3,3,3,0,13,100,1812,1812
2026-10-23,96,12:30,voice,4,3,3,1,63,75,1771,1771
2026-10-23,96,13:00,voice,3,3,3,0,11,100,1882,1882
2026-10-23,96,13:30,voice,2,2,2,0,11,100,1853,1853
2026-10-23,96,14:00,voice,3,3,3,0,10,100,1780,1780
2026-10-23,96,14:30,voice,3,3,3,0,12,100,1889,1889
2026-10-23,96,15:00,voice,4,4,4,0,12,100,1817,1817
2026-10-23,96,15:30,voice,3,3,3,0,13,100,1820,1820
2026-10-23,96,16:00,voice,3,3,3,0,15,100,1841,1841
2026-10-23,96,16:30,voice,2,2,2,0,13,100,1495,1495
2026-10-23,96,17:00,voice,3,3,3,0,12,100,1815,1815
2026-10-23,96,17:30,voice,1,1,1,0,11,100,1817,1817
2026-10-23,96,18:00,voice,1,1,1,0,11,100,1774,1774
2026-10-23,96,18:30,voice,1,1,1,0,12,100,1638,1638
2026-10-23,96,19:00,voice,1,1,1,0,12,100,1740,1740
2026-10-23,96,19:30,voice,1,1,1,0,10,100,1772,1772
2026-10-23,96,20:00,voice,1,1,1,0,15,100,1877,1877
2026-10-23,96,20:30,voice,1,1,1,0,11,100,2101,2101
2026-10-23,96,21:00,voice,0,0,0,0,0,0,0,0
2026-10-23,96,21:30,voice,1,1,1,0,12,100,1937,1937
2026-10-23,96,22:00,voice,0,0,0,0,0,0,0,0
2026-10-23,96,22:30,voice,0,0,0,0,0,0,0,0
2026-10-23,96,23:00,voice,0,0,0,0,0,0,0,0
2026-10-23,96,23:30,voice,1,1,1,0,12,100,1820,1820
2026-10-23,96,00:00,chat,0,0,0,0,0,0,0,0
2026-10-23,96,00:30,chat,0,0,0,0,0,0,0,0
2026-10-23,96,01:00,chat,1,1,1,0,43,100,1049,525
2026-10-23,96,01:30,chat,1,1,1,0,47,100,969,485
2026-10-23,96,02:00,chat,1,1,1,0,51,100,1178,589
2026-10-23,96,02:30,chat,1,1,1,0,52,100,1113,557
2026-10-23,96,03:00,chat,1,1,1,0,46,100,1153,576
2026-10-23,96,03:30,chat,1,1,1,0,41,100,1053,526
2026-10-23,96,04:00,chat,1,1,1,0,44,100,1048,524
2026-10-23,96,04:30,chat,1,1,1,0,47,100,1080,540
2026-10-23,96,05:00,chat,1,1,1,0,50,100,1185,593
2026-10-23,96,05:30,chat,1,1,1,0,46,100,958,479
2026-10-23,96,06:00,chat,1,1,1,0,50,100,1288,644
2026-10-23,96,06:30,chat,1,1,1,0,46,100,1110,555
2026-10-23,96,07:00,chat,1,1,1,0,40,100,1121,561
2026-10-23,96,07:30,chat,2,2,2,0,53,100,1184,592
2026-10-23,96,08:00,chat,2,2,2,0,43,100,1058,529
2026-10-23,96,08:30,chat,4,4,4,0,42,100,1182,591
2026-10-23,96,09:00,chat,4,4,4,0,49,100,1085,543
2026-10-23,96,09:30,chat,7,6,6,1,87,85.7,1190,595
2026-10-23,96,10:00,chat,8,7,7,1,71,87.5,1059,530
2026-10-23,96,10:30,chat,6,6,6,0,55,100,1111,555
2026-10-23,96,11:00,chat,8,8,8,0,42,100,1129,565
2026-10-23,96,11:30,chat,6,5,5,1,89,83.3,1241,621
2026-10-23,96,12:00,chat,6,6,6,0,44,100,1004,502
2026-10-23,96,12:30,chat,6,6,6,0,51,100,1066,533
2026-10-23,96,13:00,chat,5,5,5,0,48,100,1204,602
2026-10-23,96,13:30,chat,6,6,5,0,82,83.3,1011,505
2026-10-23,96,14:00,chat,6,5,5,1,95,83.3,1118,559
2026-10-23,96,14:30,chat,7,6,6,1,62,85.7,1142,571
2026-10-23,96,15:00,chat,4,4,4,0,46,100,1076,538
2026-10-23,96,15:30,chat,6,6,6,0,45,100,1221,610
2026-10-23,96,16:00,chat,6,6,6,0,42,100,966,483
2026-10-23,96,16:30,chat,4,4,4,0,44,100,1150,575
2026-10-23,96,17:00,chat,4,4,4,0,58,100,1050,525
2026-10-23,96,17:30,chat,2,2,2,0,43,100,1034,517
2026-10-23,96,18:00,chat,2,2,2,0,38,100,1086,543
2026-10-23,96,18:30,chat,2,2,2,0,47,100,1103,551
2026-10-23,96,19:00,chat,1,1,1,0,49,100,1001,500
2026-10-23,96,19:30,chat,1,1,1,0,41,100,1151,576
2026-10-23,96,20:00,chat,1,1,1,0,50,100,1149,575
2026-10-23,96,20:30,chat,1,1,1,0,40,100,1255,628
2026-10-23,96,21:00,chat,1,1,1,0,41,100,1055,528
2026-10-23,96,21:30,chat,1,1,1,0,52,100,1274,637
2026-10-23,96,22:00,chat,0,0,0,0,0,0,0,0
2026-10-23,96,22:30,chat,0,0,0,0,0,0,0,0
2026-10-23,96,23:00,chat,1,1,1,0,42,100,1189,594
2026-10-23,96,23:30,chat,1,1,1,0,40,100,1173,586
2026-10-24,97,00:00,voice,0,0,0,0,0,0,0,0
2026-10-24,97,00:30,voice,0,0,0,0,0,0,0,0
2026-10-24,97,01:00,voice,0,0,0,0,0,0,0,0
2026-10-24,97,01:30,voice,0,0,0,0,0,0,0,0
2026-10-24,97,02:00,voice,0,0,0,0,0,0,0,0
2026-10-24,97,02:30,voice,0,0,0,0,0,0,0,0
2026-10-24,97,03:00,voice,0,0,0,0,0,0,0,0
2026-10-24,97,03:30,voice,0,0,0,0,0,0,0,0
2026-10-24,97,04:00,voice,0,0,0,0,0,0,0,0
2026-10-24,97,04:30,voice,0,0,0,0,0,0,0,0
2026-10-24,97,05:00,voice,0,0,0,0,0,0,0,0
2026-10-24,97,05:30,voice,0,0,0,0,0,0,0,0
2026-10-24,97,06:00,voice,0,0,0,0,0,0,0,0
2026-10-24,97,06:30,voice,0,0,0,0,0,0,0,0
2026-10-24,97,07:00,voice,0,0,0,0,0,0,0,0
2026-10-24,97,07:30,voice,1,1,1,0,12,100,1812,1812
2026-10-24,97,08:00,voice,1,1,1,0,11,100,1665,1665
2026-10-24,97,08:30,voice,1,1,1,0,12,100,1672,1672
2026-10-24,97,09:00,voice,1,1,1,0,13,100,1692,1692
2026-10-24,97,09:30,voice,2,2,1,0,227,50,1722,1722
2026-10-24,97,10:00,voice,2,2,2,0,12,100,1743,1743
2026-10-24,97,10:30,voice,3,2,2,1,103,66.7,1612,1612
2026-10-24,97,11:00,voice,2,2,2,0,11,100,1726,1726
2026-10-24,97,11:30,voice,2,2,2,0,10,100,1562,1562
2026-10-24,97,12:00,voice,2,2,2,0,12,100,1885,1885
2026-10-24,97,12:30,voice,2,2,2,0,12,100,1774,1774
2026-10-24,97,13:00,voice,2,2,2,0,17,100,1578,1578
2026-10-24,97,13:30,voice,2,2,2,0,11,100,1557,1557
2026-10-24,97,14:00,voice,2,2,2,0,11,100,1939,1939
2026-10-24,97,14:30,voice,2,2,2,0,12,100,1731,1731
2026-10-24,97,15:00,voice,2,2,2,0,12,100,1636,1636
2026-10-24,97,15:30,voice,2,2,2,0,11,100,1600,1600
2026-10-24,97,16:00,voice,2,2,2,0,15,100,1659,1659
2026-10-24,97,16:30,voice,2,2,2,0,9,100,1591,1591
2026-10-24,97,17:00,voice,1,1,1,0,11,100,1591,1591
2026-10-24,97,17:30,voice,1,1,1,0,10,100,1672,1672
2026-10-24,97,18:00,voice,1,1,1,0,11,100,1755,1755
2026-10-24,97,18:30,voice,1,1,1,0,12,100,1570,1570
2026-10-24,97,19:00,voice,1,1,1,0,13,100,1552,1552
2026-10-24,97,19:30,voice,1,1,1,0,10,100,1677,1677
2026-10-24,97,20:00,voice,0,0,0,0,0,0,0,0
2026-10-24,97,20:30,voice,0,0,0,0,0,0,0,0
2026-10-24,97,21:00,voice,0,0,0,0,0,0,0,0
2026-10-24,97,21:30,voice,0,0,0,0,0,0,0,0
2026-10-24,97,22:00,voice,0,0,0,0,0,0,0,0
2026-10-24,97,22:30,voice,0,0,0,0,0,0,0,0
2026-10-24,97,23:00,voice,0,0,0,0,0,0,0,0
2026-10-24,97,23:30,voice,0,0,0,0,0,0,0,0
2026-10-24,97,00:00,chat,0,0,0,0,0,0,0,0
2026-10-24,97,00:30,chat,0,0,0,0,0,0,0,0
2026-10-24,97,01:00,chat,0,0,0,0,0,0,0,0
2026-10-24,97,01:30,chat,0,0,0,0,0,0,0,0
2026-10-24,97,02:00,chat,0,0,0,0,0,0,0,0
2026-10-24,97,02:30,chat,1,1,1,0,46,100,1035,517
2026-10-24,97,03:00,chat,1,1,1,0,48,100,1130,565
2026-10-24,97,03:30,chat,0,0,0,0,0,0,0,0
2026-10-24,97,04:00,chat,1,1,1,0,47,100,1202,601
2026-10-24,97,04:30,chat,0,0,0,0,0,0,0,0
2026-10-24,97,05:00,chat,1,1,1,0,41,100,1108,554
2026-10-24,97,05:30,chat,1,1,1,0,36,100,1112,556
2026-10-24,97,06:00,chat,0,0,0,0,0,0,0,0
2026-10-24,97,06:30,chat,1,1,1,0,40,100,1174,587
2026-10-24,97,07:00,chat,1,1,1,0,50,100,980,490
2026-10-24,97,07:30,chat,1,1,1,0,42,100,1118,559
2026-10-24,97,08:00,chat,2,2,2,0,47,100,1182,591
2026-10-24,97,08:30,chat,2,2,2,0,46,100,1161,581
2026-10-24,97,09:00,chat,3,3,3,0,42,100,1120,560
2026-10-24,97,09:30,chat,4,4,4,0,43,100,1216,608
2026-10-24,97,10:00,chat,4,4,4,0,39,100,1159,579
2026-10-24,97,10:30,chat,4,3,3,1,127,75,1188,594
2026-10-24,97,11:00,chat,2,2,2,0,46,100,1127,563
2026-10-24,97,11:30,chat,4,4,4,0,45,100,1024,512
2026-10-24,97,12:00,chat,4,4,4,0,42,100,1147,574
2026-10-24,97,12:30,chat,3,3,3,0,43,100,1188,594
2026-10-24,97,13:00,chat,3,3,3,0,37,100,1181,591
2026-10-24,97,13:30,chat,3,3,3,0,50,100,1098,549
2026-10-24,97,14:00,chat,5,4,4,1,94,80,1123,561
2026-10-24,97,14:30,chat,3,3,3,0,48,100,1152,576
2026-10-24,97,15:00,chat,4,4,4,0,38,100,1128,564
2026-10-24,97,15:30,chat,3,3,3,0,40,100,1038,519
2026-10-24,97,16:00,chat,3,3,3,0,44,100,1134,567
2026-10-24,97,16:30,chat,3,3,3,0,40,100,1147,574
2026-10-24,97,17:00,chat,2,2,2,0,46,100,1048,524
2026-10-24,97,17:30,chat,2,2,2,0,43,100,1142,571
2026-10-24,97,18:00,chat,1,1,1,0,46,100,1120,560
2026-10-24,97,18:30,chat,1,1,1,0,49,100,1141,570
2026-10-24,97,19:00,chat,1,1,1,0,52,100,1093,547
2026-10-24,97,19:30,chat,1,1,1,0,44,100,1236,618
2026-10-24,97,20:00,chat,0,0,0,0,0,0,0,0
2026-10-24,97,20:30,chat,0,0,0,0,0,0,0,0
2026-10-24,97,21:00,chat,0,0,0,0,0,0,0,0
2026-10-24,97,21:30,chat,0,0,0,0,0,0,0,0
2026-10-24,97,22:00,chat,0,0,0,0,0,0,0,0
2026-10-24,97,22:30,chat,0,0,0,0,0,0,0,0
2026-10-24,97,23:00,chat,0,0,0,0,0,0,0,0
2026-10-24,97,23:30,chat,0,0,0,0,0,0,0,0
2026-10-25,98,00:00,voice,0,0,0,0,0,0,0,0
2026-10-25,98,00:30,voice,0,0,0,0,0,0,0,0
2026-10-25,98,01:00,voice,0,0,0,0,0,0,0,0
2026-10-25,98,01:30,voice,0,0,0,0,0,0,0,0
2026-10-25,98,02:00,voice,0,0,0,0,0,0,0,0
2026-10-25,98,02:30,voice,0,0,0,0,0,0,0,0
2026-10-25,98,03:00,voice,0,0,0,0,0,0,0,0
2026-10-25,98,03:30,voice,0,0,0,0,0,0,0,0
2026-10-25,98,04:00,voice,0,0,0,0,0,0,0,0
2026-10-25,98,04:30,voice,0,0,0,0,0,0,0,0
2026-10-25,98,05:00,voice,0,0,0,0,0,0,0,0
2026-10-25,98,05:30,voice,0,0,0,0,0,0,0,0
2026-10-25,98,06:00,voice,0,0,0,0,0,0,0,0
2026-10-25,98,06:30,voice,0,0,0,0,0,0,0,0
2026-10-25,98,07:00,voice,1,1,1,0,14,100,1737,1737
2026-10-25,98,07:30,voice,1,1,1,0,13,100,1672,1672
2026-10-25,98,08:00,voice,1,1,1,0,12,100,1813,1813
2026-10-25,98,08:30,voice,1,1,1,0,12,100,1849,1849
2026-10-25,98,09:00,voice,2,2,2,0,12,100,1601,1601
2026-10-25,98,09:30,voice,2,2,2,0,13,100,1801,1801
2026-10-25,98,10:00,voice,2,2,2,0,11,100,1653,1653
2026-10-25,98,10:30,voice,3,3,3,0,14,100,1965,1965
2026-10-25,98,11:00,voice,3,2,2,1,128,66.7,1812,1812
2026-10-25,98,11:30,voice,2,2,2,0,11,100,1759,1759
2026-10-25,98,12:00,voice,2,2,2,0,12,100,1711,1711
2026-10-25,98,12:30,voice,2,2,2,0,10,100,1945,1945
2026-10-25,98,13:00,voice,2,2,2,0,11,100,1777,1777
2026-10-25,98,13:30,voice,2,2,2,0,13,100,1804,1804
2026-10-25,98,14:00,voice,3,3,3,0,13,100,1725,1725
2026-10-25,98,14:30,voice,2,2,2,0,13,100,1624,1624
2026-10-25,98,15:00,voice,2,2,2,0,13,100,1715,1715
2026-10-25,98,15:30,voice,3,3,3,0,12,100,1945,1945
2026-10-25,98,16:00,voice,2,2,2,0,12,100,1671,1671
2026-10-25,98,16:30,voice,1,1,1,0,15,100,1853,1853
2026-10-25,98,17:00,voice,1,1,1,0,14,100,1945,1945
2026-10-25,98,17:30,voice,1,1,1,0,11,100,1839,1839
2026-10-25,98,18:00,voice,1,1,1,0,11,100,1760,1760
2026-10-25,98,18:30,voice,1,1,1,0,11,100,1823,1823
2026-10-25,98,19:00,voice,1,1,1,0,14,100,1899,1899
2026-10-25,98,19:30,voice,0,0,0,0,0,0,0,0
2026-10-25,98,20:00,voice,0,0,0,0,0,0,0,0
2026-10-25,98,20:30,voice,0,0,0,0,0,0,0,0
2026-10-25,98,21:00,voice,0,0,0,0,0,0,0,0
2026-10-25,98,21:30,voice,0,0,0,0,0,0,0,0
2026-10-25,98,22:00,voice,0,0,0,0,0,0,0,0
2026-10-25,98,22:30,voice,0,0,0,0,0,0,0,0
2026-10-25,98,23:00,voice,0,0,0,0,0,0,0,0
2026-10-25,98,23:30,voice,0,0,0,0,0,0,0,0
2026-10-25,98,00:00,chat,0,0,0,0,0,0,0,0
2026-10-25,98,00:30,chat,1,1,1,0,39,100,1015,507
2026-10-25,98,01:00,chat,0,0,0,0,0,0,0,0
2026-10-25,98,01:30,chat,0,0,0,0,0,0,0,0
2026-10-25,98,02:00,chat,1,1,1,0,43,100,1028,514
2026-10-25,98,02:30,chat,0,0,0,0,0,0,0,0
2026-10-25,98,03:00,chat,0,0,0,0,0,0,0,0
2026-10-25,98,03:30,chat,1,1,1,0,47,100,1044,522
2026-10-25,98,04:00,chat,0,0,0,0,0,0,0,0
2026-10-25,98,04:30,chat,0,0,0,0,0,0,0,0
2026-10-25,98,05:00,chat,0,0,0,0,0,0,0,0
2026-10-25,98,05:30,chat,1,1,1,0,50,100,960,480
2026-10-25,98,06:00,chat,1,1,1,0,48,100,1058,529
2026-10-25,98,06:30,chat,1,1,1,0,45,100,1006,503
2026-10-25,98,07:00,chat,1,1,1,0,47,100,1077,539
2026-10-25,98,07:30,chat,1,1,1,0,54,100,977,489
2026-10-25,98,08:00,chat,2,2,2,0,43,100,964,482
2026-10-25,98,08:30,chat,2,2,2,0,44,100,950,475
2026-10-25,98,09:00,chat,3,3,3,0,47,100,1033,517
2026-10-25,98,09:30,chat,4,4,4,0,42,100,994,497
2026-10-25,98,10:00,chat,4,4,4,0,37,100,1066,533
2026-10-25,98,10:30,chat,4,4,4,0,44,100,995,497
2026-10-25,98,11:00,chat,5,5,5,0,41,100,959,479
2026-10-25,98,11:30,chat,3,3,3,0,42,100,990,495
2026-10-25,98,12:00,chat,5,4,4,1,107,80,919,459
2026-10-25,98,12:30,chat,4,4,3,0,146,75,937,468
2026-10-25,98,13:00,chat,3,3,3,0,38,100,1043,522
2026-10-25,98,13:30,chat,4,4,4,0,46,100,952,476
2026-10-25,98,14:00,chat,4,4,4,0,39,100,983,491
2026-10-25,98,14:30,chat,4,4,4,0,41,100,1016,508
2026-10-25,98,15:00,chat,4,3,3,1,136,75,1018,509
2026-10-25,98,15:30,chat,4,3,3,1,140,75,1058,529
2026-10-25,98,16:00,chat,3,3,3,0,48,100,994,497
2026-10-25,98,16:30,chat,2,2,2,0,51,100,915,458
2026-10-25,98,17:00,chat,2,2,2,0,45,100,923,461
2026-10-25,98,17:30,chat,2,2,2,0,43,100,1073,537
2026-10-25,98,18:00,chat,1,1,1,0,47,100,1076,538
2026-10-25,98,18:30,chat,1,1,1,0,45,100,995,497
2026-10-25,98,19:00,chat,1,1,1,0,34,100,1049,525
2026-10-25,98,19:30,chat,1,1,1,0,50,100,937,468
2026-10-25,98,20:00,chat,0,0,0,0,0,0,0,0
2026-10-25,98,20:30,chat,0,0,0,0,0,0,0,0
2026-10-25,98,21:00,chat,0,0,0,0,0,0,0,0
2026-10-25,98,21:30,chat,0,0,0,0,0,0,0,0
2026-10-25,98,22:00,chat,1,1,1,0,47,100,916,458
2026-10-25,98,22:30,chat,0,0,0,0,0,0,0,0
2026-10-25,98,23:00,chat,0,0,0,0,0,0,0,0
2026-10-25,98,23:30,chat,0,0,0,0,0,0,0,0
2026-10-26,99,00:00,voice,0,0,0,0,0,0,0,0
2026-10-26,99,00:30,voice,0,0,0,0,0,0,0,0
2026-10-26,99,01:00,voice,0,0,0,0,0,0,0,0
2026-10-26,99,01:30,voice,0,0,0,0,0,0,0,0
2026-10-26,99,02:00,voice,0,0,0,0,0,0,0,0
2026-10-26,99,02:30,voice,0,0,0,0,0,0,0,0
2026-10-26,99,03:00,voice,0,0,0,0,0,0,0,0
2026-10-26,99,03:30,voice,0,0,0,0,0,0,0,0
2026-10-26,99,04:00,voice,0,0,0,0,0,0,0,0
2026-10-26,99,04:30,voice,1,1,1,0,11,100,1678,1678
2026-10-26,99,05:00,voice,0,0,0,0,0,0,0,0
2026-10-26,99,05:30,voice,0,0,0,0,0,0,0,0
2026-10-26,99,06:00,voice,1,1,1,0,11,100,1649,1649
2026-10-26,99,06:30,voice,1,1,1,0,12,100,1915,1915
2026-10-26,99,07:00,voice,1,1,1,0,12,100,1925,1925
2026-10-26,99,07:30,voice,1,1,1,0,11,100,1639,1639
2026-10-26,99,08:00,voice,2,2,2,0,12,100,1565,1565
2026-10-26,99,08:30,voice,2,2,2,0,12,100,1653,1653
2026-10-26,99,09:00,voice,3,3,3,0,11,100,1723,1723
2026-10-26,99,09:30,voice,5,5,5,0,11,100,1769,1769
2026-10-26,99,10:00,voice,5,4,4,1,47,80,1675,1675
2026-10-26,99,10:30,voice,5,5,5,0,12,100,1726,1726
2026-10-26,99,11:00,voice,4,4,4,0,14,100,1659,1659
2026-10-26,99,11:30,voice,4,4,4,0,13,100,1678,1678
2026-10-26,99,12:00,voice,4,3,3,1,67,75,1795,1795
2026-10-26,99,12:30,voice,4,4,4,0,10,100,1631,1631
2026-10-26,99,13:00,voice,3,3,3,0,11,100,1748,1748
2026-10-26,99,13:30,voice,4,4,4,0,15,100,1779,1779
2026-10-26,99,14:00,voice,4,4,4,0,12,100,1663,1663
2026-10-26,99,14:30,voice,4,4,4,0,13,100,1816,1816
2026-10-26,99,15:00,voice,3,3,3,0,10,100,1767,1767
2026-10-26,99,15:30,voice,5,5,5,0,11,100,1669,1669
2026-10-26,99,16:00,voice,4,4,4,0,11,100,1952,1952
2026-10-26,99,16:30,voice,3,3,3,0,12,100,1647,1647
2026-10-26,99,17:00,voice,2,2,2,0,13,100,1804,1804
2026-10-26,99,17:30,voice,2,2,2,0,10,100,1633,1633
2026-10-26,99,18:00,voice,1,1,1,0,13,100,1852,1852
2026-10-26,99,18:30,voice,1,1,1,0,13,100,1643,1643
2026-10-26,99,19:00,voice,1,1,1,0,12,100,1619,1619
2026-10-26,99,19:30,voice,1,1,1,0,10,100,1715,1715
2026-10-26,99,20:00,voice,0,0,0,0,0,0,0,0
2026-10-26,99,20:30,voice,1,1,1,0,11,100,1733,1733
2026-10-26,99,21:00,voice,1,1,1,0,12,100,1882,1882
2026-10-26,99,21:30,voice,1,1,1,0,12,100,1622,1622
2026-10-26,99,22:00,voice,1,1,1,0,10,100,1692,1692
2026-10-26,99,22:30,voice,0,0,0,0,0,0,0,0
2026-10-26,99,23:00,voice,1,1,1,0,13,100,1679,1679
2026-10-26,99,23:30,voice,0,0,0,0,0,0,0,0
2026-10-26,99,00:00,chat,1,1,1,0,42,100,1092,546
2026-10-26,99,00:30,chat,1,1,1,0,44,100,1019,509
2026-10-26,99,01:00,chat,1,1,1,0,51,100,1052,526
2026-10-26,99,01:30,chat,1,1,1,0,37,100,984,492
2026-10-26,99,02:00,chat,1,1,1,0,42,100,958,479
2026-10-26,99,02:30,chat,1,1,1,0,41,100,1037,518
2026-10-26,99,03:00,chat,1,1,1,0,36,100,992,496
2026-10-26,99,03:30,chat,1,1,1,0,37,100,1035,518
2026-10-26,99,04:00,chat,1,1,1,0,44,100,967,483
2026-10-26,99,04:30,chat,1,1,1,0,46,100,1073,536
2026-10-26,99,05:00,chat,1,1,1,0,46,100,969,485
2026-10-26,99,05:30,chat,1,1,1,0,49,100,980,490
2026-10-26,99,06:00,chat,1,1,1,0,46,100,1009,505
2026-10-26,99,06:30,chat,1,1,1,0,50,100,1091,545
2026-10-26,99,07:00,chat,1,1,1,0,41,100,911,455
2026-10-26,99,07:30,chat,2,2,2,0,40,100,1081,540
2026-10-26,99,08:00,chat,4,4,4,0,48,100,1035,517
2026-10-26,99,08:30,chat,4,4,4,0,42,100,1066,533
2026-10-26,99,09:00,chat,6,6,6,0,42,100,984,492
2026-10-26,99,09:30,chat,9,9,9,0,46,100,954,477
2026-10-26,99,10:00,chat,9,8,8,1,62,88.9,1053,527
2026-10-26,99,10:30,chat,8,8,8,0,49,100,980,490
2026-10-26,99,11:00,chat,7,6,6,1,85,85.7,1022,511
2026-10-26,99,11:30,chat,7,6,5,1,154,71.4,1069,535
2026-10-26,99,12:00,chat,8,7,7,1,67,87.5,988,494
2026-10-26,99,12:30,chat,6,5,5,1,85,83.3,960,480
2026-10-26,99,13:00,chat,6,6,5,0,99,83.3,1005,503
2026-10-26,99,13:30,chat,6,6,6,0,40,100,1019,510
2026-10-26,99,14:00,chat,7,7,7,0,56,100,1035,518
2026-10-26,99,14:30,chat,7,7,6,0,77,85.7,936,468
2026-10-26,99,15:00,chat,8,8,7,0,70,87.5,1046,523
2026-10-26,99,15:30,chat,6,6,6,0,47,100,879,439
2026-10-26,99,16:00,chat,7,6,6,1,77,85.7,1076,538
2026-10-26,99,16:30,chat,6,6,6,0,42,100,953,477
2026-10-26,99,17:00,chat,5,5,5,0,45,100,968,484
2026-10-26,99,17:30,chat,3,3,3,0,54,100,1058,529
2026-10-26,99,18:00,chat,3,3,3,0,40,100,1058,529
2026-10-26,99,18:30,chat,2,2,2,0,52,100,1008,504
2026-10-26,99,19:00,chat,1,1,1,0,46,100,892,446
2026-10-26,99,19:30,chat,1,1,1,0,45,100,1056,528
2026-10-26,99,20:00,chat,1,1,1,0,43,100,1084,542
2026-10-26,99,20:30,chat,1,1,1,0,44,100,1029,514
2026-10-26,99,21:00,chat,1,1,1,0,47,100,967,484
2026-10-26,99,21:30,chat,1,1,1,0,43,100,934,467
2026-10-26,99,22:00,chat,1,1,1,0,44,100,937,468
2026-10-26,99,22:30,chat,1,1,1,0,36,100,1023,511
2026-10-26,99,23:00,chat,1,1,1,0,45,100,854,427
2026-10-26,99,23:30,chat,1,1,1,0,39,100,1050,525
2026-10-27,100,00:00,voice,1,1,1,0,14,100,1891,1891
2026-10-27,100,00:30,voice,1,1,1,0,14,100,1759,1759
2026-10-27,100,01:00,voice,1,1,1,0,14,100,1900,1900
2026-10-27,100,01:30,voice,0,0,0,0,0,0,0,0
2026-10-27,100,02:00,voice,0,0,0,0,0,0,0,0
2026-10-27,100,02:30,voice,1,1,1,0,12,100,2033,2033
2026-10-27,100,03:00,voice,1,1,1,0,12,100,1825,1825
2026-10-27,100,03:30,voice,1,1,1,0,12,100,1740,1740
2026-10-27,100,04:00,voice,0,0,0,0,0,0,0,0
2026-10-27,100,04:30,voice,0,0,0,0,0,0,0,0
2026-10-27,100,05:00,voice,1,1,1,0,11,100,2086,2086
2026-10-27,100,05:30,voice,1,1,1,0,12,100,1839,1839
2026-10-27,100,06:00,voice,1,1,1,0,10,100,1765,1765
2026-10-27,100,06:30,voice,1,1,1,0,13,100,1897,1897
2026-10-27,100,07:00,voice,1,1,1,0,10,100,1974,1974
2026-10-27,100,07:30,voice,1,1,1,0,13,100,1688,1688
2026-10-27,100,08:00,voice,2,2,2,0,12,100,1823,1823
2026-10-27,100,08:30,voice,3,3,3,0,10,100,1816,1816
2026-10-27,100,09:00,voice,3,3,3,0,13,100,1870,1870
2026-10-27,100,09:30,voice,4,4,4,0,15,100,1734,1734
2026-10-27,100,10:00,voice,5,5,5,0,11,100,1702,1702
2026-10-27,100,10:30,voice,5,5,5,0,11,100,1941,1941
2026-10-27,100,11:00,voice,5,4,4,1,46,80,1769,1769
2026-10-27,100,11:30,voice,6,6,5,0,36,83.3,1610,1610
2026-10-27,100,12:00,voice,4,4,4,0,11,100,1931,1931
2026-10-27,100,12:30,voice,4,3,3,1,76,75,1830,1830
2026-10-27,100,13:00,voice,4,4,4,0,11,100,1645,1645
2026-10-27,100,13:30,voice,3,3,3,0,13,100,1932,1932
2026-10-27,100,14:00,voice,4,4,4,0,12,100,1674,1674
2026-10-27,100,14:30,voice,5,5,5,0,9,100,1692,1692
2026-10-27,100,15:00,voice,5,5,5,0,12,100,1722,1722
2026-10-27,100,15:30,voice,4,4,4,0,12,100,1657,1657
2026-10-27,100,16:00,voice,4,4,4,0,12,100,1840,1840
2026-10-27,100,16:30,voice,3,3,3,0,12,100,1732,1732
2026-10-27,100,17:00,voice,3,3,3,0,14,100,1868,1868
2026-10-27,100,17:30,voice,2,2,2,0,12,100,1670,1670
2026-10-27,100,18:00,voice,1,1,1,0,12,100,1843,1843
2026-10-27,100,18:30,voice,1,1,1,0,11,100,1879,1879
2026-10-27,100,19:00,voice,1,1,1,0,11,100,1913,1913
2026-10-27,100,19:30,voice,1,1,1,0,11,100,1789,1789
2026-10-27,100,20:00,voice,1,1,1,0,10,100,1838,1838
2026-10-27,100,20:30,voice,0,0,0,0,0,0,0,0
2026-10-27,100,21:00,voice,0,0,0,0,0,0,0,0
2026-10-27,100,21:30,voice,1,1,1,0,14,100,1795,1795
2026-10-27,100,22:00,voice,0,0,0,0,0,0,0,0
2026-10-27,100,22:30,voice,1,1,1,0,14,100,1915,1915
2026-10-27,100,23:00,voice,0,0,0,0,0,0,0,0
2026-10-27,100,23:30,voice,1,1,1,0,13,100,1672,1672
2026-10-27,100,00:00,chat,1,1,1,0,46,100,1098,530
2026-10-27,100,00:30,chat,1,1,1,0,44,100,1310,631
2026-10-27,100,01:00,chat,1,1,1,0,50,100,1173,565
2026-10-27,100,01:30,chat,1,1,1,0,48,100,1131,545
2026-10-27,100,02:00,chat,1,1,1,0,51,100,1177,568
2026-10-27,100,02:30,chat,1,1,1,0,43,100,1023,493
2026-10-27,100,03:00,chat,1,1,1,0,48,100,1114,537
2026-10-27,100,03:30,chat,1,1,1,0,47,100,1160,559
2026-10-27,100,04:00,chat,1,1,1,0,41,100,1037,500
2026-10-27,100,04:30,chat,1,1,1,0,41,100,1152,556
2026-10-27,100,05:00,chat,1,1,1,0,50,100,1210,583
2026-10-27,100,05:30,chat,1,1,1,0,40,100,1153,556
2026-10-27,100,06:00,chat,1,1,1,0,47,100,1214,586
2026-10-27,100,06:30,chat,2,2,2,0,43,100,1023,493
2026-10-27,100,07:00,chat,2,2,2,0,51,100,1144,551
2026-10-27,100,07:30,chat,3,3,3,0,44,100,1175,567
2026-10-27,100,08:00,chat,4,4,4,0,42,100,1117,538
2026-10-27,100,08:30,chat,5,5,5,0,44,100,1086,524
2026-10-27,100,09:00,chat,8,8,8,0,45,100,1142,550
2026-10-27,100,09:30,chat,7,7,7,0,45,100,1101,531
2026-10-27,100,10:00,chat,12,11,10,1,88,83.3,1179,569
2026-10-27,100,10:30,chat,11,10,10,1,49,90.9,1074,518
2026-10-27,100,11:00,chat,9,9,9,0,41,100,1134,547
2026-10-27,100,11:30,chat,11,10,9,1,103,81.8,1187,572
2026-10-27,100,12:00,chat,8,8,8,0,45,100,1199,578
2026-10-27,100,12:30,chat,6,6,6,0,40,100,1014,489
2026-10-27,100,13:00,chat,6,6,6,0,41,100,1107,534
2026-10-27,100,13:30,chat,7,7,7,0,46,100,1083,522
2026-10-27,100,14:00,chat,8,8,8,0,40,100,957,461
2026-10-27,100,14:30,chat,7,6,6,1,76,85.7,1053,508
2026-10-27,100,15:00,chat,9,8,8,1,59,88.9,1026,495
2026-10-27,100,15:30,chat,10,9,9,1,65,90,1130,545
2026-10-27,100,16:00,chat,6,6,6,0,45,100,1113,537
2026-10-27,100,16:30,chat,6,6,6,0,47,100,1127,544
2026-10-27,100,17:00,chat,5,5,5,0,42,100,1108,534
2026-10-27,100,17:30,chat,4,4,4,0,40,100,1137,548
2026-10-27,100,18:00,chat,3,3,3,0,42,100,1042,503
2026-10-27,100,18:30,chat,2,2,2,0,54,100,1176,567
2026-10-27,100,19:00,chat,2,2,2,0,49,100,1121,541
2026-10-27,100,19:30,chat,1,1,1,0,52,100,1171,565
2026-10-27,100,20:00,chat,1,1,1,0,45,100,1278,616
2026-10-27,100,20:30,chat,1,1,1,0,42,100,1131,546
2026-10-27,100,21:00,chat,1,1,1,0,45,100,1193,575
2026-10-27,100,21:30,chat,1,1,1,0,42,100,1088,525
2026-10-27,100,22:00,chat,1,1,1,0,45,100,1198,578
2026-10-27,100,22:30,chat,1,1,1,0,45,100,1149,554
2026-10-27,100,23:00,chat,1,1,1,0,46,100,1185,571
2026-10-27,100,23:30,chat,1,1,1,0,40,100,1072,517
2026-10-28,101,00:00,voice,1,1,1,0,10,100,1722,1722
2026-10-28,101,00:30,voice,1,1,1,0,13,100,1777,1777
2026-10-28,101,01:00,voice,1,1,1,0,13,100,1748,1748
2026-10-28,101,01:30,voice,0,0,0,0,0,0,0,0
2026-10-28,101,02:00,voice,1,1,1,0,12,100,1837,1837
2026-10-28,101,02:30,voice,0,0,0,0,0,0,0,0
2026-10-28,101,03:00,voice,1,1,1,0,11,100,1732,1732
2026-10-28,101,03:30,voice,0,0,0,0,0,0,0,0
2026-10-28,101,04:00,voice,1,1,1,0,12,100,1754,1754
2026-10-28,101,04:30,voice,0,0,0,0,0,0,0,0
2026-10-28,101,05:00,voice,1,1,1,0,10,100,1924,1924
2026-10-28,101,05:30,voice,0,0,0,0,0,0,0,0
2026-10-28,101,06:00,voice,0,0,0,0,0,0,0,0
2026-10-28,101,06:30,voice,1,1,1,0,11,100,1697,1697
2026-10-28,101,07:00,voice,1,1,1,0,11,100,1564,1564
2026-10-28,101,07:30,voice,1,1,1,0,12,100,1606,1606
2026-10-28,101,08:00,voice,1,1,1,0,12,100,1748,1748
2026-10-28,101,08:30,voice,3,3,3,0,12,100,1584,1584
2026-10-28,101,09:00,voice,4,4,4,0,12,100,1601,1601
2026-10-28,101,09:30,voice,4,4,4,0,13,100,1627,1627
2026-10-28,101,10:00,voice,4,3,3,1,62,75,1747,1747
2026-10-28,101,10:30,voice,5,4,4,1,53,80,1602,1602
2026-10-28,101,11:00,voice,4,4,4,0,14,100,1727,1727
2026-10-28,101,11:30,voice,5,5,5,0,13,100,1604,1604
2026-10-28,101,12:00,voice,4,4,4,0,11,100,1742,1742
2026-10-28,101,12:30,voice,3,3,3,0,12,100,1584,1584
2026-10-28,101,13:00,voice,3,3,3,0,13,100,1503,1503
2026-10-28,101,13:30,voice,4,4,4,0,13,100,1832,1832
2026-10-28,101,14:00,voice,3,3,3,0,12,100,1604,1604
2026-10-28,101,14:30,voice,4,4,4,0,13,100,1743,1743
2026-10-28,101,15:00,voice,4,4,4,0,12,100,1841,1841
2026-10-28,101,15:30,voice,3,3,3,0,11,100,1758,1758
2026-10-28,101,16:00,voice,3,3,3,0,12,100,1542,1542
2026-10-28,101,16:30,voice,3,3,3,0,14,100,1718,1718
2026-10-28,101,17:00,voice,2,2,2,0,11,100,1710,1710
2026-10-28,101,17:30,voice,2,2,2,0,12,100,1605,1605
2026-10-28,101,18:00,voice,1,1,1,0,11,100,1634,1634
2026-10-28,101,18:30,voice,1,1,1,0,11,100,1824,1824
2026-10-28,101,19:00,voice,1,1,1,0,12,100,1717,1717
2026-10-28,101,19:30,voice,0,0,0,0,0,0,0,0
2026-10-28,101,20:00,voice,1,1,1,0,14,100,1682,1682
2026-10-28,101,20:30,voice,0,0,0,0,0,0,0,0
2026-10-28,101,21:00,voice,0,0,0,0,0,0,0,0
2026-10-28,101,21:30,voice,1,1,1,0,11,100,1778,1778
2026-10-28,101,22:00,voice,0,0,0,0,0,0,0,0
2026-10-28,101,22:30,voice,1,1,1,0,11,100,1677,1677
2026-10-28,101,23:00,voice,0,0,0,0,0,0,0,0
2026-10-28,101,23:30,voice,1,1,1,0,12,100,1646,1646
2026-10-28,101,00:00,chat,1,1,1,0,45,100,998,499
2026-10-28,101,00:30,chat,1,1,1,0,45,100,1013,507
2026-10-28,101,01:00,chat,1,1,1,0,44,100,979,489
2026-10-28,101,01:30,chat,1,1,1,0,48,100,1132,566
2026-10-28,101,02:00,chat,1,1,1,0,55,100,1022,511
2026-10-28,101,02:30,chat,1,1,1,0,48,100,1100,550
2026-10-28,101,03:00,chat,1,1,1,0,52,100,1014,507
2026-10-28,101,03:30,chat,1,1,1,0,46,100,1005,502
2026-10-28,101,04:00,chat,1,1,1,0,48,100,1077,538
2026-10-28,101,04:30,chat,1,1,1,0,39,100,1087,543
2026-10-28,101,05:00,chat,1,1,1,0,49,100,974,487
2026-10-28,101,05:30,chat,1,1,1,0,51,100,1164,582
2026-10-28,101,06:00,chat,1,1,1,0,39,100,1026,513
2026-10-28,101,06:30,chat,1,1,1,0,44,100,1000,500
2026-10-28,101,07:00,chat,2,2,2,0,43,100,981,491
2026-10-28,101,07:30,chat,2,2,2,0,40,100,996,498
2026-10-28,101,08:00,chat,2,2,2,0,46,100,1077,539
2026-10-28,101,08:30,chat,4,4,4,0,47,100,1080,540
2026-10-28,101,09:00,chat,6,6,5,0,98,83.3,996,498
2026-10-28,101,09:30,chat,9,8,8,1,66,88.9,1042,521
2026-10-28,101,10:00,chat,9,8,8,1,66,88.9,1121,560
2026-10-28,101,10:30,chat,10,9,9,1,55,90,1080,540
2026-10-28,101,11:00,chat,9,8,8,1,67,88.9,1160,580
2026-10-28,101,11:30,chat,6,6,6,0,46,100,895,447
2026-10-28,101,12:00,chat,8,8,7,0,64,87.5,1001,500
2026-10-28,101,12:30,chat,6,5,5,1,89,83.3,1172,586
2026-10-28,101,13:00,chat,7,7,7,0,43,100,983,492
2026-10-28,101,13:30,chat,7,7,7,0,39,100,953,476
2026-10-28,101,14:00,chat,6,6,6,0,52,100,1067,533
2026-10-28,101,14:30,chat,6,5,5,1,75,83.3,1036,518
2026-10-28,101,15:00,chat,8,8,8,0,41,100,1045,522
2026-10-28,101,15:30,chat,8,8,8,0,40,100,1071,536
2026-10-28,101,16:00,chat,6,6,6,0,62,100,906,453
2026-10-28,101,16:30,chat,5,5,5,0,41,100,1023,512
2026-10-28,101,17:00,chat,4,4,4,0,43,100,1128,564
2026-10-28,101,17:30,chat,3,3,3,0,49,100,1214,607
2026-10-28,101,18:00,chat,2,2,2,0,45,100,970,485
2026-10-28,101,18:30,chat,2,2,2,0,38,100,1032,516
2026-10-28,101,19:00,chat,1,1,1,0,43,100,1050,525
2026-10-28,101,19:30,chat,1,1,1,0,46,100,1123,562
2026-10-28,101,20:00,chat,1,1,1,0,45,100,996,498
2026-10-28,101,20:30,chat,1,1,1,0,43,100,997,499
2026-10-28,101,21:00,chat,1,1,1,0,49,100,998,499
2026-10-28,101,21:30,chat,1,1,1,0,43,100,1078,539
2026-10-28,101,22:00,chat,1,1,1,0,46,100,1020,510
2026-10-28,101,22:30,chat,1,1,1,0,41,100,1118,559
2026-10-28,101,23:00,chat,1,1,1,0,44,100,1000,500
2026-10-28,101,23:30,chat,1,1,1,0,51,100,1024,512
2026-10-29,102,00:00,voice,1,1,1,0,11,100,1696,1696
2026-10-29,102,00:30,voice,1,1,1,0,14,100,1732,1732
2026-10-29,102,01:00,voice,0,0,0,0,0,0,0,0
2026-10-29,102,01:30,voice,0,0,0,0,0,0,0,0
2026-10-29,102,02:00,voice,0,0,0,0,0,0,0,0
2026-10-29,102,02:30,voice,0,0,0,0,0,0,0,0
2026-10-29,102,03:00,voice,1,1,1,0,13,100,1820,1820
2026-10-29,102,03:30,voice,0,0,0,0,0,0,0,0
2026-10-29,102,04:00,voice,0,0,0,0,0,0,0,0
2026-10-29,102,04:30,voice,0,0,0,0,0,0,0,0
2026-10-29,102,05:00,voice,1,1,1,0,14,100,1772,1772
2026-10-29,102,05:30,voice,1,1,1,0,14,100,1897,1897
2026-10-29,102,06:00,voice,1,1,1,0,11,100,1635,1635
2026-10-29,102,06:30,voice,1,1,1,0,12,100,1885,1885
2026-10-29,102,07:00,voice,1,1,1,0,12,100,1672,1672
2026-10-29,102,07:30,voice,1,1,1,0,15,100,1711,1711
2026-10-29,102,08:00,voice,2,2,2,0,11,100,1925,1925
2026-10-29,102,08:30,voice,3,3,3,0,11,100,1989,1989
2026-10-29,102,09:00,voice,3,3,3,0,10,100,1829,1829
2026-10-29,102,09:30,voice,4,4,4,0,14,100,1952,1952
2026-10-29,102,10:00,voice,5,5,5,0,11,100,1750,1750
2026-10-29,102,10:30,voice,5,5,4,0,47,80,1729,1729
2026-10-29,102,11:00,voice,4,4,4,0,10,100,1699,1699
2026-10-29,102,11:30,voice,4,4,4,0,13,100,1739,1739
2026-10-29,102,12:00,voice,3,3,3,0,11,100,1958,1958
2026-10-29,102,12:30,voice,3,3,3,0,15,100,1713,1713
2026-10-29,102,13:00,voice,4,4,4,0,11,100,1800,1800
2026-10-29,102,13:30,voice,3,3,3,0,11,100,1703,1703
2026-10-29,102,14:00,voice,4,3,3,1,61,75,1773,1773
2026-10-29,102,14:30,voice,4,4,3,0,75,75,1851,1851
2026-10-29,102,15:00,voice,3,3,3,0,13,100,1755,1755
2026-10-29,102,15:30,voice,5,4,4,1,50,80,1782,1782
2026-10-29,102,16:00,voice,4,4,4,0,12,100,1931,1931
2026-10-29,102,16:30,voice,3,3,3,0,11,100,1856,1856
2026-10-29,102,17:00,voice,3,3,3,0,11,100,1938,1938
2026-10-29,102,17:30,voice,2,2,2,0,11,100,1870,1870
2026-10-29,102,18:00,voice,1,1,1,0,11,100,1764,1764
2026-10-29,102,18:30,voice,1,1,1,0,13,100,1840,1840
2026-10-29,102,19:00,voice,1,1,1,0,12,100,1707,1707
2026-10-29,102,19:30,voice,1,1,1,0,11,100,1978,1978
2026-10-29,102,20:00,voice,1,1,1,0,11,100,1853,1853
2026-10-29,102,20:30,voice,0,0,0,0,0,0,0,0
2026-10-29,102,21:00,voice,0,0,0,0,0,0,0,0
2026-10-29,102,21:30,voice,0,0,0,0,0,0,0,0
2026-10-29,102,22:00,voice,1,1,1,0,10,100,2026,2026
2026-10-29,102,22:30,voice,0,0,0,0,0,0,0,0
2026-10-29,102,23:00,voice,0,0,0,0,0,0,0,0
2026-10-29,102,23:30,voice,0,0,0,0,0,0,0,0
2026-10-29,102,00:00,chat,1,1,1,0,52,100,1003,502
2026-10-29,102,00:30,chat,1,1,1,0,49,100,1062,531
2026-10-29,102,01:00,chat,1,1,1,0,47,100,1143,571
2026-10-29,102,01:30,chat,1,1,1,0,50,100,1144,572
2026-10-29,102,02:00,chat,1,1,1,0,53,100,1082,541
2026-10-29,102,02:30,chat,1,1,1,0,46,100,1093,547
2026-10-29,102,03:00,chat,1,1,1,0,45,100,1070,535
2026-10-29,102,03:30,chat,1,1,1,0,59,100,1104,552
2026-10-29,102,04:00,chat,1,1,1,0,41,100,1148,574
2026-10-29,102,04:30,chat,1,1,1,0,44,100,1193,596
2026-10-29,102,05:00,chat,1,1,1,0,42,100,1124,562
2026-10-29,102,05:30,chat,1,1,1,0,41,100,1017,508
2026-10-29,102,06:00,chat,1,1,1,0,47,100,1223,612
2026-10-29,102,06:30,chat,1,1,1,0,47,100,1185,593
2026-10-29,102,07:00,chat,1,1,1,0,47,100,1015,507
2026-10-29,102,07:30,chat,2,2,2,0,47,100,1172,586
2026-10-29,102,08:00,chat,2,2,2,0,45,100,1195,598
2026-10-29,102,08:30,chat,5,5,5,0,46,100,1206,603
2026-10-29,102,09:00,chat,5,5,5,0,42,100,1072,536
2026-10-29,102,09:30,chat,7,6,6,1,63,85.7,1088,544
2026-10-29,102,10:00,chat,10,9,9,1,55,90,1016,508
2026-10-29,102,10:30,chat,8,7,7,1,71,87.5,1166,583
2026-10-29,102,11:00,chat,8,8,7,0,66,87.5,1055,527
2026-10-29,102,11:30,chat,9,9,9,0,41,100,1053,526
2026-10-29,102,12:00,chat,8,8,7,0,82,87.5,1049,525
2026-10-29,102,12:30,chat,7,6,6,1,80,85.7,1179,589
2026-10-29,102,13:00,chat,5,5,4,0,87,80,1158,579
2026-10-29,102,13:30,chat,7,7,7,0,45,100,1104,552
2026-10-29,102,14:00,chat,6,6,5,0,87,83.3,1098,549
2026-10-29,102,14:30,chat,8,7,7,1,68,87.5,1050,525
2026-10-29,102,15:00,chat,8,7,7,1,54,87.5,1166,583
2026-10-29,102,15:30,chat,8,8,8,0,44,100,1073,536
2026-10-29,102,16:00,chat,7,7,7,0,43,100,1103,552
2026-10-29,102,16:30,chat,6,6,6,0,44,100,1200,600
2026-10-29,102,17:00,chat,5,5,5,0,46,100,1252,626
2026-10-29,102,17:30,chat,3,3,3,0,46,100,958,479
2026-10-29,102,18:00,chat,2,2,2,0,46,100,1121,560
2026-10-29,102,18:30,chat,2,2,2,0,40,100,1063,532
2026-10-29,102,19:00,chat,2,2,2,0,37,100,1079,539
2026-10-29,102,19:30,chat,1,1,1,0,39,100,1125,563
2026-10-29,102,20:00,chat,1,1,1,0,44,100,1198,599
2026-10-29,102,20:30,chat,1,1,1,0,54,100,1067,534
2026-10-29,102,21:00,chat,1,1,1,0,52,100,1175,588
2026-10-29,102,21:30,chat,1,1,1,0,42,100,1131,565
2026-10-29,102,22:00,chat,1,1,1,0,48,100,1130,565
2026-10-29,102,22:30,chat,1,1,1,0,52,100,1156,578
2026-10-29,102,23:00,chat,1,1,1,0,36,100,1203,602
2026-10-29,102,23:30,chat,1,1,1,0,42,100,1101,551
2026-10-30,103,00:00,voice,0,0,0,0,0,0,0,0
2026-10-30,103,00:30,voice,0,0,0,0,0,0,0,0
2026-10-30,103,01:00,voice,0,0,0,0,0,0,0,0
2026-10-30,103,01:30,voice,0,0,0,0,0,0,0,0
2026-10-30,103,02:00,voice,0,0,0,0,0,0,0,0
2026-10-30,103,02:30,voice,1,1,1,0,13,100,1746,1746
2026-10-30,103,03:00,voice,0,0,0,0,0,0,0,0
2026-10-30,103,03:30,voice,1,1,1,0,11,100,1641,1641
2026-10-30,103,04:00,voice,0,0,0,0,0,0,0,0
2026-10-30,103,04:30,voice,1,1,1,0,13,100,1625,1625
2026-10-30,103,05:00,voice,0,0,0,0,0,0,0,0
2026-10-30,103,05:30,voice,0,0,0,0,0,0,0,0
2026-10-30,103,06:00,voice,1,1,1,0,14,100,1734,1734
2026-10-30,103,06:30,voice,1,1,1,0,10,100,1803,1803
2026-10-30,103,07:00,voice,1,1,1,0,11,100,1802,1802
2026-10-30,103,07:30,voice,1,1,1,0,16,100,1831,1831
2026-10-30,103,08:00,voice,1,1,1,0,13,100,1765,1765
2026-10-30,103,08:30,voice,2,2,2,0,13,100,1853,1853
2026-10-30,103,09:00,voice,3,3,3,0,17,100,1730,1730
2026-10-30,103,09:30,voice,4,4,4,0,12,100,1818,1818
2026-10-30,103,10:00,voice,2,2,2,0,12,100,1502,1502
2026-10-30,103,10:30,voice,3,3,3,0,13,100,1567,1567
2026-10-30,103,11:00,voice,4,4,4,0,13,100,1839,1839
2026-10-30,103,11:30,voice,3,3,3,0,15,100,1744,1744
2026-10-30,103,12:00,voice,3,3,3,0,12,100,1686,1686
2026-10-30,103,12:30,voice,3,3,3,0,13,100,1622,1622
2026-10-30,103,13:00,voice,3,3,2,0,105,66.7,1727,1727
2026-10-30,103,13:30,voice,2,2,2,0,11,100,1847,1847
2026-10-30,103,14:00,voice,2,2,2,0,12,100,1782,1782
2026-10-30,103,14:30,voice,4,3,3,1,69,75,1893,1893
2026-10-30,103,15:00,voice,3,3,3,0,12,100,1858,1858
2026-10-30,103,15:30,voice,3,3,3,0,12,100,1780,1780
2026-10-30,103,16:00,voice,3,3,3,0,11,100,1634,1634
2026-10-30,103,16:30,voice,2,2,2,0,10,100,1770,1770
2026-10-30,103,17:00,voice,2,2,2,0,14,100,1988,1988
2026-10-30,103,17:30,voice,1,1,1,0,12,100,1823,1823
2026-10-30,103,18:00,voice,1,1,1,0,12,100,1836,1836
2026-10-30,103,18:30,voice,1,1,1,0,12,100,1793,1793
2026-10-30,103,19:00,voice,1,1,1,0,11,100,1738,1738
2026-10-30,103,19:30,voice,1,1,1,0,12,100,1623,1623
2026-10-30,103,20:00,voice,1,1,1,0,11,100,1903,1903
2026-10-30,103,20:30,voice,0,0,0,0,0,0,0,0
2026-10-30,103,21:00,voice,1,1,1,0,10,100,1961,1961
2026-10-30,103,21:30,voice,0,0,0,0,0,0,0,0
2026-10-30,103,22:00,voice,0,0,0,0,0,0,0,0
2026-10-30,103,22:30,voice,0,0,0,0,0,0,0,0
2026-10-30,103,23:00,voice,1,1,1,0,11,100,1711,1711
2026-10-30,103,23:30,voice,1,1,1,0,12,100,1741,1741
2026-10-30,103,00:00,chat,1,1,1,0,44,100,1052,526
2026-10-30,103,00:30,chat,1,1,1,0,45,100,1161,580
2026-10-30,103,01:00,chat,1,1,1,0,49,100,1088,544
2026-10-30,103,01:30,chat,1,1,1,0,39,100,1029,514
2026-10-30,103,02:00,chat,0,0,0,0,0,0,0,0
2026-10-30,103,02:30,chat,1,1,1,0,44,100,1187,593
2026-10-30,103,03:00,chat,1,1,1,0,43,100,1154,577
2026-10-30,103,03:30,chat,1,1,1,0,51,100,1122,561
2026-10-30,103,04:00,chat,0,0,0,0,0,0,0,0
2026-10-30,103,04:30,chat,1,1,1,0,48,100,1082,541
2026-10-30,103,05:00,chat,1,1,1,0,40,100,1133,566
2026-10-30,103,05:30,chat,1,1,1,0,46,100,1119,560
2026-10-30,103,06:00,chat,1,1,1,0,44,100,1169,585
2026-10-30,103,06:30,chat,1,1,1,0,39,100,1065,532
2026-10-30,103,07:00,chat,1,1,1,0,43,100,1085,543
2026-10-30,103,07:30,chat,2,2,2,0,39,100,1180,590
2026-10-30,103,08:00,chat,2,2,2,0,42,100,1052,526
2026-10-30,103,08:30,chat,4,4,4,0,49,100,1129,564
2026-10-30,103,09:00,chat,4,4,4,0,59,100,1010,505
2026-10-30,103,09:30,chat,5,4,4,1,99,80,1078,539
2026-10-30,103,10:00,chat,5,5,5,0,42,100,1024,512
2026-10-30,103,10:30,chat,7,7,7,0,47,100,1051,525
2026-10-30,103,11:00,chat,6,6,6,0,44,100,1056,528
2026-10-30,103,11:30,chat,7,6,6,1,73,85.7,1128,564
2026-10-30,103,12:00,chat,6,6,6,0,50,100,1086,543
2026-10-30,103,12:30,chat,5,5,5,0,49,100,1157,579
2026-10-30,103,13:00,chat,6,6,6,0,52,100,1294,647
2026-10-30,103,13:30,chat,5,5,5,0,49,100,1025,512
2026-10-30,103,14:00,chat,5,5,5,0,40,100,1152,576
2026-10-30,103,14:30,chat,5,5,5,0,39,100,1039,519
2026-10-30,103,15:00,chat,7,6,6,1,76,85.7,1160,580
2026-10-30,103,15:30,chat,5,5,5,0,43,100,1130,565
2026-10-30,103,16:00,chat,6,5,5,1,90,83.3,1125,563
2026-10-30,103,16:30,chat,6,6,6,0,46,100,1140,570
2026-10-30,103,17:00,chat,4,4,4,0,49,100,1173,586
2026-10-30,103,17:30,chat,3,3,3,0,50,100,1185,592
2026-10-30,103,18:00,chat,2,2,2,0,47,100,1133,566
2026-10-30,103,18:30,chat,2,2,2,0,40,100,1069,535
2026-10-30,103,19:00,chat,1,1,1,0,55,100,1057,529
2026-10-30,103,19:30,chat,1,1,1,0,41,100,1075,537
2026-10-30,103,20:00,chat,1,1,1,0,37,100,1101,550
2026-10-30,103,20:30,chat,1,1,1,0,42,100,1189,594
2026-10-30,103,21:00,chat,1,1,1,0,38,100,1124,562
2026-10-30,103,21:30,chat,1,1,1,0,43,100,1046,523
2026-10-30,103,22:00,chat,1,1,1,0,44,100,1038,519
2026-10-30,103,22:30,chat,1,1,1,0,41,100,1201,600
2026-10-30,103,23:00,chat,1,1,1,0,40,100,1192,596
2026-10-30,103,23:30,chat,1,1,1,0,40,100,1095,547
2026-10-31,104,00:00,voice,0,0,0,0,0,0,0,0
2026-10-31,104,00:30,voice,0,0,0,0,0,0,0,0
2026-10-31,104,01:00,voice,0,0,0,0,0,0,0,0
2026-10-31,104,01:30,voice,0,0,0,0,0,0,0,0
2026-10-31,104,02:00,voice,0,0,0,0,0,0,0,0
2026-10-31,104,02:30,voice,0,0,0,0,0,0,0,0
2026-10-31,104,03:00,voice,0,0,0,0,0,0,0,0
2026-10-31,104,03:30,voice,0,0,0,0,0,0,0,0
2026-10-31,104,04:00,voice,0,0,0,0,0,0,0,0
2026-10-31,104,04:30,voice,0,0,0,0,0,0,0,0
2026-10-31,104,05:00,voice,0,0,0,0,0,0,0,0
2026-10-31,104,05:30,voice,0,0,0,0,0,0,0,0
2026-10-31,104,06:00,voice,1,1,1,0,12,100,1918,1918
2026-10-31,104,06:30,voice,0,0,0,0,0,0,0,0
2026-10-31,104,07:00,voice,1,1,1,0,11,100,1722,1722
2026-10-31,104,07:30,voice,1,1,1,0,10,100,1688,1688
2026-10-31,104,08:00,voice,1,1,1,0,14,100,1645,1645
2026-10-31,104,08:30,voice,1,1,1,0,12,100,1878,1878
2026-10-31,104,09:00,voice,2,2,2,0,14,100,1812,1812
2026-10-31,104,09:30,voice,2,2,2,0,13,100,1728,1728
2026-10-31,104,10:00,voice,2,2,2,0,11,100,1617,1617
2026-10-31,104,10:30,voice,2,2,2,0,13,100,1744,1744
2026-10-31,104,11:00,voice,3,2,2,1,126,66.7,1735,1735
2026-10-31,104,11:30,voice,2,2,2,0,11,100,1776,1776
2026-10-31,104,12:00,voice,2,2,2,0,12,100,1912,1912
2026-10-31,104,12:30,voice,2,2,2,0,12,100,1857,1857
2026-10-31,104,13:00,voice,2,2,2,0,12,100,1920,1920
2026-10-31,104,13:30,voice,2,2,2,0,11,100,1870,1870
2026-10-31,104,14:00,voice,2,2,2,0,14,100,1793,1793
2026-10-31,104,14:30,voice,2,2,2,0,13,100,1614,1614
2026-10-31,104,15:00,voice,2,2,2,0,13,100,1707,1707
2026-10-31,104,15:30,voice,2,2,2,0,13,100,1838,1838
2026-10-31,104,16:00,voice,2,2,2,0,13,100,1777,1777
2026-10-31,104,16:30,voice,2,2,2,0,14,100,1771,1771
2026-10-31,104,17:00,voice,1,1,1,0,12,100,2037,2037
2026-10-31,104,17:30,voice,1,1,1,0,15,100,1737,1737
2026-10-31,104,18:00,voice,1,1,1,0,14,100,1751,1751
2026-10-31,104,18:30,voice,1,1,1,0,12,100,1752,1752
2026-10-31,104,19:00,voice,0,0,0,0,0,0,0,0
2026-10-31,104,19:30,voice,0,0,0,0,0,0,0,0
2026-10-31,104,20:00,voice,0,0,0,0,0,0,0,0
2026-10-31,104,20:30,voice,0,0,0,0,0,0,0,0
2026-10-31,104,21:00,voice,0,0,0,0,0,0,0,0
2026-10-31,104,21:30,voice,0,0,0,0,0,0,0,0
2026-10-31,104,22:00,voice,0,0,0,0,0,0,0,0
2026-10-31,104,22:30,voice,1,1,1,0,12,100,1901,1901
2026-10-31,104,23:00,voice,0,0,0,0,0,0,0,0
2026-10-31,104,23:30,voice,0,0,0,0,0,0,0,0
2026-10-31,104,00:00,chat,1,1,1,0,50,100,954,477
2026-10-31,104,00:30,chat,0,0,0,0,0,0,0,0
2026-10-31,104,01:00,chat,1,1,1,0,39,100,1021,511
2026-10-31,104,01:30,chat,0,0,0,0,0,0,0,0
2026-10-31,104,02:00,chat,0,0,0,0,0,0,0,0
2026-10-31,104,02:30,chat,1,1,1,0,56,100,966,483
2026-10-31,104,03:00,chat,1,1,1,0,49,100,1013,506
2026-10-31,104,03:30,chat,1,1,1,0,40,100,911,455
2026-10-31,104,04:00,chat,1,1,1,0,49,100,1050,525
2026-10-31,104,04:30,chat,0,0,0,0,0,0,0,0
2026-10-31,104,05:00,chat,0,0,0,0,0,0,0,0
2026-10-31,104,05:30,chat,0,0,0,0,0,0,0,0
2026-10-31,104,06:00,chat,1,1,1,0,44,100,989,494
2026-10-31,104,06:30,chat,1,1,1,0,47,100,999,500
2026-10-31,104,07:00,chat,1,1,1,0,53,100,1038,519
2026-10-31,104,07:30,chat,1,1,1,0,41,100,1064,532
2026-10-31,104,08:00,chat,1,1,1,0,39,100,932,466
2026-10-31,104,08:30,chat,3,3,3,0,50,100,976,488
2026-10-31,104,09:00,chat,3,3,3,0,50,100,1060,530
2026-10-31,104,09:30,chat,5,4,4,1,107,80,1003,501
2026-10-31,104,10:00,chat,5,4,4,1,107,80,1062,531
2026-10-31,104,10:30,chat,5,4,4,1,112,80,1048,524
2026-10-31,104,11:00,chat,5,5,5,0,49,100,1087,544
2026-10-31,104,11:30,chat,3,3,3,0,48,100,1089,544
2026-10-31,104,12:00,chat,2,2,2,0,55,100,1027,513
2026-10-31,104,12:30,chat,3,3,3,0,44,100,955,478
2026-10-31,104,13:00,chat,3,3,3,0,44,100,945,472
2026-10-31,104,13:30,chat,4,4,4,0,37,100,1064,532
2026-10-31,104,14:00,chat,4,4,4,0,47,100,949,475
2026-10-31,104,14:30,chat,4,4,4,0,40,100,1112,556
2026-10-31,104,15:00,chat,4,4,4,0,54,100,1090,545
2026-10-31,104,15:30,chat,3,3,3,0,58,100,991,496
2026-10-31,104,16:00,chat,3,3,3,0,42,100,1078,539
2026-10-31,104,16:30,chat,2,2,2,0,44,100,1053,527
2026-10-31,104,17:00,chat,2,2,2,0,51,100,1044,522
2026-10-31,104,17:30,chat,2,2,2,0,50,100,1115,557
2026-10-31,104,18:00,chat,1,1,1,0,47,100,1023,512
2026-10-31,104,18:30,chat,1,1,1,0,41,100,1002,501
2026-10-31,104,19:00,chat,1,1,1,0,49,100,993,496
2026-10-31,104,19:30,chat,1,1,1,0,47,100,1059,530
2026-10-31,104,20:00,chat,1,1,1,0,45,100,1062,531
2026-10-31,104,20:30,chat,0,0,0,0,0,0,0,0
2026-10-31,104,21:00,chat,1,1,1,0,36,100,1074,537
2026-10-31,104,21:30,chat,0,0,0,0,0,0,0,0
2026-10-31,104,22:00,chat,0,0,0,0,0,0,0,0
2026-10-31,104,22:30,chat,1,1,1,0,50,100,944,472
2026-10-31,104,23:00,chat,0,0,0,0,0,0,0,0
2026-10-31,104,23:30,chat,0,0,0,0,0,0,0,0
2026-11-01,105,00:00,voice,0,0,0,0,0,0,0,0
2026-11-01,105,00:30,voice,0,0,0,0,0,0,0,0
2026-11-01,105,01:00,voice,0,0,0,0,0,0,0,0
2026-11-01,105,01:30,voice,0,0,0,0,0,0,0,0
2026-11-01,105,02:00,voice,0,0,0,0,0,0,0,0
2026-11-01,105,02:30,voice,0,0,0,0,0,0,0,0
2026-11-01,105,03:00,voice,0,0,0,0,0,0,0,0
2026-11-01,105,03:30,voice,0,0,0,0,0,0,0,0
2026-11-01,105,04:00,voice,0,0,0,0,0,0,0,0
2026-11-01,105,04:30,voice,0,0,0,0,0,0,0,0
2026-11-01,105,05:00,voice,0,0,0,0,0,0,0,0
2026-11-01,105,05:30,voice,0,0,0,0,0,0,0,0
2026-11-01,105,06:00,voice,0,0,0,0,0,0,0,0
2026-11-01,105,06:30,voice,1,1,1,0,14,100,1928,1928
2026-11-01,105,07:00,voice,0,0,0,0,0,0,0,0
2026-11-01,105,07:30,voice,1,1,1,0,13,100,1929,1929
2026-11-01,105,08:00,voice,1,1,1,0,11,100,1978,1978
2026-11-01,105,08:30,voice,1,1,1,0,12,100,2037,2037
2026-11-01,105,09:00,voice,2,2,2,0,11,100,1995,1995
2026-11-01,105,09:30,voice,2,2,2,0,9,100,1885,1885
2026-11-01,105,10:00,voice,2,2,2,0,11,100,1797,1797
2026-11-01,105,10:30,voice,3,2,2,1,127,66.7,1852,1852
2026-11-01,105,11:00,voice,3,3,3,0,14,100,1970,1970
2026-11-01,105,11:30,voice,2,2,2,0,12,100,1713,1713
2026-11-01,105,12:00,voice,2,2,2,0,14,100,1615,1615
2026-11-01,105,12:30,voice,2,2,2,0,12,100,1874,1874
2026-11-01,105,13:00,voice,2,2,2,0,12,100,1873,1873
2026-11-01,105,13:30,voice,2,2,2,0,13,100,1728,1728
2026-11-01,105,14:00,voice,2,2,2,0,10,100,1916,1916
2026-11-01,105,14:30,voice,2,2,2,0,9,100,1918,1918
2026-11-01,105,15:00,voice,2,2,2,0,13,100,1903,1903
2026-11-01,105,15:30,voice,2,2,2,0,13,100,1971,1971
2026-11-01,105,16:00,voice,2,2,2,0,14,100,1784,1784
2026-11-01,105,16:30,voice,1,1,1,0,11,100,1906,1906
2026-11-01,105,17:00,voice,1,1,1,0,12,100,1886,1886
2026-11-01,105,17:30,voice,1,1,1,0,11,100,1853,1853
2026-11-01,105,18:00,voice,1,1,1,0,11,100,2002,2002
2026-11-01,105,18:30,voice,1,1,1,0,14,100,1920,1920
2026-11-01,105,19:00,voice,0,0,0,0,0,0,0,0
2026-11-01,105,19:30,voice,0,0,0,0,0,0,0,0
2026-11-01,105,20:00,voice,0,0,0,0,0,0,0,0
2026-11-01,105,20:30,voice,0,0,0,0,0,0,0,0
2026-11-01,105,21:00,voice,0,0,0,0,0,0,0,0
2026-11-01,105,21:30,voice,0,0,0,0,0,0,0,0
2026-11-01,105,22:00,voice,0,0,0,0,0,0,0,0
2026-11-01,105,22:30,voice,0,0,0,0,0,0,0,0
2026-11-01,105,23:00,voice,0,0,0,0,0,0,0,0
2026-11-01,105,23:30,voice,0,0,0,0,0,0,0,0
2026-11-01,105,00:00,chat,1,1,1,0,39,100,1017,509
2026-11-01,105,00:30,chat,0,0,0,0,0,0,0,0
2026-11-01,105,01:00,chat,0,0,0,0,0,0,0,0
2026-11-01,105,01:30,chat,0,0,0,0,0,0,0,0
2026-11-01,105,02:00,chat,0,0,0,0,0,0,0,0
2026-11-01,105,02:30,chat,1,1,1,0,45,100,1000,500
2026-11-01,105,03:00,chat,1,1,1,0,47,100,1037,518
2026-11-01,105,03:30,chat,1,1,1,0,42,100,968,484
2026-11-01,105,04:00,chat,0,0,0,0,0,0,0,0
2026-11-01,105,04:30,chat,0,0,0,0,0,0,0,0
2026-11-01,105,05:00,chat,0,0,0,0,0,0,0,0
2026-11-01,105,05:30,chat,0,0,0,0,0,0,0,0
2026-11-01,105,06:00,chat,1,1,1,0,44,100,931,466
2026-11-01,105,06:30,chat,0,0,0,0,0,0,0,0
2026-11-01,105,07:00,chat,1,1,1,0,39,100,1077,539
2026-11-01,105,07:30,chat,1,1,1,0,50,100,1048,524
2026-11-01,105,08:00,chat,1,1,1,0,41,100,928,464
2026-11-01,105,08:30,chat,2,2,2,0,43,100,947,473
2026-11-01,105,09:00,chat,3,3,3,0,44,100,1008,504
2026-11-01,105,09:30,chat,4,4,4,0,43,100,1007,503
2026-11-01,105,10:00,chat,5,4,4,1,93,80,945,472
2026-11-01,105,10:30,chat,5,4,4,1,131,80,999,499
2026-11-01,105,11:00,chat,4,4,4,0,42,100,996,498
2026-11-01,105,11:30,chat,4,4,4,0,43,100,954,477
2026-11-01,105,12:00,chat,4,4,4,0,47,100,956,478
2026-11-01,105,12:30,chat,3,3,3,0,48,100,1128,564
2026-11-01,105,13:00,chat,3,3,3,0,48,100,1058,529
2026-11-01,105,13:30,chat,3,3,3,0,46,100,1003,501
2026-11-01,105,14:00,chat,3,3,3,0,55,100,981,490
2026-11-01,105,14:30,chat,4,4,4,0,48,100,1107,554
2026-11-01,105,15:00,chat,4,4,4,0,44,100,1045,523
2026-11-01,105,15:30,chat,4,4,4,0,53,100,1010,505
2026-11-01,105,16:00,chat,4,4,4,0,40,100,987,494
2026-11-01,105,16:30,chat,2,2,2,0,41,100,949,474
2026-11-01,105,17:00,chat,3,3,3,0,50,100,992,496
2026-11-01,105,17:30,chat,2,2,2,0,42,100,971,485
2026-11-01,105,18:00,chat,1,1,1,0,47,100,935,468
2026-11-01,105,18:30,chat,1,1,1,0,40,100,1014,507
2026-11-01,105,19:00,chat,1,1,1,0,47,100,1065,533
2026-11-01,105,19:30,chat,1,1,1,0,41,100,1043,522
2026-11-01,105,20:00,chat,0,0,0,0,0,0,0,0
2026-11-01,105,20:30,chat,0,0,0,0,0,0,0,0
2026-11-01,105,21:00,chat,0,0,0,0,0,0,0,0
2026-11-01,105,21:30,chat,0,0,0,0,0,0,0,0
2026-11-01,105,22:00,chat,0,0,0,0,0,0,0,0
2026-11-01,105,22:30,chat,1,1,1,0,45,100,977,488
2026-11-01,105,23:00,chat,1,1,1,0,51,100,1013,507
2026-11-01,105,23:30,chat,0,0,0,0,0,0,0,0
2026-11-02,106,00:00,voice,0,0,0,0,0,0,0,0
2026-11-02,106,00:30,voice,0,0,0,0,0,0,0,0
2026-11-02,106,01:00,voice,0,0,0,0,0,0,0,0
2026-11-02,106,01:30,voice,0,0,0,0,0,0,0,0
2026-11-02,106,02:00,voice,0,0,0,0,0,0,0,0
2026-11-02,106,02:30,voice,0,0,0,0,0,0,0,0
2026-11-02,106,03:00,voice,0,0,0,0,0,0,0,0
2026-11-02,106,03:30,voice,0,0,0,0,0,0,0,0
2026-11-02,106,04:00,voice,1,1,1,0,12,100,1702,1702
2026-11-02,106,04:30,voice,0,0,0,0,0,0,0,0
2026-11-02,106,05:00,voice,0,0,0,0,0,0,0,0
2026-11-02,106,05:30,voice,0,0,0,0,0,0,0,0
2026-11-02,106,06:00,voice,1,1,1,0,11,100,1668,1668
2026-11-02,106,06:30,voice,1,1,1,0,14,100,1672,1672
2026-11-02,106,07:00,voice,1,1,1,0,14,100,1685,1685
2026-11-02,106,07:30,voice,1,1,1,0,11,100,1854,1854
2026-11-02,106,08:00,voice,2,2,2,0,9,100,1687,1687
2026-11-02,106,08:30,voice,2,2,2,0,10,100,1585,1585
2026-11-02,106,09:00,voice,3,3,3,0,12,100,1504,1504
2026-11-02,106,09:30,voice,3,3,3,0,14,100,1815,1815
2026-11-02,106,10:00,voice,4,4,4,0,13,100,1611,1611
2026-11-02,106,10:30,voice,4,3,3,1,62,75,1748,1748
2026-11-02,106,11:00,voice,3,3,3,0,14,100,1808,1808
2026-11-02,106,11:30,voice,3,3,2,0,103,66.7,1527,1527
2026-11-02,106,12:00,voice,2,2,2,0,11,100,1675,1675
2026-11-02,106,12:30,voice,3,3,3,0,10,100,1790,1790
2026-11-02,106,13:00,voice,4,4,4,0,13,100,1608,1608
2026-11-02,106,13:30,voice,3,3,3,0,11,100,1752,1752
2026-11-02,106,14:00,voice,4,3,3,1,61,75,1503,1503
2026-11-02,106,14:30,voice,3,3,3,0,11,100,1740,1740
2026-11-02,106,15:00,voice,3,3,3,0,11,100,1566,1566
2026-11-02,106,15:30,voice,3,3,3,0,11,100,1685,1685
2026-11-02,106,16:00,voice,3,3,3,0,15,100,1670,1670
2026-11-02,106,16:30,voice,3,3,3,0,12,100,1733,1733
2026-11-02,106,17:00,voice,2,2,2,0,11,100,1821,1821
2026-11-02,106,17:30,voice,2,2,2,0,12,100,1562,1562
2026-11-02,106,18:00,voice,1,1,1,0,11,100,1714,1714
2026-11-02,106,18:30,voice,1,1,1,0,13,100,1708,1708
2026-11-02,106,19:00,voice,1,1,1,0,12,100,1655,1655
2026-11-02,106,19:30,voice,1,1,1,0,11,100,1668,1668
2026-11-02,106,20:00,voice,1,1,1,0,14,100,1791,1791
2026-11-02,106,20:30,voice,1,1,1,0,12,100,1558,1558
2026-11-02,106,21:00,voice,0,0,0,0,0,0,0,0
2026-11-02,106,21:30,voice,0,0,0,0,0,0,0,0
2026-11-02,106,22:00,voice,0,0,0,0,0,0,0,0
2026-11-02,106,22:30,voice,0,0,0,0,0,0,0,0
2026-11-02,106,23:00,voice,0,0,0,0,0,0,0,0
2026-11-02,106,23:30,voice,0,0,0,0,0,0,0,0
2026-11-02,106,00:00,chat,1,1,1,0,51,100,1128,564
2026-11-02,106,00:30,chat,1,1,1,0,51,100,1060,530
2026-11-02,106,01:00,chat,1,1,1,0,47,100,1142,571
2026-11-02,106,01:30,chat,0,0,0,0,0,0,0,0
2026-11-02,106,02:00,chat,1,1,1,0,41,100,1003,501
2026-11-02,106,02:30,chat,1,1,1,0,49,100,1079,539
2026-11-02,106,03:00,chat,1,1,1,0,40,100,1096,548
2026-11-02,106,03:30,chat,1,1,1,0,43,100,1061,530
2026-11-02,106,04:00,chat,1,1,1,0,53,100,1054,527
2026-11-02,106,04:30,chat,1,1,1,0,43,100,1259,630
2026-11-02,106,05:00,chat,1,1,1,0,43,100,1058,529
2026-11-02,106,05:30,chat,1,1,1,0,47,100,1048,524
2026-11-02,106,06:00,chat,1,1,1,0,47,100,1075,537
2026-11-02,106,06:30,chat,1,1,1,0,39,100,1014,507
2026-11-02,106,07:00,chat,1,1,1,0,45,100,1107,554
2026-11-02,106,07:30,chat,1,1,1,0,44,100,1110,555
2026-11-02,106,08:00,chat,3,3,3,0,38,100,1075,538
2026-11-02,106,08:30,chat,3,3,3,0,39,100,1148,574
2026-11-02,106,09:00,chat,6,5,5,1,96,83.3,1023,512
2026-11-02,106,09:30,chat,6,6,6,0,43,100,968,484
2026-11-02,106,10:00,chat,7,7,7,0,44,100,953,477
2026-11-02,106,10:30,chat,8,7,7,1,66,87.5,1118,559
2026-11-02,106,11:00,chat,8,7,7,1,72,87.5,1118,559
2026-11-02,106,11:30,chat,7,7,6,0,84,85.7,1076,538
2026-11-02,106,12:00,chat,5,5,5,0,42,100,1029,515
2026-11-02,106,12:30,chat,5,5,4,0,117,80,1094,547
2026-11-02,106,13:00,chat,6,6,6,0,43,100,1149,575
2026-11-02,106,13:30,chat,4,4,4,0,46,100,1157,578
2026-11-02,106,14:00,chat,5,5,5,0,41,100,1089,545
2026-11-02,106,14:30,chat,7,7,6,0,68,85.7,1101,550
2026-11-02,106,15:00,chat,6,6,5,0,80,83.3,1045,523
2026-11-02,106,15:30,chat,7,6,6,1,77,85.7,1040,520
2026-11-02,106,16:00,chat,5,5,5,0,43,100,947,474
2026-11-02,106,16:30,chat,7,6,6,1,75,85.7,1005,503
2026-11-02,106,17:00,chat,3,3,3,0,50,100,1009,505
2026-11-02,106,17:30,chat,3,3,3,0,45,100,1072,536
2026-11-02,106,18:00,chat,2,2,2,0,48,100,1019,509
2026-11-02,106,18:30,chat,1,1,1,0,44,100,1028,514
2026-11-02,106,19:00,chat,1,1,1,0,38,100,1217,608
2026-11-02,106,19:30,chat,1,1,1,0,44,100,991,496
2026-11-02,106,20:00,chat,1,1,1,0,49,100,1054,527
2026-11-02,106,20:30,chat,1,1,1,0,46,100,1076,538
2026-11-02,106,21:00,chat,1,1,1,0,39,100,1129,564
2026-11-02,106,21:30,chat,1,1,1,0,46,100,1026,513
2026-11-02,106,22:00,chat,1,1,1,0,47,100,1112,556
2026-11-02,106,22:30,chat,1,1,1,0,45,100,1062,531
2026-11-02,106,23:00,chat,0,0,0,0,0,0,0,0
2026-11-02,106,23:30,chat,1,1,1,0,41,100,1112,556
2026-11-03,107,00:00,voice,1,1,1,0,11,100,2107,2107
2026-11-03,107,00:30,voice,1,1,1,0,14,100,1936,1936
2026-11-03,107,01:00,voice,1,1,1,0,13,100,1998,1998
2026-11-03,107,01:30,voice,1,1,1,0,12,100,2129,2129
2026-11-03,107,02:00,voice,0,0,0,0,0,0,0,0
2026-11-03,107,02:30,voice,0,0,0,0,0,0,0,0
2026-11-03,107,03:00,voice,1,1,1,0,12,100,2107,2107
2026-11-03,107,03:30,voice,1,1,1,0,12,100,1891,1891
2026-11-03,107,04:00,voice,1,1,1,0,10,100,1737,1737
2026-11-03,107,04:30,voice,1,1,1,0,10,100,1962,1962
2026-11-03,107,05:00,voice,0,0,0,0,0,0,0,0
2026-11-03,107,05:30,voice,1,1,1,0,13,100,2008,2008
2026-11-03,107,06:00,voice,0,0,0,0,0,0,0,0
2026-11-03,107,06:30,voice,1,1,1,0,12,100,2044,2044
2026-11-03,107,07:00,voice,1,1,1,0,10,100,1934,1934
2026-11-03,107,07:30,voice,1,1,1,0,14,100,1910,1910
2026-11-03,107,08:00,voice,2,2,2,0,13,100,1861,1861
2026-11-03,107,08:30,voice,2,2,2,0,13,100,1970,1970
2026-11-03,107,09:00,voice,3,3,3,0,11,100,1789,1789
2026-11-03,107,09:30,voice,4,4,4,0,9,100,1785,1785
2026-11-03,107,10:00,voice,5,5,5,0,13,100,1875,1875
2026-11-03,107,10:30,voice,5,4,4,1,50,80,1711,1711
2026-11-03,107,11:00,voice,4,4,4,0,13,100,1965,1965
2026-11-03,107,11:30,voice,5,5,5,0,13,100,1931,1931
2026-11-03,107,12:00,voice,3,3,3,0,10,100,1779,1779
2026-11-03,107,12:30,voice,4,4,4,0,14,100,1826,1826
2026-11-03,107,13:00,voice,3,3,3,0,13,100,1933,1933
2026-11-03,107,13:30,voice,4,4,4,0,13,100,1915,1915
2026-11-03,107,14:00,voice,4,4,4,0,11,100,2115,2115
2026-11-03,107,14:30,voice,3,3,3,0,12,100,1771,1771
2026-11-03,107,15:00,voice,5,4,4,1,46,80,2078,2078
2026-11-03,107,15:30,voice,3,3,3,0,12,100,1915,1915
2026-11-03,107,16:00,voice,3,3,2,0,106,66.7,1897,1897
2026-11-03,107,16:30,voice,3,3,3,0,12,100,1867,1867
2026-11-03,107,17:00,voice,2,2,2,0,11,100,2027,2027
2026-11-03,107,17:30,voice,2,2,2,0,10,100,1863,1863
2026-11-03,107,18:00,voice,1,1,1,0,12,100,1981,1981
2026-11-03,107,18:30,voice,1,1,1,0,14,100,2012,2012
2026-11-03,107,19:00,voice,1,1,1,0,10,100,1937,1937
2026-11-03,107,19:30,voice,1,1,1,0,11,100,1784,1784
2026-11-03,107,20:00,voice,1,1,1,0,14,100,2014,2014
2026-11-03,107,20:30,voice,0,0,0,0,0,0,0,0
2026-11-03,107,21:00,voice,0,0,0,0,0,0,0,0
2026-11-03,107,21:30,voice,0,0,0,0,0,0,0,0
2026-11-03,107,22:00,voice,0,0,0,0,0,0,0,0
2026-11-03,107,22:30,voice,0,0,0,0,0,0,0,0
2026-11-03,107,23:00,voice,0,0,0,0,0,0,0,0
2026-11-03,107,23:30,voice,0,0,0,0,0,0,0,0
2026-11-03,107,00:00,chat,1,1,1,0,49,100,1087,543
2026-11-03,107,00:30,chat,1,1,1,0,55,100,1042,521
2026-11-03,107,01:00,chat,1,1,1,0,52,100,965,483
2026-11-03,107,01:30,chat,1,1,1,0,50,100,969,484
2026-11-03,107,02:00,chat,1,1,1,0,48,100,993,497
2026-11-03,107,02:30,chat,1,1,1,0,49,100,1080,540
2026-11-03,107,03:00,chat,1,1,1,0,42,100,987,494
2026-11-03,107,03:30,chat,1,1,1,0,36,100,953,477
2026-11-03,107,04:00,chat,1,1,1,0,54,100,1070,535
2026-11-03,107,04:30,chat,1,1,1,0,52,100,977,489
2026-11-03,107,05:00,chat,1,1,1,0,37,100,948,474
2026-11-03,107,05:30,chat,1,1,1,0,51,100,1021,511
2026-11-03,107,06:00,chat,1,1,1,0,45,100,1092,546
2026-11-03,107,06:30,chat,1,1,1,0,39,100,970,485
2026-11-03,107,07:00,chat,1,1,1,0,46,100,1108,554
2026-11-03,107,07:30,chat,2,2,2,0,45,100,1047,524
2026-11-03,107,08:00,chat,4,4,4,0,52,100,1111,556
2026-11-03,107,08:30,chat,4,4,4,0,39,100,913,457
2026-11-03,107,09:00,chat,6,6,6,0,38,100,1063,532
2026-11-03,107,09:30,chat,9,9,9,0,39,100,983,491
2026-11-03,107,10:00,chat,10,9,9,1,76,90,966,483
2026-11-03,107,10:30,chat,7,7,7,0,44,100,1104,552
2026-11-03,107,11:00,chat,8,7,7,1,73,87.5,1130,565
2026-11-03,107,11:30,chat,7,6,5,1,180,71.4,1024,512
2026-11-03,107,12:00,chat,8,8,8,0,45,100,941,470
2026-11-03,107,12:30,chat,7,7,7,0,39,100,1017,508
2026-11-03,107,13:00,chat,9,8,8,1,64,88.9,980,490
2026-11-03,107,13:30,chat,10,10,10,0,44,100,1206,603
2026-11-03,107,14:00,chat,9,8,8,1,68,88.9,939,470
2026-11-03,107,14:30,chat,8,8,8,0,45,100,1097,549
2026-11-03,107,15:00,chat,9,8,8,1,55,88.9,959,480
2026-11-03,107,15:30,chat,6,6,5,0,81,83.3,1013,506
2026-11-03,107,16:00,chat,5,5,4,0,150,80,1016,508
2026-11-03,107,16:30,chat,6,6,6,0,49,100,1009,505
2026-11-03,107,17:00,chat,4,4,4,0,41,100,891,446
2026-11-03,107,17:30,chat,4,4,4,0,48,100,1101,550
2026-11-03,107,18:00,chat,2,2,2,0,42,100,921,461
2026-11-03,107,18:30,chat,2,2,2,0,43,100,1015,508
2026-11-03,107,19:00,chat,1,1,1,0,45,100,1026,513
2026-11-03,107,19:30,chat,1,1,1,0,44,100,1130,565
2026-11-03,107,20:00,chat,1,1,1,0,43,100,1019,509
2026-11-03,107,20:30,chat,1,1,1,0,43,100,1058,529
2026-11-03,107,21:00,chat,1,1,1,0,34,100,999,500
2026-11-03,107,21:30,chat,1,1,1,0,46,100,1061,530
2026-11-03,107,22:00,chat,1,1,1,0,42,100,1109,555
2026-11-03,107,22:30,chat,1,1,1,0,49,100,918,459
2026-11-03,107,23:00,chat,1,1,1,0,48,100,1133,567
2026-11-03,107,23:30,chat,1,1,1,0,40,100,954,477
2026-11-04,108,00:00,voice,0,0,0,0,0,0,0,0
2026-11-04,108,00:30,voice,1,1,1,0,12,100,1722,1722
2026-11-04,108,01:00,voice,1,1,1,0,14,100,1883,1883
2026-11-04,108,01:30,voice,0,0,0,0,0,0,0,0
2026-11-04,108,02:00,voice,1,1,1,0,11,100,1976,1976
2026-11-04,108,02:30,voice,0,0,0,0,0,0,0,0
2026-11-04,108,03:00,voice,1,1,1,0,13,100,1891,1891
2026-11-04,108,03:30,voice,0,0,0,0,0,0,0,0
2026-11-04,108,04:00,voice,0,0,0,0,0,0,0,0
2026-11-04,108,04:30,voice,0,0,0,0,0,0,0,0
2026-11-04,108,05:00,voice,1,1,1,0,14,100,1778,1778
2026-11-04,108,05:30,voice,0,0,0,0,0,0,0,0
2026-11-04,108,06:00,voice,1,1,1,0,12,100,2024,2024
2026-11-04,108,06:30,voice,1,1,1,0,11,100,1786,1786
2026-11-04,108,07:00,voice,1,1,1,0,12,100,1970,1970
2026-11-04,108,07:30,voice,1,1,1,0,12,100,1754,1754
2026-11-04,108,08:00,voice,1,1,1,0,10,100,1921,1921
2026-11-04,108,08:30,voice,2,2,2,0,10,100,1847,1847
2026-11-04,108,09:00,voice,4,4,4,0,13,100,1911,1911
2026-11-04,108,09:30,voice,3,3,3,0,10,100,1980,1980
2026-11-04,108,10:00,voice,4,4,4,0,11,100,1868,1868
2026-11-04,108,10:30,voice,4,4,4,0,10,100,1939,1939
2026-11-04,108,11:00,voice,4,4,4,0,11,100,1817,1817
2026-11-04,108,11:30,voice,3,3,3,0,11,100,2249,2249
2026-11-04,108,12:00,voice,4,4,4,0,12,100,1855,1855
2026-11-04,108,12:30,voice,3,3,3,0,12,100,1963,1963
2026-11-04,108,13:00,voice,4,3,3,1,54,75,1734,1734
2026-11-04,108,13:30,voice,3,3,3,0,12,100,1647,1647
2026-11-04,108,14:00,voice,4,4,4,0,15,100,1831,1831
2026-11-04,108,14:30,voice,3,3,3,0,14,100,1869,1869
2026-11-04,108,15:00,voice,5,4,4,1,47,80,1835,1835
2026-11-04,108,15:30,voice,3,3,3,0,16,100,1692,1692
2026-11-04,108,16:00,voice,2,2,2,0,12,100,1776,1776
2026-11-04,108,16:30,voice,3,3,3,0,10,100,1919,1919
2026-11-04,108,17:00,voice,2,2,2,0,14,100,1586,1586
2026-11-04,108,17:30,voice,2,2,2,0,12,100,1841,1841
2026-11-04,108,18:00,voice,1,1,1,0,10,100,1778,1778
2026-11-04,108,18:30,voice,1,1,1,0,14,100,1806,1806
2026-11-04,108,19:00,voice,1,1,1,0,10,100,1643,1643
2026-11-04,108,19:30,voice,1,1,1,0,10,100,2076,2076
2026-11-04,108,20:00,voice,1,1,1,0,13,100,1974,1974
2026-11-04,108,20:30,voice,1,1,1,0,15,100,1983,1983
2026-11-04,108,21:00,voice,0,0,0,0,0,0,0,0
2026-11-04,108,21:30,voice,1,1,1,0,12,100,1808,1808
2026-11-04,108,22:00,voice,1,1,1,0,11,100,1924,1924
2026-11-04,108,22:30,voice,0,0,0,0,0,0,0,0
2026-11-04,108,23:00,voice,0,0,0,0,0,0,0,0
2026-11-04,108,23:30,voice,1,1,1,0,11,100,1946,1946
2026-11-04,108,00:00,chat,1,1,1,0,43,100,971,486
2026-11-04,108,00:30,chat,1,1,1,0,37,100,1080,540
2026-11-04,108,01:00,chat,1,1,1,0,45,100,1042,521
2026-11-04,108,01:30,chat,1,1,1,0,44,100,994,497
2026-11-04,108,02:00,chat,1,1,1,0,41,100,1023,511
2026-11-04,108,02:30,chat,1,1,1,0,43,100,1066,533
2026-11-04,108,03:00,chat,1,1,1,0,43,100,1022,511
2026-11-04,108,03:30,chat,1,1,1,0,56,100,1083,542
2026-11-04,108,04:00,chat,1,1,1,0,46,100,973,487
2026-11-04,108,04:30,chat,1,1,1,0,40,100,1038,519
2026-11-04,108,05:00,chat,1,1,1,0,39,100,991,495
2026-11-04,108,05:30,chat,1,1,1,0,39,100,978,489
2026-11-04,108,06:00,chat,1,1,1,0,44,100,965,483
2026-11-04,108,06:30,chat,1,1,1,0,56,100,1074,537
2026-11-04,108,07:00,chat,1,1,1,0,47,100,1025,513
2026-11-04,108,07:30,chat,2,2,2,0,43,100,1072,536
2026-11-04,108,08:00,chat,4,4,4,0,48,100,971,486
2026-11-04,108,08:30,chat,4,4,4,0,41,100,1067,534
2026-11-04,108,09:00,chat,5,5,5,0,43,100,1031,516
2026-11-04,108,09:30,chat,7,7,7,0,44,100,1097,549
2026-11-04,108,10:00,chat,8,8,8,0,38,100,1124,562
2026-11-04,108,10:30,chat,9,8,8,1,57,88.9,1040,520
2026-11-04,108,11:00,chat,10,9,9,1,55,90,1119,560
2026-11-04,108,11:30,chat,6,6,6,0,47,100,944,472
2026-11-04,108,12:00,chat,6,6,6,0,49,100,1034,517
2026-11-04,108,12:30,chat,6,5,5,1,76,83.3,1067,533
2026-11-04,108,13:00,chat,6,6,6,0,43,100,1007,504
2026-11-04,108,13:30,chat,7,6,6,1,75,85.7,1040,520
2026-11-04,108,14:00,chat,9,8,8,1,65,88.9,916,458
2026-11-04,108,14:30,chat,7,7,7,0,47,100,1027,514
2026-11-04,108,15:00,chat,7,7,7,0,42,100,1084,542
2026-11-04,108,15:30,chat,6,6,6,0,41,100,1010,505
2026-11-04,108,16:00,chat,7,7,7,0,41,100,1034,517
2026-11-04,108,16:30,chat,6,6,6,0,45,100,954,477
2026-11-04,108,17:00,chat,5,5,5,0,44,100,1159,580
2026-11-04,108,17:30,chat,3,3,3,0,46,100,1055,528
2026-11-04,108,18:00,chat,3,3,3,0,46,100,938,469
2026-11-04,108,18:30,chat,2,2,2,0,48,100,1035,518
2026-11-04,108,19:00,chat,1,1,1,0,49,100,955,477
2026-11-04,108,19:30,chat,1,1,1,0,43,100,1042,521
2026-11-04,108,20:00,chat,1,1,1,0,45,100,1187,594
2026-11-04,108,20:30,chat,1,1,1,0,43,100,1023,512
2026-11-04,108,21:00,chat,1,1,1,0,43,100,1000,500
2026-11-04,108,21:30,chat,1,1,1,0,39,100,972,486
2026-11-04,108,22:00,chat,1,1,1,0,56,100,1006,503
2026-11-04,108,22:30,chat,1,1,1,0,52,100,1101,550
2026-11-04,108,23:00,chat,1,1,1,0,43,100,927,463
2026-11-04,108,23:30,chat,1,1,1,0,46,100,1015,507
2026-11-05,109,00:00,voice,0,0,0,0,0,0,0,0
2026-11-05,109,00:30,voice,0,0,0,0,0,0,0,0
2026-11-05,109,01:00,voice,0,0,0,0,0,0,0,0
2026-11-05,109,01:30,voice,0,0,0,0,0,0,0,0
2026-11-05,109,02:00,voice,0,0,0,0,0,0,0,0
2026-11-05,109,02:30,voice,1,1,1,0,10,100,1588,1588
2026-11-05,109,03:00,voice,0,0,0,0,0,0,0,0
2026-11-05,109,03:30,voice,0,0,0,0,0,0,0,0
2026-11-05,109,04:00,voice,1,1,1,0,11,100,1688,1688
2026-11-05,109,04:30,voice,0,0,0,0,0,0,0,0
2026-11-05,109,05:00,voice,0,0,0,0,0,0,0,0
2026-11-05,109,05:30,voice,0,0,0,0,0,0,0,0
2026-11-05,109,06:00,voice,1,1,1,0,14,100,1765,1765
2026-11-05,109,06:30,voice,1,1,1,0,13,100,1697,1697
2026-11-05,109,07:00,voice,1,1,1,0,15,100,1864,1864
2026-11-05,109,07:30,voice,1,1,1,0,13,100,2016,2016
2026-11-05,109,08:00,voice,1,1,1,0,12,100,1861,1861
2026-11-05,109,08:30,voice,2,2,2,0,14,100,1884,1884
2026-11-05,109,09:00,voice,2,2,2,0,15,100,1856,1856
2026-11-05,109,09:30,voice,3,3,3,0,11,100,1670,1670
2026-11-05,109,10:00,voice,3,3,2,0,117,66.7,1726,1726
2026-11-05,109,10:30,voice,4,4,4,0,14,100,1695,1695
2026-11-05,109,11:00,voice,4,3,3,1,66,75,1610,1610
2026-11-05,109,11:30,voice,4,4,4,0,12,100,1793,1793
2026-11-05,109,12:00,voice,3,3,3,0,11,100,1755,1755
2026-11-05,109,12:30,voice,3,3,3,0,11,100,1999,1999
2026-11-05,109,13:00,voice,4,4,4,0,11,100,1720,1720
2026-11-05,109,13:30,voice,2,2,2,0,13,100,1675,1675
2026-11-05,109,14:00,voice,3,3,3,0,13,100,1957,1957
2026-11-05,109,14:30,voice,3,3,3,0,14,100,1763,1763
2026-11-05,109,15:00,voice,3,3,3,0,13,100,1678,1678
2026-11-05,109,15:30,voice,4,3,3,1,58,75,1809,1809
2026-11-05,109,16:00,voice,3,3,3,0,12,100,1696,1696
2026-11-05,109,16:30,voice,3,3,3,0,11,100,1687,1687
2026-11-05,109,17:00,voice,2,2,2,0,12,100,1656,1656
2026-11-05,109,17:30,voice,2,2,2,0,13,100,1802,1802
2026-11-05,109,18:00,voice,1,1,1,0,13,100,2009,2009
2026-11-05,109,18:30,voice,1,1,1,0,12,100,1826,1826
2026-11-05,109,19:00,voice,1,1,1,0,11,100,1924,1924
2026-11-05,109,19:30,voice,1,1,1,0,11,100,1662,1662
2026-11-05,109,20:00,voice,1,1,1,0,13,100,1620,1620
2026-11-05,109,20:30,voice,0,0,0,0,0,0,0,0
2026-11-05,109,21:00,voice,0,0,0,0,0,0,0,0
2026-11-05,109,21:30,voice,0,0,0,0,0,0,0,0
2026-11-05,109,22:00,voice,1,1,1,0,13,100,1726,1726
2026-11-05,109,22:30,voice,0,0,0,0,0,0,0,0
2026-11-05,109,23:00,voice,0,0,0,0,0,0,0,0
2026-11-05,109,23:30,voice,1,1,1,0,9,100,1759,1759
2026-11-05,109,00:00,chat,1,1,1,0,46,100,1159,579
2026-11-05,109,00:30,chat,1,1,1,0,47,100,1164,582
2026-11-05,109,01:00,chat,1,1,1,0,44,100,1069,534
2026-11-05,109,01:30,chat,1,1,1,0,52,100,1064,532
2026-11-05,109,02:00,chat,1,1,1,0,38,100,1132,566
2026-11-05,109,02:30,chat,1,1,1,0,41,100,1160,580
2026-11-05,109,03:00,chat,1,1,1,0,38,100,1109,554
2026-11-05,109,03:30,chat,1,1,1,0,41,100,1158,579
2026-11-05,109,04:00,chat,1,1,1,0,54,100,1101,551
2026-11-05,109,04:30,chat,1,1,1,0,44,100,1070,535
2026-11-05,109,05:00,chat,1,1,1,0,40,100,1015,508
2026-11-05,109,05:30,chat,1,1,1,0,47,100,1017,509
2026-11-05,109,06:00,chat,1,1,1,0,47,100,1066,533
2026-11-05,109,06:30,chat,1,1,1,0,51,100,1071,535
2026-11-05,109,07:00,chat,1,1,1,0,49,100,1104,552
2026-11-05,109,07:30,chat,2,2,2,0,39,100,1148,574
2026-11-05,109,08:00,chat,3,3,3,0,35,100,1044,522
2026-11-05,109,08:30,chat,3,3,3,0,43,100,1060,530
2026-11-05,109,09:00,chat,5,5,5,0,44,100,1129,565
2026-11-05,109,09:30,chat,5,5,5,0,45,100,1009,504
2026-11-05,109,10:00,chat,6,6,6,0,41,100,1173,587
2026-11-05,109,10:30,chat,7,6,6,1,89,85.7,1064,532
2026-11-05,109,11:00,chat,7,7,7,0,46,100,1219,610
2026-11-05,109,11:30,chat,7,6,6,1,83,85.7,1098,549
2026-11-05,109,12:00,chat,6,6,6,0,43,100,1178,589
2026-11-05,109,12:30,chat,5,5,5,0,50,100,1087,544
2026-11-05,109,13:00,chat,5,5,5,0,42,100,1063,532
2026-11-05,109,13:30,chat,5,5,5,0,43,100,1288,644
2026-11-05,109,14:00,chat,5,5,5,0,47,100,1114,557
2026-11-05,109,14:30,chat,9,8,8,1,68,88.9,931,466
2026-11-05,109,15:00,chat,6,6,6,0,44,100,1055,528
2026-11-05,109,15:30,chat,9,8,8,1,59,88.9,986,493
2026-11-05,109,16:00,chat,6,6,6,0,39,100,1142,571
2026-11-05,109,16:30,chat,5,5,5,0,37,100,1155,578
2026-11-05,109,17:00,chat,3,3,3,0,38,100,1056,528
2026-11-05,109,17:30,chat,3,3,3,0,43,100,973,486
2026-11-05,109,18:00,chat,2,2,2,0,45,100,1096,548
2026-11-05,109,18:30,chat,2,2,2,0,44,100,1272,636
2026-11-05,109,19:00,chat,1,1,1,0,46,100,1040,520
2026-11-05,109,19:30,chat,1,1,1,0,40,100,1034,517
2026-11-05,109,20:00,chat,1,1,1,0,50,100,1062,531
2026-11-05,109,20:30,chat,1,1,1,0,52,100,1024,512
2026-11-05,109,21:00,chat,1,1,1,0,43,100,1125,563
2026-11-05,109,21:30,chat,1,1,1,0,43,100,1090,545
2026-11-05,109,22:00,chat,1,1,1,0,49,100,1091,546
2026-11-05,109,22:30,chat,1,1,1,0,54,100,1135,568
2026-11-05,109,23:00,chat,1,1,1,0,53,100,1004,502
2026-11-05,109,23:30,chat,1,1,1,0,45,100,1208,604
2026-11-06,110,00:00,voice,0,0,0,0,0,0,0,0
2026-11-06,110,00:30,voice,1,1,1,0,12,100,1712,1712
2026-11-06,110,01:00,voice,0,0,0,0,0,0,0,0
2026-11-06,110,01:30,voice,1,1,1,0,12,100,1746,1746
2026-11-06,110,02:00,voice,0,0,0,0,0,0,0,0
2026-11-06,110,02:30,voice,0,0,0,0,0,0,0,0
2026-11-06,110,03:00,voice,0,0,0,0,0,0,0,0
2026-11-06,110,03:30,voice,0,0,0,0,0,0,0,0
2026-11-06,110,04:00,voice,0,0,0,0,0,0,0,0
2026-11-06,110,04:30,voice,0,0,0,0,0,0,0,0
2026-11-06,110,05:00,voice,1,1,1,0,12,100,1531,1531
2026-11-06,110,05:30,voice,0,0,0,0,0,0,0,0
2026-11-06,110,06:00,voice,0,0,0,0,0,0,0,0
2026-11-06,110,06:30,voice,1,1,1,0,10,100,1668,1668
2026-11-06,110,07:00,voice,1,1,1,0,11,100,1621,1621
2026-11-06,110,07:30,voice,1,1,1,0,15,100,1700,1700
2026-11-06,110,08:00,voice,1,1,1,0,13,100,1538,1538
2026-11-06,110,08:30,voice,2,2,2,0,11,100,1886,1886
2026-11-06,110,09:00,voice,2,2,2,0,13,100,1792,1792
2026-11-06,110,09:30,voice,4,4,4,0,11,100,1688,1688
2026-11-06,110,10:00,voice,3,3,3,0,12,100,1611,1611
2026-11-06,110,10:30,voice,5,4,4,1,55,80,1881,1881
2026-11-06,110,11:00,voice,3,3,3,0,11,100,1656,1656
2026-11-06,110,11:30,voice,4,4,4,0,13,100,1548,1548
2026-11-06,110,12:00,voice,4,4,4,0,10,100,1855,1855
2026-11-06,110,12:30,voice,3,3,3,0,12,100,1766,1766
2026-11-06,110,13:00,voice,3,3,3,0,12,100,1693,1693
2026-11-06,110,13:30,voice,3,3,3,0,14,100,1701,1701
2026-11-06,110,14:00,voice,4,3,3,1,64,75,1666,1666
2026-11-06,110,14:30,voice,3,3,3,0,11,100,1765,1765
2026-11-06,110,15:00,voice,3,3,3,0,11,100,1606,1606
2026-11-06,110,15:30,voice,3,3,3,0,13,100,1577,1577
2026-11-06,110,16:00,voice,3,3,3,0,12,100,1642,1642
2026-11-06,110,16:30,voice,2,2,2,0,13,100,1783,1783
2026-11-06,110,17:00,voice,2,2,2,0,11,100,1713,1713
2026-11-06,110,17:30,voice,1,1,1,0,12,100,1795,1795
2026-11-06,110,18:00,voice,1,1,1,0,12,100,1787,1787
2026-11-06,110,18:30,voice,1,1,1,0,15,100,1753,1753
2026-11-06,110,19:00,voice,1,1,1,0,12,100,1753,1753
2026-11-06,110,19:30,voice,1,1,1,0,11,100,1702,1702
2026-11-06,110,20:00,voice,0,0,0,0,0,0,0,0
2026-11-06,110,20:30,voice,0,0,0,0,0,0,0,0
2026-11-06,110,21:00,voice,0,0,0,0,0,0,0,0
2026-11-06,110,21:30,voice,0,0,0,0,0,0,0,0
2026-11-06,110,22:00,voice,1,1,1,0,14,100,1648,1648
2026-11-06,110,22:30,voice,0,0,0,0,0,0,0,0
2026-11-06,110,23:00,voice,0,0,0,0,0,0,0,0
2026-11-06,110,23:30,voice,0,0,0,0,0,0,0,0
2026-11-06,110,00:00,chat,1,1,1,0,42,100,1083,542
2026-11-06,110,00:30,chat,1,1,1,0,42,100,1267,633
2026-11-06,110,01:00,chat,1,1,1,0,45,100,1042,521
2026-11-06,110,01:30,chat,1,1,1,0,44,100,1088,544
2026-11-06,110,02:00,chat,1,1,1,0,34,100,1080,540
2026-11-06,110,02:30,chat,1,1,1,0,49,100,1162,581
2026-11-06,110,03:00,chat,1,1,1,0,37,100,1218,609
2026-11-06,110,03:30,chat,1,1,1,0,41,100,1189,594
2026-11-06,110,04:00,chat,1,1,1,0,43,100,1150,575
2026-11-06,110,04:30,chat,1,1,1,0,47,100,1024,512
2026-11-06,110,05:00,chat,1,1,1,0,51,100,1103,551
2026-11-06,110,05:30,chat,0,0,0,0,0,0,0,0
2026-11-06,110,06:00,chat,1,1,1,0,48,100,1079,540
2026-11-06,110,06:30,chat,1,1,1,0,35,100,1057,528
2026-11-06,110,07:00,chat,1,1,1,0,46,100,1140,570
2026-11-06,110,07:30,chat,2,2,2,0,38,100,1191,595
2026-11-06,110,08:00,chat,2,2,2,0,40,100,1179,590
2026-11-06,110,08:30,chat,3,3,3,0,44,100,1083,541
2026-11-06,110,09:00,chat,4,4,3,0,133,75,1054,527
2026-11-06,110,09:30,chat,7,6,6,1,69,85.7,1023,512
2026-11-06,110,10:00,chat,7,6,6,1,74,85.7,1090,545
2026-11-06,110,10:30,chat,10,9,9,1,55,90,1101,551
2026-11-06,110,11:00,chat,6,6,5,0,90,83.3,1105,553
2026-11-06,110,11:30,chat,8,7,7,1,71,87.5,1199,600
2026-11-06,110,12:00,chat,6,6,6,0,48,100,1053,526
2026-11-06,110,12:30,chat,6,6,5,0,94,83.3,1069,535
2026-11-06,110,13:00,chat,4,4,4,0,44,100,1158,579
2026-11-06,110,13:30,chat,6,6,6,0,42,100,1191,595
2026-11-06,110,14:00,chat,5,5,5,0,43,100,1214,607
2026-11-06,110,14:30,chat,8,7,7,1,64,87.5,1092,546
2026-11-06,110,15:00,chat,7,7,6,0,72,85.7,1076,538
2026-11-06,110,15:30,chat,6,6,6,0,49,100,1077,538
2026-11-06,110,16:00,chat,4,4,4,0,47,100,1159,579
2026-11-06,110,16:30,chat,5,5,5,0,48,100,1044,522
2026-11-06,110,17:00,chat,3,3,3,0,48,100,1171,585
2026-11-06,110,17:30,chat,2,2,2,0,45,100,1128,564
2026-11-06,110,18:00,chat,2,2,2,0,49,100,1171,586
2026-11-06,110,18:30,chat,2,2,2,0,48,100,1079,539
2026-11-06,110,19:00,chat,1,1,1,0,37,100,1134,567
2026-11-06,110,19:30,chat,1,1,1,0,49,100,1230,615
2026-11-06,110,20:00,chat,1,1,1,0,46,100,1186,593
2026-11-06,110,20:30,chat,1,1,1,0,48,100,1063,532
2026-11-06,110,21:00,chat,1,1,1,0,52,100,1129,564
2026-11-06,110,21:30,chat,1,1,1,0,47,100,1130,565
2026-11-06,110,22:00,chat,1,1,1,0,40,100,1220,610
2026-11-06,110,22:30,chat,1,1,1,0,61,100,1118,559
2026-11-06,110,23:00,chat,1,1,1,0,51,100,1243,621
2026-11-06,110,23:30,chat,1,1,1,0,42,100,1088,544
2026-11-07,111,00:00,voice,0,0,0,0,0,0,0,0
2026-11-07,111,00:30,voice,0,0,0,0,0,0,0,0
2026-11-07,111,01:00,voice,0,0,0,0,0,0,0,0
2026-11-07,111,01:30,voice,0,0,0,0,0,0,0,0
2026-11-07,111,02:00,voice,0,0,0,0,0,0,0,0
2026-11-07,111,02:30,voice,0,0,0,0,0,0,0,0
2026-11-07,111,03:00,voice,0,0,0,0,0,0,0,0
2026-11-07,111,03:30,voice,0,0,0,0,0,0,0,0
2026-11-07,111,04:00,voice,0,0,0,0,0,0,0,0
2026-11-07,111,04:30,voice,0,0,0,0,0,0,0,0
2026-11-07,111,05:00,voice,0,0,0,0,0,0,0,0
2026-11-07,111,05:30,voice,0,0,0,0,0,0,0,0
2026-11-07,111,06:00,voice,0,0,0,0,0,0,0,0
2026-11-07,111,06:30,voice,0,0,0,0,0,0,0,0
2026-11-07,111,07:00,voice,0,0,0,0,0,0,0,0
2026-11-07,111,07:30,voice,0,0,0,0,0,0,0,0
2026-11-07,111,08:00,voice,1,1,1,0,11,100,1737,1737
2026-11-07,111,08:30,voice,1,1,1,0,13,100,1777,1777
2026-11-07,111,09:00,voice,1,1,1,0,12,100,1623,1623
2026-11-07,111,09:30,voice,1,1,1,0,12,100,1729,1729
2026-11-07,111,10:00,voice,2,1,1,1,241,50,1777,1777
2026-11-07,111,10:30,voice,2,2,2,0,10,100,1764,1764
2026-11-07,111,11:00,voice,2,2,2,0,11,100,1663,1663
2026-11-07,111,11:30,voice,2,2,2,0,12,100,1953,1953
2026-11-07,111,12:00,voice,2,2,2,0,14,100,1942,1942
2026-11-07,111,12:30,voice,1,1,1,0,13,100,1845,1845
2026-11-07,111,13:00,voice,2,2,2,0,10,100,1668,1668
2026-11-07,111,13:30,voice,1,1,1,0,11,100,1686,1686
2026-11-07,111,14:00,voice,1,1,1,0,12,100,1918,1918
2026-11-07,111,14:30,voice,1,1,1,0,11,100,1519,1519
2026-11-07,111,15:00,voice,2,2,2,0,13,100,1625,1625
2026-11-07,111,15:30,voice,2,2,2,0,13,100,1661,1661
2026-11-07,111,16:00,voice,1,1,1,0,9,100,1661,1661
2026-11-07,111,16:30,voice,2,2,2,0,11,100,1696,1696
2026-11-07,111,17:00,voice,1,1,1,0,11,100,1873,1873
2026-11-07,111,17:30,voice,1,1,1,0,11,100,1893,1893
2026-11-07,111,18:00,voice,1,1,1,0,11,100,1832,1832
2026-11-07,111,18:30,voice,0,0,0,0,0,0,0,0
2026-11-07,111,19:00,voice,0,0,0,0,0,0,0,0
2026-11-07,111,19:30,voice,0,0,0,0,0,0,0,0
2026-11-07,111,20:00,voice,0,0,0,0,0,0,0,0
2026-11-07,111,20:30,voice,0,0,0,0,0,0,0,0
2026-11-07,111,21:00,voice,0,0,0,0,0,0,0,0
2026-11-07,111,21:30,voice,0,0,0,0,0,0,0,0
2026-11-07,111,22:00,voice,0,0,0,0,0,0,0,0
2026-11-07,111,22:30,voice,0,0,0,0,0,0,0,0
2026-11-07,111,23:00,voice,0,0,0,0,0,0,0,0
2026-11-07,111,23:30,voice,0,0,0,0,0,0,0,0
2026-11-07,111,00:00,chat,0,0,0,0,0,0,0,0
2026-11-07,111,00:30,chat,1,1,1,0,48,100,1126,563
2026-11-07,111,01:00,chat,1,1,1,0,43,100,1111,556
2026-11-07,111,01:30,chat,0,0,0,0,0,0,0,0
2026-11-07,111,02:00,chat,0,0,0,0,0,0,0,0
2026-11-07,111,02:30,chat,0,0,0,0,0,0,0,0
2026-11-07,111,03:00,chat,0,0,0,0,0,0,0,0
2026-11-07,111,03:30,chat,0,0,0,0,0,0,0,0
2026-11-07,111,04:00,chat,0,0,0,0,0,0,0,0
2026-11-07,111,04:30,chat,0,0,0,0,0,0,0,0
2026-11-07,111,05:00,chat,0,0,0,0,0,0,0,0
2026-11-07,111,05:30,chat,1,1,1,0,45,100,1098,549
2026-11-07,111,06:00,chat,0,0,0,0,0,0,0,0
2026-11-07,111,06:30,chat,0,0,0,0,0,0,0,0
2026-11-07,111,07:00,chat,1,1,1,0,51,100,989,495
2026-11-07,111,07:30,chat,1,1,1,0,47,100,1086,543
2026-11-07,111,08:00,chat,1,1,1,0,47,100,1115,558
2026-11-07,111,08:30,chat,2,2,2,0,46,100,1039,520
2026-11-07,111,09:00,chat,2,2,2,0,44,100,992,496
2026-11-07,111,09:30,chat,3,3,3,0,43,100,971,486
2026-11-07,111,10:00,chat,3,3,3,0,40,100,1036,518
2026-11-07,111,10:30,chat,3,3,3,0,42,100,1077,539
2026-11-07,111,11:00,chat,3,3,3,0,51,100,1098,549
2026-11-07,111,11:30,chat,3,3,3,0,54,100,1064,532
2026-11-07,111,12:00,chat,3,2,2,1,254,66.7,1064,532
2026-11-07,111,12:30,chat,3,3,3,0,45,100,1133,567
2026-11-07,111,13:00,chat,2,2,2,0,42,100,1058,529
2026-11-07,111,13:30,chat,3,3,3,0,47,100,1043,521
2026-11-07,111,14:00,chat,2,2,2,0,45,100,987,493
2026-11-07,111,14:30,chat,3,3,3,0,59,100,1214,607
2026-11-07,111,15:00,chat,3,3,3,0,46,100,1118,559
2026-11-07,111,15:30,chat,3,2,2,1,230,66.7,998,499
2026-11-07,111,16:00,chat,2,2,2,0,38,100,987,494
2026-11-07,111,16:30,chat,3,3,3,0,40,100,931,465
2026-11-07,111,17:00,chat,2,2,1,0,467,50,1048,524
2026-11-07,111,17:30,chat,1,1,1,0,46,100,1196,598
2026-11-07,111,18:00,chat,1,1,1,0,46,100,1076,538
2026-11-07,111,18:30,chat,1,1,1,0,45,100,1117,559
2026-11-07,111,19:00,chat,1,1,1,0,44,100,1029,515
2026-11-07,111,19:30,chat,0,0,0,0,0,0,0,0
2026-11-07,111,20:00,chat,1,1,1,0,45,100,1063,532
2026-11-07,111,20:30,chat,0,0,0,0,0,0,0,0
2026-11-07,111,21:00,chat,0,0,0,0,0,0,0,0
2026-11-07,111,21:30,chat,0,0,0,0,0,0,0,0
2026-11-07,111,22:00,chat,0,0,0,0,0,0,0,0
2026-11-07,111,22:30,chat,0,0,0,0,0,0,0,0
2026-11-07,111,23:00,chat,0,0,0,0,0,0,0,0
2026-11-07,111,23:30,chat,0,0,0,0,0,0,0,0
2026-11-08,112,00:00,voice,0,0,0,0,0,0,0,0
2026-11-08,112,00:30,voice,0,0,0,0,0,0,0,0
2026-11-08,112,01:00,voice,0,0,0,0,0,0,0,0
2026-11-08,112,01:30,voice,0,0,0,0,0,0,0,0
2026-11-08,112,02:00,voice,0,0,0,0,0,0,0,0
2026-11-08,112,02:30,voice,0,0,0,0,0,0,0,0
2026-11-08,112,03:00,voice,0,0,0,0,0,0,0,0
2026-11-08,112,03:30,voice,0,0,0,0,0,0,0,0
2026-11-08,112,04:00,voice,0,0,0,0,0,0,0,0
2026-11-08,112,04:30,voice,0,0,0,0,0,0,0,0
2026-11-08,112,05:00,voice,0,0,0,0,0,0,0,0
2026-11-08,112,05:30,voice,0,0,0,0,0,0,0,0
2026-11-08,112,06:00,voice,0,0,0,0,0,0,0,0
2026-11-08,112,06:30,voice,0,0,0,0,0,0,0,0
2026-11-08,112,07:00,voice,1,1,1,0,12,100,1736,1736
2026-11-08,112,07:30,voice,1,1,1,0,13,100,1752,1752
2026-11-08,112,08:00,voice,1,1,1,0,13,100,1716,1716
2026-11-08,112,08:30,voice,1,1,1,0,12,100,1782,1782
2026-11-08,112,09:00,voice,1,1,1,0,12,100,1566,1566
2026-11-08,112,09:30,voice,2,2,2,0,14,100,1710,1710
2026-11-08,112,10:00,voice,2,2,2,0,12,100,1831,1831
2026-11-08,112,10:30,voice,2,2,2,0,11,100,1559,1559
2026-11-08,112,11:00,voice,2,2,2,0,10,100,1567,1567
2026-11-08,112,11:30,voice,2,2,2,0,13,100,1860,1860
2026-11-08,112,12:00,voice,2,1,1,1,202,50,1510,1510
2026-11-08,112,12:30,voice,2,2,2,0,11,100,1568,1568
2026-11-08,112,13:00,voice,2,2,2,0,14,100,1640,1640
2026-11-08,112,13:30,voice,2,2,2,0,12,100,1656,1656
2026-11-08,112,14:00,voice,2,2,2,0,12,100,1758,1758
2026-11-08,112,14:30,voice,2,2,2,0,12,100,1562,1562
2026-11-08,112,15:00,voice,2,2,2,0,11,100,1845,1845
2026-11-08,112,15:30,voice,2,2,2,0,13,100,1714,1714
2026-11-08,112,16:00,voice,2,2,2,0,11,100,1633,1633
2026-11-08,112,16:30,voice,1,1,1,0,11,100,1559,1559
2026-11-08,112,17:00,voice,1,1,1,0,11,100,1671,1671
2026-11-08,112,17:30,voice,1,1,1,0,13,100,1726,1726
2026-11-08,112,18:00,voice,1,1,1,0,12,100,1712,1712
2026-11-08,112,18:30,voice,1,1,1,0,12,100,1804,1804
2026-11-08,112,19:00,voice,1,1,1,0,11,100,1519,1519
2026-11-08,112,19:30,voice,1,1,1,0,11,100,1546,1546
2026-11-08,112,20:00,voice,0,0,0,0,0,0,0,0
2026-11-08,112,20:30,voice,0,0,0,0,0,0,0,0
2026-11-08,112,21:00,voice,0,0,0,0,0,0,0,0
2026-11-08,112,21:30,voice,0,0,0,0,0,0,0,0
2026-11-08,112,22:00,voice,0,0,0,0,0,0,0,0
2026-11-08,112,22:30,voice,0,0,0,0,0,0,0,0
2026-11-08,112,23:00,voice,0,0,0,0,0,0,0,0
2026-11-08,112,23:30,voice,0,0,0,0,0,0,0,0
2026-11-08,112,00:00,chat,1,1,1,0,56,100,972,486
2026-11-08,112,00:30,chat,0,0,0,0,0,0,0,0
2026-11-08,112,01:00,chat,1,1,1,0,51,100,995,498
2026-11-08,112,01:30,chat,0,0,0,0,0,0,0,0
2026-11-08,112,02:00,chat,1,1,1,0,42,100,997,499
2026-11-08,112,02:30,chat,0,0,0,0,0,0,0,0
2026-11-08,112,03:00,chat,0,0,0,0,0,0,0,0
2026-11-08,112,03:30,chat,1,1,1,0,42,100,952,476
2026-11-08,112,04:00,chat,1,1,1,0,44,100,1019,509
2026-11-08,112,04:30,chat,1,1,1,0,41,100,1011,505
2026-11-08,112,05:00,chat,0,0,0,0,0,0,0,0
2026-11-08,112,05:30,chat,0,0,0,0,0,0,0,0
2026-11-08,112,06:00,chat,1,1,1,0,48,100,940,470
2026-11-08,112,06:30,chat,1,1,1,0,41,100,994,497
2026-11-08,112,07:00,chat,1,1,1,0,38,100,1062,531
2026-11-08,112,07:30,chat,1,1,1,0,45,100,1068,534
2026-11-08,112,08:00,chat,1,1,1,0,48,100,1094,547
2026-11-08,112,08:30,chat,2,2,2,0,47,100,939,470
2026-11-08,112,09:00,chat,3,3,3,0,53,100,1027,514
2026-11-08,112,09:30,chat,4,4,4,0,42,100,993,496
2026-11-08,112,10:00,chat,4,3,3,1,139,75,960,480
2026-11-08,112,10:30,chat,4,4,4,0,47,100,1018,509
2026-11-08,112,11:00,chat,5,4,4,1,90,80,1051,525
2026-11-08,112,11:30,chat,3,3,3,0,46,100,884,442
2026-11-08,112,12:00,chat,3,3,3,0,40,100,973,486
2026-11-08,112,12:30,chat,3,3,3,0,41,100,899,450
2026-11-08,112,13:00,chat,4,4,4,0,51,100,986,493
2026-11-08,112,13:30,chat,3,3,3,0,47,100,906,453
2026-11-08,112,14:00,chat,3,3,3,0,42,100,961,481
2026-11-08,112,14:30,chat,4,4,4,0,45,100,964,482
2026-11-08,112,15:00,chat,4,4,4,0,44,100,1009,504
2026-11-08,112,15:30,chat,3,3,3,0,52,100,1003,502
2026-11-08,112,16:00,chat,3,3,3,0,42,100,990,495
2026-11-08,112,16:30,chat,3,3,3,0,55,100,975,488
2026-11-08,112,17:00,chat,2,2,2,0,50,100,1050,525
2026-11-08,112,17:30,chat,2,2,2,0,46,100,972,486
2026-11-08,112,18:00,chat,1,1,1,0,35,100,941,471
2026-11-08,112,18:30,chat,1,1,1,0,45,100,1010,505
2026-11-08,112,19:00,chat,1,1,1,0,41,100,1063,532
2026-11-08,112,19:30,chat,1,1,1,0,57,100,941,471
2026-11-08,112,20:00,chat,1,1,1,0,40,100,933,467
2026-11-08,112,20:30,chat,1,1,1,0,51,100,1066,533
2026-11-08,112,21:00,chat,0,0,0,0,0,0,0,0
2026-11-08,112,21:30,chat,1,1,1,0,51,100,1074,537
2026-11-08,112,22:00,chat,0,0,0,0,0,0,0,0
2026-11-08,112,22:30,chat,0,0,0,0,0,0,0,0
2026-11-08,112,23:00,chat,0,0,0,0,0,0,0,0
2026-11-08,112,23:30,chat,0,0,0,0,0,0,0,0
2026-11-09,113,00:00,voice,0,0,0,0,0,0,0,0
2026-11-09,113,00:30,voice,0,0,0,0,0,0,0,0
2026-11-09,113,01:00,voice,0,0,0,0,0,0,0,0
2026-11-09,113,01:30,voice,0,0,0,0,0,0,0,0
2026-11-09,113,02:00,voice,1,1,1,0,11,100,1725,1725
2026-11-09,113,02:30,voice,0,0,0,0,0,0,0,0
2026-11-09,113,03:00,voice,1,1,1,0,12,100,1478,1478
2026-11-09,113,03:30,voice,0,0,0,0,0,0,0,0
2026-11-09,113,04:00,voice,0,0,0,0,0,0,0,0
2026-11-09,113,04:30,voice,0,0,0,0,0,0,0,0
2026-11-09,113,05:00,voice,0,0,0,0,0,0,0,0
2026-11-09,113,05:30,voice,0,0,0,0,0,0,0,0
2026-11-09,113,06:00,voice,0,0,0,0,0,0,0,0
2026-11-09,113,06:30,voice,1,1,1,0,11,100,1724,1724
2026-11-09,113,07:00,voice,1,1,1,0,12,100,1625,1625
2026-11-09,113,07:30,voice,1,1,1,0,11,100,1773,1773
2026-11-09,113,08:00,voice,1,1,1,0,12,100,1698,1698
2026-11-09,113,08:30,voice,2,2,2,0,12,100,1635,1635
2026-11-09,113,09:00,voice,3,3,3,0,11,100,1776,1776
2026-11-09,113,09:30,voice,3,3,3,0,13,100,1625,1625
2026-11-09,113,10:00,voice,3,3,3,0,10,100,1920,1920
2026-11-09,113,10:30,voice,5,5,5,0,14,100,1601,1601
2026-11-09,113,11:00,voice,4,4,4,0,12,100,1689,1689
2026-11-09,113,11:30,voice,4,4,4,0,10,100,1658,1658
2026-11-09,113,12:00,voice,3,3,3,0,14,100,1676,1676
2026-11-09,113,12:30,voice,2,2,2,0,11,100,1689,1689
2026-11-09,113,13:00,voice,4,4,4,0,11,100,1727,1727
2026-11-09,113,13:30,voice,3,3,3,0,13,100,1765,1765
2026-11-09,113,14:00,voice,3,3,3,0,12,100,1792,1792
2026-11-09,113,14:30,voice,3,3,3,0,13,100,1708,1708
2026-11-09,113,15:00,voice,4,4,4,0,11,100,1616,1616
2026-11-09,113,15:30,voice,4,3,3,1,69,75,1697,1697
2026-11-09,113,16:00,voice,3,3,3,0,13,100,1852,1852
2026-11-09,113,16:30,voice,2,2,2,0,11,100,1755,1755
2026-11-09,113,17:00,voice,2,2,2,0,11,100,1691,1691
2026-11-09,113,17:30,voice,1,1,1,0,14,100,1688,1688
2026-11-09,113,18:00,voice,1,1,1,0,12,100,1661,1661
2026-11-09,113,18:30,voice,1,1,1,0,14,100,1592,1592
2026-11-09,113,19:00,voice,1,1,1,0,12,100,1751,1751
2026-11-09,113,19:30,voice,1,1,1,0,12,100,1703,1703
2026-11-09,113,20:00,voice,1,1,1,0,12,100,1528,1528
2026-11-09,113,20:30,voice,0,0,0,0,0,0,0,0
2026-11-09,113,21:00,voice,0,0,0,0,0,0,0,0
2026-11-09,113,21:30,voice,0,0,0,0,0,0,0,0
2026-11-09,113,22:00,voice,0,0,0,0,0,0,0,0
2026-11-09,113,22:30,voice,0,0,0,0,0,0,0,0
2026-11-09,113,23:00,voice,1,1,1,0,12,100,1738,1738
2026-11-09,113,23:30,voice,1,1,1,0,13,100,1711,1711
2026-11-09,113,00:00,chat,1,1,1,0,42,100,978,489
2026-11-09,113,00:30,chat,1,1,1,0,48,100,1006,503
2026-11-09,113,01:00,chat,1,1,1,0,46,100,981,491
2026-11-09,113,01:30,chat,1,1,1,0,42,100,967,484
2026-11-09,113,02:00,chat,1,1,1,0,43,100,970,485
2026-11-09,113,02:30,chat,1,1,1,0,54,100,873,437
2026-11-09,113,03:00,chat,1,1,1,0,45,100,911,455
2026-11-09,113,03:30,chat,1,1,1,0,45,100,948,474
2026-11-09,113,04:00,chat,1,1,1,0,49,100,966,483
2026-11-09,113,04:30,chat,1,1,1,0,50,100,1077,539
2026-11-09,113,05:00,chat,1,1,1,0,43,100,933,467
2026-11-09,113,05:30,chat,1,1,1,0,44,100,928,464
2026-11-09,113,06:00,chat,1,1,1,0,48,100,971,486
2026-11-09,113,06:30,chat,1,1,1,0,50,100,967,484
2026-11-09,113,07:00,chat,2,2,2,0,49,100,971,485
2026-11-09,113,07:30,chat,2,2,2,0,49,100,944,472
2026-11-09,113,08:00,chat,3,3,3,0,51,100,1003,501
2026-11-09,113,08:30,chat,3,3,3,0,42,100,1006,503
2026-11-09,113,09:00,chat,5,5,5,0,49,100,859,430
2026-11-09,113,09:30,chat,6,5,5,1,74,83.3,983,492
2026-11-09,113,10:00,chat,7,6,6,1,77,85.7,919,459
2026-11-09,113,10:30,chat,9,8,8,1,62,88.9,926,463
2026-11-09,113,11:00,chat,6,6,5,0,88,83.3,961,481
2026-11-09,113,11:30,chat,7,6,6,1,75,85.7,983,491
2026-11-09,113,12:00,chat,6,6,6,0,50,100,922,461
2026-11-09,113,12:30,chat,5,5,5,0,46,100,1010,505
2026-11-09,113,13:00,chat,6,6,6,0,38,100,997,499
2026-11-09,113,13:30,chat,6,6,6,0,41,100,980,490
2026-11-09,113,14:00,chat,8,7,7,1,64,87.5,998,499
2026-11-09,113,14:30,chat,5,5,5,0,43,100,1076,538
2026-11-09,113,15:00,chat,7,7,7,0,52,100,921,461
2026-11-09,113,15:30,chat,7,7,7,0,49,100,902,451
2026-11-09,113,16:00,chat,5,5,4,0,94,80,998,499
2026-11-09,113,16:30,chat,5,5,5,0,44,100,900,450
2026-11-09,113,17:00,chat,5,5,5,0,52,100,972,486
2026-11-09,113,17:30,chat,3,3,3,0,48,100,885,443
2026-11-09,113,18:00,chat,2,2,2,0,49,100,922,461
2026-11-09,113,18:30,chat,1,1,1,0,46,100,1003,501
2026-11-09,113,19:00,chat,1,1,1,0,43,100,943,471
2026-11-09,113,19:30,chat,1,1,1,0,48,100,921,461
2026-11-09,113,20:00,chat,1,1,1,0,44,100,970,485
2026-11-09,113,20:30,chat,1,1,1,0,36,100,973,486
2026-11-09,113,21:00,chat,1,1,1,0,41,100,960,480
2026-11-09,113,21:30,chat,1,1,1,0,48,100,927,464
2026-11-09,113,22:00,chat,1,1,1,0,49,100,1035,517
2026-11-09,113,22:30,chat,1,1,1,0,45,100,902,451
2026-11-09,113,23:00,chat,1,1,1,0,43,100,977,488
2026-11-09,113,23:30,chat,0,0,0,0,0,0,0,0
2026-11-10,114,00:00,voice,0,0,0,0,0,0,0,0
2026-11-10,114,00:30,voice,1,1,1,0,11,100,1929,1929
2026-11-10,114,01:00,voice,0,0,0,0,0,0,0,0
2026-11-10,114,01:30,voice,1,1,1,0,12,100,1888,1888
2026-11-10,114,02:00,voice,1,1,1,0,11,100,1839,1839
2026-11-10,114,02:30,voice,0,0,0,0,0,0,0,0
2026-11-10,114,03:00,voice,0,0,0,0,0,0,0,0
2026-11-10,114,03:30,voice,1,1,1,0,13,100,1961,1961
2026-11-10,114,04:00,voice,0,0,0,0,0,0,0,0
2026-11-10,114,04:30,voice,1,1,1,0,13,100,1864,1864
2026-11-10,114,05:00,voice,0,0,0,0,0,0,0,0
2026-11-10,114,05:30,voice,0,0,0,0,0,0,0,0
2026-11-10,114,06:00,voice,1,1,1,0,12,100,2106,2106
2026-11-10,114,06:30,voice,1,1,1,0,12,100,1937,1937
2026-11-10,114,07:00,voice,1,1,1,0,12,100,1594,1594
2026-11-10,114,07:30,voice,1,1,1,0,11,100,2006,2006
2026-11-10,114,08:00,voice,2,2,2,0,9,100,1913,1913
2026-11-10,114,08:30,voice,2,2,2,0,12,100,1681,1681
2026-11-10,114,09:00,voice,4,4,4,0,10,100,1677,1677
2026-11-10,114,09:30,voice,4,4,4,0,14,100,1706,1706
2026-11-10,114,10:00,voice,4,3,3,1,63,75,1839,1839
2026-11-10,114,10:30,voice,4,4,4,0,12,100,1654,1654
2026-11-10,114,11:00,voice,4,3,3,1,63,75,1606,1606
2026-11-10,114,11:30,voice,5,5,5,0,15,100,1675,1675
2026-11-10,114,12:00,voice,4,4,3,0,72,75,2045,2045
2026-11-10,114,12:30,voice,4,4,4,0,11,100,1660,1660
2026-11-10,114,13:00,voice,4,4,4,0,13,100,1916,1916
2026-11-10,114,13:30,voice,2,2,2,0,12,100,1790,1790
2026-11-10,114,14:00,voice,3,3,3,0,12,100,1730,1730
2026-11-10,114,14:30,voice,4,4,3,0,69,75,2049,2049
2026-11-10,114,15:00,voice,4,4,4,0,15,100,1967,1967
2026-11-10,114,15:30,voice,4,4,4,0,11,100,1910,1910
2026-11-10,114,16:00,voice,4,4,4,0,12,100,1669,1669
2026-11-10,114,16:30,voice,2,2,2,0,10,100,1746,1746
2026-11-10,114,17:00,voice,2,2,2,0,10,100,1939,1939
2026-11-10,114,17:30,voice,1,1,1,0,12,100,1967,1967
2026-11-10,114,18:00,voice,1,1,1,0,13,100,1776,1776
2026-11-10,114,18:30,voice,1,1,1,0,13,100,1779,1779
2026-11-10,114,19:00,voice,1,1,1,0,12,100,1996,1996
2026-11-10,114,19:30,voice,1,1,1,0,14,100,1711,1711
2026-11-10,114,20:00,voice,1,1,1,0,13,100,1753,1753
2026-11-10,114,20:30,voice,1,1,1,0,11,100,1837,1837
2026-11-10,114,21:00,voice,0,0,0,0,0,0,0,0
2026-11-10,114,21:30,voice,1,1,1,0,12,100,1859,1859
2026-11-10,114,22:00,voice,1,1,1,0,11,100,1866,1866
2026-11-10,114,22:30,voice,1,1,1,0,13,100,1854,1854
2026-11-10,114,23:00,voice,0,0,0,0,0,0,0,0
2026-11-10,114,23:30,voice,0,0,0,0,0,0,0,0
2026-11-10,114,00:00,chat,1,1,1,0,42,100,1141,571
2026-11-10,114,00:30,chat,1,1,1,0,52,100,1256,628
2026-11-10,114,01:00,chat,1,1,1,0,47,100,1053,527
2026-11-10,114,01:30,chat,1,1,1,0,47,100,1109,554
2026-11-10,114,02:00,chat,1,1,1,0,50,100,1193,596
2026-11-10,114,02:30,chat,1,1,1,0,44,100,1040,520
2026-11-10,114,03:00,chat,1,1,1,0,47,100,1030,515
2026-11-10,114,03:30,chat,1,1,1,0,50,100,1030,515
2026-11-10,114,04:00,chat,1,1,1,0,50,100,1080,540
2026-11-10,114,04:30,chat,1,1,1,0,37,100,1074,537
2026-11-10,114,05:00,chat,1,1,1,0,48,100,1120,560
2026-11-10,114,05:30,chat,1,1,1,0,52,100,1073,537
2026-11-10,114,06:00,chat,1,1,1,0,44,100,995,497
2026-11-10,114,06:30,chat,1,1,1,0,49,100,939,469
2026-11-10,114,07:00,chat,2,2,2,0,43,100,1036,518
2026-11-10,114,07:30,chat,2,2,2,0,41,100,951,475
2026-11-10,114,08:00,chat,3,3,3,0,42,100,1069,535
2026-11-10,114,08:30,chat,5,5,5,0,48,100,1105,552
2026-11-10,114,09:00,chat,6,6,5,0,89,83.3,1079,539
2026-11-10,114,09:30,chat,7,6,6,1,65,85.7,1116,558
2026-11-10,114,10:00,chat,12,11,11,1,52,91.7,1199,599
2026-11-10,114,10:30,chat,7,6,6,1,67,85.7,1059,530
2026-11-10,114,11:00,chat,11,10,9,1,87,81.8,1047,523
2026-11-10,114,11:30,chat,8,7,7,1,75,87.5,1090,545
2026-11-10,114,12:00,chat,8,8,8,0,49,100,1146,573
2026-11-10,114,12:30,chat,6,6,5,0,82,83.3,965,482
2026-11-10,114,13:00,chat,7,7,7,0,47,100,985,492
2026-11-10,114,13:30,chat,7,7,7,0,43,100,1138,569
2026-11-10,114,14:00,chat,7,6,6,1,78,85.7,1130,565
2026-11-10,114,14:30,chat,8,8,7,0,83,87.5,989,495
2026-11-10,114,15:00,chat,6,6,5,0,78,83.3,1067,533
2026-11-10,114,15:30,chat,9,9,9,0,39,100,1080,540
2026-11-10,114,16:00,chat,6,6,6,0,43,100,1039,520
2026-11-10,114,16:30,chat,7,7,7,0,45,100,1069,535
2026-11-10,114,17:00,chat,6,6,6,0,50,100,1111,556
2026-11-10,114,17:30,chat,4,4,3,0,116,75,1090,545
2026-11-10,114,18:00,chat,2,2,2,0,39,100,1022,511
2026-11-10,114,18:30,chat,1,1,1,0,39,100,1102,551
2026-11-10,114,19:00,chat,1,1,1,0,43,100,1062,531
2026-11-10,114,19:30,chat,1,1,1,0,45,100,1030,515
2026-11-10,114,20:00,chat,1,1,1,0,41,100,1175,588
2026-11-10,114,20:30,chat,1,1,1,0,43,100,1056,528
2026-11-10,114,21:00,chat,1,1,1,0,47,100,942,471
2026-11-10,114,21:30,chat,1,1,1,0,42,100,975,488
2026-11-10,114,22:00,chat,1,1,1,0,50,100,1054,527
2026-11-10,114,22:30,chat,1,1,1,0,47,100,1040,520
2026-11-10,114,23:00,chat,1,1,1,0,54,100,1098,549
2026-11-10,114,23:30,chat,1,1,1,0,38,100,954,477
2026-11-11,115,00:00,voice,0,0,0,0,0,0,0,0
2026-11-11,115,00:30,voice,1,1,1,0,13,100,1738,1738
2026-11-11,115,01:00,voice,1,1,1,0,11,100,1740,1740
2026-11-11,115,01:30,voice,1,1,1,0,12,100,1724,1724
2026-11-11,115,02:00,voice,0,0,0,0,0,0,0,0
2026-11-11,115,02:30,voice,0,0,0,0,0,0,0,0
2026-11-11,115,03:00,voice,0,0,0,0,0,0,0,0
2026-11-11,115,03:30,voice,0,0,0,0,0,0,0,0
2026-11-11,115,04:00,voice,0,0,0,0,0,0,0,0
2026-11-11,115,04:30,voice,0,0,0,0,0,0,0,0
2026-11-11,115,05:00,voice,1,1,1,0,12,100,1631,1631
2026-11-11,115,05:30,voice,0,0,0,0,0,0,0,0
2026-11-11,115,06:00,voice,1,1,1,0,14,100,1647,1647
2026-11-11,115,06:30,voice,1,1,1,0,14,100,1839,1839
2026-11-11,115,07:00,voice,1,1,1,0,11,100,1539,1539
2026-11-11,115,07:30,voice,1,1,1,0,12,100,1816,1816
2026-11-11,115,08:00,voice,2,2,2,0,11,100,1588,1588
2026-11-11,115,08:30,voice,2,2,2,0,12,100,1722,1722
2026-11-11,115,09:00,voice,4,4,4,0,12,100,1591,1591
2026-11-11,115,09:30,voice,4,4,4,0,12,100,1702,1702
2026-11-11,115,10:00,voice,4,4,4,0,11,100,1631,1631
2026-11-11,115,10:30,voice,3,3,3,0,13,100,1650,1650
2026-11-11,115,11:00,voice,5,4,4,1,54,80,1645,1645
2026-11-11,115,11:30,voice,4,4,4,0,11,100,1782,1782
2026-11-11,115,12:00,voice,3,3,3,0,10,100,1670,1670
2026-11-11,115,12:30,voice,3,3,3,0,12,100,1798,1798
2026-11-11,115,13:00,voice,3,3,3,0,13,100,1662,1662
2026-11-11,115,13:30,voice,3,3,3,0,14,100,1751,1751
2026-11-11,115,14:00,voice,3,3,3,0,15,100,1802,1802
2026-11-11,115,14:30,voice,5,4,4,1,41,80,1782,1782
2026-11-11,115,15:00,voice,4,4,4,0,13,100,1694,1694
2026-11-11,115,15:30,voice,3,3,3,0,12,100,1817,1817
2026-11-11,115,16:00,voice,4,4,4,0,13,100,1819,1819
2026-11-11,115,16:30,voice,3,3,3,0,13,100,1737,1737
2026-11-11,115,17:00,voice,2,2,2,0,12,100,1756,1756
2026-11-11,115,17:30,voice,2,2,2,0,12,100,1692,1692
2026-11-11,115,18:00,voice,1,1,1,0,11,100,1870,1870
2026-11-11,115,18:30,voice,1,1,1,0,11,100,1776,1776
2026-11-11,115,19:00,voice,1,1,1,0,11,100,1797,1797
2026-11-11,115,19:30,voice,1,1,1,0,12,100,1595,1595
2026-11-11,115,20:00,voice,1,1,1,0,13,100,1946,1946
2026-11-11,115,20:30,voice,1,1,1,0,11,100,1746,1746
2026-11-11,115,21:00,voice,0,0,0,0,0,0,0,0
2026-11-11,115,21:30,voice,0,0,0,0,0,0,0,0
2026-11-11,115,22:00,voice,0,0,0,0,0,0,0,0
2026-11-11,115,22:30,voice,0,0,0,0,0,0,0,0
2026-11-11,115,23:00,voice,0,0,0,0,0,0,0,0
2026-11-11,115,23:30,voice,1,1,1,0,12,100,1688,1688
2026-11-11,115,00:00,chat,1,1,1,0,43,100,968,484
2026-11-11,115,00:30,chat,1,1,1,0,42,100,1161,580
2026-11-11,115,01:00,chat,1,1,1,0,45,100,992,496
2026-11-11,115,01:30,chat,1,1,1,0,41,100,1083,541
2026-11-11,115,02:00,chat,1,1,1,0,57,100,1142,571
2026-11-11,115,02:30,chat,1,1,1,0,49,100,1009,505
2026-11-11,115,03:00,chat,1,1,1,0,43,100,1010,505
2026-11-11,115,03:30,chat,1,1,1,0,43,100,1062,531
2026-11-11,115,04:00,chat,1,1,1,0,51,100,1034,517
2026-11-11,115,04:30,chat,1,1,1,0,47,100,1064,532
2026-11-11,115,05:00,chat,1,1,1,0,45,100,981,490
2026-11-11,115,05:30,chat,1,1,1,0,39,100,1038,519
2026-11-11,115,06:00,chat,1,1,1,0,39,100,1042,521
2026-11-11,115,06:30,chat,1,1,1,0,50,100,1066,533
2026-11-11,115,07:00,chat,2,2,2,0,41,100,1031,516
2026-11-11,115,07:30,chat,2,2,2,0,45,100,1073,537
2026-11-11,115,08:00,chat,3,3,3,0,36,100,1033,517
2026-11-11,115,08:30,chat,4,4,4,0,39,100,1145,572
2026-11-11,115,09:00,chat,6,6,6,0,44,100,947,473
2026-11-11,115,09:30,chat,7,7,7,0,41,100,1041,520
2026-11-11,115,10:00,chat,8,8,8,0,41,100,1010,505
2026-11-11,115,10:30,chat,8,8,8,0,44,100,936,468
2026-11-11,115,11:00,chat,10,9,9,1,52,90,1059,530
2026-11-11,115,11:30,chat,7,7,7,0,49,100,1130,565
2026-11-11,115,12:00,chat,10,9,9,1,55,90,990,495
2026-11-11,115,12:30,chat,6,6,6,0,48,100,1097,548
2026-11-11,115,13:00,chat,7,7,7,0,42,100,1032,516
2026-11-11,115,13:30,chat,7,7,7,0,41,100,1063,532
2026-11-11,115,14:00,chat,6,5,5,1,95,83.3,1025,512
2026-11-11,115,14:30,chat,8,7,7,1,70,87.5,1074,537
2026-11-11,115,15:00,chat,7,7,7,0,46,100,1254,627
2026-11-11,115,15:30,chat,8,7,6,1,197,75,1060,530
2026-11-11,115,16:00,chat,6,6,6,0,47,100,1035,517
2026-11-11,115,16:30,chat,6,6,6,0,46,100,1033,517
2026-11-11,115,17:00,chat,4,4,4,0,49,100,1013,506
2026-11-11,115,17:30,chat,3,3,3,0,40,100,984,492
2026-11-11,115,18:00,chat,2,2,2,0,43,100,1170,585
2026-11-11,115,18:30,chat,2,2,2,0,40,100,978,489
2026-11-11,115,19:00,chat,2,2,2,0,49,100,1014,507
2026-11-11,115,19:30,chat,1,1,1,0,45,100,1042,521
2026-11-11,115,20:00,chat,1,1,1,0,40,100,1143,571
2026-11-11,115,20:30,chat,1,1,1,0,49,100,1095,548
2026-11-11,115,21:00,chat,1,1,1,0,46,100,1054,527
2026-11-11,115,21:30,chat,1,1,1,0,45,100,997,498
2026-11-11,115,22:00,chat,1,1,1,0,41,100,879,439
2026-11-11,115,22:30,chat,1,1,1,0,41,100,1017,509
2026-11-11,115,23:00,chat,1,1,1,0,46,100,1090,545
2026-11-11,115,23:30,chat,1,1,1,0,41,100,1016,508
2026-11-12,116,00:00,voice,1,1,1,0,12,100,1612,1612
2026-11-12,116,00:30,voice,0,0,0,0,0,0,0,0
2026-11-12,116,01:00,voice,0,0,0,0,0,0,0,0
2026-11-12,116,01:30,voice,1,1,1,0,11,100,1720,1720
2026-11-12,116,02:00,voice,0,0,0,0,0,0,0,0
2026-11-12,116,02:30,voice,1,1,1,0,10,100,1865,1865
2026-11-12,116,03:00,voice,1,1,1,0,12,100,1533,1533
2026-11-12,116,03:30,voice,0,0,0,0,0,0,0,0
2026-11-12,116,04:00,voice,0,0,0,0,0,0,0,0
2026-11-12,116,04:30,voice,0,0,0,0,0,0,0,0
2026-11-12,116,05:00,voice,0,0,0,0,0,0,0,0
2026-11-12,116,05:30,voice,0,0,0,0,0,0,0,0
2026-11-12,116,06:00,voice,0,0,0,0,0,0,0,0
2026-11-12,116,06:30,voice,1,1,1,0,11,100,1620,1620
2026-11-12,116,07:00,voice,1,1,1,0,15,100,1455,1455
2026-11-12,116,07:30,voice,1,1,1,0,14,100,1548,1548
2026-11-12,116,08:00,voice,1,1,1,0,11,100,1586,1586
2026-11-12,116,08:30,voice,2,2,2,0,12,100,1605,1605
2026-11-12,116,09:00,voice,2,2,2,0,12,100,1703,1703
2026-11-12,116,09:30,voice,3,3,3,0,11,100,1650,1650
2026-11-12,116,10:00,voice,4,4,4,0,12,100,1817,1817
2026-11-12,116,10:30,voice,4,4,4,0,12,100,1752,1752
2026-11-12,116,11:00,voice,4,4,4,0,12,100,1770,1770
2026-11-12,116,11:30,voice,3,3,3,0,11,100,1531,1531
2026-11-12,116,12:00,voice,3,3,3,0,12,100,1516,1516
2026-11-12,116,12:30,voice,3,3,3,0,11,100,1498,1498
2026-11-12,116,13:00,voice,4,4,4,0,12,100,1583,1583
2026-11-12,116,13:30,voice,3,3,3,0,12,100,1644,1644
2026-11-12,116,14:00,voice,5,4,4,1,50,80,1648,1648
2026-11-12,116,14:30,voice,3,3,3,0,12,100,1728,1728
2026-11-12,116,15:00,voice,4,4,4,0,13,100,1817,1817
2026-11-12,116,15:30,voice,3,3,3,0,12,100,1727,1727
2026-11-12,116,16:00,voice,3,3,3,0,14,100,1725,1725
2026-11-12,116,16:30,voice,2,2,2,0,11,100,1641,1641
2026-11-12,116,17:00,voice,2,2,2,0,12,100,1645,1645
2026-11-12,116,17:30,voice,2,2,2,0,12,100,1647,1647
2026-11-12,116,18:00,voice,1,1,1,0,12,100,1685,1685
2026-11-12,116,18:30,voice,1,1,1,0,11,100,1906,1906
2026-11-12,116,19:00,voice,1,1,1,0,13,100,1551,1551
2026-11-12,116,19:30,voice,0,0,0,0,0,0,0,0
2026-11-12,116,20:00,voice,0,0,0,0,0,0,0,0
2026-11-12,116,20:30,voice,0,0,0,0,0,0,0,0
2026-11-12,116,21:00,voice,0,0,0,0,0,0,0,0
2026-11-12,116,21:30,voice,0,0,0,0,0,0,0,0
2026-11-12,116,22:00,voice,1,1,1,0,14,100,1709,1709
2026-11-12,116,22:30,voice,0,0,0,0,0,0,0,0
2026-11-12,116,23:00,voice,1,1,1,0,15,100,1596,1596
2026-11-12,116,23:30,voice,0,0,0,0,0,0,0,0
2026-11-12,116,00:00,chat,1,1,1,0,37,100,1112,556
2026-11-12,116,00:30,chat,1,1,1,0,43,100,978,489
2026-11-12,116,01:00,chat,1,1,1,0,43,100,1068,534
2026-11-12,116,01:30,chat,1,1,1,0,48,100,1002,501
2026-11-12,116,02:00,chat,1,1,1,0,44,100,993,496
2026-11-12,116,02:30,chat,1,1,1,0,44,100,1006,503
2026-11-12,116,03:00,chat,1,1,1,0,41,100,941,471
2026-11-12,116,03:30,chat,1,1,1,0,43,100,922,461
2026-11-12,116,04:00,chat,1,1,1,0,40,100,979,489
2026-11-12,116,04:30,chat,1,1,1,0,46,100,975,488
2026-11-12,116,05:00,chat,1,1,1,0,39,100,1072,536
2026-11-12,116,05:30,chat,1,1,1,0,46,100,1091,545
2026-11-12,116,06:00,chat,1,1,1,0,52,100,927,463
2026-11-12,116,06:30,chat,1,1,1,0,47,100,972,486
2026-11-12,116,07:00,chat,2,2,2,0,43,100,1011,505
2026-11-12,116,07:30,chat,2,2,2,0,50,100,1021,511
2026-11-12,116,08:00,chat,3,3,3,0,47,100,966,483
2026-11-12,116,08:30,chat,3,3,3,0,38,100,1069,534
2026-11-12,116,09:00,chat,6,6,6,0,38,100,1098,549
2026-11-12,116,09:30,chat,6,6,6,0,48,100,995,498
2026-11-12,116,10:00,chat,5,5,5,0,45,100,1020,510
2026-11-12,116,10:30,chat,7,6,6,1,93,85.7,941,471
2026-11-12,116,11:00,chat,9,8,8,1,62,88.9,961,480
2026-11-12,116,11:30,chat,7,6,6,1,67,85.7,1068,534
2026-11-12,116,12:00,chat,8,7,7,1,65,87.5,975,487
2026-11-12,116,12:30,chat,4,4,4,0,47,100,959,480
2026-11-12,116,13:00,chat,6,6,6,0,41,100,988,494
2026-11-12,116,13:30,chat,6,6,5,0,77,83.3,984,492
2026-11-12,116,14:00,chat,7,7,6,0,76,85.7,1002,501
2026-11-12,116,14:30,chat,7,7,7,0,44,100,921,460
2026-11-12,116,15:00,chat,8,7,7,1,62,87.5,970,485
2026-11-12,116,15:30,chat,6,6,5,0,85,83.3,966,483
2026-11-12,116,16:00,chat,4,4,4,0,46,100,899,449
2026-11-12,116,16:30,chat,4,4,4,0,45,100,949,475
2026-11-12,116,17:00,chat,4,4,4,0,40,100,1054,527
2026-11-12,116,17:30,chat,3,3,3,0,42,100,885,443
2026-11-12,116,18:00,chat,2,2,2,0,45,100,983,491
2026-11-12,116,18:30,chat,1,1,1,0,41,100,936,468
2026-11-12,116,19:00,chat,2,2,2,0,40,100,986,493
2026-11-12,116,19:30,chat,1,1,1,0,43,100,844,422
2026-11-12,116,20:00,chat,1,1,1,0,40,100,1024,512
2026-11-12,116,20:30,chat,1,1,1,0,44,100,847,423
2026-11-12,116,21:00,chat,1,1,1,0,46,100,1015,508
2026-11-12,116,21:30,chat,1,1,1,0,50,100,1028,514
2026-11-12,116,22:00,chat,1,1,1,0,47,100,919,459
2026-11-12,116,22:30,chat,1,1,1,0,46,100,937,468
2026-11-12,116,23:00,chat,1,1,1,0,44,100,902,451
2026-11-12,116,23:30,chat,1,1,1,0,48,100,944,472
2026-11-13,117,00:00,voice,0,0,0,0,0,0,0,0
2026-11-13,117,00:30,voice,0,0,0,0,0,0,0,0
2026-11-13,117,01:00,voice,0,0,0,0,0,0,0,0
2026-11-13,117,01:30,voice,0,0,0,0,0,0,0,0
2026-11-13,117,02:00,voice,0,0,0,0,0,0,0,0
2026-11-13,117,02:30,voice,0,0,0,0,0,0,0,0
2026-11-13,117,03:00,voice,0,0,0,0,0,0,0,0
2026-11-13,117,03:30,voice,1,1,1,0,14,100,1572,1572
2026-11-13,117,04:00,voice,0,0,0,0,0,0,0,0
2026-11-13,117,04:30,voice,0,0,0,0,0,0,0,0
2026-11-13,117,05:00,voice,0,0,0,0,0,0,0,0
2026-11-13,117,05:30,voice,1,1,1,0,11,100,1542,1542
2026-11-13,117,06:00,voice,0,0,0,0,0,0,0,0
2026-11-13,117,06:30,voice,1,1,1,0,12,100,1536,1536
2026-11-13,117,07:00,voice,1,1,1,0,12,100,1508,1508
2026-11-13,117,07:30,voice,1,1,1,0,12,100,1620,1620
2026-11-13,117,08:00,voice,2,2,2,0,10,100,1704,1704
2026-11-13,117,08:30,voice,1,1,1,0,14,100,1666,1666
2026-11-13,117,09:00,voice,2,2,2,0,13,100,1573,1573
2026-11-13,117,09:30,voice,2,2,2,0,10,100,1656,1656
2026-11-13,117,10:00,voice,3,3,3,0,10,100,1697,1697
2026-11-13,117,10:30,voice,3,3,3,0,13,100,1480,1480
2026-11-13,117,11:00,voice,3,3,3,0,12,100,1732,1732
2026-11-13,117,11:30,voice,3,3,3,0,12,100,1787,1787
2026-11-13,117,12:00,voice,3,3,3,0,13,100,1450,1450
2026-11-13,117,12:30,voice,2,2,2,0,13,100,1712,1712
2026-11-13,117,13:00,voice,2,2,2,0,12,100,1713,1713
2026-11-13,117,13:30,voice,2,2,2,0,12,100,1642,1642
2026-11-13,117,14:00,voice,3,2,2,1,113,66.7,1508,1508
2026-11-13,117,14:30,voice,2,2,2,0,13,100,1594,1594
2026-11-13,117,15:00,voice,3,3,3,0,13,100,1665,1665
2026-11-13,117,15:30,voice,3,3,3,0,10,100,1701,1701
2026-11-13,117,16:00,voice,3,3,3,0,11,100,1692,1692
2026-11-13,117,16:30,voice,2,2,2,0,10,100,1443,1443
2026-11-13,117,17:00,voice,2,2,2,0,15,100,1768,1768
2026-11-13,117,17:30,voice,1,1,1,0,11,100,1652,1652
2026-11-13,117,18:00,voice,1,1,1,0,11,100,1423,1423
2026-11-13,117,18:30,voice,1,1,1,0,14,100,1488,1488
2026-11-13,117,19:00,voice,1,1,1,0,15,100,1657,1657
2026-11-13,117,19:30,voice,1,1,1,0,12,100,1650,1650
2026-11-13,117,20:00,voice,0,0,0,0,0,0,0,0
2026-11-13,117,20:30,voice,0,0,0,0,0,0,0,0
2026-11-13,117,21:00,voice,1,1,1,0,10,100,1523,1523
2026-11-13,117,21:30,voice,0,0,0,0,0,0,0,0
2026-11-13,117,22:00,voice,0,0,0,0,0,0,0,0
2026-11-13,117,22:30,voice,0,0,0,0,0,0,0,0
2026-11-13,117,23:00,voice,0,0,0,0,0,0,0,0
2026-11-13,117,23:30,voice,0,0,0,0,0,0,0,0
2026-11-13,117,00:00,chat,0,0,0,0,0,0,0,0
2026-11-13,117,00:30,chat,1,1,1,0,38,100,973,487
2026-11-13,117,01:00,chat,1,1,1,0,46,100,1076,538
2026-11-13,117,01:30,chat,1,1,1,0,54,100,952,476
2026-11-13,117,02:00,chat,1,1,1,0,49,100,953,476
2026-11-13,117,02:30,chat,1,1,1,0,43,100,1059,529
2026-11-13,117,03:00,chat,1,1,1,0,44,100,1023,511
2026-11-13,117,03:30,chat,1,1,1,0,44,100,1013,506
2026-11-13,117,04:00,chat,1,1,1,0,47,100,1021,510
2026-11-13,117,04:30,chat,1,1,1,0,41,100,987,494
2026-11-13,117,05:00,chat,0,0,0,0,0,0,0,0
2026-11-13,117,05:30,chat,1,1,1,0,44,100,1039,519
2026-11-13,117,06:00,chat,0,0,0,0,0,0,0,0
2026-11-13,117,06:30,chat,1,1,1,0,46,100,994,497
2026-11-13,117,07:00,chat,1,1,1,0,45,100,1018,509
2026-11-13,117,07:30,chat,2,2,2,0,40,100,1019,509
2026-11-13,117,08:00,chat,2,2,2,0,42,100,1097,549
2026-11-13,117,08:30,chat,2,2,2,0,47,100,1020,510
2026-11-13,117,09:00,chat,5,5,4,0,92,80,1107,554
2026-11-13,117,09:30,chat,5,5,5,0,44,100,1016,508
2026-11-13,117,10:00,chat,6,5,5,1,95,83.3,973,487
2026-11-13,117,10:30,chat,5,5,5,0,44,100,958,479
2026-11-13,117,11:00,chat,7,6,6,1,73,85.7,1141,570
2026-11-13,117,11:30,chat,5,5,5,0,51,100,1026,513
2026-11-13,117,12:00,chat,5,5,5,0,43,100,942,471
2026-11-13,117,12:30,chat,5,5,4,0,109,80,1099,550
2026-11-13,117,13:00,chat,5,5,5,0,47,100,903,452
2026-11-13,117,13:30,chat,5,5,5,0,43,100,997,499
2026-11-13,117,14:00,chat,4,4,4,0,46,100,1050,525
2026-11-13,117,14:30,chat,5,5,4,0,113,80,1057,529
2026-11-13,117,15:00,chat,6,5,5,1,90,83.3,988,494
2026-11-13,117,15:30,chat,5,4,4,1,112,80,1172,586
2026-11-13,117,16:00,chat,4,4,4,0,45,100,962,481
2026-11-13,117,16:30,chat,4,4,4,0,42,100,1001,501
2026-11-13,117,17:00,chat,3,3,3,0,44,100,1080,540
2026-11-13,117,17:30,chat,2,2,2,0,46,100,1036,518
2026-11-13,117,18:00,chat,2,2,2,0,46,100,1014,507
2026-11-13,117,18:30,chat,1,1,1,0,51,100,1060,530
2026-11-13,117,19:00,chat,1,1,1,0,52,100,990,495
2026-11-13,117,19:30,chat,1,1,1,0,39,100,940,470
2026-11-13,117,20:00,chat,1,1,1,0,41,100,883,441
2026-11-13,117,20:30,chat,1,1,1,0,49,100,1017,508
2026-11-13,117,21:00,chat,1,1,1,0,51,100,1027,514
2026-11-13,117,21:30,chat,0,0,0,0,0,0,0,0
2026-11-13,117,22:00,chat,1,1,1,0,43,100,998,499
2026-11-13,117,22:30,chat,0,0,0,0,0,0,0,0
2026-11-13,117,23:00,chat,1,1,1,0,49,100,1021,511
2026-11-13,117,23:30,chat,1,1,1,0,51,100,1006,503
2026-11-14,118,00:00,voice,0,0,0,0,0,0,0,0
2026-11-14,118,00:30,voice,0,0,0,0,0,0,0,0
2026-11-14,118,01:00,voice,0,0,0,0,0,0,0,0
2026-11-14,118,01:30,voice,0,0,0,0,0,0,0,0
2026-11-14,118,02:00,voice,0,0,0,0,0,0,0,0
2026-11-14,118,02:30,voice,0,0,0,0,0,0,0,0
2026-11-14,118,03:00,voice,0,0,0,0,0,0,0,0
2026-11-14,118,03:30,voice,0,0,0,0,0,0,0,0
2026-11-14,118,04:00,voice,0,0,0,0,0,0,0,0
2026-11-14,118,04:30,voice,0,0,0,0,0,0,0,0
2026-11-14,118,05:00,voice,0,0,0,0,0,0,0,0
2026-11-14,118,05:30,voice,0,0,0,0,0,0,0,0
2026-11-14,118,06:00,voice,0,0,0,0,0,0,0,0
2026-11-14,118,06:30,voice,0,0,0,0,0,0,0,0
2026-11-14,118,07:00,voice,1,1,1,0,13,100,1649,1649
2026-11-14,118,07:30,voice,1,1,1,0,12,100,1909,1909
2026-11-14,118,08:00,voice,1,1,1,0,12,100,1584,1584
2026-11-14,118,08:30,voice,1,1,1,0,12,100,1741,1741
2026-11-14,118,09:00,voice,1,1,1,0,12,100,1865,1865
2026-11-14,118,09:30,voice,1,1,1,0,13,100,1648,1648
2026-11-14,118,10:00,voice,2,2,1,0,219,50,1501,1501
2026-11-14,118,10:30,voice,2,1,1,1,235,50,1597,1597
2026-11-14,118,11:00,voice,2,2,2,0,11,100,1699,1699
2026-11-14,118,11:30,voice,2,2,2,0,12,100,1584,1584
2026-11-14,118,12:00,voice,2,2,2,0,12,100,1588,1588
2026-11-14,118,12:30,voice,1,1,1,0,11,100,1615,1615
2026-11-14,118,13:00,voice,1,1,1,0,12,100,1713,1713
2026-11-14,118,13:30,voice,2,2,2,0,10,100,1618,1618
2026-11-14,118,14:00,voice,2,2,2,0,12,100,1597,1597
2026-11-14,118,14:30,voice,1,1,1,0,13,100,1598,1598
2026-11-14,118,15:00,voice,2,2,2,0,14,100,1682,1682
2026-11-14,118,15:30,voice,1,1,1,0,11,100,1602,1602
2026-11-14,118,16:00,voice,2,2,2,0,14,100,1675,1675
2026-11-14,118,16:30,voice,1,1,1,0,10,100,1592,1592
2026-11-14,118,17:00,voice,1,1,1,0,12,100,1536,1536
2026-11-14,118,17:30,voice,1,1,1,0,14,100,1565,1565
2026-11-14,118,18:00,voice,1,1,1,0,11,100,1606,1606
2026-11-14,118,18:30,voice,0,0,0,0,0,0,0,0
2026-11-14,118,19:00,voice,0,0,0,0,0,0,0,0
2026-11-14,118,19:30,voice,0,0,0,0,0,0,0,0
2026-11-14,118,20:00,voice,0,0,0,0,0,0,0,0
2026-11-14,118,20:30,voice,0,0,0,0,0,0,0,0
2026-11-14,118,21:00,voice,0,0,0,0,0,0,0,0
2026-11-14,118,21:30,voice,0,0,0,0,0,0,0,0
2026-11-14,118,22:00,voice,0,0,0,0,0,0,0,0
2026-11-14,118,22:30,voice,0,0,0,0,0,0,0,0
2026-11-14,118,23:00,voice,0,0,0,0,0,0,0,0
2026-11-14,118,23:30,voice,0,0,0,0,0,0,0,0
2026-11-14,118,00:00,chat,0,0,0,0,0,0,0,0
2026-11-14,118,00:30,chat,0,0,0,0,0,0,0,0
2026-11-14,118,01:00,chat,0,0,0,0,0,0,0,0
2026-11-14,118,01:30,chat,0,0,0,0,0,0,0,0
2026-11-14,118,02:00,chat,0,0,0,0,0,0,0,0
2026-11-14,118,02:30,chat,0,0,0,0,0,0,0,0
2026-11-14,118,03:00,chat,0,0,0,0,0,0,0,0
2026-11-14,118,03:30,chat,0,0,0,0,0,0,0,0
2026-11-14,118,04:00,chat,0,0,0,0,0,0,0,0
2026-11-14,118,04:30,chat,0,0,0,0,0,0,0,0
2026-11-14,118,05:00,chat,0,0,0,0,0,0,0,0
2026-11-14,118,05:30,chat,0,0,0,0,0,0,0,0
2026-11-14,118,06:00,chat,0,0,0,0,0,0,0,0
2026-11-14,118,06:30,chat,1,1,1,0,45,100,932,466
2026-11-14,118,07:00,chat,1,1,1,0,51,100,1056,528
2026-11-14,118,07:30,chat,1,1,1,0,49,100,911,455
2026-11-14,118,08:00,chat,2,2,2,0,49,100,1014,507
2026-11-14,118,08:30,chat,2,2,2,0,39,100,946,473
2026-11-14,118,09:00,chat,2,2,2,0,43,100,997,499
2026-11-14,118,09:30,chat,3,3,3,0,48,100,942,471
2026-11-14,118,10:00,chat,4,3,3,1,133,75,987,494
2026-11-14,118,10:30,chat,4,4,4,0,48,100,966,483
2026-11-14,118,11:00,chat,3,2,2,1,202,66.7,1027,513
2026-11-14,118,11:30,chat,3,3,3,0,49,100,1090,545
2026-11-14,118,12:00,chat,2,2,2,0,48,100,1085,542
2026-11-14,118,12:30,chat,3,3,3,0,45,100,1010,505
2026-11-14,118,13:00,chat,3,3,3,0,49,100,993,496
2026-11-14,118,13:30,chat,3,3,3,0,40,100,1117,559
2026-11-14,118,14:00,chat,3,3,3,0,41,100,911,456
2026-11-14,118,14:30,chat,3,3,3,0,41,100,916,458
2026-11-14,118,15:00,chat,3,3,3,0,39,100,980,490
2026-11-14,118,15:30,chat,3,3,3,0,38,100,977,489
2026-11-14,118,16:00,chat,3,3,3,0,57,100,941,470
2026-11-14,118,16:30,chat,2,2,2,0,47,100,960,480
2026-11-14,118,17:00,chat,2,2,2,0,42,100,997,498
2026-11-14,118,17:30,chat,1,1,1,0,56,100,991,496
2026-11-14,118,18:00,chat,1,1,1,0,38,100,981,491
2026-11-14,118,18:30,chat,1,1,1,0,46,100,982,491
2026-11-14,118,19:00,chat,1,1,1,0,43,100,986,493
2026-11-14,118,19:30,chat,1,1,1,0,38,100,966,483
2026-11-14,118,20:00,chat,0,0,0,0,0,0,0,0
2026-11-14,118,20:30,chat,1,1,1,0,43,100,989,494
2026-11-14,118,21:00,chat,0,0,0,0,0,0,0,0
2026-11-14,118,21:30,chat,0,0,0,0,0,0,0,0
2026-11-14,118,22:00,chat,1,1,1,0,46,100,969,484
2026-11-14,118,22:30,chat,0,0,0,0,0,0,0,0
2026-11-14,118,23:00,chat,0,0,0,0,0,0,0,0
2026-11-14,118,23:30,chat,0,0,0,0,0,0,0,0
2026-11-15,119,00:00,voice,0,0,0,0,0,0,0,0
2026-11-15,119,00:30,voice,0,0,0,0,0,0,0,0
2026-11-15,119,01:00,voice,0,0,0,0,0,0,0,0
2026-11-15,119,01:30,voice,0,0,0,0,0,0,0,0
2026-11-15,119,02:00,voice,0,0,0,0,0,0,0,0
2026-11-15,119,02:30,voice,0,0,0,0,0,0,0,0
2026-11-15,119,03:00,voice,0,0,0,0,0,0,0,0
2026-11-15,119,03:30,voice,0,0,0,0,0,0,0,0
2026-11-15,119,04:00,voice,0,0,0,0,0,0,0,0
2026-11-15,119,04:30,voice,0,0,0,0,0,0,0,0
2026-11-15,119,05:00,voice,0,0,0,0,0,0,0,0
2026-11-15,119,05:30,voice,0,0,0,0,0,0,0,0
2026-11-15,119,06:00,voice,0,0,0,0,0,0,0,0
2026-11-15,119,06:30,voice,0,0,0,0,0,0,0,0
2026-11-15,119,07:00,voice,0,0,0,0,0,0,0,0
2026-11-15,119,07:30,voice,1,1,1,0,13,100,1560,1560
2026-11-15,119,08:00,voice,1,1,1,0,12,100,1737,1737
2026-11-15,119,08:30,voice,1,1,1,0,9,100,1892,1892
2026-11-15,119,09:00,voice,1,1,1,0,12,100,1787,1787
2026-11-15,119,09:30,voice,2,2,2,0,11,100,1597,1597
2026-11-15,119,10:00,voice,2,2,2,0,11,100,1667,1667
2026-11-15,119,10:30,voice,2,2,2,0,11,100,1528,1528
2026-11-15,119,11:00,voice,2,2,2,0,12,100,1636,1636
2026-11-15,119,11:30,voice,2,2,2,0,13,100,1772,1772
2026-11-15,119,12:00,voice,2,2,2,0,12,100,1641,1641
2026-11-15,119,12:30,voice,2,2,2,0,11,100,1702,1702
2026-11-15,119,13:00,voice,2,2,2,0,11,100,1686,1686
2026-11-15,119,13:30,voice,1,1,1,0,13,100,1675,1675
2026-11-15,119,14:00,voice,1,1,1,0,13,100,1700,1700
2026-11-15,119,14:30,voice,2,2,2,0,13,100,1777,1777
2026-11-15,119,15:00,voice,2,2,2,0,12,100,1669,1669
2026-11-15,119,15:30,voice,1,1,1,0,13,100,1727,1727
2026-11-15,119,16:00,voice,2,1,1,1,231,50,1612,1612
2026-11-15,119,16:30,voice,1,1,1,0,11,100,1788,1788
2026-11-15,119,17:00,voice,1,1,1,0,13,100,1805,1805
2026-11-15,119,17:30,voice,1,1,1,0,12,100,1678,1678
2026-11-15,119,18:00,voice,1,1,1,0,11,100,1679,1679
2026-11-15,119,18:30,voice,0,0,0,0,0,0,0,0
2026-11-15,119,19:00,voice,0,0,0,0,0,0,0,0
2026-11-15,119,19:30,voice,0,0,0,0,0,0,0,0
2026-11-15,119,20:00,voice,0,0,0,0,0,0,0,0
2026-11-15,119,20:30,voice,0,0,0,0,0,0,0,0
2026-11-15,119,21:00,voice,0,0,0,0,0,0,0,0
2026-11-15,119,21:30,voice,0,0,0,0,0,0,0,0
2026-11-15,119,22:00,voice,0,0,0,0,0,0,0,0
2026-11-15,119,22:30,voice,0,0,0,0,0,0,0,0
2026-11-15,119,23:00,voice,0,0,0,0,0,0,0,0
2026-11-15,119,23:30,voice,0,0,0,0,0,0,0,0
2026-11-15,119,00:00,chat,0,0,0,0,0,0,0,0
2026-11-15,119,00:30,chat,0,0,0,0,0,0,0,0
2026-11-15,119,01:00,chat,0,0,0,0,0,0,0,0
2026-11-15,119,01:30,chat,0,0,0,0,0,0,0,0
2026-11-15,119,02:00,chat,0,0,0,0,0,0,0,0
2026-11-15,119,02:30,chat,0,0,0,0,0,0,0,0
2026-11-15,119,03:00,chat,0,0,0,0,0,0,0,0
2026-11-15,119,03:30,chat,0,0,0,0,0,0,0,0
2026-11-15,119,04:00,chat,1,1,1,0,54,100,984,492
2026-11-15,119,04:30,chat,1,1,1,0,44,100,1090,545
2026-11-15,119,05:00,chat,0,0,0,0,0,0,0,0
2026-11-15,119,05:30,chat,0,0,0,0,0,0,0,0
2026-11-15,119,06:00,chat,0,0,0,0,0,0,0,0
2026-11-15,119,06:30,chat,1,1,1,0,43,100,978,489
2026-11-15,119,07:00,chat,1,1,1,0,41,100,1022,511
2026-11-15,119,07:30,chat,1,1,1,0,39,100,1030,515
2026-11-15,119,08:00,chat,1,1,1,0,47,100,959,480
2026-11-15,119,08:30,chat,2,2,2,0,44,100,1023,511
2026-11-15,119,09:00,chat,2,2,2,0,48,100,1043,522
2026-11-15,119,09:30,chat,3,3,3,0,39,100,1053,527
2026-11-15,119,10:00,chat,3,3,3,0,44,100,994,497
2026-11-15,119,10:30,chat,4,4,4,0,52,100,1082,541
2026-11-15,119,11:00,chat,3,3,3,0,46,100,1001,500
2026-11-15,119,11:30,chat,3,3,3,0,38,100,1007,504
2026-11-15,119,12:00,chat,5,4,4,1,100,80,1059,529
2026-11-15,119,12:30,chat,2,2,2,0,44,100,992,496
2026-11-15,119,13:00,chat,4,3,3,1,145,75,941,471
2026-11-15,119,13:30,chat,3,3,3,0,46,100,945,472
2026-11-15,119,14:00,chat,3,3,3,0,40,100,1006,503
2026-11-15,119,14:30,chat,3,3,3,0,44,100,1071,535
2026-11-15,119,15:00,chat,4,4,4,0,42,100,1175,587
2026-11-15,119,15:30,chat,3,3,3,0,46,100,1052,526
2026-11-15,119,16:00,chat,2,2,2,0,41,100,1136,568
2026-11-15,119,16:30,chat,2,2,2,0,43,100,1011,506
2026-11-15,119,17:00,chat,2,2,2,0,43,100,956,478
2026-11-15,119,17:30,chat,2,2,2,0,41,100,1019,510
2026-11-15,119,18:00,chat,1,1,1,0,38,100,1100,550
2026-11-15,119,18:30,chat,1,1,1,0,43,100,974,487
2026-11-15,119,19:00,chat,1,1,1,0,50,100,994,497
2026-11-15,119,19:30,chat,1,1,1,0,49,100,932,466
2026-11-15,119,20:00,chat,0,0,0,0,0,0,0,0
2026-11-15,119,20:30,chat,0,0,0,0,0,0,0,0
2026-11-15,119,21:00,chat,0,0,0,0,0,0,0,0
2026-11-15,119,21:30,chat,0,0,0,0,0,0,0,0
2026-11-15,119,22:00,chat,0,0,0,0,0,0,0,0
2026-11-15,119,22:30,chat,0,0,0,0,0,0,0,0
2026-11-15,119,23:00,chat,0,0,0,0,0,0,0,0
2026-11-15,119,23:30,chat,1,1,1,0,40,100,1207,604
2026-11-16,120,00:00,voice,0,0,0,0,0,0,0,0
2026-11-16,120,00:30,voice,0,0,0,0,0,0,0,0
2026-11-16,120,01:00,voice,1,1,1,0,11,100,1653,1653
2026-11-16,120,01:30,voice,0,0,0,0,0,0,0,0
2026-11-16,120,02:00,voice,0,0,0,0,0,0,0,0
2026-11-16,120,02:30,voice,1,1,1,0,12,100,1721,1721
2026-11-16,120,03:00,voice,0,0,0,0,0,0,0,0
2026-11-16,120,03:30,voice,1,1,1,0,12,100,1675,1675
2026-11-16,120,04:00,voice,1,1,1,0,12,100,1862,1862
2026-11-16,120,04:30,voice,0,0,0,0,0,0,0,0
2026-11-16,120,05:00,voice,1,1,1,0,12,100,1764,1764
2026-11-16,120,05:30,voice,0,0,0,0,0,0,0,0
2026-11-16,120,06:00,voice,0,0,0,0,0,0,0,0
2026-11-16,120,06:30,voice,1,1,1,0,12,100,1679,1679
2026-11-16,120,07:00,voice,1,1,1,0,12,100,1761,1761
2026-11-16,120,07:30,voice,1,1,1,0,11,100,1835,1835
2026-11-16,120,08:00,voice,1,1,1,0,11,100,1953,1953
2026-11-16,120,08:30,voice,2,2,2,0,12,100,1697,1697
2026-11-16,120,09:00,voice,3,3,3,0,14,100,1874,1874
2026-11-16,120,09:30,voice,3,3,3,0,12,100,1852,1852
2026-11-16,120,10:00,voice,4,4,4,0,13,100,1967,1967
2026-11-16,120,10:30,voice,4,4,4,0,13,100,1728,1728
2026-11-16,120,11:00,voice,3,3,3,0,12,100,1813,1813
2026-11-16,120,11:30,voice,4,3,3,1,69,75,1779,1779
2026-11-16,120,12:00,voice,4,4,4,0,12,100,1873,1873
2026-11-16,120,12:30,voice,4,4,4,0,11,100,1746,1746
2026-11-16,120,13:00,voice,3,3,3,0,12,100,1577,1577
2026-11-16,120,13:30,voice,3,3,3,0,11,100,1854,1854
2026-11-16,120,14:00,voice,4,4,4,0,12,100,1778,1778
2026-11-16,120,14:30,voice,4,3,3,1,71,75,1913,1913
2026-11-16,120,15:00,voice,3,3,3,0,13,100,1950,1950
2026-11-16,120,15:30,voice,3,3,3,0,13,100,1901,1901
2026-11-16,120,16:00,voice,4,4,4,0,11,100,1734,1734
2026-11-16,120,16:30,voice,3,3,3,0,13,100,1919,1919
2026-11-16,120,17:00,voice,2,2,2,0,10,100,1942,1942
2026-11-16,120,17:30,voice,1,1,1,0,11,100,1708,1708
2026-11-16,120,18:00,voice,1,1,1,0,12,100,1815,1815
2026-11-16,120,18:30,voice,1,1,1,0,12,100,1797,1797
2026-11-16,120,19:00,voice,1,1,1,0,13,100,1949,1949
2026-11-16,120,19:30,voice,1,1,1,0,11,100,1749,1749
2026-11-16,120,20:00,voice,1,1,1,0,10,100,1683,1683
2026-11-16,120,20:30,voice,0,0,0,0,0,0,0,0
2026-11-16,120,21:00,voice,0,0,0,0,0,0,0,0
2026-11-16,120,21:30,voice,0,0,0,0,0,0,0,0
2026-11-16,120,22:00,voice,0,0,0,0,0,0,0,0
2026-11-16,120,22:30,voice,0,0,0,0,0,0,0,0
2026-11-16,120,23:00,voice,1,1,1,0,11,100,1651,1651
2026-11-16,120,23:30,voice,0,0,0,0,0,0,0,0
2026-11-16,120,00:00,chat,1,1,1,0,42,100,956,478
2026-11-16,120,00:30,chat,1,1,1,0,36,100,995,497
2026-11-16,120,01:00,chat,1,1,1,0,46,100,942,471
2026-11-16,120,01:30,chat,1,1,1,0,49,100,954,477
2026-11-16,120,02:00,chat,1,1,1,0,42,100,1076,538
2026-11-16,120,02:30,chat,1,1,1,0,51,100,975,488
2026-11-16,120,03:00,chat,1,1,1,0,41,100,984,492
2026-11-16,120,03:30,chat,1,1,1,0,43,100,923,461
2026-11-16,120,04:00,chat,1,1,1,0,43,100,890,445
2026-11-16,120,04:30,chat,1,1,1,0,45,100,1069,534
2026-11-16,120,05:00,chat,1,1,1,0,50,100,995,497
2026-11-16,120,05:30,chat,1,1,1,0,51,100,1115,558
2026-11-16,120,06:00,chat,1,1,1,0,47,100,930,465
2026-11-16,120,06:30,chat,1,1,1,0,54,100,908,454
2026-11-16,120,07:00,chat,1,1,1,0,45,100,971,485
2026-11-16,120,07:30,chat,2,2,2,0,43,100,1043,521
2026-11-16,120,08:00,chat,3,3,3,0,35,100,1023,511
2026-11-16,120,08:30,chat,3,3,3,0,44,100,1020,510
2026-11-16,120,09:00,chat,5,5,5,0,39,100,961,480
2026-11-16,120,09:30,chat,6,6,6,0,40,100,1093,546
2026-11-16,120,10:00,chat,9,8,8,1,47,88.9,1057,528
2026-11-16,120,10:30,chat,9,8,8,1,48,88.9,1075,538
2026-11-16,120,11:00,chat,9,8,8,1,75,88.9,1039,520
2026-11-16,120,11:30,chat,6,6,6,0,44,100,875,437
2026-11-16,120,12:00,chat,5,5,4,0,102,80,1026,513
2026-11-16,120,12:30,chat,6,6,6,0,47,100,939,470
2026-11-16,120,13:00,chat,7,7,7,0,45,100,1098,549
2026-11-16,120,13:30,chat,7,7,7,0,45,100,952,476
2026-11-16,120,14:00,chat,11,10,10,1,57,90.9,971,485
2026-11-16,120,14:30,chat,5,5,5,0,42,100,983,491
2026-11-16,120,15:00,chat,7,7,7,0,47,100,947,473
2026-11-16,120,15:30,chat,7,6,6,1,62,85.7,1140,570
2026-11-16,120,16:00,chat,7,7,7,0,42,100,1044,522
2026-11-16,120,16:30,chat,4,4,4,0,47,100,978,489
2026-11-16,120,17:00,chat,3,3,3,0,47,100,1040,520
2026-11-16,120,17:30,chat,3,3,3,0,43,100,1093,547
2026-11-16,120,18:00,chat,2,2,2,0,45,100,1070,535
2026-11-16,120,18:30,chat,2,2,2,0,49,100,966,483
2026-11-16,120,19:00,chat,2,2,2,0,45,100,1007,503
2026-11-16,120,19:30,chat,1,1,1,0,42,100,1082,541
2026-11-16,120,20:00,chat,1,1,1,0,49,100,1011,505
2026-11-16,120,20:30,chat,1,1,1,0,43,100,1076,538
2026-11-16,120,21:00,chat,1,1,1,0,36,100,1092,546
2026-11-16,120,21:30,chat,1,1,1,0,43,100,882,441
2026-11-16,120,22:00,chat,1,1,1,0,49,100,952,476
2026-11-16,120,22:30,chat,1,1,1,0,50,100,1094,547
2026-11-16,120,23:00,chat,1,1,1,0,50,100,1033,516
2026-11-16,120,23:30,chat,1,1,1,0,44,100,1029,515
